ARM GAS  /tmp/ccCJGASy.s 			page 1


   1              		.cpu cortex-m7
   2              		.eabi_attribute 28, 1
   3              		.eabi_attribute 20, 1
   4              		.eabi_attribute 21, 1
   5              		.eabi_attribute 23, 3
   6              		.eabi_attribute 24, 1
   7              		.eabi_attribute 25, 1
   8              		.eabi_attribute 26, 1
   9              		.eabi_attribute 30, 2
  10              		.eabi_attribute 34, 1
  11              		.eabi_attribute 18, 4
  12              		.file	"Attitude_PID_Jerk.cpp"
  13              		.file 1 "/opt/gcc-arm-none-eabi-10-2020-q4-major/arm-none-eabi/include/c++/10.2.1/cstdint"
  14              		.file 2 "/opt/gcc-arm-none-eabi-10-2020-q4-major/arm-none-eabi/include/c++/10.2.1/cstring"
  15              		.file 3 "/opt/gcc-arm-none-eabi-10-2020-q4-major/arm-none-eabi/include/c++/10.2.1/cmath"
  16              		.file 4 "/opt/gcc-arm-none-eabi-10-2020-q4-major/arm-none-eabi/include/c++/10.2.1/arm-none-eabi/th
  17              		.file 5 "/opt/gcc-arm-none-eabi-10-2020-q4-major/arm-none-eabi/include/machine/_default_types.h"
  18              		.file 6 "/opt/gcc-arm-none-eabi-10-2020-q4-major/arm-none-eabi/include/sys/_stdint.h"
  19              		.file 7 "/opt/gcc-arm-none-eabi-10-2020-q4-major/arm-none-eabi/include/stdint.h"
  20              		.file 8 "src/controllers/PID.hpp"
  21              		.file 9 "src/controllers/Attitude_PID_Jerk.hpp"
  22              		.file 10 "/opt/gcc-arm-none-eabi-10-2020-q4-major/lib/gcc/arm-none-eabi/10.2.1/include/stddef.h"
  23              		.file 11 "/opt/gcc-arm-none-eabi-10-2020-q4-major/arm-none-eabi/include/string.h"
  24              		.file 12 "/opt/gcc-arm-none-eabi-10-2020-q4-major/arm-none-eabi/include/math.h"
  25              		.file 13 "src/controllers/Attitude_PID_Jerk.cpp"
  26              		.file 14 "<built-in>"
  27              		.file 15 "./src/math/math.hpp"
  28              		.section	.gnu.debuglto_.debug_info,"e",%progbits
  29              	.Ldebug_info0:
  30              		.hidden	Attitude_PID_Jerk.cpp.18761874
  31              		.weak	Attitude_PID_Jerk.cpp.18761874
  32              	Attitude_PID_Jerk.cpp.18761874:
  33 0000 95080000 		.4byte	0x895
  34 0004 0400     		.2byte	0x4
  35 0006 00000000 		.4byte	.Ldebug_abbrev0
  36 000a 04       		.byte	0x4
  37 000b 01       		.uleb128 0x1
  38 000c 82010000 		.4byte	.LASF118
  39 0010 04       		.byte	0x4
  40 0011 8C060000 		.4byte	.LASF119
  41 0015 22030000 		.4byte	.LASF120
  42 0019 00000000 		.4byte	.Ldebug_line0
  43 001d 02       		.uleb128 0x2
  44 001e 73746400 		.ascii	"std\000"
  45 0022 0E       		.byte	0xe
  46 0023 00       		.byte	0
  47 0024 4D010000 		.4byte	0x14d
  48 0028 03       		.uleb128 0x3
  49 0029 50000000 		.4byte	.LASF0
  50 002d 04       		.byte	0x4
  51 002e 1E01     		.2byte	0x11e
  52 0030 41       		.byte	0x41
  53 0031 04       		.uleb128 0x4
  54 0032 04       		.byte	0x4
  55 0033 1E01     		.2byte	0x11e
  56 0035 41       		.byte	0x41
  57 0036 28000000 		.4byte	0x28
ARM GAS  /tmp/ccCJGASy.s 			page 2


  58 003a 05       		.uleb128 0x5
  59 003b 01       		.byte	0x1
  60 003c 2F       		.byte	0x2f
  61 003d 0B       		.byte	0xb
  62 003e A3020000 		.4byte	0x2a3
  63 0042 05       		.uleb128 0x5
  64 0043 01       		.byte	0x1
  65 0044 30       		.byte	0x30
  66 0045 0B       		.byte	0xb
  67 0046 BB020000 		.4byte	0x2bb
  68 004a 05       		.uleb128 0x5
  69 004b 01       		.byte	0x1
  70 004c 31       		.byte	0x31
  71 004d 0B       		.byte	0xb
  72 004e D3020000 		.4byte	0x2d3
  73 0052 05       		.uleb128 0x5
  74 0053 01       		.byte	0x1
  75 0054 32       		.byte	0x32
  76 0055 0B       		.byte	0xb
  77 0056 EB020000 		.4byte	0x2eb
  78 005a 05       		.uleb128 0x5
  79 005b 01       		.byte	0x1
  80 005c 34       		.byte	0x34
  81 005d 0B       		.byte	0xb
  82 005e 93030000 		.4byte	0x393
  83 0062 05       		.uleb128 0x5
  84 0063 01       		.byte	0x1
  85 0064 35       		.byte	0x35
  86 0065 0B       		.byte	0xb
  87 0066 AB030000 		.4byte	0x3ab
  88 006a 05       		.uleb128 0x5
  89 006b 01       		.byte	0x1
  90 006c 36       		.byte	0x36
  91 006d 0B       		.byte	0xb
  92 006e C3030000 		.4byte	0x3c3
  93 0072 05       		.uleb128 0x5
  94 0073 01       		.byte	0x1
  95 0074 37       		.byte	0x37
  96 0075 0B       		.byte	0xb
  97 0076 DB030000 		.4byte	0x3db
  98 007a 05       		.uleb128 0x5
  99 007b 01       		.byte	0x1
 100 007c 39       		.byte	0x39
 101 007d 0B       		.byte	0xb
 102 007e 33030000 		.4byte	0x333
 103 0082 05       		.uleb128 0x5
 104 0083 01       		.byte	0x1
 105 0084 3A       		.byte	0x3a
 106 0085 0B       		.byte	0xb
 107 0086 4B030000 		.4byte	0x34b
 108 008a 05       		.uleb128 0x5
 109 008b 01       		.byte	0x1
 110 008c 3B       		.byte	0x3b
 111 008d 0B       		.byte	0xb
 112 008e 63030000 		.4byte	0x363
 113 0092 05       		.uleb128 0x5
 114 0093 01       		.byte	0x1
ARM GAS  /tmp/ccCJGASy.s 			page 3


 115 0094 3C       		.byte	0x3c
 116 0095 0B       		.byte	0xb
 117 0096 7B030000 		.4byte	0x37b
 118 009a 05       		.uleb128 0x5
 119 009b 01       		.byte	0x1
 120 009c 3E       		.byte	0x3e
 121 009d 0B       		.byte	0xb
 122 009e 03030000 		.4byte	0x303
 123 00a2 05       		.uleb128 0x5
 124 00a3 01       		.byte	0x1
 125 00a4 3F       		.byte	0x3f
 126 00a5 0B       		.byte	0xb
 127 00a6 1B030000 		.4byte	0x31b
 128 00aa 05       		.uleb128 0x5
 129 00ab 01       		.byte	0x1
 130 00ac 41       		.byte	0x41
 131 00ad 0B       		.byte	0xb
 132 00ae AF020000 		.4byte	0x2af
 133 00b2 05       		.uleb128 0x5
 134 00b3 01       		.byte	0x1
 135 00b4 42       		.byte	0x42
 136 00b5 0B       		.byte	0xb
 137 00b6 C7020000 		.4byte	0x2c7
 138 00ba 05       		.uleb128 0x5
 139 00bb 01       		.byte	0x1
 140 00bc 43       		.byte	0x43
 141 00bd 0B       		.byte	0xb
 142 00be DF020000 		.4byte	0x2df
 143 00c2 05       		.uleb128 0x5
 144 00c3 01       		.byte	0x1
 145 00c4 44       		.byte	0x44
 146 00c5 0B       		.byte	0xb
 147 00c6 F7020000 		.4byte	0x2f7
 148 00ca 05       		.uleb128 0x5
 149 00cb 01       		.byte	0x1
 150 00cc 46       		.byte	0x46
 151 00cd 0B       		.byte	0xb
 152 00ce 9F030000 		.4byte	0x39f
 153 00d2 05       		.uleb128 0x5
 154 00d3 01       		.byte	0x1
 155 00d4 47       		.byte	0x47
 156 00d5 0B       		.byte	0xb
 157 00d6 B7030000 		.4byte	0x3b7
 158 00da 05       		.uleb128 0x5
 159 00db 01       		.byte	0x1
 160 00dc 48       		.byte	0x48
 161 00dd 0B       		.byte	0xb
 162 00de CF030000 		.4byte	0x3cf
 163 00e2 05       		.uleb128 0x5
 164 00e3 01       		.byte	0x1
 165 00e4 49       		.byte	0x49
 166 00e5 0B       		.byte	0xb
 167 00e6 E7030000 		.4byte	0x3e7
 168 00ea 05       		.uleb128 0x5
 169 00eb 01       		.byte	0x1
 170 00ec 4B       		.byte	0x4b
 171 00ed 0B       		.byte	0xb
ARM GAS  /tmp/ccCJGASy.s 			page 4


 172 00ee 3F030000 		.4byte	0x33f
 173 00f2 05       		.uleb128 0x5
 174 00f3 01       		.byte	0x1
 175 00f4 4C       		.byte	0x4c
 176 00f5 0B       		.byte	0xb
 177 00f6 57030000 		.4byte	0x357
 178 00fa 05       		.uleb128 0x5
 179 00fb 01       		.byte	0x1
 180 00fc 4D       		.byte	0x4d
 181 00fd 0B       		.byte	0xb
 182 00fe 6F030000 		.4byte	0x36f
 183 0102 05       		.uleb128 0x5
 184 0103 01       		.byte	0x1
 185 0104 4E       		.byte	0x4e
 186 0105 0B       		.byte	0xb
 187 0106 87030000 		.4byte	0x387
 188 010a 05       		.uleb128 0x5
 189 010b 01       		.byte	0x1
 190 010c 50       		.byte	0x50
 191 010d 0B       		.byte	0xb
 192 010e 0F030000 		.4byte	0x30f
 193 0112 05       		.uleb128 0x5
 194 0113 01       		.byte	0x1
 195 0114 51       		.byte	0x51
 196 0115 0B       		.byte	0xb
 197 0116 27030000 		.4byte	0x327
 198 011a 05       		.uleb128 0x5
 199 011b 02       		.byte	0x2
 200 011c 54       		.byte	0x54
 201 011d 0B       		.byte	0xb
 202 011e 1B070000 		.4byte	0x71b
 203 0122 05       		.uleb128 0x5
 204 0123 02       		.byte	0x2
 205 0124 57       		.byte	0x57
 206 0125 0B       		.byte	0xb
 207 0126 36070000 		.4byte	0x736
 208 012a 05       		.uleb128 0x5
 209 012b 02       		.byte	0x2
 210 012c 5D       		.byte	0x5d
 211 012d 0B       		.byte	0xb
 212 012e 4C070000 		.4byte	0x74c
 213 0132 05       		.uleb128 0x5
 214 0133 02       		.byte	0x2
 215 0134 5E       		.byte	0x5e
 216 0135 0B       		.byte	0xb
 217 0136 67070000 		.4byte	0x767
 218 013a 06       		.uleb128 0x6
 219 013b 03       		.byte	0x3
 220 013c 2904     		.2byte	0x429
 221 013e 0B       		.byte	0xb
 222 013f 9A070000 		.4byte	0x79a
 223 0143 06       		.uleb128 0x6
 224 0144 03       		.byte	0x3
 225 0145 2A04     		.2byte	0x42a
 226 0147 0B       		.byte	0xb
 227 0148 8E070000 		.4byte	0x78e
 228 014c 00       		.byte	0
ARM GAS  /tmp/ccCJGASy.s 			page 5


 229 014d 07       		.uleb128 0x7
 230 014e 4D070000 		.4byte	.LASF121
 231 0152 04       		.byte	0x4
 232 0153 2001     		.2byte	0x120
 233 0155 0B       		.byte	0xb
 234 0156 6D010000 		.4byte	0x16d
 235 015a 03       		.uleb128 0x3
 236 015b 50000000 		.4byte	.LASF0
 237 015f 04       		.byte	0x4
 238 0160 2201     		.2byte	0x122
 239 0162 41       		.byte	0x41
 240 0163 04       		.uleb128 0x4
 241 0164 04       		.byte	0x4
 242 0165 2201     		.2byte	0x122
 243 0167 41       		.byte	0x41
 244 0168 5A010000 		.4byte	0x15a
 245 016c 00       		.byte	0
 246 016d 08       		.uleb128 0x8
 247 016e C4000000 		.4byte	.LASF1
 248 0172 05       		.byte	0x5
 249 0173 29       		.byte	0x29
 250 0174 17       		.byte	0x17
 251 0175 79010000 		.4byte	0x179
 252 0179 09       		.uleb128 0x9
 253 017a 01       		.byte	0x1
 254 017b 06       		.byte	0x6
 255 017c 06010000 		.4byte	.LASF3
 256 0180 08       		.uleb128 0x8
 257 0181 6B000000 		.4byte	.LASF2
 258 0185 05       		.byte	0x5
 259 0186 2B       		.byte	0x2b
 260 0187 18       		.byte	0x18
 261 0188 8C010000 		.4byte	0x18c
 262 018c 09       		.uleb128 0x9
 263 018d 01       		.byte	0x1
 264 018e 08       		.byte	0x8
 265 018f DB040000 		.4byte	.LASF4
 266 0193 08       		.uleb128 0x8
 267 0194 C7020000 		.4byte	.LASF5
 268 0198 05       		.byte	0x5
 269 0199 37       		.byte	0x37
 270 019a 18       		.byte	0x18
 271 019b 9F010000 		.4byte	0x19f
 272 019f 09       		.uleb128 0x9
 273 01a0 02       		.byte	0x2
 274 01a1 05       		.byte	0x5
 275 01a2 F2040000 		.4byte	.LASF6
 276 01a6 08       		.uleb128 0x8
 277 01a7 CE050000 		.4byte	.LASF7
 278 01ab 05       		.byte	0x5
 279 01ac 39       		.byte	0x39
 280 01ad 19       		.byte	0x19
 281 01ae B2010000 		.4byte	0x1b2
 282 01b2 09       		.uleb128 0x9
 283 01b3 02       		.byte	0x2
 284 01b4 07       		.byte	0x7
 285 01b5 62030000 		.4byte	.LASF8
ARM GAS  /tmp/ccCJGASy.s 			page 6


 286 01b9 08       		.uleb128 0x8
 287 01ba E7050000 		.4byte	.LASF9
 288 01be 05       		.byte	0x5
 289 01bf 4D       		.byte	0x4d
 290 01c0 18       		.byte	0x18
 291 01c1 C5010000 		.4byte	0x1c5
 292 01c5 09       		.uleb128 0x9
 293 01c6 04       		.byte	0x4
 294 01c7 05       		.byte	0x5
 295 01c8 3A010000 		.4byte	.LASF10
 296 01cc 08       		.uleb128 0x8
 297 01cd A1020000 		.4byte	.LASF11
 298 01d1 05       		.byte	0x5
 299 01d2 4F       		.byte	0x4f
 300 01d3 19       		.byte	0x19
 301 01d4 D8010000 		.4byte	0x1d8
 302 01d8 09       		.uleb128 0x9
 303 01d9 04       		.byte	0x4
 304 01da 07       		.byte	0x7
 305 01db 50030000 		.4byte	.LASF12
 306 01df 08       		.uleb128 0x8
 307 01e0 A9000000 		.4byte	.LASF13
 308 01e4 05       		.byte	0x5
 309 01e5 67       		.byte	0x67
 310 01e6 18       		.byte	0x18
 311 01e7 EB010000 		.4byte	0x1eb
 312 01eb 09       		.uleb128 0x9
 313 01ec 08       		.byte	0x8
 314 01ed 05       		.byte	0x5
 315 01ee F8000000 		.4byte	.LASF14
 316 01f2 08       		.uleb128 0x8
 317 01f3 7C040000 		.4byte	.LASF15
 318 01f7 05       		.byte	0x5
 319 01f8 69       		.byte	0x69
 320 01f9 19       		.byte	0x19
 321 01fa FE010000 		.4byte	0x1fe
 322 01fe 09       		.uleb128 0x9
 323 01ff 08       		.byte	0x8
 324 0200 07       		.byte	0x7
 325 0201 92000000 		.4byte	.LASF16
 326 0205 08       		.uleb128 0x8
 327 0206 45060000 		.4byte	.LASF17
 328 020a 05       		.byte	0x5
 329 020b 86       		.byte	0x86
 330 020c 1D       		.byte	0x1d
 331 020d 79010000 		.4byte	0x179
 332 0211 08       		.uleb128 0x8
 333 0212 B7020000 		.4byte	.LASF18
 334 0216 05       		.byte	0x5
 335 0217 88       		.byte	0x88
 336 0218 1E       		.byte	0x1e
 337 0219 8C010000 		.4byte	0x18c
 338 021d 08       		.uleb128 0x8
 339 021e F9020000 		.4byte	.LASF19
 340 0222 05       		.byte	0x5
 341 0223 A0       		.byte	0xa0
 342 0224 1E       		.byte	0x1e
ARM GAS  /tmp/ccCJGASy.s 			page 7


 343 0225 9F010000 		.4byte	0x19f
 344 0229 08       		.uleb128 0x8
 345 022a 0D060000 		.4byte	.LASF20
 346 022e 05       		.byte	0x5
 347 022f A2       		.byte	0xa2
 348 0230 1F       		.byte	0x1f
 349 0231 B2010000 		.4byte	0x1b2
 350 0235 08       		.uleb128 0x8
 351 0236 FD050000 		.4byte	.LASF21
 352 023a 05       		.byte	0x5
 353 023b B6       		.byte	0xb6
 354 023c 1E       		.byte	0x1e
 355 023d C5010000 		.4byte	0x1c5
 356 0241 08       		.uleb128 0x8
 357 0242 B3000000 		.4byte	.LASF22
 358 0246 05       		.byte	0x5
 359 0247 B8       		.byte	0xb8
 360 0248 1F       		.byte	0x1f
 361 0249 D8010000 		.4byte	0x1d8
 362 024d 08       		.uleb128 0x8
 363 024e E0000000 		.4byte	.LASF23
 364 0252 05       		.byte	0x5
 365 0253 C8       		.byte	0xc8
 366 0254 1E       		.byte	0x1e
 367 0255 EB010000 		.4byte	0x1eb
 368 0259 08       		.uleb128 0x8
 369 025a C2040000 		.4byte	.LASF24
 370 025e 05       		.byte	0x5
 371 025f CA       		.byte	0xca
 372 0260 1F       		.byte	0x1f
 373 0261 FE010000 		.4byte	0x1fe
 374 0265 08       		.uleb128 0x8
 375 0266 75030000 		.4byte	.LASF25
 376 026a 05       		.byte	0x5
 377 026b D6       		.byte	0xd6
 378 026c 19       		.byte	0x19
 379 026d EB010000 		.4byte	0x1eb
 380 0271 08       		.uleb128 0x8
 381 0272 F1050000 		.4byte	.LASF26
 382 0276 05       		.byte	0x5
 383 0277 DE       		.byte	0xde
 384 0278 1A       		.byte	0x1a
 385 0279 FE010000 		.4byte	0x1fe
 386 027d 08       		.uleb128 0x8
 387 027e AC020000 		.4byte	.LASF27
 388 0282 05       		.byte	0x5
 389 0283 E6       		.byte	0xe6
 390 0284 19       		.byte	0x19
 391 0285 89020000 		.4byte	0x289
 392 0289 0A       		.uleb128 0xa
 393 028a 04       		.byte	0x4
 394 028b 05       		.byte	0x5
 395 028c 696E7400 		.ascii	"int\000"
 396 0290 08       		.uleb128 0x8
 397 0291 38050000 		.4byte	.LASF28
 398 0295 05       		.byte	0x5
 399 0296 E8       		.byte	0xe8
ARM GAS  /tmp/ccCJGASy.s 			page 8


 400 0297 1A       		.byte	0x1a
 401 0298 9C020000 		.4byte	0x29c
 402 029c 09       		.uleb128 0x9
 403 029d 04       		.byte	0x4
 404 029e 07       		.byte	0x7
 405 029f B0050000 		.4byte	.LASF29
 406 02a3 08       		.uleb128 0x8
 407 02a4 2B060000 		.4byte	.LASF30
 408 02a8 06       		.byte	0x6
 409 02a9 14       		.byte	0x14
 410 02aa 12       		.byte	0x12
 411 02ab 6D010000 		.4byte	0x16d
 412 02af 08       		.uleb128 0x8
 413 02b0 64060000 		.4byte	.LASF31
 414 02b4 06       		.byte	0x6
 415 02b5 18       		.byte	0x18
 416 02b6 13       		.byte	0x13
 417 02b7 80010000 		.4byte	0x180
 418 02bb 08       		.uleb128 0x8
 419 02bc F0000000 		.4byte	.LASF32
 420 02c0 06       		.byte	0x6
 421 02c1 20       		.byte	0x20
 422 02c2 13       		.byte	0x13
 423 02c3 93010000 		.4byte	0x193
 424 02c7 08       		.uleb128 0x8
 425 02c8 74020000 		.4byte	.LASF33
 426 02cc 06       		.byte	0x6
 427 02cd 24       		.byte	0x24
 428 02ce 14       		.byte	0x14
 429 02cf A6010000 		.4byte	0x1a6
 430 02d3 08       		.uleb128 0x8
 431 02d4 D3040000 		.4byte	.LASF34
 432 02d8 06       		.byte	0x6
 433 02d9 2C       		.byte	0x2c
 434 02da 13       		.byte	0x13
 435 02db B9010000 		.4byte	0x1b9
 436 02df 08       		.uleb128 0x8
 437 02e0 A2050000 		.4byte	.LASF35
 438 02e4 06       		.byte	0x6
 439 02e5 30       		.byte	0x30
 440 02e6 14       		.byte	0x14
 441 02e7 CC010000 		.4byte	0x1cc
 442 02eb 08       		.uleb128 0x8
 443 02ec ED060000 		.4byte	.LASF36
 444 02f0 06       		.byte	0x6
 445 02f1 38       		.byte	0x38
 446 02f2 13       		.byte	0x13
 447 02f3 DF010000 		.4byte	0x1df
 448 02f7 08       		.uleb128 0x8
 449 02f8 62000000 		.4byte	.LASF37
 450 02fc 06       		.byte	0x6
 451 02fd 3C       		.byte	0x3c
 452 02fe 14       		.byte	0x14
 453 02ff F2010000 		.4byte	0x1f2
 454 0303 08       		.uleb128 0x8
 455 0304 40040000 		.4byte	.LASF38
 456 0308 06       		.byte	0x6
ARM GAS  /tmp/ccCJGASy.s 			page 9


 457 0309 43       		.byte	0x43
 458 030a 14       		.byte	0x14
 459 030b 65020000 		.4byte	0x265
 460 030f 08       		.uleb128 0x8
 461 0310 21010000 		.4byte	.LASF39
 462 0314 06       		.byte	0x6
 463 0315 48       		.byte	0x48
 464 0316 15       		.byte	0x15
 465 0317 71020000 		.4byte	0x271
 466 031b 08       		.uleb128 0x8
 467 031c B4030000 		.4byte	.LASF40
 468 0320 06       		.byte	0x6
 469 0321 4D       		.byte	0x4d
 470 0322 14       		.byte	0x14
 471 0323 7D020000 		.4byte	0x27d
 472 0327 08       		.uleb128 0x8
 473 0328 3B000000 		.4byte	.LASF41
 474 032c 06       		.byte	0x6
 475 032d 52       		.byte	0x52
 476 032e 15       		.byte	0x15
 477 032f 90020000 		.4byte	0x290
 478 0333 08       		.uleb128 0x8
 479 0334 EC030000 		.4byte	.LASF42
 480 0338 07       		.byte	0x7
 481 0339 15       		.byte	0x15
 482 033a 18       		.byte	0x18
 483 033b 05020000 		.4byte	0x205
 484 033f 08       		.uleb128 0x8
 485 0340 D9050000 		.4byte	.LASF43
 486 0344 07       		.byte	0x7
 487 0345 16       		.byte	0x16
 488 0346 19       		.byte	0x19
 489 0347 11020000 		.4byte	0x211
 490 034b 08       		.uleb128 0x8
 491 034c 83050000 		.4byte	.LASF44
 492 0350 07       		.byte	0x7
 493 0351 1B       		.byte	0x1b
 494 0352 19       		.byte	0x19
 495 0353 1D020000 		.4byte	0x21d
 496 0357 08       		.uleb128 0x8
 497 0358 89020000 		.4byte	.LASF45
 498 035c 07       		.byte	0x7
 499 035d 1C       		.byte	0x1c
 500 035e 1A       		.byte	0x1a
 501 035f 29020000 		.4byte	0x229
 502 0363 08       		.uleb128 0x8
 503 0364 74010000 		.4byte	.LASF46
 504 0368 07       		.byte	0x7
 505 0369 21       		.byte	0x21
 506 036a 19       		.byte	0x19
 507 036b 35020000 		.4byte	0x235
 508 036f 08       		.uleb128 0x8
 509 0370 D8020000 		.4byte	.LASF47
 510 0374 07       		.byte	0x7
 511 0375 22       		.byte	0x22
 512 0376 1A       		.byte	0x1a
 513 0377 41020000 		.4byte	0x241
ARM GAS  /tmp/ccCJGASy.s 			page 10


 514 037b 08       		.uleb128 0x8
 515 037c 28040000 		.4byte	.LASF48
 516 0380 07       		.byte	0x7
 517 0381 27       		.byte	0x27
 518 0382 19       		.byte	0x19
 519 0383 4D020000 		.4byte	0x24d
 520 0387 08       		.uleb128 0x8
 521 0388 8D040000 		.4byte	.LASF49
 522 038c 07       		.byte	0x7
 523 038d 28       		.byte	0x28
 524 038e 1A       		.byte	0x1a
 525 038f 59020000 		.4byte	0x259
 526 0393 08       		.uleb128 0x8
 527 0394 68020000 		.4byte	.LASF50
 528 0398 07       		.byte	0x7
 529 0399 33       		.byte	0x33
 530 039a 1E       		.byte	0x1e
 531 039b 89020000 		.4byte	0x289
 532 039f 08       		.uleb128 0x8
 533 03a0 2B050000 		.4byte	.LASF51
 534 03a4 07       		.byte	0x7
 535 03a5 34       		.byte	0x34
 536 03a6 1F       		.byte	0x1f
 537 03a7 9C020000 		.4byte	0x29c
 538 03ab 08       		.uleb128 0x8
 539 03ac 1D000000 		.4byte	.LASF52
 540 03b0 07       		.byte	0x7
 541 03b1 3D       		.byte	0x3d
 542 03b2 1F       		.byte	0x1f
 543 03b3 89020000 		.4byte	0x289
 544 03b7 08       		.uleb128 0x8
 545 03b8 9C040000 		.4byte	.LASF53
 546 03bc 07       		.byte	0x7
 547 03bd 3E       		.byte	0x3e
 548 03be 20       		.byte	0x20
 549 03bf 9C020000 		.4byte	0x29c
 550 03c3 08       		.uleb128 0x8
 551 03c4 1B040000 		.4byte	.LASF54
 552 03c8 07       		.byte	0x7
 553 03c9 47       		.byte	0x47
 554 03ca 1F       		.byte	0x1f
 555 03cb 89020000 		.4byte	0x289
 556 03cf 08       		.uleb128 0x8
 557 03d0 AA040000 		.4byte	.LASF55
 558 03d4 07       		.byte	0x7
 559 03d5 48       		.byte	0x48
 560 03d6 20       		.byte	0x20
 561 03d7 9C020000 		.4byte	0x29c
 562 03db 08       		.uleb128 0x8
 563 03dc 1E060000 		.4byte	.LASF56
 564 03e0 07       		.byte	0x7
 565 03e1 51       		.byte	0x51
 566 03e2 1F       		.byte	0x1f
 567 03e3 EB010000 		.4byte	0x1eb
 568 03e7 08       		.uleb128 0x8
 569 03e8 9E030000 		.4byte	.LASF57
 570 03ec 07       		.byte	0x7
ARM GAS  /tmp/ccCJGASy.s 			page 11


 571 03ed 52       		.byte	0x52
 572 03ee 20       		.byte	0x20
 573 03ef FE010000 		.4byte	0x1fe
 574 03f3 0B       		.uleb128 0xb
 575 03f4 50494400 		.ascii	"PID\000"
 576 03f8 34       		.byte	0x34
 577 03f9 08       		.byte	0x8
 578 03fa 15       		.byte	0x15
 579 03fb 07       		.byte	0x7
 580 03fc 7B050000 		.4byte	0x57b
 581 0400 0C       		.uleb128 0xc
 582 0401 50494400 		.ascii	"PID\000"
 583 0405 08       		.byte	0x8
 584 0406 17       		.byte	0x17
 585 0407 05       		.byte	0x5
 586 0408 7A060000 		.4byte	.LASF122
 587 040c 7B050000 		.4byte	0x57b
 588 0410 01       		.byte	0x1
 589 0411 19040000 		.4byte	0x419
 590 0415 42040000 		.4byte	0x442
 591 0419 0D       		.uleb128 0xd
 592 041a 7B050000 		.4byte	0x57b
 593 041e 0E       		.uleb128 0xe
 594 041f 81050000 		.4byte	0x581
 595 0423 0E       		.uleb128 0xe
 596 0424 81050000 		.4byte	0x581
 597 0428 0E       		.uleb128 0xe
 598 0429 81050000 		.4byte	0x581
 599 042d 0E       		.uleb128 0xe
 600 042e 81050000 		.4byte	0x581
 601 0432 0E       		.uleb128 0xe
 602 0433 81050000 		.4byte	0x581
 603 0437 0E       		.uleb128 0xe
 604 0438 81050000 		.4byte	0x581
 605 043c 0E       		.uleb128 0xe
 606 043d 81050000 		.4byte	0x581
 607 0441 00       		.byte	0
 608 0442 0F       		.uleb128 0xf
 609 0443 32060000 		.4byte	.LASF58
 610 0447 08       		.byte	0x8
 611 0448 1A       		.byte	0x1a
 612 0449 0B       		.byte	0xb
 613 044a E7020000 		.4byte	.LASF76
 614 044e 81050000 		.4byte	0x581
 615 0452 01       		.byte	0x1
 616 0453 5B040000 		.4byte	0x45b
 617 0457 6B040000 		.4byte	0x46b
 618 045b 0D       		.uleb128 0xd
 619 045c 7B050000 		.4byte	0x57b
 620 0460 0E       		.uleb128 0xe
 621 0461 81050000 		.4byte	0x581
 622 0465 0E       		.uleb128 0xe
 623 0466 81050000 		.4byte	0x581
 624 046a 00       		.byte	0
 625 046b 10       		.uleb128 0x10
 626 046c 17000000 		.4byte	.LASF59
 627 0470 08       		.byte	0x8
ARM GAS  /tmp/ccCJGASy.s 			page 12


 628 0471 1B       		.byte	0x1b
 629 0472 0B       		.byte	0xb
 630 0473 6A050000 		.4byte	.LASF61
 631 0477 01       		.byte	0x1
 632 0478 80040000 		.4byte	0x480
 633 047c 86040000 		.4byte	0x486
 634 0480 0D       		.uleb128 0xd
 635 0481 7B050000 		.4byte	0x57b
 636 0485 00       		.byte	0
 637 0486 10       		.uleb128 0x10
 638 0487 44050000 		.4byte	.LASF60
 639 048b 08       		.byte	0x8
 640 048c 1C       		.byte	0x1c
 641 048d 0B       		.byte	0xb
 642 048e F9030000 		.4byte	.LASF62
 643 0492 01       		.byte	0x1
 644 0493 9B040000 		.4byte	0x49b
 645 0497 B0040000 		.4byte	0x4b0
 646 049b 0D       		.uleb128 0xd
 647 049c 7B050000 		.4byte	0x57b
 648 04a0 0E       		.uleb128 0xe
 649 04a1 81050000 		.4byte	0x581
 650 04a5 0E       		.uleb128 0xe
 651 04a6 81050000 		.4byte	0x581
 652 04aa 0E       		.uleb128 0xe
 653 04ab 81050000 		.4byte	0x581
 654 04af 00       		.byte	0
 655 04b0 11       		.uleb128 0x11
 656 04b1 55010000 		.4byte	.LASF90
 657 04b5 08       		.byte	0x8
 658 04b6 1F       		.byte	0x1f
 659 04b7 1C       		.byte	0x1c
 660 04b8 88050000 		.4byte	0x588
 661 04bc 04       		.byte	0x4
 662 04bd 00       		.byte	0
 663 04be 50       		.byte	0x50
 664 04bf 43       		.byte	0x43
 665 04c0 48       		.byte	0x48
 666 04c1 12       		.uleb128 0x12
 667 04c2 5F6B7000 		.ascii	"_kp\000"
 668 04c6 08       		.byte	0x8
 669 04c7 21       		.byte	0x21
 670 04c8 0E       		.byte	0xe
 671 04c9 81050000 		.4byte	0x581
 672 04cd 00       		.byte	0
 673 04ce 12       		.uleb128 0x12
 674 04cf 5F6B6900 		.ascii	"_ki\000"
 675 04d3 08       		.byte	0x8
 676 04d4 21       		.byte	0x21
 677 04d5 13       		.byte	0x13
 678 04d6 81050000 		.4byte	0x581
 679 04da 04       		.byte	0x4
 680 04db 12       		.uleb128 0x12
 681 04dc 5F6B6400 		.ascii	"_kd\000"
 682 04e0 08       		.byte	0x8
 683 04e1 21       		.byte	0x21
 684 04e2 18       		.byte	0x18
ARM GAS  /tmp/ccCJGASy.s 			page 13


 685 04e3 81050000 		.4byte	0x581
 686 04e7 08       		.byte	0x8
 687 04e8 13       		.uleb128 0x13
 688 04e9 54060000 		.4byte	.LASF63
 689 04ed 08       		.byte	0x8
 690 04ee 22       		.byte	0x22
 691 04ef 0E       		.byte	0xe
 692 04f0 81050000 		.4byte	0x581
 693 04f4 0C       		.byte	0xc
 694 04f5 13       		.uleb128 0x13
 695 04f6 23070000 		.4byte	.LASF64
 696 04fa 08       		.byte	0x8
 697 04fb 23       		.byte	0x23
 698 04fc 0E       		.byte	0xe
 699 04fd 81050000 		.4byte	0x581
 700 0501 10       		.byte	0x10
 701 0502 13       		.uleb128 0x13
 702 0503 6D040000 		.4byte	.LASF65
 703 0507 08       		.byte	0x8
 704 0508 23       		.byte	0x23
 705 0509 1F       		.byte	0x1f
 706 050a 81050000 		.4byte	0x581
 707 050e 14       		.byte	0x14
 708 050f 13       		.uleb128 0x13
 709 0510 00000000 		.4byte	.LASF66
 710 0514 08       		.byte	0x8
 711 0515 23       		.byte	0x23
 712 0516 2F       		.byte	0x2f
 713 0517 81050000 		.4byte	0x581
 714 051b 18       		.byte	0x18
 715 051c 13       		.uleb128 0x13
 716 051d 2A000000 		.4byte	.LASF67
 717 0521 08       		.byte	0x8
 718 0522 24       		.byte	0x24
 719 0523 0E       		.byte	0xe
 720 0524 81050000 		.4byte	0x581
 721 0528 1C       		.byte	0x1c
 722 0529 13       		.uleb128 0x13
 723 052a 16070000 		.4byte	.LASF68
 724 052e 08       		.byte	0x8
 725 052f 25       		.byte	0x25
 726 0530 0E       		.byte	0xe
 727 0531 81050000 		.4byte	0x581
 728 0535 20       		.byte	0x20
 729 0536 13       		.uleb128 0x13
 730 0537 0B000000 		.4byte	.LASF69
 731 053b 08       		.byte	0x8
 732 053c 26       		.byte	0x26
 733 053d 0E       		.byte	0xe
 734 053e 81050000 		.4byte	0x581
 735 0542 24       		.byte	0x24
 736 0543 13       		.uleb128 0x13
 737 0544 91050000 		.4byte	.LASF70
 738 0548 08       		.byte	0x8
 739 0549 27       		.byte	0x27
 740 054a 0E       		.byte	0xe
 741 054b 81050000 		.4byte	0x581
ARM GAS  /tmp/ccCJGASy.s 			page 14


 742 054f 28       		.byte	0x28
 743 0550 13       		.uleb128 0x13
 744 0551 8A030000 		.4byte	.LASF71
 745 0555 08       		.byte	0x8
 746 0556 28       		.byte	0x28
 747 0557 0E       		.byte	0xe
 748 0558 8D050000 		.4byte	0x58d
 749 055c 2C       		.byte	0x2c
 750 055d 13       		.uleb128 0x13
 751 055e 4A010000 		.4byte	.LASF72
 752 0562 08       		.byte	0x8
 753 0563 29       		.byte	0x29
 754 0564 0E       		.byte	0xe
 755 0565 DF020000 		.4byte	0x2df
 756 0569 30       		.byte	0x30
 757 056a 14       		.uleb128 0x14
 758 056b 43010000 		.4byte	.LASF123
 759 056f 08       		.byte	0x8
 760 0570 2B       		.byte	0x2b
 761 0571 15       		.byte	0x15
 762 0572 BD050000 		.4byte	.LASF124
 763 0576 DF020000 		.4byte	0x2df
 764 057a 00       		.byte	0
 765 057b 15       		.uleb128 0x15
 766 057c 04       		.byte	0x4
 767 057d F3030000 		.4byte	0x3f3
 768 0581 09       		.uleb128 0x9
 769 0582 04       		.byte	0x4
 770 0583 04       		.byte	0x4
 771 0584 87040000 		.4byte	.LASF73
 772 0588 16       		.uleb128 0x16
 773 0589 81050000 		.4byte	0x581
 774 058d 09       		.uleb128 0x9
 775 058e 01       		.byte	0x1
 776 058f 02       		.byte	0x2
 777 0590 36000000 		.4byte	.LASF74
 778 0594 17       		.uleb128 0x17
 779 0595 4E050000 		.4byte	.LASF75
 780 0599 7401     		.2byte	0x174
 781 059b 09       		.byte	0x9
 782 059c 28       		.byte	0x28
 783 059d 07       		.byte	0x7
 784 059e BD060000 		.4byte	0x6bd
 785 05a2 0F       		.uleb128 0xf
 786 05a3 4E050000 		.4byte	.LASF75
 787 05a7 09       		.byte	0x9
 788 05a8 2A       		.byte	0x2a
 789 05a9 05       		.byte	0x5
 790 05aa 09030000 		.4byte	.LASF77
 791 05ae BD060000 		.4byte	0x6bd
 792 05b2 01       		.byte	0x1
 793 05b3 BB050000 		.4byte	0x5bb
 794 05b7 C1050000 		.4byte	0x5c1
 795 05bb 0D       		.uleb128 0xd
 796 05bc BD060000 		.4byte	0x6bd
 797 05c0 00       		.byte	0
 798 05c1 10       		.uleb128 0x10
ARM GAS  /tmp/ccCJGASy.s 			page 15


 799 05c2 32060000 		.4byte	.LASF58
 800 05c6 09       		.byte	0x9
 801 05c7 2C       		.byte	0x2c
 802 05c8 0A       		.byte	0xa
 803 05c9 BA060000 		.4byte	.LASF78
 804 05cd 01       		.byte	0x1
 805 05ce D6050000 		.4byte	0x5d6
 806 05d2 F5050000 		.4byte	0x5f5
 807 05d6 0D       		.uleb128 0xd
 808 05d7 BD060000 		.4byte	0x6bd
 809 05db 0E       		.uleb128 0xe
 810 05dc C8060000 		.4byte	0x6c8
 811 05e0 0E       		.uleb128 0xe
 812 05e1 C8060000 		.4byte	0x6c8
 813 05e5 0E       		.uleb128 0xe
 814 05e6 81050000 		.4byte	0x581
 815 05ea 0E       		.uleb128 0xe
 816 05eb CE060000 		.4byte	0x6ce
 817 05ef 0E       		.uleb128 0xe
 818 05f0 D4060000 		.4byte	0x6d4
 819 05f4 00       		.byte	0
 820 05f5 10       		.uleb128 0x10
 821 05f6 B8040000 		.4byte	.LASF79
 822 05fa 09       		.byte	0x9
 823 05fb 2E       		.byte	0x2e
 824 05fc 0A       		.byte	0xa
 825 05fd F5060000 		.4byte	.LASF80
 826 0601 01       		.byte	0x1
 827 0602 0A060000 		.4byte	0x60a
 828 0606 10060000 		.4byte	0x610
 829 060a 0D       		.uleb128 0xd
 830 060b BD060000 		.4byte	0x6bd
 831 060f 00       		.byte	0
 832 0610 13       		.uleb128 0x13
 833 0611 5A060000 		.4byte	.LASF81
 834 0615 09       		.byte	0x9
 835 0616 31       		.byte	0x31
 836 0617 09       		.byte	0x9
 837 0618 F3030000 		.4byte	0x3f3
 838 061c 00       		.byte	0
 839 061d 13       		.uleb128 0x13
 840 061e BD030000 		.4byte	.LASF82
 841 0622 09       		.byte	0x9
 842 0623 32       		.byte	0x32
 843 0624 09       		.byte	0x9
 844 0625 F3030000 		.4byte	0x3f3
 845 0629 34       		.byte	0x34
 846 062a 13       		.uleb128 0x13
 847 062b 45000000 		.4byte	.LASF83
 848 062f 09       		.byte	0x9
 849 0630 33       		.byte	0x33
 850 0631 09       		.byte	0x9
 851 0632 F3030000 		.4byte	0x3f3
 852 0636 68       		.byte	0x68
 853 0637 13       		.uleb128 0x13
 854 0638 39060000 		.4byte	.LASF84
 855 063c 09       		.byte	0x9
ARM GAS  /tmp/ccCJGASy.s 			page 16


 856 063d 34       		.byte	0x34
 857 063e 09       		.byte	0x9
 858 063f F3030000 		.4byte	0x3f3
 859 0643 9C       		.byte	0x9c
 860 0644 13       		.uleb128 0x13
 861 0645 36040000 		.4byte	.LASF85
 862 0649 09       		.byte	0x9
 863 064a 35       		.byte	0x35
 864 064b 09       		.byte	0x9
 865 064c F3030000 		.4byte	0x3f3
 866 0650 D0       		.byte	0xd0
 867 0651 18       		.uleb128 0x18
 868 0652 58000000 		.4byte	.LASF86
 869 0656 09       		.byte	0x9
 870 0657 36       		.byte	0x36
 871 0658 09       		.byte	0x9
 872 0659 F3030000 		.4byte	0x3f3
 873 065d 0401     		.2byte	0x104
 874 065f 18       		.uleb128 0x18
 875 0660 E2060000 		.4byte	.LASF87
 876 0664 09       		.byte	0x9
 877 0665 37       		.byte	0x37
 878 0666 09       		.byte	0x9
 879 0667 F3030000 		.4byte	0x3f3
 880 066b 3801     		.2byte	0x138
 881 066d 18       		.uleb128 0x18
 882 066e 5E050000 		.4byte	.LASF88
 883 0672 09       		.byte	0x9
 884 0673 39       		.byte	0x39
 885 0674 0B       		.byte	0xb
 886 0675 81050000 		.4byte	0x581
 887 0679 6C01     		.2byte	0x16c
 888 067b 18       		.uleb128 0x18
 889 067c 33070000 		.4byte	.LASF89
 890 0680 09       		.byte	0x9
 891 0681 3A       		.byte	0x3a
 892 0682 0B       		.byte	0xb
 893 0683 8D050000 		.4byte	0x58d
 894 0687 7001     		.2byte	0x170
 895 0689 11       		.uleb128 0x11
 896 068a 12010000 		.4byte	.LASF91
 897 068e 09       		.byte	0x9
 898 068f 3C       		.byte	0x3c
 899 0690 1C       		.byte	0x1c
 900 0691 88050000 		.4byte	0x588
 901 0695 04       		.byte	0x4
 902 0696 00       		.byte	0
 903 0697 00       		.byte	0
 904 0698 40       		.byte	0x40
 905 0699 40       		.byte	0x40
 906 069a 11       		.uleb128 0x11
 907 069b CD000000 		.4byte	.LASF92
 908 069f 09       		.byte	0x9
 909 06a0 3D       		.byte	0x3d
 910 06a1 1C       		.byte	0x1c
 911 06a2 88050000 		.4byte	0x588
 912 06a6 04       		.byte	0x4
ARM GAS  /tmp/ccCJGASy.s 			page 17


 913 06a7 CD       		.byte	0xcd
 914 06a8 CC       		.byte	0xcc
 915 06a9 CC       		.byte	0xcc
 916 06aa 3D       		.byte	0x3d
 917 06ab 11       		.uleb128 0x11
 918 06ac DA030000 		.4byte	.LASF93
 919 06b0 09       		.byte	0x9
 920 06b1 3E       		.byte	0x3e
 921 06b2 1C       		.byte	0x1c
 922 06b3 88050000 		.4byte	0x588
 923 06b7 04       		.byte	0x4
 924 06b8 9A       		.byte	0x9a
 925 06b9 99       		.byte	0x99
 926 06ba 99       		.byte	0x99
 927 06bb 3E       		.byte	0x3e
 928 06bc 00       		.byte	0
 929 06bd 15       		.uleb128 0x15
 930 06be 04       		.byte	0x4
 931 06bf 94050000 		.4byte	0x594
 932 06c3 16       		.uleb128 0x16
 933 06c4 BD060000 		.4byte	0x6bd
 934 06c8 15       		.uleb128 0x15
 935 06c9 04       		.byte	0x4
 936 06ca 88050000 		.4byte	0x588
 937 06ce 15       		.uleb128 0x15
 938 06cf 04       		.byte	0x4
 939 06d0 81050000 		.4byte	0x581
 940 06d4 19       		.uleb128 0x19
 941 06d5 04       		.byte	0x4
 942 06d6 81050000 		.4byte	0x581
 943 06da 1A       		.uleb128 0x1a
 944 06db 49040000 		.4byte	.LASF125
 945 06df 0F       		.byte	0xf
 946 06e0 45       		.byte	0x45
 947 06e1 18       		.byte	0x18
 948 06e2 88050000 		.4byte	0x588
 949 06e6 04       		.byte	0x4
 950 06e7 8FC2F53E 		.4byte	0x3ef5c28f
 951 06eb 08       		.uleb128 0x8
 952 06ec D1020000 		.4byte	.LASF94
 953 06f0 0A       		.byte	0xa
 954 06f1 D1       		.byte	0xd1
 955 06f2 17       		.byte	0x17
 956 06f3 9C020000 		.4byte	0x29c
 957 06f7 09       		.uleb128 0x9
 958 06f8 08       		.byte	0x8
 959 06f9 04       		.byte	0x4
 960 06fa 0F040000 		.4byte	.LASF95
 961 06fe 1B       		.uleb128 0x1b
 962 06ff C8030000 		.4byte	.LASF126
 963 0703 15       		.uleb128 0x15
 964 0704 04       		.byte	0x4
 965 0705 09070000 		.4byte	0x709
 966 0709 09       		.uleb128 0x9
 967 070a 01       		.byte	0x1
 968 070b 08       		.byte	0x8
 969 070c AB050000 		.4byte	.LASF96
ARM GAS  /tmp/ccCJGASy.s 			page 18


 970 0710 16       		.uleb128 0x16
 971 0711 09070000 		.4byte	0x709
 972 0715 15       		.uleb128 0x15
 973 0716 04       		.byte	0x4
 974 0717 10070000 		.4byte	0x710
 975 071b 1C       		.uleb128 0x1c
 976 071c 81000000 		.4byte	.LASF97
 977 0720 0B       		.byte	0xb
 978 0721 25       		.byte	0x25
 979 0722 06       		.byte	0x6
 980 0723 89020000 		.4byte	0x289
 981 0727 36070000 		.4byte	0x736
 982 072b 0E       		.uleb128 0xe
 983 072c 15070000 		.4byte	0x715
 984 0730 0E       		.uleb128 0xe
 985 0731 15070000 		.4byte	0x715
 986 0735 00       		.byte	0
 987 0736 1C       		.uleb128 0x1c
 988 0737 89000000 		.4byte	.LASF98
 989 073b 0B       		.byte	0xb
 990 073c 28       		.byte	0x28
 991 073d 08       		.byte	0x8
 992 073e 03070000 		.4byte	0x703
 993 0742 4C070000 		.4byte	0x74c
 994 0746 0E       		.uleb128 0xe
 995 0747 89020000 		.4byte	0x289
 996 074b 00       		.byte	0
 997 074c 1C       		.uleb128 0x1c
 998 074d 97030000 		.4byte	.LASF99
 999 0751 0B       		.byte	0xb
 1000 0752 32       		.byte	0x32
 1001 0753 08       		.byte	0x8
 1002 0754 03070000 		.4byte	0x703
 1003 0758 67070000 		.4byte	0x767
 1004 075c 0E       		.uleb128 0xe
 1005 075d 03070000 		.4byte	0x703
 1006 0761 0E       		.uleb128 0xe
 1007 0762 15070000 		.4byte	0x715
 1008 0766 00       		.byte	0
 1009 0767 1C       		.uleb128 0x1c
 1010 0768 FC040000 		.4byte	.LASF100
 1011 076c 0B       		.byte	0xb
 1012 076d 34       		.byte	0x34
 1013 076e 09       		.byte	0x9
 1014 076f EB060000 		.4byte	0x6eb
 1015 0773 87070000 		.4byte	0x787
 1016 0777 0E       		.uleb128 0xe
 1017 0778 03070000 		.4byte	0x703
 1018 077c 0E       		.uleb128 0xe
 1019 077d 15070000 		.4byte	0x715
 1020 0781 0E       		.uleb128 0xe
 1021 0782 EB060000 		.4byte	0x6eb
 1022 0786 00       		.byte	0
 1023 0787 09       		.uleb128 0x9
 1024 0788 08       		.byte	0x8
 1025 0789 04       		.byte	0x4
 1026 078a 7D020000 		.4byte	.LASF101
ARM GAS  /tmp/ccCJGASy.s 			page 19


 1027 078e 08       		.uleb128 0x8
 1028 078f 45070000 		.4byte	.LASF102
 1029 0793 0C       		.byte	0xc
 1030 0794 96       		.byte	0x96
 1031 0795 14       		.byte	0x14
 1032 0796 81050000 		.4byte	0x581
 1033 079a 08       		.uleb128 0x8
 1034 079b E9040000 		.4byte	.LASF103
 1035 079f 0C       		.byte	0xc
 1036 07a0 97       		.byte	0x97
 1037 07a1 14       		.byte	0x14
 1038 07a2 87070000 		.4byte	0x787
 1039 07a6 1D       		.uleb128 0x1d
 1040 07a7 F5050000 		.4byte	0x5f5
 1041 07ab 0D       		.byte	0xd
 1042 07ac 06       		.byte	0x6
 1043 07ad B5070000 		.4byte	0x7b5
 1044 07b1 BF070000 		.4byte	0x7bf
 1045 07b5 1E       		.uleb128 0x1e
 1046 07b6 84020000 		.4byte	.LASF104
 1047 07ba C3060000 		.4byte	0x6c3
 1048 07be 00       		.byte	0
 1049 07bf 1F       		.uleb128 0x1f
 1050 07c0 C1050000 		.4byte	0x5c1
 1051 07c4 0D       		.byte	0xd
 1052 07c5 16       		.byte	0x16
 1053 07c6 06       		.byte	0x6
 1054 07c7 CF070000 		.4byte	0x7cf
 1055 07cb 51080000 		.4byte	0x851
 1056 07cf 1E       		.uleb128 0x1e
 1057 07d0 84020000 		.4byte	.LASF104
 1058 07d4 C3060000 		.4byte	0x6c3
 1059 07d8 20       		.uleb128 0x20
 1060 07d9 34010000 		.4byte	.LASF105
 1061 07dd 0D       		.byte	0xd
 1062 07de 16       		.byte	0x16
 1063 07df 2A       		.byte	0x2a
 1064 07e0 C8060000 		.4byte	0x6c8
 1065 07e4 20       		.uleb128 0x20
 1066 07e5 6E010000 		.4byte	.LASF106
 1067 07e9 0D       		.byte	0xd
 1068 07ea 16       		.byte	0x16
 1069 07eb 3F       		.byte	0x3f
 1070 07ec C8060000 		.4byte	0x6c8
 1071 07f0 20       		.uleb128 0x20
 1072 07f1 80030000 		.4byte	.LASF107
 1073 07f5 0D       		.byte	0xd
 1074 07f6 16       		.byte	0x16
 1075 07f7 4E       		.byte	0x4e
 1076 07f8 81050000 		.4byte	0x581
 1077 07fc 20       		.uleb128 0x20
 1078 07fd 98020000 		.4byte	.LASF108
 1079 0801 0D       		.byte	0xd
 1080 0802 17       		.byte	0x17
 1081 0803 24       		.byte	0x24
 1082 0804 CE060000 		.4byte	0x6ce
 1083 0808 20       		.uleb128 0x20
ARM GAS  /tmp/ccCJGASy.s 			page 20


 1084 0809 1D050000 		.4byte	.LASF109
 1085 080d 0D       		.byte	0xd
 1086 080e 17       		.byte	0x17
 1087 080f 38       		.byte	0x38
 1088 0810 D4060000 		.4byte	0x6d4
 1089 0814 21       		.uleb128 0x21
 1090 0815 5E040000 		.4byte	.LASF110
 1091 0819 0D       		.byte	0xd
 1092 081a 1A       		.byte	0x1a
 1093 081b 11       		.byte	0x11
 1094 081c 88050000 		.4byte	0x588
 1095 0820 21       		.uleb128 0x21
 1096 0821 75000000 		.4byte	.LASF111
 1097 0825 0D       		.byte	0xd
 1098 0826 1C       		.byte	0x1c
 1099 0827 11       		.byte	0x11
 1100 0828 88050000 		.4byte	0x588
 1101 082c 21       		.uleb128 0x21
 1102 082d 66010000 		.4byte	.LASF112
 1103 0831 0D       		.byte	0xd
 1104 0832 22       		.byte	0x22
 1105 0833 11       		.byte	0x11
 1106 0834 88050000 		.4byte	0x588
 1107 0838 21       		.uleb128 0x21
 1108 0839 B2060000 		.4byte	.LASF113
 1109 083d 0D       		.byte	0xd
 1110 083e 27       		.byte	0x27
 1111 083f 11       		.byte	0x11
 1112 0840 88050000 		.4byte	0x588
 1113 0844 21       		.uleb128 0x21
 1114 0845 6C060000 		.4byte	.LASF114
 1115 0849 0D       		.byte	0xd
 1116 084a 28       		.byte	0x28
 1117 084b 11       		.byte	0x11
 1118 084c 88050000 		.4byte	0x588
 1119 0850 00       		.byte	0
 1120 0851 22       		.uleb128 0x22
 1121 0852 A2050000 		.4byte	0x5a2
 1122 0856 0D       		.byte	0xd
 1123 0857 05       		.byte	0x5
 1124 0858 01       		.byte	0x1
 1125 0859 62080000 		.4byte	0x862
 1126 085d 00       		.byte	0
 1127 085e 6C080000 		.4byte	0x86c
 1128 0862 1E       		.uleb128 0x1e
 1129 0863 84020000 		.4byte	.LASF104
 1130 0867 C3060000 		.4byte	0x6c3
 1131 086b 00       		.byte	0
 1132 086c 23       		.uleb128 0x23
 1133 086d 51080000 		.4byte	0x851
 1134 0871 04050000 		.4byte	.LASF127
 1135 0875 7D080000 		.4byte	0x87d
 1136 0879 83080000 		.4byte	0x883
 1137 087d 24       		.uleb128 0x24
 1138 087e 62080000 		.4byte	0x862
 1139 0882 00       		.byte	0
 1140 0883 09       		.uleb128 0x9
ARM GAS  /tmp/ccCJGASy.s 			page 21


 1141 0884 04       		.byte	0x4
 1142 0885 07       		.byte	0x7
 1143 0886 AC030000 		.4byte	.LASF115
 1144 088a 09       		.uleb128 0x9
 1145 088b 02       		.byte	0x2
 1146 088c 10       		.byte	0x10
 1147 088d 2B010000 		.4byte	.LASF116
 1148 0891 09       		.uleb128 0x9
 1149 0892 04       		.byte	0x4
 1150 0893 10       		.byte	0x10
 1151 0894 7A050000 		.4byte	.LASF117
 1152 0898 00       		.byte	0
 1153              		.section	.gnu.debuglto_.debug_abbrev,"e",%progbits
 1154              	.Ldebug_abbrev0:
 1155 0000 01       		.uleb128 0x1
 1156 0001 11       		.uleb128 0x11
 1157 0002 01       		.byte	0x1
 1158 0003 25       		.uleb128 0x25
 1159 0004 0E       		.uleb128 0xe
 1160 0005 13       		.uleb128 0x13
 1161 0006 0B       		.uleb128 0xb
 1162 0007 03       		.uleb128 0x3
 1163 0008 0E       		.uleb128 0xe
 1164 0009 1B       		.uleb128 0x1b
 1165 000a 0E       		.uleb128 0xe
 1166 000b 10       		.uleb128 0x10
 1167 000c 17       		.uleb128 0x17
 1168 000d 00       		.byte	0
 1169 000e 00       		.byte	0
 1170 000f 02       		.uleb128 0x2
 1171 0010 39       		.uleb128 0x39
 1172 0011 01       		.byte	0x1
 1173 0012 03       		.uleb128 0x3
 1174 0013 08       		.uleb128 0x8
 1175 0014 3A       		.uleb128 0x3a
 1176 0015 0B       		.uleb128 0xb
 1177 0016 3B       		.uleb128 0x3b
 1178 0017 0B       		.uleb128 0xb
 1179 0018 01       		.uleb128 0x1
 1180 0019 13       		.uleb128 0x13
 1181 001a 00       		.byte	0
 1182 001b 00       		.byte	0
 1183 001c 03       		.uleb128 0x3
 1184 001d 39       		.uleb128 0x39
 1185 001e 00       		.byte	0
 1186 001f 03       		.uleb128 0x3
 1187 0020 0E       		.uleb128 0xe
 1188 0021 3A       		.uleb128 0x3a
 1189 0022 0B       		.uleb128 0xb
 1190 0023 3B       		.uleb128 0x3b
 1191 0024 05       		.uleb128 0x5
 1192 0025 39       		.uleb128 0x39
 1193 0026 0B       		.uleb128 0xb
 1194 0027 8901     		.uleb128 0x89
 1195 0029 19       		.uleb128 0x19
 1196 002a 00       		.byte	0
 1197 002b 00       		.byte	0
ARM GAS  /tmp/ccCJGASy.s 			page 22


 1198 002c 04       		.uleb128 0x4
 1199 002d 3A       		.uleb128 0x3a
 1200 002e 00       		.byte	0
 1201 002f 3A       		.uleb128 0x3a
 1202 0030 0B       		.uleb128 0xb
 1203 0031 3B       		.uleb128 0x3b
 1204 0032 05       		.uleb128 0x5
 1205 0033 39       		.uleb128 0x39
 1206 0034 0B       		.uleb128 0xb
 1207 0035 18       		.uleb128 0x18
 1208 0036 13       		.uleb128 0x13
 1209 0037 00       		.byte	0
 1210 0038 00       		.byte	0
 1211 0039 05       		.uleb128 0x5
 1212 003a 08       		.uleb128 0x8
 1213 003b 00       		.byte	0
 1214 003c 3A       		.uleb128 0x3a
 1215 003d 0B       		.uleb128 0xb
 1216 003e 3B       		.uleb128 0x3b
 1217 003f 0B       		.uleb128 0xb
 1218 0040 39       		.uleb128 0x39
 1219 0041 0B       		.uleb128 0xb
 1220 0042 18       		.uleb128 0x18
 1221 0043 13       		.uleb128 0x13
 1222 0044 00       		.byte	0
 1223 0045 00       		.byte	0
 1224 0046 06       		.uleb128 0x6
 1225 0047 08       		.uleb128 0x8
 1226 0048 00       		.byte	0
 1227 0049 3A       		.uleb128 0x3a
 1228 004a 0B       		.uleb128 0xb
 1229 004b 3B       		.uleb128 0x3b
 1230 004c 05       		.uleb128 0x5
 1231 004d 39       		.uleb128 0x39
 1232 004e 0B       		.uleb128 0xb
 1233 004f 18       		.uleb128 0x18
 1234 0050 13       		.uleb128 0x13
 1235 0051 00       		.byte	0
 1236 0052 00       		.byte	0
 1237 0053 07       		.uleb128 0x7
 1238 0054 39       		.uleb128 0x39
 1239 0055 01       		.byte	0x1
 1240 0056 03       		.uleb128 0x3
 1241 0057 0E       		.uleb128 0xe
 1242 0058 3A       		.uleb128 0x3a
 1243 0059 0B       		.uleb128 0xb
 1244 005a 3B       		.uleb128 0x3b
 1245 005b 05       		.uleb128 0x5
 1246 005c 39       		.uleb128 0x39
 1247 005d 0B       		.uleb128 0xb
 1248 005e 01       		.uleb128 0x1
 1249 005f 13       		.uleb128 0x13
 1250 0060 00       		.byte	0
 1251 0061 00       		.byte	0
 1252 0062 08       		.uleb128 0x8
 1253 0063 16       		.uleb128 0x16
 1254 0064 00       		.byte	0
ARM GAS  /tmp/ccCJGASy.s 			page 23


 1255 0065 03       		.uleb128 0x3
 1256 0066 0E       		.uleb128 0xe
 1257 0067 3A       		.uleb128 0x3a
 1258 0068 0B       		.uleb128 0xb
 1259 0069 3B       		.uleb128 0x3b
 1260 006a 0B       		.uleb128 0xb
 1261 006b 39       		.uleb128 0x39
 1262 006c 0B       		.uleb128 0xb
 1263 006d 49       		.uleb128 0x49
 1264 006e 13       		.uleb128 0x13
 1265 006f 00       		.byte	0
 1266 0070 00       		.byte	0
 1267 0071 09       		.uleb128 0x9
 1268 0072 24       		.uleb128 0x24
 1269 0073 00       		.byte	0
 1270 0074 0B       		.uleb128 0xb
 1271 0075 0B       		.uleb128 0xb
 1272 0076 3E       		.uleb128 0x3e
 1273 0077 0B       		.uleb128 0xb
 1274 0078 03       		.uleb128 0x3
 1275 0079 0E       		.uleb128 0xe
 1276 007a 00       		.byte	0
 1277 007b 00       		.byte	0
 1278 007c 0A       		.uleb128 0xa
 1279 007d 24       		.uleb128 0x24
 1280 007e 00       		.byte	0
 1281 007f 0B       		.uleb128 0xb
 1282 0080 0B       		.uleb128 0xb
 1283 0081 3E       		.uleb128 0x3e
 1284 0082 0B       		.uleb128 0xb
 1285 0083 03       		.uleb128 0x3
 1286 0084 08       		.uleb128 0x8
 1287 0085 00       		.byte	0
 1288 0086 00       		.byte	0
 1289 0087 0B       		.uleb128 0xb
 1290 0088 02       		.uleb128 0x2
 1291 0089 01       		.byte	0x1
 1292 008a 03       		.uleb128 0x3
 1293 008b 08       		.uleb128 0x8
 1294 008c 0B       		.uleb128 0xb
 1295 008d 0B       		.uleb128 0xb
 1296 008e 3A       		.uleb128 0x3a
 1297 008f 0B       		.uleb128 0xb
 1298 0090 3B       		.uleb128 0x3b
 1299 0091 0B       		.uleb128 0xb
 1300 0092 39       		.uleb128 0x39
 1301 0093 0B       		.uleb128 0xb
 1302 0094 01       		.uleb128 0x1
 1303 0095 13       		.uleb128 0x13
 1304 0096 00       		.byte	0
 1305 0097 00       		.byte	0
 1306 0098 0C       		.uleb128 0xc
 1307 0099 2E       		.uleb128 0x2e
 1308 009a 01       		.byte	0x1
 1309 009b 3F       		.uleb128 0x3f
 1310 009c 19       		.uleb128 0x19
 1311 009d 03       		.uleb128 0x3
ARM GAS  /tmp/ccCJGASy.s 			page 24


 1312 009e 08       		.uleb128 0x8
 1313 009f 3A       		.uleb128 0x3a
 1314 00a0 0B       		.uleb128 0xb
 1315 00a1 3B       		.uleb128 0x3b
 1316 00a2 0B       		.uleb128 0xb
 1317 00a3 39       		.uleb128 0x39
 1318 00a4 0B       		.uleb128 0xb
 1319 00a5 6E       		.uleb128 0x6e
 1320 00a6 0E       		.uleb128 0xe
 1321 00a7 49       		.uleb128 0x49
 1322 00a8 13       		.uleb128 0x13
 1323 00a9 32       		.uleb128 0x32
 1324 00aa 0B       		.uleb128 0xb
 1325 00ab 3C       		.uleb128 0x3c
 1326 00ac 19       		.uleb128 0x19
 1327 00ad 64       		.uleb128 0x64
 1328 00ae 13       		.uleb128 0x13
 1329 00af 01       		.uleb128 0x1
 1330 00b0 13       		.uleb128 0x13
 1331 00b1 00       		.byte	0
 1332 00b2 00       		.byte	0
 1333 00b3 0D       		.uleb128 0xd
 1334 00b4 05       		.uleb128 0x5
 1335 00b5 00       		.byte	0
 1336 00b6 49       		.uleb128 0x49
 1337 00b7 13       		.uleb128 0x13
 1338 00b8 34       		.uleb128 0x34
 1339 00b9 19       		.uleb128 0x19
 1340 00ba 00       		.byte	0
 1341 00bb 00       		.byte	0
 1342 00bc 0E       		.uleb128 0xe
 1343 00bd 05       		.uleb128 0x5
 1344 00be 00       		.byte	0
 1345 00bf 49       		.uleb128 0x49
 1346 00c0 13       		.uleb128 0x13
 1347 00c1 00       		.byte	0
 1348 00c2 00       		.byte	0
 1349 00c3 0F       		.uleb128 0xf
 1350 00c4 2E       		.uleb128 0x2e
 1351 00c5 01       		.byte	0x1
 1352 00c6 3F       		.uleb128 0x3f
 1353 00c7 19       		.uleb128 0x19
 1354 00c8 03       		.uleb128 0x3
 1355 00c9 0E       		.uleb128 0xe
 1356 00ca 3A       		.uleb128 0x3a
 1357 00cb 0B       		.uleb128 0xb
 1358 00cc 3B       		.uleb128 0x3b
 1359 00cd 0B       		.uleb128 0xb
 1360 00ce 39       		.uleb128 0x39
 1361 00cf 0B       		.uleb128 0xb
 1362 00d0 6E       		.uleb128 0x6e
 1363 00d1 0E       		.uleb128 0xe
 1364 00d2 49       		.uleb128 0x49
 1365 00d3 13       		.uleb128 0x13
 1366 00d4 32       		.uleb128 0x32
 1367 00d5 0B       		.uleb128 0xb
 1368 00d6 3C       		.uleb128 0x3c
ARM GAS  /tmp/ccCJGASy.s 			page 25


 1369 00d7 19       		.uleb128 0x19
 1370 00d8 64       		.uleb128 0x64
 1371 00d9 13       		.uleb128 0x13
 1372 00da 01       		.uleb128 0x1
 1373 00db 13       		.uleb128 0x13
 1374 00dc 00       		.byte	0
 1375 00dd 00       		.byte	0
 1376 00de 10       		.uleb128 0x10
 1377 00df 2E       		.uleb128 0x2e
 1378 00e0 01       		.byte	0x1
 1379 00e1 3F       		.uleb128 0x3f
 1380 00e2 19       		.uleb128 0x19
 1381 00e3 03       		.uleb128 0x3
 1382 00e4 0E       		.uleb128 0xe
 1383 00e5 3A       		.uleb128 0x3a
 1384 00e6 0B       		.uleb128 0xb
 1385 00e7 3B       		.uleb128 0x3b
 1386 00e8 0B       		.uleb128 0xb
 1387 00e9 39       		.uleb128 0x39
 1388 00ea 0B       		.uleb128 0xb
 1389 00eb 6E       		.uleb128 0x6e
 1390 00ec 0E       		.uleb128 0xe
 1391 00ed 32       		.uleb128 0x32
 1392 00ee 0B       		.uleb128 0xb
 1393 00ef 3C       		.uleb128 0x3c
 1394 00f0 19       		.uleb128 0x19
 1395 00f1 64       		.uleb128 0x64
 1396 00f2 13       		.uleb128 0x13
 1397 00f3 01       		.uleb128 0x1
 1398 00f4 13       		.uleb128 0x13
 1399 00f5 00       		.byte	0
 1400 00f6 00       		.byte	0
 1401 00f7 11       		.uleb128 0x11
 1402 00f8 0D       		.uleb128 0xd
 1403 00f9 00       		.byte	0
 1404 00fa 03       		.uleb128 0x3
 1405 00fb 0E       		.uleb128 0xe
 1406 00fc 3A       		.uleb128 0x3a
 1407 00fd 0B       		.uleb128 0xb
 1408 00fe 3B       		.uleb128 0x3b
 1409 00ff 0B       		.uleb128 0xb
 1410 0100 39       		.uleb128 0x39
 1411 0101 0B       		.uleb128 0xb
 1412 0102 49       		.uleb128 0x49
 1413 0103 13       		.uleb128 0x13
 1414 0104 3F       		.uleb128 0x3f
 1415 0105 19       		.uleb128 0x19
 1416 0106 3C       		.uleb128 0x3c
 1417 0107 19       		.uleb128 0x19
 1418 0108 1C       		.uleb128 0x1c
 1419 0109 0A       		.uleb128 0xa
 1420 010a 6C       		.uleb128 0x6c
 1421 010b 19       		.uleb128 0x19
 1422 010c 00       		.byte	0
 1423 010d 00       		.byte	0
 1424 010e 12       		.uleb128 0x12
 1425 010f 0D       		.uleb128 0xd
ARM GAS  /tmp/ccCJGASy.s 			page 26


 1426 0110 00       		.byte	0
 1427 0111 03       		.uleb128 0x3
 1428 0112 08       		.uleb128 0x8
 1429 0113 3A       		.uleb128 0x3a
 1430 0114 0B       		.uleb128 0xb
 1431 0115 3B       		.uleb128 0x3b
 1432 0116 0B       		.uleb128 0xb
 1433 0117 39       		.uleb128 0x39
 1434 0118 0B       		.uleb128 0xb
 1435 0119 49       		.uleb128 0x49
 1436 011a 13       		.uleb128 0x13
 1437 011b 38       		.uleb128 0x38
 1438 011c 0B       		.uleb128 0xb
 1439 011d 00       		.byte	0
 1440 011e 00       		.byte	0
 1441 011f 13       		.uleb128 0x13
 1442 0120 0D       		.uleb128 0xd
 1443 0121 00       		.byte	0
 1444 0122 03       		.uleb128 0x3
 1445 0123 0E       		.uleb128 0xe
 1446 0124 3A       		.uleb128 0x3a
 1447 0125 0B       		.uleb128 0xb
 1448 0126 3B       		.uleb128 0x3b
 1449 0127 0B       		.uleb128 0xb
 1450 0128 39       		.uleb128 0x39
 1451 0129 0B       		.uleb128 0xb
 1452 012a 49       		.uleb128 0x49
 1453 012b 13       		.uleb128 0x13
 1454 012c 38       		.uleb128 0x38
 1455 012d 0B       		.uleb128 0xb
 1456 012e 00       		.byte	0
 1457 012f 00       		.byte	0
 1458 0130 14       		.uleb128 0x14
 1459 0131 2E       		.uleb128 0x2e
 1460 0132 00       		.byte	0
 1461 0133 3F       		.uleb128 0x3f
 1462 0134 19       		.uleb128 0x19
 1463 0135 03       		.uleb128 0x3
 1464 0136 0E       		.uleb128 0xe
 1465 0137 3A       		.uleb128 0x3a
 1466 0138 0B       		.uleb128 0xb
 1467 0139 3B       		.uleb128 0x3b
 1468 013a 0B       		.uleb128 0xb
 1469 013b 39       		.uleb128 0x39
 1470 013c 0B       		.uleb128 0xb
 1471 013d 6E       		.uleb128 0x6e
 1472 013e 0E       		.uleb128 0xe
 1473 013f 49       		.uleb128 0x49
 1474 0140 13       		.uleb128 0x13
 1475 0141 3C       		.uleb128 0x3c
 1476 0142 19       		.uleb128 0x19
 1477 0143 00       		.byte	0
 1478 0144 00       		.byte	0
 1479 0145 15       		.uleb128 0x15
 1480 0146 0F       		.uleb128 0xf
 1481 0147 00       		.byte	0
 1482 0148 0B       		.uleb128 0xb
ARM GAS  /tmp/ccCJGASy.s 			page 27


 1483 0149 0B       		.uleb128 0xb
 1484 014a 49       		.uleb128 0x49
 1485 014b 13       		.uleb128 0x13
 1486 014c 00       		.byte	0
 1487 014d 00       		.byte	0
 1488 014e 16       		.uleb128 0x16
 1489 014f 26       		.uleb128 0x26
 1490 0150 00       		.byte	0
 1491 0151 49       		.uleb128 0x49
 1492 0152 13       		.uleb128 0x13
 1493 0153 00       		.byte	0
 1494 0154 00       		.byte	0
 1495 0155 17       		.uleb128 0x17
 1496 0156 02       		.uleb128 0x2
 1497 0157 01       		.byte	0x1
 1498 0158 03       		.uleb128 0x3
 1499 0159 0E       		.uleb128 0xe
 1500 015a 0B       		.uleb128 0xb
 1501 015b 05       		.uleb128 0x5
 1502 015c 3A       		.uleb128 0x3a
 1503 015d 0B       		.uleb128 0xb
 1504 015e 3B       		.uleb128 0x3b
 1505 015f 0B       		.uleb128 0xb
 1506 0160 39       		.uleb128 0x39
 1507 0161 0B       		.uleb128 0xb
 1508 0162 01       		.uleb128 0x1
 1509 0163 13       		.uleb128 0x13
 1510 0164 00       		.byte	0
 1511 0165 00       		.byte	0
 1512 0166 18       		.uleb128 0x18
 1513 0167 0D       		.uleb128 0xd
 1514 0168 00       		.byte	0
 1515 0169 03       		.uleb128 0x3
 1516 016a 0E       		.uleb128 0xe
 1517 016b 3A       		.uleb128 0x3a
 1518 016c 0B       		.uleb128 0xb
 1519 016d 3B       		.uleb128 0x3b
 1520 016e 0B       		.uleb128 0xb
 1521 016f 39       		.uleb128 0x39
 1522 0170 0B       		.uleb128 0xb
 1523 0171 49       		.uleb128 0x49
 1524 0172 13       		.uleb128 0x13
 1525 0173 38       		.uleb128 0x38
 1526 0174 05       		.uleb128 0x5
 1527 0175 00       		.byte	0
 1528 0176 00       		.byte	0
 1529 0177 19       		.uleb128 0x19
 1530 0178 10       		.uleb128 0x10
 1531 0179 00       		.byte	0
 1532 017a 0B       		.uleb128 0xb
 1533 017b 0B       		.uleb128 0xb
 1534 017c 49       		.uleb128 0x49
 1535 017d 13       		.uleb128 0x13
 1536 017e 00       		.byte	0
 1537 017f 00       		.byte	0
 1538 0180 1A       		.uleb128 0x1a
 1539 0181 34       		.uleb128 0x34
ARM GAS  /tmp/ccCJGASy.s 			page 28


 1540 0182 00       		.byte	0
 1541 0183 03       		.uleb128 0x3
 1542 0184 0E       		.uleb128 0xe
 1543 0185 3A       		.uleb128 0x3a
 1544 0186 0B       		.uleb128 0xb
 1545 0187 3B       		.uleb128 0x3b
 1546 0188 0B       		.uleb128 0xb
 1547 0189 39       		.uleb128 0x39
 1548 018a 0B       		.uleb128 0xb
 1549 018b 49       		.uleb128 0x49
 1550 018c 13       		.uleb128 0x13
 1551 018d 6C       		.uleb128 0x6c
 1552 018e 19       		.uleb128 0x19
 1553 018f 1C       		.uleb128 0x1c
 1554 0190 0A       		.uleb128 0xa
 1555 0191 00       		.byte	0
 1556 0192 00       		.byte	0
 1557 0193 1B       		.uleb128 0x1b
 1558 0194 3B       		.uleb128 0x3b
 1559 0195 00       		.byte	0
 1560 0196 03       		.uleb128 0x3
 1561 0197 0E       		.uleb128 0xe
 1562 0198 00       		.byte	0
 1563 0199 00       		.byte	0
 1564 019a 1C       		.uleb128 0x1c
 1565 019b 2E       		.uleb128 0x2e
 1566 019c 01       		.byte	0x1
 1567 019d 3F       		.uleb128 0x3f
 1568 019e 19       		.uleb128 0x19
 1569 019f 03       		.uleb128 0x3
 1570 01a0 0E       		.uleb128 0xe
 1571 01a1 3A       		.uleb128 0x3a
 1572 01a2 0B       		.uleb128 0xb
 1573 01a3 3B       		.uleb128 0x3b
 1574 01a4 0B       		.uleb128 0xb
 1575 01a5 39       		.uleb128 0x39
 1576 01a6 0B       		.uleb128 0xb
 1577 01a7 49       		.uleb128 0x49
 1578 01a8 13       		.uleb128 0x13
 1579 01a9 3C       		.uleb128 0x3c
 1580 01aa 19       		.uleb128 0x19
 1581 01ab 01       		.uleb128 0x1
 1582 01ac 13       		.uleb128 0x13
 1583 01ad 00       		.byte	0
 1584 01ae 00       		.byte	0
 1585 01af 1D       		.uleb128 0x1d
 1586 01b0 2E       		.uleb128 0x2e
 1587 01b1 01       		.byte	0x1
 1588 01b2 47       		.uleb128 0x47
 1589 01b3 13       		.uleb128 0x13
 1590 01b4 3A       		.uleb128 0x3a
 1591 01b5 0B       		.uleb128 0xb
 1592 01b6 39       		.uleb128 0x39
 1593 01b7 0B       		.uleb128 0xb
 1594 01b8 64       		.uleb128 0x64
 1595 01b9 13       		.uleb128 0x13
 1596 01ba 01       		.uleb128 0x1
ARM GAS  /tmp/ccCJGASy.s 			page 29


 1597 01bb 13       		.uleb128 0x13
 1598 01bc 00       		.byte	0
 1599 01bd 00       		.byte	0
 1600 01be 1E       		.uleb128 0x1e
 1601 01bf 05       		.uleb128 0x5
 1602 01c0 00       		.byte	0
 1603 01c1 03       		.uleb128 0x3
 1604 01c2 0E       		.uleb128 0xe
 1605 01c3 49       		.uleb128 0x49
 1606 01c4 13       		.uleb128 0x13
 1607 01c5 34       		.uleb128 0x34
 1608 01c6 19       		.uleb128 0x19
 1609 01c7 00       		.byte	0
 1610 01c8 00       		.byte	0
 1611 01c9 1F       		.uleb128 0x1f
 1612 01ca 2E       		.uleb128 0x2e
 1613 01cb 01       		.byte	0x1
 1614 01cc 47       		.uleb128 0x47
 1615 01cd 13       		.uleb128 0x13
 1616 01ce 3A       		.uleb128 0x3a
 1617 01cf 0B       		.uleb128 0xb
 1618 01d0 3B       		.uleb128 0x3b
 1619 01d1 0B       		.uleb128 0xb
 1620 01d2 39       		.uleb128 0x39
 1621 01d3 0B       		.uleb128 0xb
 1622 01d4 64       		.uleb128 0x64
 1623 01d5 13       		.uleb128 0x13
 1624 01d6 01       		.uleb128 0x1
 1625 01d7 13       		.uleb128 0x13
 1626 01d8 00       		.byte	0
 1627 01d9 00       		.byte	0
 1628 01da 20       		.uleb128 0x20
 1629 01db 05       		.uleb128 0x5
 1630 01dc 00       		.byte	0
 1631 01dd 03       		.uleb128 0x3
 1632 01de 0E       		.uleb128 0xe
 1633 01df 3A       		.uleb128 0x3a
 1634 01e0 0B       		.uleb128 0xb
 1635 01e1 3B       		.uleb128 0x3b
 1636 01e2 0B       		.uleb128 0xb
 1637 01e3 39       		.uleb128 0x39
 1638 01e4 0B       		.uleb128 0xb
 1639 01e5 49       		.uleb128 0x49
 1640 01e6 13       		.uleb128 0x13
 1641 01e7 00       		.byte	0
 1642 01e8 00       		.byte	0
 1643 01e9 21       		.uleb128 0x21
 1644 01ea 34       		.uleb128 0x34
 1645 01eb 00       		.byte	0
 1646 01ec 03       		.uleb128 0x3
 1647 01ed 0E       		.uleb128 0xe
 1648 01ee 3A       		.uleb128 0x3a
 1649 01ef 0B       		.uleb128 0xb
 1650 01f0 3B       		.uleb128 0x3b
 1651 01f1 0B       		.uleb128 0xb
 1652 01f2 39       		.uleb128 0x39
 1653 01f3 0B       		.uleb128 0xb
ARM GAS  /tmp/ccCJGASy.s 			page 30


 1654 01f4 49       		.uleb128 0x49
 1655 01f5 13       		.uleb128 0x13
 1656 01f6 00       		.byte	0
 1657 01f7 00       		.byte	0
 1658 01f8 22       		.uleb128 0x22
 1659 01f9 2E       		.uleb128 0x2e
 1660 01fa 01       		.byte	0x1
 1661 01fb 47       		.uleb128 0x47
 1662 01fc 13       		.uleb128 0x13
 1663 01fd 3A       		.uleb128 0x3a
 1664 01fe 0B       		.uleb128 0xb
 1665 01ff 3B       		.uleb128 0x3b
 1666 0200 0B       		.uleb128 0xb
 1667 0201 39       		.uleb128 0x39
 1668 0202 0B       		.uleb128 0xb
 1669 0203 64       		.uleb128 0x64
 1670 0204 13       		.uleb128 0x13
 1671 0205 20       		.uleb128 0x20
 1672 0206 0B       		.uleb128 0xb
 1673 0207 01       		.uleb128 0x1
 1674 0208 13       		.uleb128 0x13
 1675 0209 00       		.byte	0
 1676 020a 00       		.byte	0
 1677 020b 23       		.uleb128 0x23
 1678 020c 2E       		.uleb128 0x2e
 1679 020d 01       		.byte	0x1
 1680 020e 31       		.uleb128 0x31
 1681 020f 13       		.uleb128 0x13
 1682 0210 6E       		.uleb128 0x6e
 1683 0211 0E       		.uleb128 0xe
 1684 0212 64       		.uleb128 0x64
 1685 0213 13       		.uleb128 0x13
 1686 0214 01       		.uleb128 0x1
 1687 0215 13       		.uleb128 0x13
 1688 0216 00       		.byte	0
 1689 0217 00       		.byte	0
 1690 0218 24       		.uleb128 0x24
 1691 0219 05       		.uleb128 0x5
 1692 021a 00       		.byte	0
 1693 021b 31       		.uleb128 0x31
 1694 021c 13       		.uleb128 0x13
 1695 021d 00       		.byte	0
 1696 021e 00       		.byte	0
 1697 021f 00       		.byte	0
 1698              		.section	.gnu.debuglto_.debug_line,"e",%progbits
 1699              	.Ldebug_line0:
 1700 0000 D3020000 		.4byte	.LELT0-.LSLT0
 1701              	.LSLT0:
 1702 0004 0400     		.2byte	0x4
 1703 0006 CD020000 		.4byte	.LELTP0-.LASLTP0
 1704              	.LASLTP0:
 1705 000a 01       		.byte	0x1
 1706 000b 01       		.byte	0x1
 1707 000c 01       		.byte	0x1
 1708 000d F6       		.byte	0xf6
 1709 000e F2       		.byte	0xf2
 1710 000f 0D       		.byte	0xd
ARM GAS  /tmp/ccCJGASy.s 			page 31


 1711 0010 00       		.byte	0
 1712 0011 01       		.byte	0x1
 1713 0012 01       		.byte	0x1
 1714 0013 01       		.byte	0x1
 1715 0014 01       		.byte	0x1
 1716 0015 00       		.byte	0
 1717 0016 00       		.byte	0
 1718 0017 00       		.byte	0
 1719 0018 01       		.byte	0x1
 1720 0019 00       		.byte	0
 1721 001a 00       		.byte	0
 1722 001b 01       		.byte	0x1
 1723 001c 2F6F7074 		.ascii	"/opt/gcc-arm-none-eabi-10-2020-q4-major/arm-none-ea"
 1723      2F676363 
 1723      2D61726D 
 1723      2D6E6F6E 
 1723      652D6561 
 1724 004f 62692F69 		.ascii	"bi/include/c++/10.2.1/arm-none-eabi/thumb/v7e-m+dp/"
 1724      6E636C75 
 1724      64652F63 
 1724      2B2B2F31 
 1724      302E322E 
 1725 0082 68617264 		.ascii	"hard/bits"
 1725      2F626974 
 1725      73
 1726 008b 00       		.byte	0
 1727 008c 2F6F7074 		.ascii	"/opt/gcc-arm-none-eabi-10-2020-q4-major/arm-none-ea"
 1727      2F676363 
 1727      2D61726D 
 1727      2D6E6F6E 
 1727      652D6561 
 1728 00bf 62692F69 		.ascii	"bi/include/c++/10.2.1"
 1728      6E636C75 
 1728      64652F63 
 1728      2B2B2F31 
 1728      302E322E 
 1729 00d4 00       		.byte	0
 1730 00d5 2F6F7074 		.ascii	"/opt/gcc-arm-none-eabi-10-2020-q4-major/arm-none-ea"
 1730      2F676363 
 1730      2D61726D 
 1730      2D6E6F6E 
 1730      652D6561 
 1731 0108 62692F69 		.ascii	"bi/include/machine"
 1731      6E636C75 
 1731      64652F6D 
 1731      61636869 
 1731      6E65
 1732 011a 00       		.byte	0
 1733 011b 2F6F7074 		.ascii	"/opt/gcc-arm-none-eabi-10-2020-q4-major/arm-none-ea"
 1733      2F676363 
 1733      2D61726D 
 1733      2D6E6F6E 
 1733      652D6561 
 1734 014e 62692F69 		.ascii	"bi/include/sys"
 1734      6E636C75 
 1734      64652F73 
 1734      7973
ARM GAS  /tmp/ccCJGASy.s 			page 32


 1735 015c 00       		.byte	0
 1736 015d 2F6F7074 		.ascii	"/opt/gcc-arm-none-eabi-10-2020-q4-major/arm-none-ea"
 1736      2F676363 
 1736      2D61726D 
 1736      2D6E6F6E 
 1736      652D6561 
 1737 0190 62692F69 		.ascii	"bi/include"
 1737      6E636C75 
 1737      6465
 1738 019a 00       		.byte	0
 1739 019b 2F6F7074 		.ascii	"/opt/gcc-arm-none-eabi-10-2020-q4-major/lib/gcc/arm"
 1739      2F676363 
 1739      2D61726D 
 1739      2D6E6F6E 
 1739      652D6561 
 1740 01ce 2D6E6F6E 		.ascii	"-none-eabi/10.2.1/include"
 1740      652D6561 
 1740      62692F31 
 1740      302E322E 
 1740      312F696E 
 1741 01e7 00       		.byte	0
 1742 01e8 7372632F 		.ascii	"src/controllers"
 1742      636F6E74 
 1742      726F6C6C 
 1742      657273
 1743 01f7 00       		.byte	0
 1744 01f8 7372632F 		.ascii	"src/math"
 1744      6D617468 
 1745 0200 00       		.byte	0
 1746 0201 00       		.byte	0
 1747 0202 63737464 		.ascii	"cstdint\000"
 1747      696E7400 
 1748 020a 02       		.uleb128 0x2
 1749 020b 00       		.uleb128 0
 1750 020c 00       		.uleb128 0
 1751 020d 63737472 		.ascii	"cstring\000"
 1751      696E6700 
 1752 0215 02       		.uleb128 0x2
 1753 0216 00       		.uleb128 0
 1754 0217 00       		.uleb128 0
 1755 0218 636D6174 		.ascii	"cmath\000"
 1755      6800
 1756 021e 02       		.uleb128 0x2
 1757 021f 00       		.uleb128 0
 1758 0220 00       		.uleb128 0
 1759 0221 632B2B63 		.ascii	"c++config.h\000"
 1759      6F6E6669 
 1759      672E6800 
 1760 022d 01       		.uleb128 0x1
 1761 022e 00       		.uleb128 0
 1762 022f 00       		.uleb128 0
 1763 0230 5F646566 		.ascii	"_default_types.h\000"
 1763      61756C74 
 1763      5F747970 
 1763      65732E68 
 1763      00
 1764 0241 03       		.uleb128 0x3
ARM GAS  /tmp/ccCJGASy.s 			page 33


 1765 0242 00       		.uleb128 0
 1766 0243 00       		.uleb128 0
 1767 0244 5F737464 		.ascii	"_stdint.h\000"
 1767      696E742E 
 1767      6800
 1768 024e 04       		.uleb128 0x4
 1769 024f 00       		.uleb128 0
 1770 0250 00       		.uleb128 0
 1771 0251 73746469 		.ascii	"stdint.h\000"
 1771      6E742E68 
 1771      00
 1772 025a 05       		.uleb128 0x5
 1773 025b 00       		.uleb128 0
 1774 025c 00       		.uleb128 0
 1775 025d 5049442E 		.ascii	"PID.hpp\000"
 1775      68707000 
 1776 0265 07       		.uleb128 0x7
 1777 0266 00       		.uleb128 0
 1778 0267 00       		.uleb128 0
 1779 0268 41747469 		.ascii	"Attitude_PID_Jerk.hpp\000"
 1779      74756465 
 1779      5F504944 
 1779      5F4A6572 
 1779      6B2E6870 
 1780 027e 07       		.uleb128 0x7
 1781 027f 00       		.uleb128 0
 1782 0280 00       		.uleb128 0
 1783 0281 73746464 		.ascii	"stddef.h\000"
 1783      65662E68 
 1783      00
 1784 028a 06       		.uleb128 0x6
 1785 028b 00       		.uleb128 0
 1786 028c 00       		.uleb128 0
 1787 028d 73747269 		.ascii	"string.h\000"
 1787      6E672E68 
 1787      00
 1788 0296 05       		.uleb128 0x5
 1789 0297 00       		.uleb128 0
 1790 0298 00       		.uleb128 0
 1791 0299 6D617468 		.ascii	"math.h\000"
 1791      2E6800
 1792 02a0 05       		.uleb128 0x5
 1793 02a1 00       		.uleb128 0
 1794 02a2 00       		.uleb128 0
 1795 02a3 41747469 		.ascii	"Attitude_PID_Jerk.cpp\000"
 1795      74756465 
 1795      5F504944 
 1795      5F4A6572 
 1795      6B2E6370 
 1796 02b9 07       		.uleb128 0x7
 1797 02ba 00       		.uleb128 0
 1798 02bb 00       		.uleb128 0
 1799 02bc 3C627569 		.ascii	"<built-in>\000"
 1799      6C742D69 
 1799      6E3E00
 1800 02c7 00       		.uleb128 0
 1801 02c8 00       		.uleb128 0
ARM GAS  /tmp/ccCJGASy.s 			page 34


 1802 02c9 00       		.uleb128 0
 1803 02ca 6D617468 		.ascii	"math.hpp\000"
 1803      2E687070 
 1803      00
 1804 02d3 08       		.uleb128 0x8
 1805 02d4 00       		.uleb128 0
 1806 02d5 00       		.uleb128 0
 1807 02d6 00       		.byte	0
 1808              	.LELTP0:
 1809              	.LELT0:
 1810              		.section	.gnu.debuglto_.debug_str,"eMS",%progbits,1
 1811              	.LASF66:
 1812 0000 5F66696C 		.ascii	"_filt_d_hz\000"
 1812      745F645F 
 1812      687A00
 1813              	.LASF69:
 1814 000b 5F657272 		.ascii	"_error_filt\000"
 1814      6F725F66 
 1814      696C7400 
 1815              	.LASF59:
 1816 0017 72657365 		.ascii	"reset\000"
 1816      7400
 1817              	.LASF52:
 1818 001d 696E745F 		.ascii	"int_fast16_t\000"
 1818      66617374 
 1818      31365F74 
 1818      00
 1819              	.LASF67:
 1820 002a 5F696E74 		.ascii	"_integrator\000"
 1820      65677261 
 1820      746F7200 
 1821              	.LASF74:
 1822 0036 626F6F6C 		.ascii	"bool\000"
 1822      00
 1823              	.LASF41:
 1824 003b 75696E74 		.ascii	"uintptr_t\000"
 1824      7074725F 
 1824      7400
 1825              	.LASF83:
 1826 0045 5F726F6C 		.ascii	"_roll_rate\000"
 1826      6C5F7261 
 1826      746500
 1827              	.LASF0:
 1828 0050 5F5F6378 		.ascii	"__cxx11\000"
 1828      78313100 
 1829              	.LASF86:
 1830 0058 5F796177 		.ascii	"_yaw_hold\000"
 1830      5F686F6C 
 1830      6400
 1831              	.LASF37:
 1832 0062 75696E74 		.ascii	"uint64_t\000"
 1832      36345F74 
 1832      00
 1833              	.LASF2:
 1834 006b 5F5F7569 		.ascii	"__uint8_t\000"
 1834      6E74385F 
 1834      7400
ARM GAS  /tmp/ccCJGASy.s 			page 35


 1835              	.LASF111:
 1836 0075 726F6C6C 		.ascii	"roll_torque\000"
 1836      5F746F72 
 1836      71756500 
 1837              	.LASF97:
 1838 0081 73747263 		.ascii	"strcoll\000"
 1838      6F6C6C00 
 1839              	.LASF98:
 1840 0089 73747265 		.ascii	"strerror\000"
 1840      72726F72 
 1840      00
 1841              	.LASF16:
 1842 0092 6C6F6E67 		.ascii	"long long unsigned int\000"
 1842      206C6F6E 
 1842      6720756E 
 1842      7369676E 
 1842      65642069 
 1843              	.LASF13:
 1844 00a9 5F5F696E 		.ascii	"__int64_t\000"
 1844      7436345F 
 1844      7400
 1845              	.LASF22:
 1846 00b3 5F5F7569 		.ascii	"__uint_least32_t\000"
 1846      6E745F6C 
 1846      65617374 
 1846      33325F74 
 1846      00
 1847              	.LASF1:
 1848 00c4 5F5F696E 		.ascii	"__int8_t\000"
 1848      74385F74 
 1848      00
 1849              	.LASF92:
 1850 00cd 5941575F 		.ascii	"YAW_STICK_DEADBAND\000"
 1850      53544943 
 1850      4B5F4445 
 1850      41444241 
 1850      4E4400
 1851              	.LASF23:
 1852 00e0 5F5F696E 		.ascii	"__int_least64_t\000"
 1852      745F6C65 
 1852      61737436 
 1852      345F7400 
 1853              	.LASF32:
 1854 00f0 696E7431 		.ascii	"int16_t\000"
 1854      365F7400 
 1855              	.LASF14:
 1856 00f8 6C6F6E67 		.ascii	"long long int\000"
 1856      206C6F6E 
 1856      6720696E 
 1856      7400
 1857              	.LASF3:
 1858 0106 7369676E 		.ascii	"signed char\000"
 1858      65642063 
 1858      68617200 
 1859              	.LASF91:
 1860 0112 5941575F 		.ascii	"YAW_STICK_GAIN\000"
 1860      53544943 
ARM GAS  /tmp/ccCJGASy.s 			page 36


 1860      4B5F4741 
 1860      494E00
 1861              	.LASF39:
 1862 0121 75696E74 		.ascii	"uintmax_t\000"
 1862      6D61785F 
 1862      7400
 1863              	.LASF116:
 1864 012b 63686172 		.ascii	"char16_t\000"
 1864      31365F74 
 1864      00
 1865              	.LASF105:
 1866 0134 73746174 		.ascii	"state\000"
 1866      6500
 1867              	.LASF10:
 1868 013a 6C6F6E67 		.ascii	"long int\000"
 1868      20696E74 
 1868      00
 1869              	.LASF123:
 1870 0143 6E6F775F 		.ascii	"now_us\000"
 1870      757300
 1871              	.LASF72:
 1872 014a 5F6C6173 		.ascii	"_last_t_us\000"
 1872      745F745F 
 1872      757300
 1873              	.LASF90:
 1874 0155 5354414C 		.ascii	"STALE_TIMEOUT_US\000"
 1874      455F5449 
 1874      4D454F55 
 1874      545F5553 
 1874      00
 1875              	.LASF112:
 1876 0166 7961775F 		.ascii	"yaw_now\000"
 1876      6E6F7700 
 1877              	.LASF106:
 1878 016e 696E7075 		.ascii	"input\000"
 1878      7400
 1879              	.LASF46:
 1880 0174 696E745F 		.ascii	"int_least32_t\000"
 1880      6C656173 
 1880      7433325F 
 1880      7400
 1881              	.LASF118:
 1882 0182 474E5520 		.ascii	"GNU C++14 10.2.1 20201103 (release) -mcpu=cortex-m7"
 1882      432B2B31 
 1882      34203130 
 1882      2E322E31 
 1882      20323032 
 1883 01b5 202D6D74 		.ascii	" -mthumb -mfloat-abi=hard -mfpu=fpv5-d16 -march=arm"
 1883      68756D62 
 1883      202D6D66 
 1883      6C6F6174 
 1883      2D616269 
 1884 01e8 7637652D 		.ascii	"v7e-m+fp.dp -ggdb -O3 -fomit-frame-pointer -falign-"
 1884      6D2B6670 
 1884      2E647020 
 1884      2D676764 
 1884      62202D4F 
ARM GAS  /tmp/ccCJGASy.s 			page 37


 1885 021b 66756E63 		.ascii	"functions=16 -ffunction-sections -fdata-sections -f"
 1885      74696F6E 
 1885      733D3136 
 1885      202D6666 
 1885      756E6374 
 1886 024e 6E6F2D63 		.ascii	"no-common -flto -fno-rtti\000"
 1886      6F6D6D6F 
 1886      6E202D66 
 1886      6C746F20 
 1886      2D666E6F 
 1887              	.LASF50:
 1888 0268 696E745F 		.ascii	"int_fast8_t\000"
 1888      66617374 
 1888      385F7400 
 1889              	.LASF33:
 1890 0274 75696E74 		.ascii	"uint16_t\000"
 1890      31365F74 
 1890      00
 1891              	.LASF101:
 1892 027d 646F7562 		.ascii	"double\000"
 1892      6C6500
 1893              	.LASF104:
 1894 0284 74686973 		.ascii	"this\000"
 1894      00
 1895              	.LASF45:
 1896 0289 75696E74 		.ascii	"uint_least16_t\000"
 1896      5F6C6561 
 1896      73743136 
 1896      5F7400
 1897              	.LASF108:
 1898 0298 6F75745F 		.ascii	"out_cmds\000"
 1898      636D6473 
 1898      00
 1899              	.LASF11:
 1900 02a1 5F5F7569 		.ascii	"__uint32_t\000"
 1900      6E743332 
 1900      5F7400
 1901              	.LASF27:
 1902 02ac 5F5F696E 		.ascii	"__intptr_t\000"
 1902      74707472 
 1902      5F7400
 1903              	.LASF18:
 1904 02b7 5F5F7569 		.ascii	"__uint_least8_t\000"
 1904      6E745F6C 
 1904      65617374 
 1904      385F7400 
 1905              	.LASF5:
 1906 02c7 5F5F696E 		.ascii	"__int16_t\000"
 1906      7431365F 
 1906      7400
 1907              	.LASF94:
 1908 02d1 73697A65 		.ascii	"size_t\000"
 1908      5F7400
 1909              	.LASF47:
 1910 02d8 75696E74 		.ascii	"uint_least32_t\000"
 1910      5F6C6561 
 1910      73743332 
ARM GAS  /tmp/ccCJGASy.s 			page 38


 1910      5F7400
 1911              	.LASF76:
 1912 02e7 5F5A4E33 		.ascii	"_ZN3PID6updateEff\000"
 1912      50494436 
 1912      75706461 
 1912      74654566 
 1912      6600
 1913              	.LASF19:
 1914 02f9 5F5F696E 		.ascii	"__int_least16_t\000"
 1914      745F6C65 
 1914      61737431 
 1914      365F7400 
 1915              	.LASF77:
 1916 0309 5F5A4E31 		.ascii	"_ZN15AttitudePIDJerkC4Ev\000"
 1916      35417474 
 1916      69747564 
 1916      65504944 
 1916      4A65726B 
 1917              	.LASF120:
 1918 0322 2F686F6D 		.ascii	"/home/jayaramlab/Documents/Github/BPRL_flight\000"
 1918      652F6A61 
 1918      79617261 
 1918      6D6C6162 
 1918      2F446F63 
 1919              	.LASF12:
 1920 0350 6C6F6E67 		.ascii	"long unsigned int\000"
 1920      20756E73 
 1920      69676E65 
 1920      6420696E 
 1920      7400
 1921              	.LASF8:
 1922 0362 73686F72 		.ascii	"short unsigned int\000"
 1922      7420756E 
 1922      7369676E 
 1922      65642069 
 1922      6E7400
 1923              	.LASF25:
 1924 0375 5F5F696E 		.ascii	"__intmax_t\000"
 1924      746D6178 
 1924      5F7400
 1925              	.LASF107:
 1926 0380 726F6C6C 		.ascii	"roll_jerk\000"
 1926      5F6A6572 
 1926      6B00
 1927              	.LASF71:
 1928 038a 5F646572 		.ascii	"_deriv_valid\000"
 1928      69765F76 
 1928      616C6964 
 1928      00
 1929              	.LASF99:
 1930 0397 73747274 		.ascii	"strtok\000"
 1930      6F6B00
 1931              	.LASF57:
 1932 039e 75696E74 		.ascii	"uint_fast64_t\000"
 1932      5F666173 
 1932      7436345F 
 1932      7400
ARM GAS  /tmp/ccCJGASy.s 			page 39


 1933              	.LASF115:
 1934 03ac 77636861 		.ascii	"wchar_t\000"
 1934      725F7400 
 1935              	.LASF40:
 1936 03b4 696E7470 		.ascii	"intptr_t\000"
 1936      74725F74 
 1936      00
 1937              	.LASF82:
 1938 03bd 5F706974 		.ascii	"_pitch_att\000"
 1938      63685F61 
 1938      747400
 1939              	.LASF126:
 1940 03c8 6465636C 		.ascii	"decltype(nullptr)\000"
 1940      74797065 
 1940      286E756C 
 1940      6C707472 
 1940      2900
 1941              	.LASF93:
 1942 03da 5941575F 		.ascii	"YAW_HOLD_MAX_RATE\000"
 1942      484F4C44 
 1942      5F4D4158 
 1942      5F524154 
 1942      4500
 1943              	.LASF42:
 1944 03ec 696E745F 		.ascii	"int_least8_t\000"
 1944      6C656173 
 1944      74385F74 
 1944      00
 1945              	.LASF62:
 1946 03f9 5F5A4E33 		.ascii	"_ZN3PID9set_gainsEfff\000"
 1946      50494439 
 1946      7365745F 
 1946      6761696E 
 1946      73456666 
 1947              	.LASF95:
 1948 040f 6C6F6E67 		.ascii	"long double\000"
 1948      20646F75 
 1948      626C6500 
 1949              	.LASF54:
 1950 041b 696E745F 		.ascii	"int_fast32_t\000"
 1950      66617374 
 1950      33325F74 
 1950      00
 1951              	.LASF48:
 1952 0428 696E745F 		.ascii	"int_least64_t\000"
 1952      6C656173 
 1952      7436345F 
 1952      7400
 1953              	.LASF85:
 1954 0436 5F796177 		.ascii	"_yaw_rate\000"
 1954      5F726174 
 1954      6500
 1955              	.LASF38:
 1956 0440 696E746D 		.ascii	"intmax_t\000"
 1956      61785F74 
 1956      00
 1957              	.LASF125:
ARM GAS  /tmp/ccCJGASy.s 			page 40


 1958 0449 4E4F5443 		.ascii	"NOTCH_NYQUIST_CUTOFF\000"
 1958      485F4E59 
 1958      51554953 
 1958      545F4355 
 1958      544F4646 
 1959              	.LASF110:
 1960 045e 70697463 		.ascii	"pitch_rate_tgt\000"
 1960      685F7261 
 1960      74655F74 
 1960      677400
 1961              	.LASF65:
 1962 046d 5F66696C 		.ascii	"_filt_error_hz\000"
 1962      745F6572 
 1962      726F725F 
 1962      687A00
 1963              	.LASF15:
 1964 047c 5F5F7569 		.ascii	"__uint64_t\000"
 1964      6E743634 
 1964      5F7400
 1965              	.LASF73:
 1966 0487 666C6F61 		.ascii	"float\000"
 1966      7400
 1967              	.LASF49:
 1968 048d 75696E74 		.ascii	"uint_least64_t\000"
 1968      5F6C6561 
 1968      73743634 
 1968      5F7400
 1969              	.LASF53:
 1970 049c 75696E74 		.ascii	"uint_fast16_t\000"
 1970      5F666173 
 1970      7431365F 
 1970      7400
 1971              	.LASF55:
 1972 04aa 75696E74 		.ascii	"uint_fast32_t\000"
 1972      5F666173 
 1972      7433325F 
 1972      7400
 1973              	.LASF79:
 1974 04b8 72657365 		.ascii	"reset_all\000"
 1974      745F616C 
 1974      6C00
 1975              	.LASF24:
 1976 04c2 5F5F7569 		.ascii	"__uint_least64_t\000"
 1976      6E745F6C 
 1976      65617374 
 1976      36345F74 
 1976      00
 1977              	.LASF34:
 1978 04d3 696E7433 		.ascii	"int32_t\000"
 1978      325F7400 
 1979              	.LASF4:
 1980 04db 756E7369 		.ascii	"unsigned char\000"
 1980      676E6564 
 1980      20636861 
 1980      7200
 1981              	.LASF103:
 1982 04e9 646F7562 		.ascii	"double_t\000"
ARM GAS  /tmp/ccCJGASy.s 			page 41


 1982      6C655F74 
 1982      00
 1983              	.LASF6:
 1984 04f2 73686F72 		.ascii	"short int\000"
 1984      7420696E 
 1984      7400
 1985              	.LASF100:
 1986 04fc 73747278 		.ascii	"strxfrm\000"
 1986      66726D00 
 1987              	.LASF127:
 1988 0504 5F5A4E31 		.ascii	"_ZN15AttitudePIDJerkC2Ev\000"
 1988      35417474 
 1988      69747564 
 1988      65504944 
 1988      4A65726B 
 1989              	.LASF109:
 1990 051d 726F6C6C 		.ascii	"roll_rate_tgt\000"
 1990      5F726174 
 1990      655F7467 
 1990      7400
 1991              	.LASF51:
 1992 052b 75696E74 		.ascii	"uint_fast8_t\000"
 1992      5F666173 
 1992      74385F74 
 1992      00
 1993              	.LASF28:
 1994 0538 5F5F7569 		.ascii	"__uintptr_t\000"
 1994      6E747074 
 1994      725F7400 
 1995              	.LASF60:
 1996 0544 7365745F 		.ascii	"set_gains\000"
 1996      6761696E 
 1996      7300
 1997              	.LASF75:
 1998 054e 41747469 		.ascii	"AttitudePIDJerk\000"
 1998      74756465 
 1998      5049444A 
 1998      65726B00 
 1999              	.LASF88:
 2000 055e 5F796177 		.ascii	"_yaw_target\000"
 2000      5F746172 
 2000      67657400 
 2001              	.LASF61:
 2002 056a 5F5A4E33 		.ascii	"_ZN3PID5resetEv\000"
 2002      50494435 
 2002      72657365 
 2002      74457600 
 2003              	.LASF117:
 2004 057a 63686172 		.ascii	"char32_t\000"
 2004      33325F74 
 2004      00
 2005              	.LASF44:
 2006 0583 696E745F 		.ascii	"int_least16_t\000"
 2006      6C656173 
 2006      7431365F 
 2006      7400
 2007              	.LASF70:
ARM GAS  /tmp/ccCJGASy.s 			page 42


 2008 0591 5F6C6173 		.ascii	"_last_derivative\000"
 2008      745F6465 
 2008      72697661 
 2008      74697665 
 2008      00
 2009              	.LASF35:
 2010 05a2 75696E74 		.ascii	"uint32_t\000"
 2010      33325F74 
 2010      00
 2011              	.LASF96:
 2012 05ab 63686172 		.ascii	"char\000"
 2012      00
 2013              	.LASF29:
 2014 05b0 756E7369 		.ascii	"unsigned int\000"
 2014      676E6564 
 2014      20696E74 
 2014      00
 2015              	.LASF124:
 2016 05bd 5F5A4E33 		.ascii	"_ZN3PID6now_usEv\000"
 2016      50494436 
 2016      6E6F775F 
 2016      75734576 
 2016      00
 2017              	.LASF7:
 2018 05ce 5F5F7569 		.ascii	"__uint16_t\000"
 2018      6E743136 
 2018      5F7400
 2019              	.LASF43:
 2020 05d9 75696E74 		.ascii	"uint_least8_t\000"
 2020      5F6C6561 
 2020      7374385F 
 2020      7400
 2021              	.LASF9:
 2022 05e7 5F5F696E 		.ascii	"__int32_t\000"
 2022      7433325F 
 2022      7400
 2023              	.LASF26:
 2024 05f1 5F5F7569 		.ascii	"__uintmax_t\000"
 2024      6E746D61 
 2024      785F7400 
 2025              	.LASF21:
 2026 05fd 5F5F696E 		.ascii	"__int_least32_t\000"
 2026      745F6C65 
 2026      61737433 
 2026      325F7400 
 2027              	.LASF20:
 2028 060d 5F5F7569 		.ascii	"__uint_least16_t\000"
 2028      6E745F6C 
 2028      65617374 
 2028      31365F74 
 2028      00
 2029              	.LASF56:
 2030 061e 696E745F 		.ascii	"int_fast64_t\000"
 2030      66617374 
 2030      36345F74 
 2030      00
 2031              	.LASF30:
ARM GAS  /tmp/ccCJGASy.s 			page 43


 2032 062b 696E7438 		.ascii	"int8_t\000"
 2032      5F7400
 2033              	.LASF58:
 2034 0632 75706461 		.ascii	"update\000"
 2034      746500
 2035              	.LASF84:
 2036 0639 5F706974 		.ascii	"_pitch_rate\000"
 2036      63685F72 
 2036      61746500 
 2037              	.LASF17:
 2038 0645 5F5F696E 		.ascii	"__int_least8_t\000"
 2038      745F6C65 
 2038      61737438 
 2038      5F7400
 2039              	.LASF63:
 2040 0654 5F696D61 		.ascii	"_imax\000"
 2040      7800
 2041              	.LASF81:
 2042 065a 5F726F6C 		.ascii	"_roll_att\000"
 2042      6C5F6174 
 2042      7400
 2043              	.LASF31:
 2044 0664 75696E74 		.ascii	"uint8_t\000"
 2044      385F7400 
 2045              	.LASF114:
 2046 066c 7961775F 		.ascii	"yaw_hold_rate\000"
 2046      686F6C64 
 2046      5F726174 
 2046      6500
 2047              	.LASF122:
 2048 067a 5F5A4E33 		.ascii	"_ZN3PIDC4Efffffff\000"
 2048      50494443 
 2048      34456666 
 2048      66666666 
 2048      6600
 2049              	.LASF119:
 2050 068c 7372632F 		.ascii	"src/controllers/Attitude_PID_Jerk.cpp\000"
 2050      636F6E74 
 2050      726F6C6C 
 2050      6572732F 
 2050      41747469 
 2051              	.LASF113:
 2052 06b2 7961775F 		.ascii	"yaw_err\000"
 2052      65727200 
 2053              	.LASF78:
 2054 06ba 5F5A4E31 		.ascii	"_ZN15AttitudePIDJerk6updateEPKfS1_fPfRf\000"
 2054      35417474 
 2054      69747564 
 2054      65504944 
 2054      4A65726B 
 2055              	.LASF87:
 2056 06e2 5F726F6C 		.ascii	"_roll_jerk\000"
 2056      6C5F6A65 
 2056      726B00
 2057              	.LASF36:
 2058 06ed 696E7436 		.ascii	"int64_t\000"
 2058      345F7400 
ARM GAS  /tmp/ccCJGASy.s 			page 44


 2059              	.LASF80:
 2060 06f5 5F5A4E31 		.ascii	"_ZN15AttitudePIDJerk9reset_allEv\000"
 2060      35417474 
 2060      69747564 
 2060      65504944 
 2060      4A65726B 
 2061              	.LASF68:
 2062 0716 5F746172 		.ascii	"_target_filt\000"
 2062      6765745F 
 2062      66696C74 
 2062      00
 2063              	.LASF64:
 2064 0723 5F66696C 		.ascii	"_filt_target_hz\000"
 2064      745F7461 
 2064      72676574 
 2064      5F687A00 
 2065              	.LASF89:
 2066 0733 5F796177 		.ascii	"_yaw_target_valid\000"
 2066      5F746172 
 2066      6765745F 
 2066      76616C69 
 2066      6400
 2067              	.LASF102:
 2068 0745 666C6F61 		.ascii	"float_t\000"
 2068      745F7400 
 2069              	.LASF121:
 2070 074d 5F5F676E 		.ascii	"__gnu_cxx\000"
 2070      755F6378 
 2070      7800
 2071              		.text
 2072              		.section	.gnu.lto_.profile.19f57982233d7c72,"e",%progbits
 2073 0000 789C6362 		.ascii	"x\234cb\000\001\000\000\022\000\003"
 2073      00010000 
 2073      120003
 2074              		.text
 2075              		.section	.gnu.lto_.icf.19f57982233d7c72,"e",%progbits
 2076 0000 789C1366 		.ascii	"x\234\023f@\000f\206\356\245\263{\230\231\346\317^\263"
 2076      40006686 
 2076      EEA5B37B 
 2076      9899E6CF 
 2076      5EB3
 2077 0012 9197F9C6 		.ascii	"\221\227\371\306\246\275\376\014\000I\345\007\260"
 2077      A6BDFE0C 
 2077      0049E507 
 2077      B0
 2078              		.text
 2079              		.section	.gnu.lto_.ipa_sra.19f57982233d7c72,"e",%progbits
 2080 0000 789C6B63 		.ascii	"x\234kc@\000f\006F\030\205\004\231\330\030P\001#\022"
 2080      40006606 
 2080      46188504 
 2080      99D81850 
 2080      012312
 2081 0013 8319C461 		.ascii	"\203\031\304ad\002b\210(3#\212J\246\006&$\323a\2420"
 2081      64026288 
 2081      2833238A 
 2081      4AA60626 
 2081      24D361A2 
ARM GAS  /tmp/ccCJGASy.s 			page 45


 2082 0028 16443123 		.ascii	"\026D1#\032\004\000w\343\001D"
 2082      1A040077 
 2082      E30144
 2083              		.text
 2084              		.section	.gnu.lto_.inline.19f57982233d7c72,"e",%progbits
 2085 0000 789CDBC9 		.ascii	"x\234\333\311\310\000\007\314\014\014G\030\032\032\032"
 2085      C80007CC 
 2085      0C0C4718 
 2085      1A1A1A
 2086 000f 5A98B218 		.ascii	"Z\230\262\030\031\031\030\2270\203\004\231\230\200\""
 2086      19191897 
 2086      30830499 
 2086      988022
 2087 001e 0D4CC90C 		.ascii	"\015L\311\014\014\034 \006s\012\023\003\023P\230S\010"
 2087      0C1C2006 
 2087      730A1303 
 2087      13509853 
 2087      08
 2088 002f 48704CF0 		.ascii	"HpL\360\203j\245\035\227\211\3412\310M\317\230\262X"
 2088      836AA51D 
 2088      9789E132 
 2088      C84DCF98 
 2088      B258
 2089 0041 99606E62 		.ascii	"\231`nb\004\322\214 \347\262(\203\035\227\316\300 \016"
 2089      04D28C20 
 2089      E7B22883 
 2089      1D97CEC0 
 2089      200E
 2090 0053 A40F30A5 		.ascii	"\244\0170\245\201\034\307\010\026Kbb\340\200\263\031"
 2090      811CC708 
 2090      164B6262 
 2090      E080B319 
 2091 0063 3880BA58 		.ascii	"8\200\272X\371@~\004\031\014c\201 \246(\303\004?f\036"
 2091      F9407E04 
 2091      190C6381 
 2091      20A628C3 
 2091      043F661E 
 2092 0077 902DD824 		.ascii	"\220-\330$\261kA\026Eg33\010\201\335\226\211\024\246"
 2092      B16B4116 
 2092      45673333 
 2092      0881DD96 
 2092      8914A6
 2093 008a 306731B0 		.ascii	"0g1\260\203\245\240a\312\304\015\261\225T\232\001\000"
 2093      83A5A061 
 2093      CAC40DB1 
 2093      95549A01 
 2093      00
 2094 009b 8DAF42A9 		.ascii	"\215\257B\251"
 2095              		.text
 2096              		.section	.gnu.lto_.jmpfuncs.19f57982233d7c72,"e",%progbits
 2097 0000 789CCD55 		.ascii	"x\234\315U\275N\3030\020\366\331\306m\221\020\221\230"
 2097      BD4EC330 
 2097      10F6D9C6 
 2097      6D911091 
 2097      98
 2098 0011 7996BE19 		.ascii	"y\226\276\031X\300\302\012\023\352\022\251\031\2721"
 2098      58C0C20A 
ARM GAS  /tmp/ccCJGASy.s 			page 46


 2098      13EA12A9 
 2098      19BA31
 2099 0020 4025D4C9 		.ascii	"@%\324\311b\356C\204\245K\031\272\200\020 \202\355\204"
 2099      62EE4384 
 2099      A54B19BA 
 2099      80102082 
 2099      ED84
 2100 0032 D829F6E1 		.ascii	"\330)\366\341,\250\226.Vr\177\337w9\237'\003\322.F\000"
 2100      2CA8962E 
 2100      56727FDF 
 2100      77399F27 
 2100      03D22E46 
 2101 0047 E0B46024 		.ascii	"\340\264`$\033\252#\375\016\212\003\321R\351u\010\364"
 2101      1BAA23FD 
 2101      0E8A03D1 
 2101      52E97508 
 2101      F4
 2102 0058 8A158C02 		.ascii	"\212\025\214\002\324\233\375F\217\317\244\274\330T\325"
 2102      D49BFD46 
 2102      8FCFA4BC 
 2102      D854D5
 2103 0067 98106956 		.ascii	"\230\020iV9\271<\207\2021\355\\\353\236#:\252\237\276"
 2103      39B93C87 
 2103      8231ED5C 
 2103      EB9E233A 
 2103      AA9FBE
 2104 007a DDA7B3CB 		.ascii	"\335\247\263\313\357V\313\240\335\266\317~\343`|\032"
 2104      EF56CBA0 
 2104      DDB6CF7E 
 2104      E3607C1A 
 2105 008a 876C9867 		.ascii	"\207l\230g\277\201\303=\300\034\254\023o|\324jy\323"
 2105      BF81C33D 
 2105      C01CAC13 
 2105      6F7CD46A 
 2105      79D3
 2106 009c 01FA9600 		.ascii	"\001\372\226\000\300\330}9\273N\214D\240\233\026\250"
 2106      C0D87D39 
 2106      BB4E8C44 
 2106      A09B16A8 
 2107 00ac 3C4081FA 		.ascii	"<@\201\372\025\221\037\263\207\016\330WOw\273\270\216"
 2107      15911FB3 
 2107      870ED857 
 2107      4F77BBB8 
 2107      8E
 2108 00bd 81E52EAF 		.ascii	"\201\345.\257\204?*W+xL!B\265.G8\205w\204\202W\357r"
 2108      843F2A57 
 2108      2B784C21 
 2108      42B52E47 
 2108      38857784 
 2109 00d5 FAF4D2D1 		.ascii	"\372\364\322\321!\015\325\217R\322\217P\"\231\205z\\"
 2109      210DD58F 
 2109      52D28F50 
 2109      2299857A 
 2109      5C
 2110 00e6 4F93BAE6 		.ascii	"O\223\272\346\377Y\344\014g!B)\221\246\015B\354\335"
 2110      FF59E40C 
 2110      67214229 
ARM GAS  /tmp/ccCJGASy.s 			page 47


 2110      91A60D42 
 2110      ECDD
 2111 00f8 E464F740 		.ascii	"\344d\367@Q\001v\215\315\240\323\302\215\030\235\336"
 2111      5101768D 
 2111      CDA0D3C2 
 2111      8D189DDE 
 2112 0108 F7B408D3 		.ascii	"\367\264\010\323\016\265{Ac\377)\240\020\310\211\376"
 2112      0EB57B41 
 2112      63FF29A0 
 2112      10C889FE 
 2113 0118 19B05EE8 		.ascii	"\031\260^\350\330\034\211\317\030\201\3166\307\334\346"
 2113      D81C89CF 
 2113      1881CE36 
 2113      C7DCE6
 2114 0127 D8CAD68F 		.ascii	"\330\312\326\217H\374\\\007\210\364\013\035\272W\\h"
 2114      48FC5C07 
 2114      88F40B1D 
 2114      BA575C68 
 2115 0137 7E620908 		.ascii	"~b\011\010\244\233[\004\272\267\0007a\315mF\221\254"
 2115      A49B5B04 
 2115      BAB70037 
 2115      61CD6D46 
 2115      91AC
 2116 0149 142B2A36 		.ascii	"\024+*6\243\261\341\207\215\024\354\240\"\224\276\001"
 2116      A3B1E187 
 2116      8D14ECA0 
 2116      2294BE01 
 2117 0159 D7DB1B71 		.ascii	"\327\333\033q"
 2118              		.text
 2119              		.section	.gnu.lto_.pureconst.19f57982233d7c72,"e",%progbits
 2120 0000 789CE361 		.ascii	"x\234\343a```a\230\305\302(\3014\213\205y\026\013\000"
 2120      60606061 
 2120      98C5C228 
 2120      C1348B85 
 2120      79160B00 
 2121 0014 0C370209 		.ascii	"\0147\002\011"
 2122              		.text
 2123              		.section	.gnu.lto_.lto.19f57982233d7c72,"e",%progbits
 2124 0000 09000200 		.ascii	"\011\000\002\000\001\000\000\000"
 2124      01000000 
 2125              		.text
 2126              		.section	.gnu.lto__ZN15AttitudePIDJerkC2Ev.161.19f57982233d7c72,"e",%progbits
 2127 0000 789CBD95 		.ascii	"x\234\275\225ML\023A\024\307\337\233\331v[\340\300\301"
 2127      4D4C1341 
 2127      14C7DF9B 
 2127      D9765BE0 
 2127      C0C1
 2128 0012 2BD16822 		.ascii	"+\321h\"\361\302jb\3748\371\021\022\321x \036\214\027"
 2128      F1C26A62 
 2128      FC38F911 
 2128      12D17820 
 2128      1E8C17
 2129 0025 434AADB6 		.ascii	"CJ\255\266Z(i\227\203\211\011\003\324(\034\344\313\213"
 2129      5A286997 
 2129      83890903 
 2129      D4281CE4 
 2129      CB8B
ARM GAS  /tmp/ccCJGASy.s 			page 48


 2130 0037 F22181C5 		.ascii	"\362!\201\305x0\341\240FDMV\342\301\003^\270\250\027"
 2130      7830E1A0 
 2130      46444D56 
 2130      E2C1035E 
 2130      B8A817
 2131 004a 054CB8A8 		.ascii	"\005L\270\250\244!\221\200\242\370f\333\302\330,-\\"
 2131      A4219180 
 2131      A2F866DB 
 2131      C2D82C2D 
 2131      5C
 2132 005b 68B2AF33 		.ascii	"h\262\2573o\377o\346\377\233\335\2359\257\003\334\000"
 2132      6FFF6FE6 
 2132      FF9BDD9D 
 2132      39AF03DC 
 2132      00
 2133 006c 803D7421 		.ascii	"\200=t!\007\354\356jg \2048\2563l\356j\367\343Ktz\010"
 2133      07ECEE6A 
 2133      67208438 
 2133      AE336CEE 
 2133      6AF7E34B 
 2134 0083 4D0C9BB0 		.ascii	"M\014\233\260\207\367q\354\346\026)\265L\013q\327>["
 2134      87F771EC 
 2134      E61629B5 
 2134      4C0B71D7 
 2134      3E5B
 2135 0095 88A591FB 		.ascii	"\210\245\221\373\217\223\372\315*\2133\030\240\333\317"
 2135      8F93FACD 
 2135      2A8B3318 
 2135      A0DBCF
 2136 00a4 109F220D 		.ascii	"\020\237\"\015\012$\343\027d,\177+Dj\244\355\326\355"
 2136      0A24E317 
 2136      642C7F2B 
 2136      446AA4ED 
 2136      D6ED
 2137 00b6 52CDE21C 		.ascii	"R\315\342\034\237\343\000\325\246e8\206\224\2728[*5"
 2137      9FE300D5 
 2137      A6653886 
 2137      94BA385B 
 2137      2A35
 2138 00c8 9D7D83F6 		.ascii	"\235}\203\366\232\002\376W\374)u\006\364\002\310\342"
 2138      9A02FE57 
 2138      FC297506 
 2138      F402C8E2 
 2139 00d8 7104A705 		.ascii	"q\004\247\005\262%\223\344\326i\322\264\243S\036[\254"
 2139      B22593E4 
 2139      D669D2B4 
 2139      A3531E5B 
 2139      AC
 2140 00e9 AC3E10A2 		.ascii	"\254>\020\242\257\230\355@\260\270\306d\3402h2xd\360"
 2140      AF98ED40 
 2140      B0B8C664 
 2140      E0326832 
 2140      7864F0
 2141 00fc CAA0CBE0 		.ascii	"\312\240\313\340G|A\205\035\\\342\013\015\205\015\320"
 2141      477C4185 
 2141      1D5CE20B 
 2141      0D850DD0 
ARM GAS  /tmp/ccCJGASy.s 			page 49


 2142 010c C959BAD3 		.ascii	"\311Y\272\323L\235y\234\370\274<\225\305\366 <\224K"
 2142      4C9D799C 
 2142      F8BC3C95 
 2142      C5F6203C 
 2142      944B
 2143 011e F34E0866 		.ascii	"\363N\010fq\357\020\367\343k\204\243\273\251M\312\226"
 2143      71EF10F7 
 2143      E36B84A3 
 2143      BBA94DCA 
 2143      96
 2144 012f BBED5F66 		.ascii	"\273\355_f\313\361\025\016q\314\0240\224\316\235\032"
 2144      CBF1150E 
 2144      71CC1430 
 2144      94CE9D1A 
 2145 013f 9FC57559 		.ascii	"\237\305uY`;\251\375\351\214\017\337`?'\347\311\214"
 2145      603BA9FD 
 2145      E98C0FDF 
 2145      603F27E7 
 2145      C98C
 2146 0151 44C309F2 		.ascii	"D\303\011\362\223\302^\241Q\216&\361\017\320\332\002"
 2146      93C25EA1 
 2146      518E26F1 
 2146      0FD0DA02 
 2147 0161 8D58D622 		.ascii	"\215X\326\"D\222pE\366GkSTF\367@\375'\221\266\011M\262"
 2147      44927045 
 2147      F6476B53 
 2147      5446F740 
 2147      FD2791B6 
 2148 0178 685D9492 		.ascii	"h]\224\222\"\213\027\247\011\310<+`y\222,\243j\371\275"
 2148      228B17A7 
 2148      09C83C2B 
 2148      6079922C 
 2148      A36AF9BD 
 2149 018c BB65B67D 		.ascii	"\273e\266}\226y\001\313\037\3102S-\177t\267\314\235"
 2149      967901CB 
 2149      1FC83253 
 2149      2D7F74B7 
 2149      CC9D
 2150 019e 997EADAE 		.ascii	"\231~\255\256\036\313LfO|\033\306\254\203\245\365\374"
 2150      1ECB4C66 
 2150      4F7C1BC6 
 2150      AC83A5F5 
 2150      FC
 2151 01af E093B9C9 		.ascii	"\340\223\271\311\265|j=?\335\333\326\212\033Q\345P\014"
 2151      B57C6A3D 
 2151      3FDDDBD6 
 2151      8A1B51E5 
 2151      500C
 2152 01c1 E25610B5 		.ascii	"\342V\020\265\002\210\263\204\310U\304\257\356\210Z"
 2152      0288B384 
 2152      C855C4AF 
 2152      EE885A
 2153 01d0 2EA2F8FD 		.ascii	".\242\370\375h\314\015qzx\346\347\366\"z\012 \376 D"
 2153      68CC0D71 
 2153      7A78E6E7 
 2153      F6227A0A 
 2153      20FE2044 
ARM GAS  /tmp/ccCJGASy.s 			page 50


 2154 01e4 4D459C77 		.ascii	"ME\234wG\36483\255l\200\270\250\344G\307{r\035n\016"
 2154      47F43833 
 2154      AD6C80B8 
 2154      A8E447C7 
 2154      7B721D6E 
 2155 01f9 492635B7 		.ascii	"I&5\267\2447'\251\362y\013\360-\021\237G\345[v\347\363"
 2155      A43727A9 
 2155      F2790BF0 
 2155      2D119F47 
 2155      E55B76E7 
 2156 020e AA3EEDB9 		.ascii	"\252>\355\271\311{y\337Pu\365\377*ov\266n\253\337\232"
 2156      C97B79DF 
 2156      5075F5FF 
 2156      2A6F76B6 
 2156      6EABDF9A 
 2157 0222 5E80A295 		.ascii	"^\200\242\225\365\323v\250P$\231+\205\236\357\305J~"
 2157      F5D376A8 
 2157      5024992B 
 2157      859EEFC5 
 2157      4A7E
 2158 0234 77C9AB0E 		.ascii	"w\311\253\016W\362\220n@\242>\217E_\226\"\275\227gA"
 2158      57F2906E 
 2158      40A23E8F 
 2158      455F9622 
 2158      BD976741 
 2159 0248 32144578 		.ascii	"2\024Ex\207(\350\230\314\216%k\026\362\327\224`\027"
 2159      8728E898 
 2159      CC8E256B 
 2159      16F2D794 
 2159      6017
 2160 025a D5F800E4 		.ascii	"\325\370\000\344\306_BOn\001[\246?U\321\361D:y(vpY\233"
 2160      C65F424F 
 2160      6E015BA6 
 2160      3F55D1F1 
 2160      443A7928 
 2161 0272 3965002A 		.ascii	"9e\000*\214p\254.d\\\015\\\017\304\003u\321@\255Q\031"
 2161      8C70AC2E 
 2161      645C0D5C 
 2161      0FC40375 
 2161      D140AD51 
 2162 0287 0B36D685 		.ascii	"\0136\326\205\352\315\204q*b\206\033k\215\223\325\347"
 2162      EACD8471 
 2162      2A62861B 
 2162      6B8D93D5 
 2162      E7
 2163 0298 CED65C8E 		.ascii	"\316\326\\\216F\256\204M\330\233\210\007\215`\254\336"
 2163      46AE844D 
 2163      D89B8807 
 2163      8D60ACDE 
 2164 02a8 8CC7A2D1 		.ascii	"\214\307\242\321P<a\2340\315\210\331x)TS}\272\262\346"
 2164      503C619C 
 2164      30CD88D9 
 2164      78295453 
 2164      7DBAB2E6 
 2165 02bc 4C287EAD 		.ascii	"L(~\255\"\330\320\000\232\031\216$v\272\336\2538p\344"
 2165      22D8D000 
 2165      9A198E24 
ARM GAS  /tmp/ccCJGASy.s 			page 51


 2165      76BADEAB 
 2165      3870E4
 2166 02cf F021BA0E 		.ascii	"\360!\272\016\302?\215\336mt"
 2166      C23F8DDE 
 2166      6D74
 2167              		.text
 2168              		.section	.gnu.lto__ZN15AttitudePIDJerk6updateEPKfS1_fPfRf.163.19f57982233d7c72,"e",%progbits
 2169 0000 789CA555 		.ascii	"x\234\245Ukl\024U\024\276g\356\314\356v\373\332>\003"
 2169      6B6C1455 
 2169      14BE67EE 
 2169      CCEE76FB 
 2169      DA3E03
 2170 0013 21854268 		.ascii	"!\205Bh\033\033\322\325\246\324\2461\021\015\211\217"
 2170      1B1BD2D5 
 2170      A6D4A631 
 2170      110D898F 
 2171 0023 F883E81F 		.ascii	"\370\203\350\037c\322lJ\273\322b\333-\333i\010?\014"
 2171      63D26C4A 
 2171      BBD262DB 
 2171      2DDB6908 
 2171      3F0C
 2172 0035 43591A2D 		.ascii	"CY\032-Ah\001)M\255\315f5\325\030\301\370\240`\325U"
 2172      41680129 
 2172      4DADCD66 
 2172      35D518C1 
 2172      F8A060D5 
 2173 004a 0A540469 		.ascii	"\012T\004i\032\215hh\202\250\204\242\222\006E\221P\353"
 2173      1A8D6868 
 2173      82A884A2 
 2173      92064591 
 2173      50EB
 2174 005c 39676667 		.ascii	"9gfg;\265\350\0176\231;\367\236\373\235s\276\363\232"
 2174      3BB5E80F 
 2174      36993BF7 
 2174      9EFB9D73 
 2174      BEF39A
 2175 006f 3DE015E2 		.ascii	"=\340\025\342\222\020\342\031|\300%\240\247\273K\021"
 2175      9210E219 
 2175      7CC025A0 
 2175      A7BB4B11 
 2176 007f 8661AC71 		.ascii	"\206a\254q+J\244{\247\002g\001O\205\352\366\356\014"
 2176      2B4AA47B 
 2176      A7026701 
 2176      4F85EAF6 
 2176      EE0C
 2177 0091 7E4B949A 		.ascii	"~K\224\232\273\035\335\251\374Va\277\255\243\301\266"
 2177      BB1DDDA9 
 2177      FC5661BF 
 2177      ADA3C1B6 
 2178 00a1 EEAE1453 		.ascii	"\356\256\024Sg\215\033\304VE\252\032l\205\275\362\036"
 2178      678D1BC4 
 2178      5645AA1A 
 2178      6C85BDF2 
 2178      1E
 2179 00b2 94DC7CAD 		.ascii	"\224\334|\255\357P\237\313\030\212CL\0121\200\017\377"
 2179      EF509FCB 
 2179      188A434C 
ARM GAS  /tmp/ccCJGASy.s 			page 52


 2179      0A31800F 
 2179      FF
 2180 00c3 FA25F4C8 		.ascii	"\372%\364\310\230\004P\255\235\002\205\270\223O\213"
 2180      980450AD 
 2180      9D0285B8 
 2180      934F8B
 2181 00d2 9251C3D8 		.ascii	"\222Q\303\330\323?\030WcR\302\021@\015\370\000\340}"
 2181      D33F1857 
 2181      6352C211 
 2181      400DF800 
 2181      E07D
 2182 00e4 10020535 		.ascii	"\020\002\0055\3472\011\365\274(\211\033\306\364\333"
 2182      E73209F5 
 2182      BC28891B 
 2182      C6F4DB
 2183 00f3 EF6D7A34 		.ascii	"\357mz4&U8\352D\2515\347\031\265\035\0306>;l\030)$\207"
 2183      265538EA 
 2183      44A935E7 
 2183      19B51D18 
 2183      363E3B6C 
 2184 010b 0FE7037F 		.ascii	"\017\347\003\177d\340\213\010D\252\343\003?\3542|\350"
 2184      64E08B08 
 2184      44AAE303 
 2184      3FEC327C 
 2184      E8
 2185 011c 57838F9C 		.ascii	"W\203\217\234@\255f\232\201{M\213\323\207z\311\261\013"
 2185      40AD669A 
 2185      817B4D8B 
 2185      D3877AC9 
 2185      B10B
 2186 012e 3E71C25C 		.ascii	">q\302\\5\267\031\326\017\034\305\370M\313\261\033>"
 2186      35B719D6 
 2186      0F1CC5F8 
 2186      4DCBB11B 
 2186      3E
 2187 013f 7502DD35 		.ascii	"u\002\3355/\3708\007\362M\240WQ\004\215\236\237\270"
 2187      2FF83807 
 2187      F24DA057 
 2187      51048D9E 
 2187      9FB8
 2188 0151 006306BA 		.ascii	"\000c\006\272\367\300\361\271p!jF}\204\035\266\261\207"
 2188      F7C0F1B9 
 2188      70216A46 
 2188      7D841DB6 
 2188      B187
 2189 0163 CF5D43CB 		.ascii	"\317]C\313\205\004=1\017:\314\320x\022z\332\206\236"
 2189      85043D31 
 2189      0F3ACCD0 
 2189      78127ADA 
 2189      869E
 2190 0175 9A077D8B 		.ascii	"\232\007}\213\241cI\350\210\015\375|\036t\220\241_%"
 2190      A16349E8 
 2190      880DFD7C 
 2190      1E7490A1 
 2190      5F25
 2191 0187 A1C76CE8 		.ascii	"\241\307l\350\027\363\240\373|\330Qg\000N\003\214\001"
 2191      17F3A0FB 
ARM GAS  /tmp/ccCJGASy.s 			page 53


 2191      7CD85167 
 2191      004E038C 
 2191      01
 2192 0198 9C041805 		.ascii	"\234\004\030\005\253\354xO\262C\023Z\334\270=\273\333"
 2192      ABEC784F 
 2192      B243135A 
 2192      DCB83DBB 
 2192      DB
 2193 01a9 304EE59C 		.ascii	"0N\345\234L}\0000\037)\012%Y\322\242\322Q\243\235\213"
 2193      4C7D0030 
 2193      1F290A25 
 2193      59D2A2D2 
 2193      51A39D8B 
 2194 01bd 16371D3D 		.ascii	"\0267\035=\264\243Dj^:\246\322.\215\226tZ2p\361f\322"
 2194      B4A3446A 
 2194      5E3AA6D2 
 2194      2E8D9674 
 2194      5A3270F1 
 2195 01d3 CE474B16 		.ascii	"\316GK\026A\262i\311\241c.-y\264\344\323\262\010`\030"
 2195      41B269C9 
 2195      A1632E2D 
 2195      79B4E4D3 
 2195      B2086018 
 2196 01e7 16038CC0 		.ascii	"\026\003\214\300\022\200cP@\262\245\000\237\301r\334"
 2196      12806350 
 2196      40B2A500 
 2196      9FC172DC 
 2197 01f7 7956007C 		.ascii	"yV\000|\014+iWL\027%\000q(\245\335*Z\312\004\262/\247"
 2197      0C2B6957 
 2197      4C172500 
 2197      7128A5DD 
 2197      2A5ACA04 
 2198 020e DB0A3A56 		.ascii	"\333\012:V\322\256\212v\325\264\010\261[\322@\030*\030"
 2198      D2AE8A76 
 2198      D5B408B1 
 2198      5BD24018 
 2198      2A18
 2199 0220 7121F648 		.ascii	"q!\366H\305<l\303\303U0.\375\226+\256A\307\276\256_"
 2199      C53C6CC3 
 2199      C355302E 
 2199      FD962BAE 
 2199      41C7BEAE 
 2200 0235 D5A804AB 		.ascii	"\325\250\004\253\351S9\241\257\323\344\\\311\217\311"
 2200      E95339A1 
 2200      AFD3E45C 
 2200      C98FC9
 2201 0244 B4A85C04 		.ascii	"\264\250\\\004_\262\354^\024yb2\035\316\301+\224\274"
 2201      5FB2EC5E 
 2201      14796232 
 2201      1DCEC12B 
 2201      94BC
 2202 0256 08638A31 		.ascii	"\010c\2121*\030\307<\242\245\336\235\020\225\212eH\005"
 2202      2A18C73C 
 2202      A2A5DE9D 
 2202      10958A65 
 2202      4805
 2203 0268 95ADA08A 		.ascii	"\225\255\240\212'*\027\303\304\034\214\2641b\016f\011"
ARM GAS  /tmp/ccCJGASy.s 			page 54


 2203      272A17C3 
 2203      C41C8CB4 
 2203      31620E66 
 2203      09
 2204 0279 6035C534 		.ascii	"`5\3054t\026FeA\004\224\230\314\030\220(Arh\026\265"
 2204      74164665 
 2204      41049498 
 2204      CC189028 
 2204      41726816 
 2205 028e 6232934C 		.ascii	"b2\223LLwM&\234\270-\003W\020\254E\345R\370\006\020"
 2205      4C774D26 
 2205      9CB82D03 
 2205      5710AC45 
 2205      E552F806 
 2206 02a3 5EC0D1E9 		.ascii	"^\300\321\351fp\223\256\250T\023!\015\025-\034\322\267"
 2206      667093AE 
 2206      A8541321 
 2206      0D152D1C 
 2206      D2B7
 2207 02b5 18122442 		.ascii	"\030\022$BZM!}7\207\256f\323\3658B\2720\007\343r\004"
 2207      5A4D217D 
 2207      3787AE66 
 2207      D3F53842 
 2207      BA3007E3 
 2208 02cb 326107B2 		.ascii	"2a\007\262\334\021\010&\032i\272(\220\253\320Q\210M"
 2208      DC110826 
 2208      1A69BA28 
 2208      90ABD051 
 2208      884D
 2209 02dd 890866FB 		.ascii	"\211\010f\373\227U\213\023H\327mW`\331\302t/\"]\305"
 2209      97558B13 
 2209      48D76D57 
 2209      60D9C274 
 2209      2F225DC5 
 2210 02f1 A23B5441 		.ascii	"\242;TAt\277OP\231A}\233e\"%x\265\375p'\231N\301\333"
 2210      74BF4F50 
 2210      99417D9B 
 2210      65222578 
 2210      B5FD7027 
 2211 0309 820EC388 		.ascii	"\202\016\303\210\244\011\356\014\372\365\002\365\212"
 2211      A409EE0C 
 2211      FAF502F5 
 2211      8A
 2212 0316 4977A583 		.ascii	"Iw\245\203\256\233\025V\330tO#\335\225Lw&\227\024\006"
 2212      AE9B1556 
 2212      D8744F23 
 2212      DD954C77 
 2212      26971406 
 2213 032a F7A3A098 		.ascii	"\367\243\240\230U|\003\304\010\257\311zLIZ7\310:\273"
 2213      557C03C4 
 2213      08AFC97A 
 2213      4C495A37 
 2213      C83ABB
 2214 033d 9C2F8CC9 		.ascii	"\234/\214\311,\263\234g\023\345t%\312\231\311\334K`"
 2214      2CB39C67 
 2214      13E57425 
 2214      CA99C9DC 
ARM GAS  /tmp/ccCJGASy.s 			page 55


 2214      4B60
 2215 034f 8ACA59CC 		.ascii	"\212\312Y\314\036g\255\004}\2159\364\332\011\272C=\177"
 2215      1E67AD04 
 2215      7D8D39F4 
 2215      DA09BA43 
 2215      3D7F
 2216 0361 C604C944 		.ascii	"\306\004\311D\202\212(A\277\314\251U\252]O\237\243j"
 2216      828A2841 
 2216      BFCCA955 
 2216      AA5D4F9F 
 2216      A36A
 2217 0373 D7ECAA95 		.ascii	"\327\354\252\225:\322\340\305\"\241\026\245\301\274"
 2217      3AD2E0C5 
 2217      22A116A5 
 2217      C1BC
 2218 0381 5EE508B9 		.ascii	"^\345\010\271\364\356BV\235!\377N!\257\342\220\367\347"
 2218      F4EE4256 
 2218      9D21FF4E 
 2218      21AFE290 
 2218      F7E7
 2219 0393 9994CF62 		.ascii	"\231\224\317b\363\227\331\375\313T\251\365\260$\203"
 2219      F397D9FD 
 2219      CB54A9F5 
 2219      B02483
 2220 03a2 4FE1FCE3 		.ascii	"O\341\374\343%\303\017X\360\033\010O\263CLs\264\354"
 2220      25C30F58 
 2220      F01B084F 
 2220      B3434C73 
 2220      B4EC
 2221 03b4 9F661AFE 		.ascii	"\237f\032\376\350\274\201j\351\210\023S\020\231<\236"
 2221      E8BC816A 
 2221      E9881353 
 2221      10993C9E 
 2222 03c4 8F07267C 		.ascii	"\217\007&|kv\366A\213\363\340\273\227\317pg\320o\217"
 2222      6B76F641 
 2222      8BF3E0BB 
 2222      97CF7067 
 2222      D06F8F
 2223 03d7 94DB50A6 		.ascii	"\224\333P\246\320\267\003\363\3241\362\306\352\250\314"
 2223      D0B703F3 
 2223      D431F2C6 
 2223      EAA8CC
 2224 03e6 4894C193 		.ascii	"H\224\301\223\254\202U\002/\334\302\022\250\250\211"
 2224      AC825502 
 2224      2FDCC212 
 2224      A8A889
 2225 03f5 F6A78EDF 		.ascii	"\366\247\216\337BJ\031\304\307\013\302\262\247\222="
 2225      424A19C4 
 2225      C70BC2B2 
 2225      A7923D
 2226 0404 697F8B0E 		.ascii	"i\177\213\016\006\211\327\313S\005vi\323\376eT\203\031"
 2226      0689D7CB 
 2226      53057669 
 2226      D3FE6554 
 2226      8319
 2227 0416 34AA51CE 		.ascii	"4\252Q\316\315\210\373\200\224\256_\371/%/\314\232L"
 2227      CD88FB80 
ARM GAS  /tmp/ccCJGASy.s 			page 56


 2227      94AE5FF9 
 2227      2F252FCC 
 2227      9A4C
 2228 0428 4CF7C0CE 		.ascii	"L\367\300\3165\347\207\360U\316\334\310\024\306\224"
 2228      35E787F0 
 2228      55CEDCC8 
 2228      14C694
 2229 0437 79E79834 		.ascii	"y\347\2304\350P\330=\215\323@\347\011,\227\017\231D"
 2229      E850D83D 
 2229      8DD340E7 
 2229      092C970F 
 2229      9944
 2230 0449 B92D22D8 		.ascii	"\271-\"\330\026\345\334\026\331\003\324zx\027\2239\346"
 2230      16E5DC16 
 2230      D903D47A 
 2230      78179339 
 2230      E6
 2231 045a D89CC45C 		.ascii	"\330\234\304\\\227\263\243w\362\222S\236e\223\256X\270"
 2231      97B3A377 
 2231      F292539E 
 2231      6593AE58 
 2231      B8
 2232 046b 8977A037 		.ascii	"\211w\2407\227c\312;\225D\203V8\0324\253\000/\0047P"
 2232      9763CA3B 
 2232      95448356 
 2232      381A34AB 
 2232      002F0437 
 2233 0480 79B24B2B 		.ascii	"y\262K+\035]Z\301]\372w\262\276\361\313g\016\332\215"
 2233      1D5D5AC1 
 2233      5DFA77B2 
 2233      BEF1CB67 
 2233      0EDA8D
 2234 0493 BA809C7A 		.ascii	"\272\200\234z\225\351\217\"\375J\246\177$/9\203\331"
 2234      95E98F22 
 2234      FD4AA67F 
 2234      242F3983 
 2234      D9
 2235 04a4 FF3783BB 		.ascii	"\3777\203\273\220\276\3331\203/)\326\014\376\2648*s"
 2235      90BEDB31 
 2235      832F29D6 
 2235      0CFEB438 
 2235      2A73
 2236 04b6 16E84BFC 		.ascii	"\026\350K\374HM.\212\312\\\274eVjr|\342\334\212\010"
 2236      484D2E8A 
 2236      CA5CBC65 
 2236      566A727C 
 2236      E2DC8A08 
 2237 04ca E9EF24EF 		.ascii	"\351\357$\357y\214\252\264G:\337\356\367\\\307H\367"
 2237      798CAAB4 
 2237      473ADFEE 
 2237      F75CC748 
 2237      F7
 2238 04db D819AB72 		.ascii	"\330\031\253rd,\233M\344'\223U\355HV\325\335\215\264"
 2238      642C9B4D 
 2238      E4279355 
 2238      ED4856D5 
 2238      DD8DB4
ARM GAS  /tmp/ccCJGASy.s 			page 57


 2239 04ee C739D2BD 		.ascii	"\3079\322\275\012\232\254\026\327\241\343\342Qs\234"
 2239      0A9AAC16 
 2239      D7A1E3E2 
 2239      51739C
 2240 04fd 764B48FE 		.ascii	"vKH\376/\013Q\346o\0105\007\375\033k\267\324\206k\233"
 2240      2F0B51E6 
 2240      6F083507 
 2240      FD1B6BB7 
 2240      D4866B9B 
 2241 0511 9B6AD7FB 		.ascii	"\233j\327\373\327\206\352\332\233\203-z\233\377\221"
 2241      D786EADA 
 2241      9B832D7A 
 2241      9BFF91
 2242 0520 46BDA17D 		.ascii	"F\275\241}\275\377\341uO>\021x\266\251qC\203.\212\333"
 2242      BDFFE175 
 2242      4F3E1178 
 2242      B6A97143 
 2242      832E8ADB 
 2243 0534 C275FEBA 		.ascii	"\302u\376\272P\213\036\01655\005\303m\376\207t\275Q"
 2243      508B1E0E 
 2243      353505C3 
 2243      6DFE8774 
 2243      BD51
 2244 0546 6FAF0F06 		.ascii	"o\257\017\006\326=\2666\360x0\374\\Y]k\253P\365\206"
 2244      D63DB636 
 2244      F07830FC 
 2244      5C595D6B 
 2244      AB50F586 
 2245 055a C6B6650B 		.ascii	"\306\266e\013\336\225\335Wu\177%>\025Bk\323k\365\240"
 2245      DE95DD57 
 2245      757F253E 
 2245      15426BD3 
 2245      6BF5A0
 2246 056d D6D8D2DA 		.ascii	"\326\330\322\332\256\247\220\275\300F\304xB\355z\240"
 2246      AEA790BD 
 2246      C046C478 
 2246      42ED7AA0 
 2247 057d AEB9BE2D 		.ascii	"\256\271\276-\235Ea\204\004\364\015z\372\226\332\315"
 2247      9D456184 
 2247      04F40D7A 
 2247      FA96DACD 
 2248 058d 81865053 		.ascii	"\201\206PS=K\334t\012\206\303\374n\011mNe\254\036\012"
 2248      3D4BDC74 
 2248      0A86C3FC 
 2248      6E096D4E 
 2248      65AC1E0A 
 2249 05a1 6F6A0F66 		.ascii	"oj\017f\2646\352u\015\266\342?\326nz\376"
 2249      B436EA75 
 2249      0DB6E23F 
 2249      D66E7AFE 
 2250              		.text
 2251              		.section	.gnu.lto__ZN15AttitudePIDJerk9reset_allEv.164.19f57982233d7c72,"e",%progbits
 2252 0000 789C8593 		.ascii	"x\234\205\223Mh\324P\020\200g\336\344g[\020A\250^\004"
 2252      4D68D450 
 2252      108067DE 
 2252      E4675B10 
 2252      41A85E04 
ARM GAS  /tmp/ccCJGASy.s 			page 58


 2253 0014 0B8222E8 		.ascii	"\013\202\"\350FA\324c\225\202(\036\212'/\262l\327\350"
 2253      4641D463 
 2253      9582281E 
 2253      8A272FB2 
 2253      6CD7E8
 2254 0027 AEEE764B 		.ascii	"\256\356vK\222=\010B_KO{\331v\365$\265\310\022\2457"
 2254      923D0842 
 2254      5F4B4F7B 
 2254      D976F524 
 2254      B5C812A5 
 2255 003c 4FF51F0C 		.ascii	"O\365\037\014XQP\361\247\326R\012\"\005a\021,\322\223"
 2255      585150F1 
 2255      A7D6520A 
 2255      22056111 
 2255      2CD293
 2256 004f 07A1CE4B 		.ascii	"\007\241\316K\023\373C \2017d&\231\357}oH|\002\270\001"
 2256      13FB4320 
 2256      81376426 
 2256      99EF7D6F 
 2256      487C02B8 
 2257 0064 007B7921 		.ascii	"\000{y!\0016\307\353\002\244\224=\246\300\341\361z\007"
 2257      0136C7EB 
 2257      02A4943D 
 2257      A6C0E1F1 
 2257      7A07
 2258 0076 3EC13043 		.ascii	">\3010C\030\0228\2047\351\000\247\177\356\335\376\326"
 2258      18123884 
 2258      37E900A7 
 2258      7FEEDDFE 
 2258      D6
 2259 0087 443915A0 		.ascii	"D9\025\240\317\355\223\274\302k\202\260I>!j\321\235"
 2259      CFED93BC 
 2259      C26B82B0 
 2259      493E216A 
 2259      D19D
 2260 0099 C06EBEA3 		.ascii	"\300n\276\243\013\260\177F\312\261\211\273\201\346\023"
 2260      0BB07F46 
 2260      CAB189BB 
 2260      81E613
 2261 00a8 E123E40E 		.ascii	"\341#\344\016|\2108\215\000\\\2708\275\035\300\2109"
 2261      7C88388D 
 2261      005CB838 
 2261      BD1DC088 
 2261      39
 2262 00b9 5C83079F 		.ascii	"\\\203\007\237\365@\376]mH\271\332\365u\333\016\344"
 2262      F540FE5D 
 2262      6D48B9DA 
 2262      F575DB0E 
 2262      E4
 2263 00ca B734A102 		.ascii	"\2674\241\002\251\240\251\240\253`\250`\252\220A|\314"
 2263      A9A0A9A0 
 2263      AB60A860 
 2263      AA90417C 
 2263      CC
 2264 00db 9D0D52EE 		.ascii	"\235\015R\356RC\031\000\214\221XK\2069\371\211r\351"
 2264      52431900 
 2264      8C91584B 
ARM GAS  /tmp/ccCJGASy.s 			page 59


 2264      8639F989 
 2264      72E9
 2265 00ed 53172CE3 		.ascii	"S\027,\343\310\255\372\017\321\"\214\024uT\332\367\325"
 2265      C8ADFA0F 
 2265      D1228C14 
 2265      7554DAF7 
 2265      D5
 2266 00fe 21DBC227 		.ascii	"!\333\302'\243E\031|\032\326\016s)\343\223\211\317\360"
 2266      A345197C 
 2266      1AD60E73 
 2266      29E39389 
 2266      CFF0
 2267 0110 8E321B55 		.ascii	"\2162\033U\357L\355\344\315\3609o\365\033G\273\271\306"
 2267      EF4CEDE4 
 2267      CDF0396F 
 2267      F51B47BB 
 2267      B9C6
 2268 0122 3D9949E2 		.ascii	"=\231I\342\234\221>u\250}Z\356\3326\357\365\026\211"
 2268      9C913E75 
 2268      A87D5AEE 
 2268      DA36EFF5 
 2268      1689
 2269 0134 FFF0DDC9 		.ascii	"\377\360\335\311\360\027\014\307\010\336>\250\340A\""
 2269      F0170CC7 
 2269      08DE3EA8 
 2269      E04122
 2270 0143 5C44F0A5 		.ascii	"\\D\360\245\331\350\020\277\370\020\224\246\376\222"
 2270      D9E810BF 
 2270      F81094A6 
 2270      FE92
 2271 0151 E922A687 		.ascii	"\351\"\246\207\3523\211t\332\242>\307\352Z\232\372k"
 2271      EA338974 
 2271      DAA23EC7 
 2271      EA5A9AFA 
 2271      6B
 2272 0162 86533C97 		.ascii	"\206S<\227C\012\376&\021\256\305\352s\033\346\257\247"
 2272      430AFE26 
 2272      11AEC5EA 
 2272      731BE6AF 
 2272      A7
 2273 0173 A9BF65BA 		.ascii	"\251\277e\272\266i\352\357\022\351\372\026\365W\254"
 2273      B669EAEF 
 2273      12E9FA16 
 2273      F557AC
 2274 0182 6EA4A97F 		.ascii	"n\244\251\177`\270\036\303\303\251\177L\204\033\261"
 2274      60B81EC3 
 2274      C3A97F4C 
 2274      841BB1
 2275 0191 FAFC86A9 		.ascii	"\372\374\206\251\233i\352\263L76M\375K\"\335\214\351"
 2275      9B69EAB3 
 2275      4C37364D 
 2275      FD4B22DD 
 2275      8CE9
 2276 01a3 0B217DA5 		.ascii	"\013!}\245\275+\211\034a;q\236\261&\200\372j;\271\177"
 2276      BD2B891C 
 2276      613B719E 
 2276      B12680FA 
ARM GAS  /tmp/ccCJGASy.s 			page 60


 2276      6A3BB97F 
 2277 01b7 0547BE2F 		.ascii	"\005G\276/\352\341\217\327 \\\377\354\001\262V\261Z"
 2277      EAE18FD7 
 2277      205CFFEC 
 2277      01B256B1 
 2277      5A
 2278 01c8 B1ADABF9 		.ascii	"\261\255\253\371\353y'_)\347\373\255\336j\241V\261\007"
 2278      EB79275F 
 2278      29E7FBAD 
 2278      DE6AA156 
 2278      B107
 2279 01da 3CD73A5D 		.ascii	"<\327:]\362\212\265~\353T\337\371s\271\313\345\322\225"
 2279      F28AB57E 
 2279      EB54DFF9 
 2279      73B9CBE5 
 2279      D295
 2280 01ec A207FB5C 		.ascii	"\242\007\373\\\247`\025\252\003\236S-\227m\307\265N"
 2280      A76015AA 
 2280      039E532D 
 2280      976DC7B5 
 2280      4E
 2281 01fd 7A5EC9AB 		.ascii	"z^\311\253]\262s}gzsgm\347Z\26608\010\232W,\271{\022"
 2281      5DB2737D 
 2281      677A7367 
 2281      6DE75AB6 
 2281      3038089A 
 2282 0216 9F658F9C 		.ascii	"\237e\217\2348~\214\327Q\370\007#c6'"
 2282      387E8CD7 
 2282      51F80723 
 2282      633627
 2283              		.text
 2284              		.section	.gnu.lto_.symbol_nodes.19f57982233d7c72,"e",%progbits
 2285 0000 789C758F 		.ascii	"x\234u\217;\016\3020\020Dw\234\204\244\344\006\\\216"
 2285      3B0EC230 
 2285      1044779C 
 2285      84A4E406 
 2285      5C8E
 2286 0012 7BAC2359 		.ascii	"{\254#YD\012\022\242CJ\201\004\270\341w\001\352\324"
 2286      440A12A2 
 2286      434A8104 
 2286      B8E17701 
 2286      EAD4
 2287 0024 9C22F700 		.ascii	"\234\"\367\000\034\307\301[x\273\3477;\362\256\025\021"
 2287      1CC7C15B 
 2287      78BBE737 
 2287      3BF2AE15 
 2287      11
 2288 0035 A91398F4 		.ascii	"\251\023\230\364or\354\337DL\364\3225\010\344F\235\301"
 2288      6F72ECDF 
 2288      444CF4D2 
 2288      3508E446 
 2288      9DC1
 2289 0047 F84CB30A 		.ascii	"\370L\263\012\201N\2339p\001\253\344\266\005g)\211+"
 2289      814E9B39 
 2289      7001ABE4 
 2289      B6056729 
 2289      892B
ARM GAS  /tmp/ccCJGASy.s 			page 61


 2290 0059 3897D5E4 		.ascii	"8\227\325\344\376\341,\356\340\"\345n\340E\312=\300"
 2290      FEE12CEE 
 2290      E022E56E 
 2290      E045CA3D 
 2290      C0
 2291 006a 65CA3DC1 		.ascii	"e\312=\301U\302e\224\373o\016\356a&[\3074\010\262\033"
 2291      55C26594 
 2291      FB6F0EEE 
 2291      61265BC7 
 2291      3408B21B 
 2292 007e AD977F27 		.ascii	"\255\227\177'\3106\302\215\244\026qg \2777\273v\244"
 2292      C836C28D 
 2292      A4167167 
 2292      20BF37BB 
 2292      76A4
 2293 0090 C293D90A 		.ascii	"\302\223\331\012\267\213]\357\251\234\222\2078i\272"
 2293      B78B5DEF 
 2293      A99C9287 
 2293      3869BA
 2294 009f 38693BD1 		.ascii	"8i;\321r\024-#eU|{\240\276\216\311_\033\3104bOP\337"
 2294      72142D23 
 2294      65557C7B 
 2294      A0BE8EC9 
 2294      5F1BC834 
 2295 00b7 C664DD0D 		.ascii	"\306d\335\015\364\005~\345\313C"
 2295      F4057EE5 
 2295      CB43
 2296              		.text
 2297              		.section	.gnu.lto_.refs.19f57982233d7c72,"e",%progbits
 2298 0000 789C6367 		.ascii	"x\234cg```dd\006\222\014\000\000t\000\015"
 2298      60606064 
 2298      6406920C 
 2298      00007400 
 2298      0D
 2299              		.text
 2300              		.section	.gnu.lto_.decls.19f57982233d7c72,"e",%progbits
 2301 0000 789C8D57 		.ascii	"x\234\215WkTT\327\025>\373\234\001f.\350`B\242mW-++"
 2301      6B5454D7 
 2301      153EFB9C 
 2301      01662EE8 
 2301      6042A26D 
 2302 0018 29AC9546 		.ascii	")\254\225F\002\276\232\366\0176\032W\353\243$]\375Q"
 2302      02BE9AF6 
 2302      0F361A57 
 2302      EBA3245D 
 2302      FD51
 2303 002a 57576F47 		.ascii	"WWoGf\010$\340\320a \211\375sCp\211\370Bl|\324\027\261"
 2303      660824E0 
 2303      D0612089 
 2303      FD734370 
 2303      89F8426C 
 2304 0042 EAB2F111 		.ascii	"\352\262\361\021b\024PL\230\340#(>0&\206\210\342+\352"
 2304      6214504C 
 2304      98E02328 
 2304      3E302686 
 2304      88E22BEA 
 2305 0056 10894082 		.ascii	"\020\211@\202\021\337\335\347\234\373\032\030\227\275"
ARM GAS  /tmp/ccCJGASy.s 			page 62


 2305      11DFDDE7 
 2305      9CFB1A18 
 2305      97BD
 2306 0064 B8EF3D77 		.ascii	"\270\357=w\237\357\354\375\355}\366\234\273\235\230"
 2306      9FEFECFD 
 2306      ED7DF69C 
 2306      BB9D98
 2307 0073 48481923 		.ascii	"HH\031#\344.\020\362\000/\007!\344\004J\034J,\352\234"
 2307      E42E10F2 
 2307      002F0721 
 2307      E4044A1C 
 2307      4A2CEA9C 
 2308 0087 282E9469 		.ascii	"(.\224i\370\256\340s*>\343\361\311/\027\312Oq\374s\224"
 2308      F8AEE073 
 2308      2A3EE3F1 
 2308      C92F17CA 
 2308      4F71FC73 
 2309 009c 14945FA1 		.ascii	"\024\224_\241\374\006e\002\312d\216EyY\307\332\257\261"
 2309      FC066502 
 2309      CA648E45 
 2309      7959C7DA 
 2309      AFB1
 2310 00ae 949021F8 		.ascii	"\224\220!\370|\014%\011%\006\244/\356\347o(\177\345"
 2310      7C0C2509 
 2310      2506A42F 
 2310      EEE76F28 
 2310      7FE5
 2311 00c0 5C501F46 		.ascii	"\\P\037FQu\337/\340\263A\367IpLQ\000\205\241\334F\325"
 2311      5175DF2F 
 2311      E0B341F7 
 2311      49704C51 
 2311      0085A1DC 
 2312 00d6 5D943B28 		.ascii	"]\224;(\016|\277\217O\246s\033\241s\032x\375\221J\337"
 2312      0E7CBF8F 
 2312      4FA6731B 
 2312      A1731A78 
 2312      FD914ADF 
 2313 00ea B9361E9C 		.ascii	"\2716\036\234\203\242\3733\3424\342o\320y\032\274\376"
 2313      83A2FB33 
 2313      E234E26F 
 2313      D0791ABC 
 2313      FE
 2314 00fb 8EE39750 		.ascii	"\216\343\227P<(\231(3Q\246p\274\215\037\347\303t>\234"
 2314      3C289928 
 2314      3351A670 
 2314      BC8D1FE7 
 2314      C3743E9C 
 2315 010f 17E7C8B9 		.ascii	"\027\347\310\271\362\034\247\3509\232\240\347i\340\365"
 2315      F21CA7E8 
 2315      399AA0E7 
 2315      69E0F5
 2316 011e 17E4171F 		.ascii	"\027\344\027\037\205\037\347b\347\221\215\343,\235\237"
 2316      851FE762 
 2316      E7918DE3 
 2316      2C9D9F
 2317 012d DD77B4DC 		.ascii	"\335w\264\334p\036hV\354S\264}\251b\360\0308\360\236"
 2317      701E6856 
ARM GAS  /tmp/ccCJGASy.s 			page 63


 2317      EC53B47D 
 2317      A962F018 
 2317      38F09E
 2318 0140 04C962DC 		.ascii	"\004\311b\334C\031%,\211\254b\261\007:*\376M\177\006"
 2318      4319252C 
 2318      89AC62B1 
 2318      073A2AFE 
 2318      4D7F06
 2319 0153 80FF5C14 		.ascii	"\200\377\\\024\032\240T\323\034\370\010iZX+K 0\032\236"
 2319      1AA054D3 
 2319      1CF80869 
 2319      5A582B4B 
 2319      20301A9E 
 2320 0167 27500FA8 		.ascii	"'P\017\250\"\260\033`\017\010\003a\312~\"\315\326S\361"
 2320      22B01B60 
 2320      0F080361 
 2320      CA7E22CD 
 2320      D653F1
 2321 017a 1823AC57 		.ascii	"\030#\254W3\366\214T?\317\236\347\203\024\340\265\347"
 2321      33F68C54 
 2321      3FCF9EE7 
 2321      8314E0B5 
 2321      E7
 2322 018b 1623C27E 		.ascii	"\026#\302~\213\016i\327\201\316#C\024\264\337\243\205"
 2322      8B0E69D7 
 2322      81CE2343 
 2322      14B4DFA3 
 2322      85
 2323 019c CA5C0476 		.ascii	"\312\\\004v\001\354D\333\007\001R\010\034\000\330/="
 2323      01EC44DB 
 2323      07015208 
 2323      1C00D82F 
 2323      3D
 2324 01ad A4B28984 		.ascii	"\244\262\211\204\275,\215%\263\231\204\315\222\343\021"
 2324      BD2C8D25 
 2324      B39984CD 
 2324      92E311
 2325 01bc EC9F84CD 		.ascii	"\354\237\204\315\005\371\222\310\252\320\354{\372\233"
 2325      05F992C8 
 2325      AAD0EC7B 
 2325      FA9B
 2326 01ca 937D886F 		.ascii	"\223}\210ou(H\2265\242\354\003\222\246\211k\375\217"
 2326      75284896 
 2326      35A2EC03 
 2326      92A6896B 
 2326      FD8F
 2327 01dc E8E36B99 		.ascii	"\350\343k\231\233>\210g\377\302\370WR\3443\262w\335"
 2327      9B3E8867 
 2327      FFC2F857 
 2327      52E433B2 
 2327      77DD
 2328 01ee 0F37DD4F 		.ascii	"\0177\335O\247>m\\\217\243h\325Z\377\235\252c\227\037"
 2328      A73E6D5C 
 2328      8FA368D5 
 2328      5AFF9DAA 
 2328      63971F
 2329 0201 3B77BD4C 		.ascii	";w\275L\2337\002\246A+@\030t\256\004\216\361[:A\273"
ARM GAS  /tmp/ccCJGASy.s 			page 64


 2329      9B3702A6 
 2329      412B4018 
 2329      74AE048E 
 2329      F15B3A41 
 2330 0216 3DDB8612 		.ascii	"=\333\206\022>s\006\340\264\260\016\355@py\317\261\275"
 2330      3E7306E0 
 2330      B4B00EED 
 2330      407079CF 
 2330      B1BD
 2331 0228 675CCD21 		.ascii	"g\\\315!\300\245G\"\226\266\360\333.\2119t\312\300|"
 2331      C0A54722 
 2331      96B6F0DB 
 2331      2E893974 
 2331      CAC07C
 2332 023b 158149B3 		.ascii	"\025\201I\263 GL3\307\0073@L\250Z\253\371\272\276Ls"
 2332      20474C33 
 2332      C7073340 
 2332      4CA85AAB 
 2332      F9BABE4C 
 2333 0250 25C06700 		.ascii	"%\300g\000\373\"0M\222%\207\264\355,\323X\002n\"\034"
 2333      FB22304D 
 2333      922587B4 
 2333      ED2CD358 
 2333      026E221C 
 2334 0264 1210BEAB 		.ascii	"\022\020\276\253\004\232-.5\207\257\013#\323\340\313"
 2334      049A2D2E 
 2334      3587AF0B 
 2334      23D3E0CB 
 2335 0274 081B5FD8 		.ascii	"\010\033_\330 \207\014H\333 \266\351\002p\334\000\034"
 2335      20870C48 
 2335      DB20B6E9 
 2335      0270DC00 
 2335      1C
 2336 0285 8E003483 		.ascii	"\216\0004\203\211h1\020'#\020'\314|\226i\345!\007\001"
 2336      89683110 
 2336      27231027 
 2336      CC7C9669 
 2336      E5210701 
 2337 0299 8C18F70F 		.ascii	"\214\030\367\017:\004\3524\300e\200\363\000\235\000"
 2337      3A04EA34 
 2337      C06580F3 
 2337      009D00
 2338 02a8 DF005C05 		.ascii	"\337\000\\\005\370\026\340,\300\005\200k\000\347\000"
 2338      F816E02C 
 2338      C005806B 
 2338      00E700
 2339 02b7 AE005C02 		.ascii	"\256\000\\\002\270\310\363/\322\332c\344\354\324\340"
 2339      B8C8F32F 
 2339      D2DA63E4 
 2339      ECD4E0
 2340 02c6 58048F9E 		.ascii	"X\004\217\236\226\373\006\344\363\301D\364\324\0375"
 2340      96FB06E4 
 2340      F3C144F4 
 2340      D41F35
 2341 02d5 537F74F0 		.ascii	"S\177t\360\016\246\313\222\323(\273L\345\260\025X\267"
 2341      0EA6CB92 
 2341      D328BB4C 
ARM GAS  /tmp/ccCJGASy.s 			page 65


 2341      E5B01558 
 2341      B7
 2342 02e6 3E5C01EC 		.ascii	">\\\001\354\226>\014\0236\207\021V\211\262\012e#J\035"
 2342      963E0C13 
 2342      36871156 
 2342      89B20A65 
 2342      234A1D
 2343 02f9 93537D54 		.ascii	"\223S}T\376f\206\257bOv\234\350\337\031\213\205\227"
 2343      FE6686AF 
 2343      624F769C 
 2343      E8DF198B 
 2343      8597
 2344 030b 2ACA4F16 		.ascii	"*\312O\026\340\332\265\337e\274]\032*K\340\316\273\001"
 2344      E0DAB5DF 
 2344      65BC5D1A 
 2344      2A4BE0CE 
 2344      BB01
 2345 031d 1E809E16 		.ascii	"\036\200\236\026\002\327\255\214v\227\212\214\"\344"
 2345      02D7AD8C 
 2345      76978A8C 
 2345      22E4
 2346 032b D308C827 		.ascii	"\323\010\310'\026\344\272\011\371.\002\322e\004\213"
 2346      16E4BA09 
 2346      F92E02D2 
 2346      65048B
 2347 033a 65DC8665 		.ascii	"e\334\206e\214S7\3152\376Q\324V\317\355\332\260sE\210"
 2347      8C5337CD 
 2347      32FE51D4 
 2347      56CFEDDA 
 2347      B0734588 
 2348 034e FFFCA14E 		.ascii	"\377\374\241N,\226\225S;p\303n\001\364\343\206\335\023"
 2348      2C969553 
 2348      3B70C36E 
 2348      01F4E386 
 2348      DD13
 2349 0360 18DC308D 		.ascii	"\030\3340\215B)\205\267)\274C\3416\300]\200;\000e\024"
 2349      422985B7 
 2349      29BC43E1 
 2349      36C05D80 
 2349      3B006514 
 2350 0374 EE1B9BD4 		.ascii	"\356\033\233\324\271\243\314\311\263\213\254nD\260\262"
 2350      B9A3CCC9 
 2350      B38BAC6E 
 2350      44B0B2
 2351 0383 CAE99AC9 		.ascii	"\312\351\232\311\373\207\010\304\367Vh\337\232\220\276"
 2351      FB8708C4 
 2351      F75668DF 
 2351      9A90BE
 2352 0392 084893AD 		.ascii	"\010H\223\255l\273LLo\004\246\307\266\327\267j\215\275"
 2352      6CBB4C4C 
 2352      6F04A6C7 
 2352      B6D7B76A 
 2352      8DBD
 2353 03a4 FE58608C 		.ascii	"\376X`\214\275\336\253c\360\334\332U\277\253QI\020\347"
 2353      BDDEAB63 
 2353      F0DCDA55 
 2353      BFAB5149 
ARM GAS  /tmp/ccCJGASy.s 			page 66


 2353      10E7
 2354 03b6 567593C3 		.ascii	"Vu\223\303\016\232\203g/\002\266U\255mt\013@(\012\200"
 2354      0E9A8367 
 2354      2F02B655 
 2354      AD6D740B 
 2354      40280A80 
 2355 03ca 5D671C54 		.ascii	"]g\034TQq\275\232\305c\336\316|\212 \363\364\233K\201"
 2355      5171BD9A 
 2355      C563DECE 
 2355      7C8A20F3 
 2355      F49B4B81 
 2356 03de 7F9C10D0 		.ascii	"\177\234\020\320\321|\256j\250\345\306Vw\363\244\233"
 2356      D17CAE6A 
 2356      A8E5C656 
 2356      77F3A49B 
 2357 03ee E34BFB0F 		.ascii	"\343K\373\017\273,@95\001\025\022p\273{\321\206\330"
 2357      BB2C4039 
 2357      35011512 
 2357      70BB7BD1 
 2357      86D8
 2358 0400 2126609A 		.ascii	"!&`\2329?_\316\2579\334\376\205\3532\210/\251\303\013"
 2358      393F5FCE 
 2358      AF39DCFE 
 2358      85EB3288 
 2358      2FA9C30B 
 2359 0414 006DE3F0 		.ascii	"\000m\343\360\246\220\031\214$iT\243C\275\214*La^\245"
 2359      A690198C 
 2359      246954A3 
 2359      43BD8C2A 
 2359      4C615EA5 
 2360 0428 CDE14EED 		.ascii	"\315\341N\355c\231N\232\352V\234\233\367A\242\022\343"
 2360      63994E9A 
 2360      EA569C9B 
 2360      F741A212 
 2360      E3
 2361 0439 A4341CE7 		.ascii	"\2444\034\347URo\303VZ\035\233\234\2519\274\013\236"
 2361      55526FC3 
 2361      565A1D9B 
 2361      9CA939BC 
 2361      0B9E
 2362 044b 08C769B4 		.ascii	"\010\307i\264rz\322\350L\274\207\343\232\301\213\253"
 2362      727AD2E8 
 2362      4CBC87E3 
 2362      9AC18BAB 
 2363 045b B21CCE44 		.ascii	"\262\034\316D\034\205\343\224>V\2750\326{\224\226\247"
 2363      1C85E394 
 2363      3E56BD30 
 2363      D67B9496 
 2363      A7
 2364 046c E049A078 		.ascii	"\340I\240x3\2220\372L\247s\344\310&\326\304\370\331"
 2364      339230FA 
 2364      4CA773E4 
 2364      C826D6C4 
 2364      F8D9
 2365 047e E074D66C 		.ascii	"\340t\326l\177B\011\307\271\321F\25279\321\233\354n"
 2365      7F4209C7 
 2365      B9D146AA 
ARM GAS  /tmp/ccCJGASy.s 			page 67


 2365      3739D19B 
 2365      EC6E
 2366 0490 8618AF57 		.ascii	"\206\030\257WIJ%\310\302\233\221\221I\0254\355p6C\006"
 2366      494A25C8 
 2366      C29B9191 
 2366      491534ED 
 2366      70364306 
 2367 04a4 83840CED 		.ascii	"\203\204\014\355\302\265\341J\214\342\032\231\234J\210"
 2367      C2B5E14A 
 2367      8CE21A99 
 2367      9C4A88
 2368 04b3 97BC44D1 		.ascii	"\227\274D\3210{`\\\020\207N\275\326+@\252B3(\233\022"
 2368      307B605C 
 2368      10874EBD 
 2368      D62B40AA 
 2368      4233289B 
 2369 04c8 C6DE87D2 		.ascii	"\306\336\207\322d\254?\2073!\001\360C\347t\251S\274"
 2369      64AC3F87 
 2369      332101F0 
 2369      43E774A9 
 2369      53BC
 2370 04da 59190A09 		.ascii	"Y\031\012\011\307Q\234Jr\360\272\265V*\261\370\271\355"
 2370      C7519C4A 
 2370      72F0BAB5 
 2370      562AB1F8 
 2370      B9ED
 2371 04ec 72E3FE88 		.ascii	"r\343\376\210?~\003\375\006\372\247\330\356F^\250\247"
 2371      3F7E03FD 
 2371      06FAA7D8 
 2371      EE465EA8 
 2371      A7
 2372 04fd 3A904340 		.ascii	":\220C@\242\315Y\363\211_si\207\312\217\273\\j8\021"
 2372      A2CD59F3 
 2372      895F7369 
 2372      87CA8FBB 
 2372      5C6A3811 
 2373 0511 5336E3F2 		.ascii	"S6\343\362C.g\014\273\322\233\271\226\230\004\211\356"
 2373      432E670C 
 2373      BBD29BB9 
 2373      96980489 
 2373      EE
 2374 0522 89770CD2 		.ascii	"\211w\014\322\022%\021,\"m\017\240\010\021Ld\327!\012"
 2374      1225112C 
 2374      226D0FA0 
 2374      08114C64 
 2374      D7210A
 2375 0535 67DD275F 		.ascii	"g\335'_\315\276\202i\323\3167\256H\207\304\312L\002"
 2375      CDBE8269 
 2375      D3CE37AE 
 2375      4887C4CA 
 2375      4C02
 2376 0547 6CA983B0 		.ascii	"l\251\203\260\255(\007\034\210p\264\334\237\377\276"
 2376      AD28071C 
 2376      8870B4DC 
 2376      9FFFBE
 2377 0556 FBF154F1 		.ascii	"\373\361T\361\305-\017I\246U\024\226Py\252\030\007\015"
 2377      C52D0F49 
ARM GAS  /tmp/ccCJGASy.s 			page 68


 2377      A6551496 
 2377      5079AA18 
 2377      070D
 2378 0568 BE471C34 		.ascii	"\276G\0344h\373\335\276cMN\253\252\227XU\275TVm\345"
 2378      68FBDDBE 
 2378      634D4EAB 
 2378      AA975855 
 2378      BD54566D 
 2379 057d 92B5EBDC 		.ascii	"\222\265\353\334\274\301B\005\370\305\001*\317\317D"
 2379      BCC14205 
 2379      F8C5012A 
 2379      CFCF44
 2380 058c 9C5CBCFC 		.ascii	"\234\\\274\374\306\2671#\320|\227\246%q\3002\012\357"
 2380      C6B73123 
 2380      D07C97A6 
 2380      2571C032 
 2380      0AEF
 2381 059e E23A588E 		.ascii	"\342:X\216\201\343\247\036\177\214\274\360kv\037\241"
 2381      81E3A71E 
 2381      7F8CBCF0 
 2381      6B761FA1 
 2382 05ae 4FADD0B4 		.ascii	"O\255\320\264\376\332+\255\245q\3537k\225Z&B\240\222"
 2382      FEDA2BAD 
 2382      A571EB37 
 2382      6B955A26 
 2382      42A092
 2383 05c1 1A641653 		.ascii	"\032d\026S\321\037\234Hd\337\363\200hK\317\331\213\312"
 2383      D11F9C48 
 2383      64DFF380 
 2383      684BCFD9 
 2383      8BCA
 2384 05d3 532B2AB5 		.ascii	"S+*\265\312\325Z\250T\303\340)_\260R_\000+(,B\363\013"
 2384      CAD55AA8 
 2384      54C3E029 
 2384      5FB0525F 
 2384      002B282C 
 2385 05ea 292CA07D 		.ascii	"),\240}\320\225\310\356a.\226\305\360\245\215'\026o"
 2385      D095C8EE 
 2385      612E96C5 
 2385      F0A58D27 
 2385      166F
 2386 05fc 8F1FBC74 		.ascii	"\217\037\274t\265\351k\025\367\205\335K\014a\207\304"
 2386      B5E96B15 
 2386      F785DD4B 
 2386      0C6187C4 
 2387 060c 8A5BBDCB 		.ascii	"\212[\275\313\2178E\210\3631DT\354==\367\212C(\246B"
 2387      8F384588 
 2387      F3314454 
 2387      EC3D3DF7 
 2387      8A4328A6 
 2388 0621 3545C59D 		.ascii	"5E\305\235\316m;@(\246\301{\\qrMm\351P\241\250\240\260"
 2388      CE6D3B40 
 2388      28A6C17B 
 2388      5C71724D 
 2388      6DE950A1 
 2389 0638 9E6B2E55 		.ascii	"\236k.U4\334\000C\363\037\256\231\337yf\331P#s\033\270"
 2389      34DC0043 
ARM GAS  /tmp/ccCJGASy.s 			page 69


 2389      F31FAE99 
 2389      DF7966D9 
 2389      5023731B 
 2390 064d 665FEB9E 		.ascii	"f_\353\236\232!f\272r\315lm\302P6\032\331\012=\230\277"
 2390      9A2166BA 
 2390      72CD6C6D 
 2390      C250361A 
 2390      D90A3D98 
 2391 0662 51F0EFD9 		.ascii	"Q\360\357\331\276`\256\226\210}!6\206\233(\2543\003"
 2391      BE60AE96 
 2391      887D2136 
 2391      869B28AC 
 2391      3303
 2392 0674 586B45DE 		.ascii	"XkE\336\350f\255\030Go\314\340\255BE\333\007\332A\032"
 2392      E866AD18 
 2392      476FCCE0 
 2392      AD4245DB 
 2392      07DA411A 
 2393 0688 C5DF1634 		.ascii	"\305\337\0264\360\276\341\257a\321\311Z\340\376j:\352"
 2393      F0BEE1AF 
 2393      61D1C95A 
 2393      E0FE6A3A 
 2393      EA
 2394 0699 352D46B8 		.ascii	"5-F\270\333B\341\277\246\273\315\226\273MnvG\270j?\332"
 2394      DB42E1BF 
 2394      A6BBCD96 
 2394      BB4D6E76 
 2394      47B86A3F 
 2395 06ae 35C7A927 		.ascii	"5\307\251'\204{j\334\276f\257\221\240\355<\324S\237"
 2395      847B6ADC 
 2395      BE66AF91 
 2395      A0ED3CD4 
 2395      539F
 2396 06c0 56ECA1BA 		.ascii	"V\354\241\272\342\003\256(\337P{\307XQ\303\025\373\317"
 2396      E203AE28 
 2396      DF507BC7 
 2396      5851C315 
 2396      FBCF
 2397 06d2 575F3114 		.ascii	"W_1\024\037\012\305\245\232o\014\033;\270b\343\332}"
 2397      1F0AC5A5 
 2397      9A6F0C1B 
 2397      3BB862E3 
 2397      DA7D
 2398 06e4 1D06E223 		.ascii	"\035\006\342#T8\312K?\377G\352\343\310\260\277~\031"
 2398      5438CA4B 
 2398      3FFF47EA 
 2398      E3C8B0BF 
 2398      7E19
 2399 06f6 EFFF6AE9 		.ascii	"\357\377j\351\200\376\317^\377\273(\237\027\223h\353"
 2399      80FECF5E 
 2399      FFBB289F 
 2399      179368EB 
 2400 0706 FE85AA5B 		.ascii	"\376\205\252[\016\253\316k\255:\257\223u\376Y\353\222"
 2400      0EABCE6B 
 2400      AD3AAF93 
 2400      75FE59EB 
 2400      92
ARM GAS  /tmp/ccCJGASy.s 			page 70


 2401 0717 FBD27B1D 		.ascii	"\373\322{\035\205\235\334\375\275u\373?ff\366\352\254"
 2401      859DDCFD 
 2401      BD75FB3F 
 2401      6666F6EA 
 2401      AC
 2402 0728 E2DE8D09 		.ascii	"\342\336\215\011\251\247\274\375DT\351\251\2537\200"
 2402      A9A7BCFD 
 2402      4454E9A9 
 2402      AB3780
 2403 0737 1777CF07 		.ascii	"\027w\317\007\025sC\270]\200\363\266j\333&\253ma,a\033"
 2403      157343B8 
 2403      5D80F3B6 
 2403      6ADB26AB 
 2403      6D612C61 
 2404 074c 621F95BA 		.ascii	"b\037\225\272\217\007\246\356\023\256X\336\330}\215"
 2404      8F07A6EE 
 2404      13AE58DE 
 2404      D87D8D
 2405 075b 0D37884C 		.ascii	"\0157\210L3y\204\220C\243d\377`\327\274\033q\342'\326"
 2405      33798490 
 2405      43A364FF 
 2405      60D7BC1B 
 2405      71E227D6 
 2406 076f F643E565 		.ascii	"\366C\345eX\2555Q\234\206\275&\215\006I\343\320#)\354"
 2406      58AD3551 
 2406      9C86BD26 
 2406      8D0649E3 
 2406      D02329EC 
 2407 0783 E31EE7DD 		.ascii	"\343\036\347\335\274P\3432\222\261\237k\366\\-\237c"
 2407      BC50E332 
 2407      92B19F6B 
 2407      F65C2D9F 
 2407      63
 2408 0794 95AEC5E1 		.ascii	"\225\256\305\341 r8`\344\242S\333\262\324-X\324/\333"
 2408      20723860 
 2408      E4A253DB 
 2408      B2D42D58 
 2408      D42FDB
 2409 07a7 334E9038 		.ascii	"3N\2208h/\334&\371+or\262vL\307\325\250\\\346]\321\266"
 2409      682FDC26 
 2409      F92B6F72 
 2409      B2764CC7 
 2409      D5A85CE6 
 2410 07be BAA204DB 		.ascii	"\272\242\004\333\202N\016\313`{+\347\234t\351\301\206"
 2410      824E0ECB 
 2410      607B2BE7 
 2410      9C74E9C1 
 2410      86
 2411 07cf F4       		.ascii	"\364"
 2412 07d0 605B281C 		.ascii	"`[(\0342\3754\313`\273\321\311\003\341d\316\336\252"
 2412      32FD34CB 
 2412      60BBD1C9 
 2412      03E164CE 
 2412      DEAA
 2413 07e2 5EC58887 		.ascii	"^\305\210\207{\351\357\274\373\221+\312/\243\025\275"
 2413      7BE9EFBC 
 2413      FB912BCA 
ARM GAS  /tmp/ccCJGASy.s 			page 71


 2413      2FA315BD 
 2414 07f2 1C37C259 		.ascii	"\0347\302Ys\256\275L\321\303i\220\341\264R8f\2729*\303"
 2414      73AEBD4C 
 2414      D1C36990 
 2414      E1B45238 
 2414      66BA392A 
 2415 0807 B9E614A7 		.ascii	"\271\346\024\247b\257<\026\313\261\255LZ\374\316\207"
 2415      62AF3C16 
 2415      CBB1AD4C 
 2415      5AFCCE87 
 2416 0817 A79CD67F 		.ascii	"\247\234\326\177l\242u\225g\350#\273J\033\344a]\245"
 2416      6CA27595 
 2416      67E823BB 
 2416      4A1BE461 
 2416      5DA5
 2417 0829 0D627495 		.ascii	"\015bt\225\203\273G\004Ev\217\203\332@\233\231\207\264"
 2417      83BB4704 
 2417      45768F83 
 2417      DA409B99 
 2417      87B4
 2418 083b 8136C4C3 		.ascii	"\2016\304\303\332@\033\344\241m\240\015c\266\201f/{"
 2418      DA401BE4 
 2418      A16DA00D 
 2418      63B68166 
 2418      2F7B
 2419 084d 92C2E77C 		.ascii	"\222\302\347|\023\020\204_\3076\3143\205\257)\264S\370"
 2419      1310845F 
 2419      C736CC33 
 2419      85AF29B4 
 2419      53F8
 2420 085f 82C2290A 		.ascii	"\202\302)\012_R8K\341+\252w\262\021\275\343\031\032"
 2420      5F52384B 
 2420      E12BAA77 
 2420      B211BDE3 
 2420      191A
 2421 0871 AD776CEF 		.ascii	"\255wl\357]\320M\255\226\314\006\352\220\245T\267!T"
 2421      5DD04DAD 
 2421      96CC06EA 
 2421      90A554B7 
 2421      2154
 2422 0883 6E6BEA76 		.ascii	"nk\352v[\200s\022\260\243t\345\201!\026\340\240\005"
 2422      5B807312 
 2422      B0A374E5 
 2422      812116E0 
 2422      A005
 2423 0895 382F0135 		.ascii	"8/\0015\307\317/\267}@C\026\340\202\004\254n\352o\260"
 2423      C7CF2FB7 
 2423      7D404316 
 2423      E08204AC 
 2423      6EEA6FB0 
 2424 08a9 5968B100 		.ascii	"Yh\261\000\027\365\223g}\367\016[\203\333j\001.\361"
 2424      17F59367 
 2424      7DF70E5B 
 2424      83DB6A01 
 2424      2EF1
 2425 08bb 5087A96F 		.ascii	"P\207\251oy\336P\203\236\300\253\276\240Z\342\311\317"
 2425      79DE5083 
ARM GAS  /tmp/ccCJGASy.s 			page 72


 2425      9EC0ABBE 
 2425      A05AE2C9 
 2425      CF
 2426 08cc F33A66FA 		.ascii	"\363:f\372\375\371\3616\265\242\006\374\371\371\352"
 2426      FDF9F136 
 2426      B5A206FC 
 2426      F9F9EA
 2427 08db 6BBEC0EB 		.ascii	"k\276\300\353\212\232\357)\012\252A\265\270\310Y\234"
 2427      8A9AEF29 
 2427      0AAA41B5 
 2427      B8C8599C 
 2428 08eb 372B383A 		.ascii	"7+8:C\015&\250^_ \257D.N\224\000\241\361\004\363J|\361"
 2428      430D26A8 
 2428      5E5F20AF 
 2428      442E4E94 
 2428      00A1F104 
 2429 0903 AA2F10F0 		.ascii	"\252/\020\360\007\324\234\274|D\352~\370K\274\212\353"
 2429      07D49CBC 
 2429      7C44EA7E 
 2429      F84BBC8A 
 2429      EB
 2430 0914 7DAF063C 		.ascii	"}\257\006<A\177@\021\032\325\253\346\316\036*\207rQ"
 2430      417F4011 
 2430      1AD5ABE6 
 2430      CE1E2A87 
 2430      7251
 2431 0926 EE6CB77C 		.ascii	"\356l\267|\325\327\345\316\216Q\363\012<o2\365u/J\036"
 2431      D5D7E5CE 
 2431      8E51F30A 
 2431      3C6F32F5 
 2431      752F4A1E 
 2432 093a 4AE13345 		.ascii	"J\3413E\201\354\264l\377\254 '\351\013\024\245M\010"
 2432      81ECB46C 
 2432      FFAC2027 
 2432      E90B14A5 
 2432      4D08
 2433 094c 06F382C5 		.ascii	"\006\363\202\305^\237\232\365\373\211\352\037\220\364"
 2433      5E9F9AF5 
 2433      FB89EA1F 
 2433      90F4
 2434 095a A8ECC242 		.ascii	"\250\354\302Be\362\364?'\277\370\354\263\351c\310/\242"
 2434      65F2F43F 
 2434      27BFF8EC 
 2434      B3E963C8 
 2434      2FA2
 2435 096c 0246A5FF 		.ascii	"\002F\245\377z\3748\2241\3041\032\365\014eTZ\256\277"
 2435      7AFC3894 
 2435      31C4311A 
 2435      F50C6554 
 2435      5AAEBF
 2436 097f C097F69A 		.ascii	"\300\227\366\232\347-O\300S\220\357\231\2316\321\237"
 2436      E72D4FC0 
 2436      5390EF99 
 2436      9936D19F 
 2437 098f 5D5CE09B 		.ascii	"]\\\340\233\025,J\233\234\027\314-\236\231\366\273\254"
 2437      152C4A9B 
 2437      9C17CC2D 
ARM GAS  /tmp/ccCJGASy.s 			page 73


 2437      9E99F6BB 
 2437      AC
 2438 09a0 57A6AA39 		.ascii	"W\246\2529\371y\257\346\006\311\210\201D\270\211\334"
 2438      F979AFE6 
 2438      06C98881 
 2438      44B889DC 
 2439 09b0 C242E212 		.ascii	"\302B\342\022\271\314\365\347{\345\010C\306\264\024"
 2439      B9CCF5E7 
 2439      7BE50843 
 2439      C6B414
 2440 09bf E605B373 		.ascii	"\346\005\263s\305X\317\257\034J\265'\030tI-\216\206"
 2440      C558CFAF 
 2440      1C4AB527 
 2440      1874492D 
 2440      8E86
 2441 09d1 A58F3528 		.ascii	"\245\2175(\243IN\330=\340\375\227\217\316\001'\022\223"
 2441      A3494ED8 
 2441      3DE0FD97 
 2441      8FCE0127 
 2441      1293
 2442 09e3 93EFF704 		.ascii	"\223\357\367\004Y\3728\342\366\004\012J\306\373\236"
 2442      59FA38E2 
 2442      F6040A4A 
 2442      C6FB9E
 2443 09f2 2B7836A7 		.ascii	"+x6\247p\224\267\220(\331\376@\320\367\346s\005\343"
 2443      7094B790 
 2443      28D9FE40 
 2443      D0F7E673 
 2443      05E3
 2444 0a04 C90875C6 		.ascii	"\311\010u\306\364A\016_\314\230T\022}b\314\244\222\030"
 2444      F4410E5F 
 2444      CC985412 
 2444      7D62CCA4 
 2444      9218
 2445 0a16 55CD0E26 		.ascii	"U\315\016&\377\037\0340\315D\341`u\246\247\310\227\034"
 2445      FF1F1C30 
 2445      CD44E160 
 2445      75A6A7C8 
 2445      971C
 2446 0a28 DD60FAA4 		.ascii	"\335`\372\244\022\211\311\366\027\024&\247D\303\214"
 2446      1289C9F6 
 2446      171426A7 
 2446      44C38C
 2447 0a37 2B2EF462 		.ascii	"+.\364b\262&eM\311\371S\272\232\223\225\363JN\254T%"
 2447      B226654D 
 2447      C9F953BA 
 2447      9A9395F3 
 2447      4A4EAC54 
 2448 0a4c 4783BF10 		.ascii	"G\203\277\020\360\025a\361x\362\363'\225\270\314\361"
 2448      F01561F1 
 2448      78F2F327 
 2448      95B8CCF1 
 2449 0a5c 3084F29D 		.ascii	"0\204\362\235F\2079\362zR\235\221>\026#(\012\006<y\263"
 2449      468739F2 
 2449      7A529D91 
 2449      3E162328 
 2449      0A063C79 
ARM GAS  /tmp/ccCJGASy.s 			page 74


 2450 0a71 54912C54 		.ascii	"T\221,T\273\007\250\222F\245\361P\013<\301\\q\023\251"
 2450      BB07A892 
 2450      46A5F150 
 2450      0B3CC15C 
 2450      7113A9
 2451 0a84 35AC19D4 		.ascii	"5\254\031\324rr\342\325\031\343\337\010x\012qGs\342"
 2451      7272E2D5 
 2451      19E3DF08 
 2451      780A7147 
 2451      73E2
 2452 0a96 F4815B47 		.ascii	"\364\201[G\215\025,0s\342\371?aQ\375i"
 2452      8D152C30 
 2452      73E2F93F 
 2452      6151FD69 
 2453              		.text
 2454              		.section	.gnu.lto_.symtab.19f57982233d7c72,"e",%progbits
 2455 0000 5F5A4E31 		.ascii	"_ZN15AttitudePIDJerkC2Ev\000"
 2455      35417474 
 2455      69747564 
 2455      65504944 
 2455      4A65726B 
 2456 0019 00       		.ascii	"\000"
 2457 001a 00       		.ascii	"\000"
 2458 001b 00       		.ascii	"\000"
 2459 001c 00000000 		.ascii	"\000\000\000\000\000\000\000\000"
 2459      00000000 
 2460 0024 1A010000 		.ascii	"\032\001\000\000"
 2461 0028 5F5A4E31 		.ascii	"_ZN15AttitudePIDJerkC1Ev\000"
 2461      35417474 
 2461      69747564 
 2461      65504944 
 2461      4A65726B 
 2462 0041 00       		.ascii	"\000"
 2463 0042 00       		.ascii	"\000"
 2464 0043 00       		.ascii	"\000"
 2465 0044 00000000 		.ascii	"\000\000\000\000\000\000\000\000"
 2465      00000000 
 2466 004c 1D010000 		.ascii	"\035\001\000\000"
 2467 0050 5F5A4E31 		.ascii	"_ZN15AttitudePIDJerk6updateEPKfS1_fPfRf\000"
 2467      35417474 
 2467      69747564 
 2467      65504944 
 2467      4A65726B 
 2468 0078 00       		.ascii	"\000"
 2469 0079 00       		.ascii	"\000"
 2470 007a 00       		.ascii	"\000"
 2471 007b 00000000 		.ascii	"\000\000\000\000\000\000\000\000"
 2471      00000000 
 2472 0083 27010000 		.ascii	"'\001\000\000"
 2473 0087 5F5A4E31 		.ascii	"_ZN15AttitudePIDJerk9reset_allEv\000"
 2473      35417474 
 2473      69747564 
 2473      65504944 
 2473      4A65726B 
 2474 00a8 00       		.ascii	"\000"
 2475 00a9 00       		.ascii	"\000"
 2476 00aa 00       		.ascii	"\000"
ARM GAS  /tmp/ccCJGASy.s 			page 75


 2477 00ab 00000000 		.ascii	"\000\000\000\000\000\000\000\000"
 2477      00000000 
 2478 00b3 2C010000 		.ascii	",\001\000\000"
 2479 00b7 5F5A4E33 		.ascii	"_ZN3PIDC1Efffffff\000"
 2479      50494443 
 2479      31456666 
 2479      66666666 
 2479      6600
 2480 00c9 00       		.ascii	"\000"
 2481 00ca 02       		.ascii	"\002"
 2482 00cb 00       		.ascii	"\000"
 2483 00cc 00000000 		.ascii	"\000\000\000\000\000\000\000\000"
 2483      00000000 
 2484 00d4 3A010000 		.ascii	":\001\000\000"
 2485 00d8 5F5A3135 		.ascii	"_Z15constrain_floatfff\000"
 2485      636F6E73 
 2485      74726169 
 2485      6E5F666C 
 2485      6F617466 
 2486 00ef 00       		.ascii	"\000"
 2487 00f0 02       		.ascii	"\002"
 2488 00f1 00       		.ascii	"\000"
 2489 00f2 00000000 		.ascii	"\000\000\000\000\000\000\000\000"
 2489      00000000 
 2490 00fa 41010000 		.ascii	"A\001\000\000"
 2491 00fe 5F5A4E33 		.ascii	"_ZN3PID6updateEff\000"
 2491      50494436 
 2491      75706461 
 2491      74654566 
 2491      6600
 2492 0110 00       		.ascii	"\000"
 2493 0111 02       		.ascii	"\002"
 2494 0112 00       		.ascii	"\000"
 2495 0113 00000000 		.ascii	"\000\000\000\000\000\000\000\000"
 2495      00000000 
 2496 011b 47010000 		.ascii	"G\001\000\000"
 2497 011f 5F5A3777 		.ascii	"_Z7wrap_pif\000"
 2497      7261705F 
 2497      70696600 
 2498 012b 00       		.ascii	"\000"
 2499 012c 02       		.ascii	"\002"
 2500 012d 00       		.ascii	"\000"
 2501 012e 00000000 		.ascii	"\000\000\000\000\000\000\000\000"
 2501      00000000 
 2502 0136 4C010000 		.ascii	"L\001\000\000"
 2503 013a 5F5A4E33 		.ascii	"_ZN3PID5resetEv\000"
 2503      50494435 
 2503      72657365 
 2503      74457600 
 2504 014a 00       		.ascii	"\000"
 2505 014b 02       		.ascii	"\002"
 2506 014c 00       		.ascii	"\000"
 2507 014d 00000000 		.ascii	"\000\000\000\000\000\000\000\000"
 2507      00000000 
 2508 0155 51010000 		.ascii	"Q\001\000\000"
 2509              		.text
 2510              		.section	.gnu.lto_.ext_symtab.19f57982233d7c72,"e",%progbits
ARM GAS  /tmp/ccCJGASy.s 			page 76


 2511 0000 01       		.ascii	"\001"
 2512 0001 01       		.ascii	"\001"
 2513 0002 00       		.ascii	"\000"
 2514 0003 01       		.ascii	"\001"
 2515 0004 00       		.ascii	"\000"
 2516 0005 01       		.ascii	"\001"
 2517 0006 00       		.ascii	"\000"
 2518 0007 01       		.ascii	"\001"
 2519 0008 00       		.ascii	"\000"
 2520 0009 01       		.ascii	"\001"
 2521 000a 00       		.ascii	"\000"
 2522 000b 01       		.ascii	"\001"
 2523 000c 00       		.ascii	"\000"
 2524 000d 01       		.ascii	"\001"
 2525 000e 00       		.ascii	"\000"
 2526 000f 01       		.ascii	"\001"
 2527 0010 00       		.ascii	"\000"
 2528 0011 01       		.ascii	"\001"
 2529 0012 00       		.ascii	"\000"
 2530              		.text
 2531              		.section	.gnu.lto_.opts,"e",%progbits
 2532 0000 272D666E 		.ascii	"'-fno-openmp' '-fno-openacc' '-fno-pie' '-fcf-prote"
 2532      6F2D6F70 
 2532      656E6D70 
 2532      2720272D 
 2532      666E6F2D 
 2533 0033 6374696F 		.ascii	"ction=none' '-g' '-mcpu=cortex-m7' '-mthumb' '-mflo"
 2533      6E3D6E6F 
 2533      6E652720 
 2533      272D6727 
 2533      20272D6D 
 2534 0066 61742D61 		.ascii	"at-abi=hard' '-mfpu=fpv5-d16' '-march=armv7e-m+fp.d"
 2534      62693D68 
 2534      61726427 
 2534      20272D6D 
 2534      6670753D 
 2535 0099 70272027 		.ascii	"p' '-O3' '-fomit-frame-pointer' '-falign-functions="
 2535      2D4F3327 
 2535      20272D66 
 2535      6F6D6974 
 2535      2D667261 
 2536 00cc 31362720 		.ascii	"16' '-ffunction-sections' '-fdata-sections' '-fno-c"
 2536      272D6666 
 2536      756E6374 
 2536      696F6E2D 
 2536      73656374 
 2537 00ff 6F6D6D6F 		.ascii	"ommon' '-flto' '-Xassembler' '-alms=build/lst/Attit"
 2537      6E272027 
 2537      2D666C74 
 2537      6F272027 
 2537      2D586173 
 2538 0132 7564655F 		.ascii	"ude_PID_Jerk.lst'\000"
 2538      5049445F 
 2538      4A65726B 
 2538      2E6C7374 
 2538      2700
 2539              		.text
ARM GAS  /tmp/ccCJGASy.s 			page 77


 2540              		.comm	__gnu_lto_slim,1,1
 2541              		.ident	"GCC: (GNU Arm Embedded Toolchain 10-2020-q4-major) 10.2.1 20201103 (release)"
ARM GAS  /tmp/ccCJGASy.s 			page 78


DEFINED SYMBOLS
                            *ABS*:0000000000000000 Attitude_PID_Jerk.cpp
     /tmp/ccCJGASy.s:32     .gnu.debuglto_.debug_info:0000000000000000 Attitude_PID_Jerk.cpp.18761874
                            *COM*:0000000000000001 __gnu_lto_slim

NO UNDEFINED SYMBOLS
