ARM GAS  /tmp/ccOWZRdG.s 			page 1


   1              		.cpu cortex-m7
   2              		.eabi_attribute 28, 1
   3              		.eabi_attribute 20, 1
   4              		.eabi_attribute 21, 1
   5              		.eabi_attribute 23, 3
   6              		.eabi_attribute 24, 1
   7              		.eabi_attribute 25, 1
   8              		.eabi_attribute 26, 1
   9              		.eabi_attribute 30, 2
  10              		.eabi_attribute 34, 1
  11              		.eabi_attribute 18, 4
  12              		.file	"Attitude_PID_PI.cpp"
  13              		.file 1 "/opt/gcc-arm-none-eabi-10-2020-q4-major/arm-none-eabi/include/c++/10.2.1/cstdint"
  14              		.file 2 "/opt/gcc-arm-none-eabi-10-2020-q4-major/arm-none-eabi/include/c++/10.2.1/cstring"
  15              		.file 3 "/opt/gcc-arm-none-eabi-10-2020-q4-major/arm-none-eabi/include/c++/10.2.1/cmath"
  16              		.file 4 "/opt/gcc-arm-none-eabi-10-2020-q4-major/arm-none-eabi/include/c++/10.2.1/arm-none-eabi/th
  17              		.file 5 "/opt/gcc-arm-none-eabi-10-2020-q4-major/arm-none-eabi/include/machine/_default_types.h"
  18              		.file 6 "/opt/gcc-arm-none-eabi-10-2020-q4-major/arm-none-eabi/include/sys/_stdint.h"
  19              		.file 7 "/opt/gcc-arm-none-eabi-10-2020-q4-major/arm-none-eabi/include/stdint.h"
  20              		.file 8 "src/controllers/PID.hpp"
  21              		.file 9 "./configs/DroneConfig.hpp"
  22              		.file 10 "./src/FlightState.hpp"
  23              		.file 11 "/opt/gcc-arm-none-eabi-10-2020-q4-major/lib/gcc/arm-none-eabi/10.2.1/include/stddef.h"
  24              		.file 12 "/opt/gcc-arm-none-eabi-10-2020-q4-major/arm-none-eabi/include/string.h"
  25              		.file 13 "/opt/gcc-arm-none-eabi-10-2020-q4-major/arm-none-eabi/include/math.h"
  26              		.file 14 "src/controllers/Attitude_PID_PI.cpp"
  27              		.file 15 "src/controllers/Attitude_PID_PI.hpp"
  28              		.file 16 "src/controllers/AttitudeController.hpp"
  29              		.file 17 "<built-in>"
  30              		.file 18 "./src/math/math.hpp"
  31              		.section	.gnu.debuglto_.debug_info,"e",%progbits
  32              	.Ldebug_info0:
  33              		.hidden	Attitude_PID_PI.cpp.eae35bde
  34              		.weak	Attitude_PID_PI.cpp.eae35bde
  35              	Attitude_PID_PI.cpp.eae35bde:
  36 0000 0A0E0000 		.4byte	0xe0a
  37 0004 0400     		.2byte	0x4
  38 0006 00000000 		.4byte	.Ldebug_abbrev0
  39 000a 04       		.byte	0x4
  40 000b 01       		.uleb128 0x1
  41 000c 6E090000 		.4byte	.LASF168
  42 0010 04       		.byte	0x4
  43 0011 0F070000 		.4byte	.LASF169
  44 0015 FF020000 		.4byte	.LASF170
  45 0019 00000000 		.4byte	.Ldebug_line0
  46 001d 02       		.uleb128 0x2
  47 001e 73746400 		.ascii	"std\000"
  48 0022 11       		.byte	0x11
  49 0023 00       		.byte	0
  50 0024 4D010000 		.4byte	0x14d
  51 0028 03       		.uleb128 0x3
  52 0029 D2040000 		.4byte	.LASF0
  53 002d 04       		.byte	0x4
  54 002e 1E01     		.2byte	0x11e
  55 0030 41       		.byte	0x41
  56 0031 04       		.uleb128 0x4
  57 0032 04       		.byte	0x4
ARM GAS  /tmp/ccOWZRdG.s 			page 2


  58 0033 1E01     		.2byte	0x11e
  59 0035 41       		.byte	0x41
  60 0036 28000000 		.4byte	0x28
  61 003a 05       		.uleb128 0x5
  62 003b 01       		.byte	0x1
  63 003c 2F       		.byte	0x2f
  64 003d 0B       		.byte	0xb
  65 003e A8020000 		.4byte	0x2a8
  66 0042 05       		.uleb128 0x5
  67 0043 01       		.byte	0x1
  68 0044 30       		.byte	0x30
  69 0045 0B       		.byte	0xb
  70 0046 C0020000 		.4byte	0x2c0
  71 004a 05       		.uleb128 0x5
  72 004b 01       		.byte	0x1
  73 004c 31       		.byte	0x31
  74 004d 0B       		.byte	0xb
  75 004e D8020000 		.4byte	0x2d8
  76 0052 05       		.uleb128 0x5
  77 0053 01       		.byte	0x1
  78 0054 32       		.byte	0x32
  79 0055 0B       		.byte	0xb
  80 0056 F0020000 		.4byte	0x2f0
  81 005a 05       		.uleb128 0x5
  82 005b 01       		.byte	0x1
  83 005c 34       		.byte	0x34
  84 005d 0B       		.byte	0xb
  85 005e 98030000 		.4byte	0x398
  86 0062 05       		.uleb128 0x5
  87 0063 01       		.byte	0x1
  88 0064 35       		.byte	0x35
  89 0065 0B       		.byte	0xb
  90 0066 B0030000 		.4byte	0x3b0
  91 006a 05       		.uleb128 0x5
  92 006b 01       		.byte	0x1
  93 006c 36       		.byte	0x36
  94 006d 0B       		.byte	0xb
  95 006e C8030000 		.4byte	0x3c8
  96 0072 05       		.uleb128 0x5
  97 0073 01       		.byte	0x1
  98 0074 37       		.byte	0x37
  99 0075 0B       		.byte	0xb
 100 0076 E0030000 		.4byte	0x3e0
 101 007a 05       		.uleb128 0x5
 102 007b 01       		.byte	0x1
 103 007c 39       		.byte	0x39
 104 007d 0B       		.byte	0xb
 105 007e 38030000 		.4byte	0x338
 106 0082 05       		.uleb128 0x5
 107 0083 01       		.byte	0x1
 108 0084 3A       		.byte	0x3a
 109 0085 0B       		.byte	0xb
 110 0086 50030000 		.4byte	0x350
 111 008a 05       		.uleb128 0x5
 112 008b 01       		.byte	0x1
 113 008c 3B       		.byte	0x3b
 114 008d 0B       		.byte	0xb
ARM GAS  /tmp/ccOWZRdG.s 			page 3


 115 008e 68030000 		.4byte	0x368
 116 0092 05       		.uleb128 0x5
 117 0093 01       		.byte	0x1
 118 0094 3C       		.byte	0x3c
 119 0095 0B       		.byte	0xb
 120 0096 80030000 		.4byte	0x380
 121 009a 05       		.uleb128 0x5
 122 009b 01       		.byte	0x1
 123 009c 3E       		.byte	0x3e
 124 009d 0B       		.byte	0xb
 125 009e 08030000 		.4byte	0x308
 126 00a2 05       		.uleb128 0x5
 127 00a3 01       		.byte	0x1
 128 00a4 3F       		.byte	0x3f
 129 00a5 0B       		.byte	0xb
 130 00a6 20030000 		.4byte	0x320
 131 00aa 05       		.uleb128 0x5
 132 00ab 01       		.byte	0x1
 133 00ac 41       		.byte	0x41
 134 00ad 0B       		.byte	0xb
 135 00ae B4020000 		.4byte	0x2b4
 136 00b2 05       		.uleb128 0x5
 137 00b3 01       		.byte	0x1
 138 00b4 42       		.byte	0x42
 139 00b5 0B       		.byte	0xb
 140 00b6 CC020000 		.4byte	0x2cc
 141 00ba 05       		.uleb128 0x5
 142 00bb 01       		.byte	0x1
 143 00bc 43       		.byte	0x43
 144 00bd 0B       		.byte	0xb
 145 00be E4020000 		.4byte	0x2e4
 146 00c2 05       		.uleb128 0x5
 147 00c3 01       		.byte	0x1
 148 00c4 44       		.byte	0x44
 149 00c5 0B       		.byte	0xb
 150 00c6 FC020000 		.4byte	0x2fc
 151 00ca 05       		.uleb128 0x5
 152 00cb 01       		.byte	0x1
 153 00cc 46       		.byte	0x46
 154 00cd 0B       		.byte	0xb
 155 00ce A4030000 		.4byte	0x3a4
 156 00d2 05       		.uleb128 0x5
 157 00d3 01       		.byte	0x1
 158 00d4 47       		.byte	0x47
 159 00d5 0B       		.byte	0xb
 160 00d6 BC030000 		.4byte	0x3bc
 161 00da 05       		.uleb128 0x5
 162 00db 01       		.byte	0x1
 163 00dc 48       		.byte	0x48
 164 00dd 0B       		.byte	0xb
 165 00de D4030000 		.4byte	0x3d4
 166 00e2 05       		.uleb128 0x5
 167 00e3 01       		.byte	0x1
 168 00e4 49       		.byte	0x49
 169 00e5 0B       		.byte	0xb
 170 00e6 EC030000 		.4byte	0x3ec
 171 00ea 05       		.uleb128 0x5
ARM GAS  /tmp/ccOWZRdG.s 			page 4


 172 00eb 01       		.byte	0x1
 173 00ec 4B       		.byte	0x4b
 174 00ed 0B       		.byte	0xb
 175 00ee 44030000 		.4byte	0x344
 176 00f2 05       		.uleb128 0x5
 177 00f3 01       		.byte	0x1
 178 00f4 4C       		.byte	0x4c
 179 00f5 0B       		.byte	0xb
 180 00f6 5C030000 		.4byte	0x35c
 181 00fa 05       		.uleb128 0x5
 182 00fb 01       		.byte	0x1
 183 00fc 4D       		.byte	0x4d
 184 00fd 0B       		.byte	0xb
 185 00fe 74030000 		.4byte	0x374
 186 0102 05       		.uleb128 0x5
 187 0103 01       		.byte	0x1
 188 0104 4E       		.byte	0x4e
 189 0105 0B       		.byte	0xb
 190 0106 8C030000 		.4byte	0x38c
 191 010a 05       		.uleb128 0x5
 192 010b 01       		.byte	0x1
 193 010c 50       		.byte	0x50
 194 010d 0B       		.byte	0xb
 195 010e 14030000 		.4byte	0x314
 196 0112 05       		.uleb128 0x5
 197 0113 01       		.byte	0x1
 198 0114 51       		.byte	0x51
 199 0115 0B       		.byte	0xb
 200 0116 2C030000 		.4byte	0x32c
 201 011a 05       		.uleb128 0x5
 202 011b 02       		.byte	0x2
 203 011c 54       		.byte	0x54
 204 011d 0B       		.byte	0xb
 205 011e E2080000 		.4byte	0x8e2
 206 0122 05       		.uleb128 0x5
 207 0123 02       		.byte	0x2
 208 0124 57       		.byte	0x57
 209 0125 0B       		.byte	0xb
 210 0126 FD080000 		.4byte	0x8fd
 211 012a 05       		.uleb128 0x5
 212 012b 02       		.byte	0x2
 213 012c 5D       		.byte	0x5d
 214 012d 0B       		.byte	0xb
 215 012e 13090000 		.4byte	0x913
 216 0132 05       		.uleb128 0x5
 217 0133 02       		.byte	0x2
 218 0134 5E       		.byte	0x5e
 219 0135 0B       		.byte	0xb
 220 0136 2E090000 		.4byte	0x92e
 221 013a 06       		.uleb128 0x6
 222 013b 03       		.byte	0x3
 223 013c 2904     		.2byte	0x429
 224 013e 0B       		.byte	0xb
 225 013f 61090000 		.4byte	0x961
 226 0143 06       		.uleb128 0x6
 227 0144 03       		.byte	0x3
 228 0145 2A04     		.2byte	0x42a
ARM GAS  /tmp/ccOWZRdG.s 			page 5


 229 0147 0B       		.byte	0xb
 230 0148 55090000 		.4byte	0x955
 231 014c 00       		.byte	0
 232 014d 07       		.uleb128 0x7
 233 014e 70000000 		.4byte	.LASF90
 234 0152 04       		.byte	0x4
 235 0153 2001     		.2byte	0x120
 236 0155 0B       		.byte	0xb
 237 0156 6D010000 		.4byte	0x16d
 238 015a 03       		.uleb128 0x3
 239 015b D2040000 		.4byte	.LASF0
 240 015f 04       		.byte	0x4
 241 0160 2201     		.2byte	0x122
 242 0162 41       		.byte	0x41
 243 0163 04       		.uleb128 0x4
 244 0164 04       		.byte	0x4
 245 0165 2201     		.2byte	0x122
 246 0167 41       		.byte	0x41
 247 0168 5A010000 		.4byte	0x15a
 248 016c 00       		.byte	0
 249 016d 08       		.uleb128 0x8
 250 016e 5F050000 		.4byte	.LASF1
 251 0172 05       		.byte	0x5
 252 0173 29       		.byte	0x29
 253 0174 17       		.byte	0x17
 254 0175 79010000 		.4byte	0x179
 255 0179 09       		.uleb128 0x9
 256 017a 01       		.byte	0x1
 257 017b 06       		.byte	0x6
 258 017c 9C080000 		.4byte	.LASF3
 259 0180 08       		.uleb128 0x8
 260 0181 E9060000 		.4byte	.LASF2
 261 0185 05       		.byte	0x5
 262 0186 2B       		.byte	0x2b
 263 0187 18       		.byte	0x18
 264 0188 8C010000 		.4byte	0x18c
 265 018c 09       		.uleb128 0x9
 266 018d 01       		.byte	0x1
 267 018e 08       		.byte	0x8
 268 018f ED070000 		.4byte	.LASF4
 269 0193 08       		.uleb128 0x8
 270 0194 DA040000 		.4byte	.LASF5
 271 0198 05       		.byte	0x5
 272 0199 37       		.byte	0x37
 273 019a 18       		.byte	0x18
 274 019b 9F010000 		.4byte	0x19f
 275 019f 09       		.uleb128 0x9
 276 01a0 02       		.byte	0x2
 277 01a1 05       		.byte	0x5
 278 01a2 14060000 		.4byte	.LASF6
 279 01a6 08       		.uleb128 0x8
 280 01a7 8C020000 		.4byte	.LASF7
 281 01ab 05       		.byte	0x5
 282 01ac 39       		.byte	0x39
 283 01ad 19       		.byte	0x19
 284 01ae B2010000 		.4byte	0x1b2
 285 01b2 09       		.uleb128 0x9
ARM GAS  /tmp/ccOWZRdG.s 			page 6


 286 01b3 02       		.byte	0x2
 287 01b4 07       		.byte	0x7
 288 01b5 A8080000 		.4byte	.LASF8
 289 01b9 08       		.uleb128 0x8
 290 01ba CA000000 		.4byte	.LASF9
 291 01be 05       		.byte	0x5
 292 01bf 4D       		.byte	0x4d
 293 01c0 18       		.byte	0x18
 294 01c1 C5010000 		.4byte	0x1c5
 295 01c5 09       		.uleb128 0x9
 296 01c6 04       		.byte	0x4
 297 01c7 05       		.byte	0x5
 298 01c8 32060000 		.4byte	.LASF10
 299 01cc 08       		.uleb128 0x8
 300 01cd 0E080000 		.4byte	.LASF11
 301 01d1 05       		.byte	0x5
 302 01d2 4F       		.byte	0x4f
 303 01d3 19       		.byte	0x19
 304 01d4 D8010000 		.4byte	0x1d8
 305 01d8 09       		.uleb128 0x9
 306 01d9 04       		.byte	0x4
 307 01da 07       		.byte	0x7
 308 01db 7C070000 		.4byte	.LASF12
 309 01df 08       		.uleb128 0x8
 310 01e0 68050000 		.4byte	.LASF13
 311 01e4 05       		.byte	0x5
 312 01e5 67       		.byte	0x67
 313 01e6 18       		.byte	0x18
 314 01e7 EB010000 		.4byte	0x1eb
 315 01eb 09       		.uleb128 0x9
 316 01ec 08       		.byte	0x8
 317 01ed 05       		.byte	0x5
 318 01ee BF040000 		.4byte	.LASF14
 319 01f2 08       		.uleb128 0x8
 320 01f3 F8030000 		.4byte	.LASF15
 321 01f7 05       		.byte	0x5
 322 01f8 69       		.byte	0x69
 323 01f9 19       		.byte	0x19
 324 01fa FE010000 		.4byte	0x1fe
 325 01fe 09       		.uleb128 0x9
 326 01ff 08       		.byte	0x8
 327 0200 07       		.byte	0x7
 328 0201 69020000 		.4byte	.LASF16
 329 0205 08       		.uleb128 0x8
 330 0206 48070000 		.4byte	.LASF17
 331 020a 05       		.byte	0x5
 332 020b 86       		.byte	0x86
 333 020c 1D       		.byte	0x1d
 334 020d 79010000 		.4byte	0x179
 335 0211 08       		.uleb128 0x8
 336 0212 E4050000 		.4byte	.LASF18
 337 0216 05       		.byte	0x5
 338 0217 88       		.byte	0x88
 339 0218 1E       		.byte	0x1e
 340 0219 8C010000 		.4byte	0x18c
 341 021d 08       		.uleb128 0x8
 342 021e 26050000 		.4byte	.LASF19
ARM GAS  /tmp/ccOWZRdG.s 			page 7


 343 0222 05       		.byte	0x5
 344 0223 A0       		.byte	0xa0
 345 0224 1E       		.byte	0x1e
 346 0225 9F010000 		.4byte	0x19f
 347 0229 08       		.uleb128 0x8
 348 022a 61070000 		.4byte	.LASF20
 349 022e 05       		.byte	0x5
 350 022f A2       		.byte	0xa2
 351 0230 1F       		.byte	0x1f
 352 0231 B2010000 		.4byte	0x1b2
 353 0235 08       		.uleb128 0x8
 354 0236 10010000 		.4byte	.LASF21
 355 023a 05       		.byte	0x5
 356 023b B6       		.byte	0xb6
 357 023c 1E       		.byte	0x1e
 358 023d C5010000 		.4byte	0x1c5
 359 0241 08       		.uleb128 0x8
 360 0242 D5030000 		.4byte	.LASF22
 361 0246 05       		.byte	0x5
 362 0247 B8       		.byte	0xb8
 363 0248 1F       		.byte	0x1f
 364 0249 D8010000 		.4byte	0x1d8
 365 024d 08       		.uleb128 0x8
 366 024e C8050000 		.4byte	.LASF23
 367 0252 05       		.byte	0x5
 368 0253 C8       		.byte	0xc8
 369 0254 1E       		.byte	0x1e
 370 0255 EB010000 		.4byte	0x1eb
 371 0259 08       		.uleb128 0x8
 372 025a 63080000 		.4byte	.LASF24
 373 025e 05       		.byte	0x5
 374 025f CA       		.byte	0xca
 375 0260 1F       		.byte	0x1f
 376 0261 FE010000 		.4byte	0x1fe
 377 0265 08       		.uleb128 0x8
 378 0266 72050000 		.4byte	.LASF25
 379 026a 05       		.byte	0x5
 380 026b D6       		.byte	0xd6
 381 026c 19       		.byte	0x19
 382 026d EB010000 		.4byte	0x1eb
 383 0271 08       		.uleb128 0x8
 384 0272 FE000000 		.4byte	.LASF26
 385 0276 05       		.byte	0x5
 386 0277 DE       		.byte	0xde
 387 0278 1A       		.byte	0x1a
 388 0279 FE010000 		.4byte	0x1fe
 389 027d 08       		.uleb128 0x8
 390 027e 83010000 		.4byte	.LASF27
 391 0282 05       		.byte	0x5
 392 0283 E6       		.byte	0xe6
 393 0284 19       		.byte	0x19
 394 0285 89020000 		.4byte	0x289
 395 0289 0A       		.uleb128 0xa
 396 028a 04       		.byte	0x4
 397 028b 05       		.byte	0x5
 398 028c 696E7400 		.ascii	"int\000"
 399 0290 0B       		.uleb128 0xb
ARM GAS  /tmp/ccOWZRdG.s 			page 8


 400 0291 89020000 		.4byte	0x289
 401 0295 08       		.uleb128 0x8
 402 0296 A8050000 		.4byte	.LASF28
 403 029a 05       		.byte	0x5
 404 029b E8       		.byte	0xe8
 405 029c 1A       		.byte	0x1a
 406 029d A1020000 		.4byte	0x2a1
 407 02a1 09       		.uleb128 0x9
 408 02a2 04       		.byte	0x4
 409 02a3 07       		.byte	0x7
 410 02a4 63000000 		.4byte	.LASF29
 411 02a8 08       		.uleb128 0x8
 412 02a9 F3010000 		.4byte	.LASF30
 413 02ad 06       		.byte	0x6
 414 02ae 14       		.byte	0x14
 415 02af 12       		.byte	0x12
 416 02b0 6D010000 		.4byte	0x16d
 417 02b4 08       		.uleb128 0x8
 418 02b5 7F040000 		.4byte	.LASF31
 419 02b9 06       		.byte	0x6
 420 02ba 18       		.byte	0x18
 421 02bb 13       		.byte	0x13
 422 02bc 80010000 		.4byte	0x180
 423 02c0 08       		.uleb128 0x8
 424 02c1 2A020000 		.4byte	.LASF32
 425 02c5 06       		.byte	0x6
 426 02c6 20       		.byte	0x20
 427 02c7 13       		.byte	0x13
 428 02c8 93010000 		.4byte	0x193
 429 02cc 08       		.uleb128 0x8
 430 02cd 92050000 		.4byte	.LASF33
 431 02d1 06       		.byte	0x6
 432 02d2 24       		.byte	0x24
 433 02d3 14       		.byte	0x14
 434 02d4 A6010000 		.4byte	0x1a6
 435 02d8 08       		.uleb128 0x8
 436 02d9 AD070000 		.4byte	.LASF34
 437 02dd 06       		.byte	0x6
 438 02de 2C       		.byte	0x2c
 439 02df 13       		.byte	0x13
 440 02e0 B9010000 		.4byte	0x1b9
 441 02e4 08       		.uleb128 0x8
 442 02e5 EA010000 		.4byte	.LASF35
 443 02e9 06       		.byte	0x6
 444 02ea 30       		.byte	0x30
 445 02eb 14       		.byte	0x14
 446 02ec CC010000 		.4byte	0x1cc
 447 02f0 08       		.uleb128 0x8
 448 02f1 68030000 		.4byte	.LASF36
 449 02f5 06       		.byte	0x6
 450 02f6 38       		.byte	0x38
 451 02f7 13       		.byte	0x13
 452 02f8 DF010000 		.4byte	0x1df
 453 02fc 08       		.uleb128 0x8
 454 02fd 6E060000 		.4byte	.LASF37
 455 0301 06       		.byte	0x6
 456 0302 3C       		.byte	0x3c
ARM GAS  /tmp/ccOWZRdG.s 			page 9


 457 0303 14       		.byte	0x14
 458 0304 F2010000 		.4byte	0x1f2
 459 0308 08       		.uleb128 0x8
 460 0309 A6000000 		.4byte	.LASF38
 461 030d 06       		.byte	0x6
 462 030e 43       		.byte	0x43
 463 030f 14       		.byte	0x14
 464 0310 65020000 		.4byte	0x265
 465 0314 08       		.uleb128 0x8
 466 0315 40020000 		.4byte	.LASF39
 467 0319 06       		.byte	0x6
 468 031a 48       		.byte	0x48
 469 031b 15       		.byte	0x15
 470 031c 71020000 		.4byte	0x271
 471 0320 08       		.uleb128 0x8
 472 0321 89050000 		.4byte	.LASF40
 473 0325 06       		.byte	0x6
 474 0326 4D       		.byte	0x4d
 475 0327 14       		.byte	0x14
 476 0328 7D020000 		.4byte	0x27d
 477 032c 08       		.uleb128 0x8
 478 032d 57070000 		.4byte	.LASF41
 479 0331 06       		.byte	0x6
 480 0332 52       		.byte	0x52
 481 0333 15       		.byte	0x15
 482 0334 95020000 		.4byte	0x295
 483 0338 08       		.uleb128 0x8
 484 0339 5B030000 		.4byte	.LASF42
 485 033d 07       		.byte	0x7
 486 033e 15       		.byte	0x15
 487 033f 18       		.byte	0x18
 488 0340 05020000 		.4byte	0x205
 489 0344 08       		.uleb128 0x8
 490 0345 C7030000 		.4byte	.LASF43
 491 0349 07       		.byte	0x7
 492 034a 16       		.byte	0x16
 493 034b 19       		.byte	0x19
 494 034c 11020000 		.4byte	0x211
 495 0350 08       		.uleb128 0x8
 496 0351 32020000 		.4byte	.LASF44
 497 0355 07       		.byte	0x7
 498 0356 1B       		.byte	0x1b
 499 0357 19       		.byte	0x19
 500 0358 1D020000 		.4byte	0x21d
 501 035c 08       		.uleb128 0x8
 502 035d DB010000 		.4byte	.LASF45
 503 0361 07       		.byte	0x7
 504 0362 1C       		.byte	0x1c
 505 0363 1A       		.byte	0x1a
 506 0364 29020000 		.4byte	0x229
 507 0368 08       		.uleb128 0x8
 508 0369 BE070000 		.4byte	.LASF46
 509 036d 07       		.byte	0x7
 510 036e 21       		.byte	0x21
 511 036f 19       		.byte	0x19
 512 0370 35020000 		.4byte	0x235
 513 0374 08       		.uleb128 0x8
ARM GAS  /tmp/ccOWZRdG.s 			page 10


 514 0375 33070000 		.4byte	.LASF47
 515 0379 07       		.byte	0x7
 516 037a 22       		.byte	0x22
 517 037b 1A       		.byte	0x1a
 518 037c 41020000 		.4byte	0x241
 519 0380 08       		.uleb128 0x8
 520 0381 AB030000 		.4byte	.LASF48
 521 0385 07       		.byte	0x7
 522 0386 27       		.byte	0x27
 523 0387 19       		.byte	0x19
 524 0388 4D020000 		.4byte	0x24d
 525 038c 08       		.uleb128 0x8
 526 038d C6020000 		.4byte	.LASF49
 527 0391 07       		.byte	0x7
 528 0392 28       		.byte	0x28
 529 0393 1A       		.byte	0x1a
 530 0394 59020000 		.4byte	0x259
 531 0398 08       		.uleb128 0x8
 532 0399 0A050000 		.4byte	.LASF50
 533 039d 07       		.byte	0x7
 534 039e 33       		.byte	0x33
 535 039f 1E       		.byte	0x1e
 536 03a0 89020000 		.4byte	0x289
 537 03a4 08       		.uleb128 0x8
 538 03a5 51080000 		.4byte	.LASF51
 539 03a9 07       		.byte	0x7
 540 03aa 34       		.byte	0x34
 541 03ab 1F       		.byte	0x1f
 542 03ac A1020000 		.4byte	0x2a1
 543 03b0 08       		.uleb128 0x8
 544 03b1 BD000000 		.4byte	.LASF52
 545 03b5 07       		.byte	0x7
 546 03b6 3D       		.byte	0x3d
 547 03b7 1F       		.byte	0x1f
 548 03b8 89020000 		.4byte	0x289
 549 03bc 08       		.uleb128 0x8
 550 03bd 00000000 		.4byte	.LASF53
 551 03c1 07       		.byte	0x7
 552 03c2 3E       		.byte	0x3e
 553 03c3 20       		.byte	0x20
 554 03c4 A1020000 		.4byte	0x2a1
 555 03c8 08       		.uleb128 0x8
 556 03c9 F4050000 		.4byte	.LASF54
 557 03cd 07       		.byte	0x7
 558 03ce 47       		.byte	0x47
 559 03cf 1F       		.byte	0x1f
 560 03d0 89020000 		.4byte	0x289
 561 03d4 08       		.uleb128 0x8
 562 03d5 3F050000 		.4byte	.LASF55
 563 03d9 07       		.byte	0x7
 564 03da 48       		.byte	0x48
 565 03db 20       		.byte	0x20
 566 03dc A1020000 		.4byte	0x2a1
 567 03e0 08       		.uleb128 0x8
 568 03e1 CE010000 		.4byte	.LASF56
 569 03e5 07       		.byte	0x7
 570 03e6 51       		.byte	0x51
ARM GAS  /tmp/ccOWZRdG.s 			page 11


 571 03e7 1F       		.byte	0x1f
 572 03e8 EB010000 		.4byte	0x1eb
 573 03ec 08       		.uleb128 0x8
 574 03ed AF000000 		.4byte	.LASF57
 575 03f1 07       		.byte	0x7
 576 03f2 52       		.byte	0x52
 577 03f3 20       		.byte	0x20
 578 03f4 FE010000 		.4byte	0x1fe
 579 03f8 0C       		.uleb128 0xc
 580 03f9 50494400 		.ascii	"PID\000"
 581 03fd 34       		.byte	0x34
 582 03fe 08       		.byte	0x8
 583 03ff 15       		.byte	0x15
 584 0400 07       		.byte	0x7
 585 0401 A9050000 		.4byte	0x5a9
 586 0405 0D       		.uleb128 0xd
 587 0406 50494400 		.ascii	"PID\000"
 588 040a 08       		.byte	0x8
 589 040b 17       		.byte	0x17
 590 040c 05       		.byte	0x5
 591 040d 95060000 		.4byte	.LASF171
 592 0411 A9050000 		.4byte	0x5a9
 593 0415 01       		.byte	0x1
 594 0416 1E040000 		.4byte	0x41e
 595 041a 47040000 		.4byte	0x447
 596 041e 0E       		.uleb128 0xe
 597 041f A9050000 		.4byte	0x5a9
 598 0423 0F       		.uleb128 0xf
 599 0424 AF050000 		.4byte	0x5af
 600 0428 0F       		.uleb128 0xf
 601 0429 AF050000 		.4byte	0x5af
 602 042d 0F       		.uleb128 0xf
 603 042e AF050000 		.4byte	0x5af
 604 0432 0F       		.uleb128 0xf
 605 0433 AF050000 		.4byte	0x5af
 606 0437 0F       		.uleb128 0xf
 607 0438 AF050000 		.4byte	0x5af
 608 043c 0F       		.uleb128 0xf
 609 043d AF050000 		.4byte	0x5af
 610 0441 0F       		.uleb128 0xf
 611 0442 AF050000 		.4byte	0x5af
 612 0446 00       		.byte	0
 613 0447 10       		.uleb128 0x10
 614 0448 20010000 		.4byte	.LASF58
 615 044c 08       		.byte	0x8
 616 044d 1A       		.byte	0x1a
 617 044e 0B       		.byte	0xb
 618 044f 99010000 		.4byte	.LASF146
 619 0453 AF050000 		.4byte	0x5af
 620 0457 01       		.byte	0x1
 621 0458 60040000 		.4byte	0x460
 622 045c 70040000 		.4byte	0x470
 623 0460 0E       		.uleb128 0xe
 624 0461 A9050000 		.4byte	0x5a9
 625 0465 0F       		.uleb128 0xf
 626 0466 AF050000 		.4byte	0x5af
 627 046a 0F       		.uleb128 0xf
ARM GAS  /tmp/ccOWZRdG.s 			page 12


 628 046b AF050000 		.4byte	0x5af
 629 046f 00       		.byte	0
 630 0470 11       		.uleb128 0x11
 631 0471 D5020000 		.4byte	.LASF59
 632 0475 08       		.byte	0x8
 633 0476 1B       		.byte	0x1b
 634 0477 0B       		.byte	0xb
 635 0478 96000000 		.4byte	.LASF61
 636 047c 01       		.byte	0x1
 637 047d 85040000 		.4byte	0x485
 638 0481 8B040000 		.4byte	0x48b
 639 0485 0E       		.uleb128 0xe
 640 0486 A9050000 		.4byte	0x5a9
 641 048a 00       		.byte	0
 642 048b 11       		.uleb128 0x11
 643 048c 92080000 		.4byte	.LASF60
 644 0490 08       		.byte	0x8
 645 0491 1C       		.byte	0x1c
 646 0492 0B       		.byte	0xb
 647 0493 7F060000 		.4byte	.LASF62
 648 0497 01       		.byte	0x1
 649 0498 A0040000 		.4byte	0x4a0
 650 049c B5040000 		.4byte	0x4b5
 651 04a0 0E       		.uleb128 0xe
 652 04a1 A9050000 		.4byte	0x5a9
 653 04a5 0F       		.uleb128 0xf
 654 04a6 AF050000 		.4byte	0x5af
 655 04aa 0F       		.uleb128 0xf
 656 04ab AF050000 		.4byte	0x5af
 657 04af 0F       		.uleb128 0xf
 658 04b0 AF050000 		.4byte	0x5af
 659 04b4 00       		.byte	0
 660 04b5 12       		.uleb128 0x12
 661 04b6 2D010000 		.4byte	.LASF137
 662 04ba 08       		.byte	0x8
 663 04bb 1F       		.byte	0x1f
 664 04bc 1C       		.byte	0x1c
 665 04bd B6050000 		.4byte	0x5b6
 666 04c1 04       		.byte	0x4
 667 04c2 00       		.byte	0
 668 04c3 50       		.byte	0x50
 669 04c4 43       		.byte	0x43
 670 04c5 48       		.byte	0x48
 671 04c6 13       		.uleb128 0x13
 672 04c7 5F6B7000 		.ascii	"_kp\000"
 673 04cb 08       		.byte	0x8
 674 04cc 21       		.byte	0x21
 675 04cd 0E       		.byte	0xe
 676 04ce AF050000 		.4byte	0x5af
 677 04d2 00       		.byte	0
 678 04d3 13       		.uleb128 0x13
 679 04d4 5F6B6900 		.ascii	"_ki\000"
 680 04d8 08       		.byte	0x8
 681 04d9 21       		.byte	0x21
 682 04da 13       		.byte	0x13
 683 04db AF050000 		.4byte	0x5af
 684 04df 04       		.byte	0x4
ARM GAS  /tmp/ccOWZRdG.s 			page 13


 685 04e0 13       		.uleb128 0x13
 686 04e1 5F6B6400 		.ascii	"_kd\000"
 687 04e5 08       		.byte	0x8
 688 04e6 21       		.byte	0x21
 689 04e7 18       		.byte	0x18
 690 04e8 AF050000 		.4byte	0x5af
 691 04ec 08       		.byte	0x8
 692 04ed 14       		.uleb128 0x14
 693 04ee 27010000 		.4byte	.LASF63
 694 04f2 08       		.byte	0x8
 695 04f3 22       		.byte	0x22
 696 04f4 0E       		.byte	0xe
 697 04f5 AF050000 		.4byte	0x5af
 698 04f9 0C       		.byte	0xc
 699 04fa 14       		.uleb128 0x14
 700 04fb E4040000 		.4byte	.LASF64
 701 04ff 08       		.byte	0x8
 702 0500 23       		.byte	0x23
 703 0501 0E       		.byte	0xe
 704 0502 AF050000 		.4byte	0x5af
 705 0506 10       		.byte	0x10
 706 0507 14       		.uleb128 0x14
 707 0508 83080000 		.4byte	.LASF65
 708 050c 08       		.byte	0x8
 709 050d 23       		.byte	0x23
 710 050e 1F       		.byte	0x1f
 711 050f AF050000 		.4byte	0x5af
 712 0513 14       		.byte	0x14
 713 0514 14       		.uleb128 0x14
 714 0515 8E070000 		.4byte	.LASF66
 715 0519 08       		.byte	0x8
 716 051a 23       		.byte	0x23
 717 051b 2F       		.byte	0x2f
 718 051c AF050000 		.4byte	0x5af
 719 0520 18       		.byte	0x18
 720 0521 14       		.uleb128 0x14
 721 0522 80020000 		.4byte	.LASF67
 722 0526 08       		.byte	0x8
 723 0527 24       		.byte	0x24
 724 0528 0E       		.byte	0xe
 725 0529 AF050000 		.4byte	0x5af
 726 052d 1C       		.byte	0x1c
 727 052e 14       		.uleb128 0x14
 728 052f 4E060000 		.4byte	.LASF68
 729 0533 08       		.byte	0x8
 730 0534 25       		.byte	0x25
 731 0535 0E       		.byte	0xe
 732 0536 AF050000 		.4byte	0x5af
 733 053a 20       		.byte	0x20
 734 053b 14       		.uleb128 0x14
 735 053c 2F090000 		.4byte	.LASF69
 736 0540 08       		.byte	0x8
 737 0541 26       		.byte	0x26
 738 0542 0E       		.byte	0xe
 739 0543 AF050000 		.4byte	0x5af
 740 0547 24       		.byte	0x24
 741 0548 14       		.uleb128 0x14
ARM GAS  /tmp/ccOWZRdG.s 			page 14


 742 0549 B5020000 		.4byte	.LASF70
 743 054d 08       		.byte	0x8
 744 054e 27       		.byte	0x27
 745 054f 0E       		.byte	0xe
 746 0550 AF050000 		.4byte	0x5af
 747 0554 28       		.byte	0x28
 748 0555 14       		.uleb128 0x14
 749 0556 22090000 		.4byte	.LASF71
 750 055a 08       		.byte	0x8
 751 055b 28       		.byte	0x28
 752 055c 0E       		.byte	0xe
 753 055d BB050000 		.4byte	0x5bb
 754 0561 2C       		.byte	0x2c
 755 0562 14       		.uleb128 0x14
 756 0563 B4050000 		.4byte	.LASF72
 757 0567 08       		.byte	0x8
 758 0568 29       		.byte	0x29
 759 0569 0E       		.byte	0xe
 760 056a E4020000 		.4byte	0x2e4
 761 056e 30       		.byte	0x30
 762 056f 15       		.uleb128 0x15
 763 0570 87040000 		.4byte	.LASF172
 764 0574 08       		.byte	0x8
 765 0575 2B       		.byte	0x2b
 766 0576 15       		.byte	0x15
 767 0577 19020000 		.4byte	.LASF173
 768 057b E4020000 		.4byte	0x2e4
 769 057f 16       		.uleb128 0x16
 770 0580 6E040000 		.4byte	.LASF117
 771 0584 08       		.byte	0x8
 772 0585 2C       		.byte	0x2c
 773 0586 0B       		.byte	0xb
 774 0587 36030000 		.4byte	.LASF174
 775 058b AF050000 		.4byte	0x5af
 776 058f 93050000 		.4byte	0x593
 777 0593 0E       		.uleb128 0xe
 778 0594 A9050000 		.4byte	0x5a9
 779 0598 0F       		.uleb128 0xf
 780 0599 AF050000 		.4byte	0x5af
 781 059d 0F       		.uleb128 0xf
 782 059e AF050000 		.4byte	0x5af
 783 05a2 0F       		.uleb128 0xf
 784 05a3 E4020000 		.4byte	0x2e4
 785 05a7 00       		.byte	0
 786 05a8 00       		.byte	0
 787 05a9 17       		.uleb128 0x17
 788 05aa 04       		.byte	0x4
 789 05ab F8030000 		.4byte	0x3f8
 790 05af 09       		.uleb128 0x9
 791 05b0 04       		.byte	0x4
 792 05b1 04       		.byte	0x4
 793 05b2 09020000 		.4byte	.LASF73
 794 05b6 0B       		.uleb128 0xb
 795 05b7 AF050000 		.4byte	0x5af
 796 05bb 09       		.uleb128 0x9
 797 05bc 01       		.byte	0x1
 798 05bd 02       		.byte	0x2
ARM GAS  /tmp/ccOWZRdG.s 			page 15


 799 05be CD040000 		.4byte	.LASF74
 800 05c2 18       		.uleb128 0x18
 801 05c3 B5070000 		.4byte	.LASF79
 802 05c7 1C       		.byte	0x1c
 803 05c8 09       		.byte	0x9
 804 05c9 12       		.byte	0x12
 805 05ca 08       		.byte	0x8
 806 05cb 28060000 		.4byte	0x628
 807 05cf 13       		.uleb128 0x13
 808 05d0 6B7000   		.ascii	"kp\000"
 809 05d3 09       		.byte	0x9
 810 05d4 13       		.byte	0x13
 811 05d5 0B       		.byte	0xb
 812 05d6 AF050000 		.4byte	0x5af
 813 05da 00       		.byte	0
 814 05db 13       		.uleb128 0x13
 815 05dc 6B6900   		.ascii	"ki\000"
 816 05df 09       		.byte	0x9
 817 05e0 13       		.byte	0x13
 818 05e1 0F       		.byte	0xf
 819 05e2 AF050000 		.4byte	0x5af
 820 05e6 04       		.byte	0x4
 821 05e7 13       		.uleb128 0x13
 822 05e8 6B6400   		.ascii	"kd\000"
 823 05eb 09       		.byte	0x9
 824 05ec 13       		.byte	0x13
 825 05ed 13       		.byte	0x13
 826 05ee AF050000 		.4byte	0x5af
 827 05f2 08       		.byte	0x8
 828 05f3 14       		.uleb128 0x14
 829 05f4 5E080000 		.4byte	.LASF75
 830 05f8 09       		.byte	0x9
 831 05f9 13       		.byte	0x13
 832 05fa 17       		.byte	0x17
 833 05fb AF050000 		.4byte	0x5af
 834 05ff 0C       		.byte	0xc
 835 0600 14       		.uleb128 0x14
 836 0601 CC070000 		.4byte	.LASF76
 837 0605 09       		.byte	0x9
 838 0606 14       		.byte	0x14
 839 0607 0B       		.byte	0xb
 840 0608 AF050000 		.4byte	0x5af
 841 060c 10       		.byte	0x10
 842 060d 14       		.uleb128 0x14
 843 060e 1E060000 		.4byte	.LASF77
 844 0612 09       		.byte	0x9
 845 0613 14       		.byte	0x14
 846 0614 1B       		.byte	0x1b
 847 0615 AF050000 		.4byte	0x5af
 848 0619 14       		.byte	0x14
 849 061a 14       		.uleb128 0x14
 850 061b D4000000 		.4byte	.LASF78
 851 061f 09       		.byte	0x9
 852 0620 14       		.byte	0x14
 853 0621 2A       		.byte	0x2a
 854 0622 AF050000 		.4byte	0x5af
 855 0626 18       		.byte	0x18
ARM GAS  /tmp/ccOWZRdG.s 			page 16


 856 0627 00       		.byte	0
 857 0628 0B       		.uleb128 0xb
 858 0629 C2050000 		.4byte	0x5c2
 859 062d 18       		.uleb128 0x18
 860 062e FB070000 		.4byte	.LASF80
 861 0632 E4       		.byte	0xe4
 862 0633 09       		.byte	0x9
 863 0634 39       		.byte	0x39
 864 0635 08       		.byte	0x8
 865 0636 B0060000 		.4byte	0x6b0
 866 063a 14       		.uleb128 0x14
 867 063b 8E040000 		.4byte	.LASF81
 868 063f 09       		.byte	0x9
 869 0640 3A       		.byte	0x3a
 870 0641 0E       		.byte	0xe
 871 0642 C2050000 		.4byte	0x5c2
 872 0646 00       		.byte	0
 873 0647 14       		.uleb128 0x14
 874 0648 44060000 		.4byte	.LASF82
 875 064c 09       		.byte	0x9
 876 064d 3A       		.byte	0x3a
 877 064e 18       		.byte	0x18
 878 064f C2050000 		.4byte	0x5c2
 879 0653 1C       		.byte	0x1c
 880 0654 14       		.uleb128 0x14
 881 0655 F4040000 		.4byte	.LASF83
 882 0659 09       		.byte	0x9
 883 065a 3A       		.byte	0x3a
 884 065b 23       		.byte	0x23
 885 065c C2050000 		.4byte	0x5c2
 886 0660 38       		.byte	0x38
 887 0661 14       		.uleb128 0x14
 888 0662 58000000 		.4byte	.LASF84
 889 0666 09       		.byte	0x9
 890 0667 3A       		.byte	0x3a
 891 0668 2E       		.byte	0x2e
 892 0669 C2050000 		.4byte	0x5c2
 893 066d 54       		.byte	0x54
 894 066e 14       		.uleb128 0x14
 895 066f 2E040000 		.4byte	.LASF85
 896 0673 09       		.byte	0x9
 897 0674 3A       		.byte	0x3a
 898 0675 3A       		.byte	0x3a
 899 0676 C2050000 		.4byte	0x5c2
 900 067a 70       		.byte	0x70
 901 067b 14       		.uleb128 0x14
 902 067c BF050000 		.4byte	.LASF86
 903 0680 09       		.byte	0x9
 904 0681 3A       		.byte	0x3a
 905 0682 44       		.byte	0x44
 906 0683 C2050000 		.4byte	0x5c2
 907 0687 8C       		.byte	0x8c
 908 0688 14       		.uleb128 0x14
 909 0689 03040000 		.4byte	.LASF87
 910 068d 09       		.byte	0x9
 911 068e 3B       		.byte	0x3b
 912 068f 0E       		.byte	0xe
ARM GAS  /tmp/ccOWZRdG.s 			page 17


 913 0690 C2050000 		.4byte	0x5c2
 914 0694 A8       		.byte	0xa8
 915 0695 14       		.uleb128 0x14
 916 0696 0E040000 		.4byte	.LASF88
 917 069a 09       		.byte	0x9
 918 069b 3B       		.byte	0x3b
 919 069c 1A       		.byte	0x1a
 920 069d C2050000 		.4byte	0x5c2
 921 06a1 C4       		.byte	0xc4
 922 06a2 14       		.uleb128 0x14
 923 06a3 57090000 		.4byte	.LASF89
 924 06a7 09       		.byte	0x9
 925 06a8 3C       		.byte	0x3c
 926 06a9 0E       		.byte	0xe
 927 06aa AF050000 		.4byte	0x5af
 928 06ae E0       		.byte	0xe0
 929 06af 00       		.byte	0
 930 06b0 0B       		.uleb128 0xb
 931 06b1 2D060000 		.4byte	0x62d
 932 06b5 19       		.uleb128 0x19
 933 06b6 B6040000 		.4byte	.LASF91
 934 06ba 0A       		.byte	0xa
 935 06bb 17       		.byte	0x17
 936 06bc 0B       		.byte	0xb
 937 06bd B0070000 		.4byte	0x7b0
 938 06c1 1A       		.uleb128 0x1a
 939 06c2 5800     		.ascii	"X\000"
 940 06c4 0A       		.byte	0xa
 941 06c5 19       		.byte	0x19
 942 06c6 13       		.byte	0x13
 943 06c7 90020000 		.4byte	0x290
 944 06cb 00       		.byte	0
 945 06cc 1A       		.uleb128 0x1a
 946 06cd 5900     		.ascii	"Y\000"
 947 06cf 0A       		.byte	0xa
 948 06d0 1A       		.byte	0x1a
 949 06d1 13       		.byte	0x13
 950 06d2 90020000 		.4byte	0x290
 951 06d6 01       		.byte	0x1
 952 06d7 1B       		.uleb128 0x1b
 953 06d8 28040000 		.4byte	.LASF92
 954 06dc 0A       		.byte	0xa
 955 06dd 1B       		.byte	0x1b
 956 06de 13       		.byte	0x13
 957 06df 90020000 		.4byte	0x290
 958 06e3 02       		.byte	0x2
 959 06e4 1A       		.uleb128 0x1a
 960 06e5 5500     		.ascii	"U\000"
 961 06e7 0A       		.byte	0xa
 962 06e8 1E       		.byte	0x1e
 963 06e9 13       		.byte	0x13
 964 06ea 90020000 		.4byte	0x290
 965 06ee 03       		.byte	0x3
 966 06ef 1A       		.uleb128 0x1a
 967 06f0 5600     		.ascii	"V\000"
 968 06f2 0A       		.byte	0xa
 969 06f3 1F       		.byte	0x1f
ARM GAS  /tmp/ccOWZRdG.s 			page 18


 970 06f4 13       		.byte	0x13
 971 06f5 90020000 		.4byte	0x290
 972 06f9 04       		.byte	0x4
 973 06fa 1A       		.uleb128 0x1a
 974 06fb 5700     		.ascii	"W\000"
 975 06fd 0A       		.byte	0xa
 976 06fe 20       		.byte	0x20
 977 06ff 13       		.byte	0x13
 978 0700 90020000 		.4byte	0x290
 979 0704 05       		.byte	0x5
 980 0705 1B       		.uleb128 0x1b
 981 0706 1A040000 		.4byte	.LASF93
 982 070a 0A       		.byte	0xa
 983 070b 23       		.byte	0x23
 984 070c 13       		.byte	0x13
 985 070d 90020000 		.4byte	0x290
 986 0711 06       		.byte	0x6
 987 0712 1B       		.uleb128 0x1b
 988 0713 24000000 		.4byte	.LASF94
 989 0717 0A       		.byte	0xa
 990 0718 24       		.byte	0x24
 991 0719 13       		.byte	0x13
 992 071a 90020000 		.4byte	0x290
 993 071e 07       		.byte	0x7
 994 071f 1B       		.uleb128 0x1b
 995 0720 2C060000 		.4byte	.LASF95
 996 0724 0A       		.byte	0xa
 997 0725 25       		.byte	0x25
 998 0726 13       		.byte	0x13
 999 0727 90020000 		.4byte	0x290
 1000 072b 08       		.byte	0x8
 1001 072c 1A       		.uleb128 0x1a
 1002 072d 513000   		.ascii	"Q0\000"
 1003 0730 0A       		.byte	0xa
 1004 0731 28       		.byte	0x28
 1005 0732 13       		.byte	0x13
 1006 0733 90020000 		.4byte	0x290
 1007 0737 09       		.byte	0x9
 1008 0738 1A       		.uleb128 0x1a
 1009 0739 513100   		.ascii	"Q1\000"
 1010 073c 0A       		.byte	0xa
 1011 073d 29       		.byte	0x29
 1012 073e 13       		.byte	0x13
 1013 073f 90020000 		.4byte	0x290
 1014 0743 0A       		.byte	0xa
 1015 0744 1A       		.uleb128 0x1a
 1016 0745 513200   		.ascii	"Q2\000"
 1017 0748 0A       		.byte	0xa
 1018 0749 2A       		.byte	0x2a
 1019 074a 13       		.byte	0x13
 1020 074b 90020000 		.4byte	0x290
 1021 074f 0B       		.byte	0xb
 1022 0750 1A       		.uleb128 0x1a
 1023 0751 513300   		.ascii	"Q3\000"
 1024 0754 0A       		.byte	0xa
 1025 0755 2B       		.byte	0x2b
 1026 0756 13       		.byte	0x13
ARM GAS  /tmp/ccOWZRdG.s 			page 19


 1027 0757 90020000 		.4byte	0x290
 1028 075b 0C       		.byte	0xc
 1029 075c 1A       		.uleb128 0x1a
 1030 075d 5000     		.ascii	"P\000"
 1031 075f 0A       		.byte	0xa
 1032 0760 2E       		.byte	0x2e
 1033 0761 13       		.byte	0x13
 1034 0762 90020000 		.4byte	0x290
 1035 0766 0D       		.byte	0xd
 1036 0767 1A       		.uleb128 0x1a
 1037 0768 5100     		.ascii	"Q\000"
 1038 076a 0A       		.byte	0xa
 1039 076b 2F       		.byte	0x2f
 1040 076c 13       		.byte	0x13
 1041 076d 90020000 		.4byte	0x290
 1042 0771 0E       		.byte	0xe
 1043 0772 1A       		.uleb128 0x1a
 1044 0773 5200     		.ascii	"R\000"
 1045 0775 0A       		.byte	0xa
 1046 0776 30       		.byte	0x30
 1047 0777 13       		.byte	0x13
 1048 0778 90020000 		.4byte	0x290
 1049 077c 0F       		.byte	0xf
 1050 077d 1B       		.uleb128 0x1b
 1051 077e 0A010000 		.4byte	.LASF96
 1052 0782 0A       		.byte	0xa
 1053 0783 34       		.byte	0x34
 1054 0784 13       		.byte	0x13
 1055 0785 90020000 		.4byte	0x290
 1056 0789 10       		.byte	0x10
 1057 078a 1B       		.uleb128 0x1b
 1058 078b 42070000 		.4byte	.LASF97
 1059 078f 0A       		.byte	0xa
 1060 0790 35       		.byte	0x35
 1061 0791 13       		.byte	0x13
 1062 0792 90020000 		.4byte	0x290
 1063 0796 11       		.byte	0x11
 1064 0797 1B       		.uleb128 0x1b
 1065 0798 68040000 		.4byte	.LASF98
 1066 079c 0A       		.byte	0xa
 1067 079d 36       		.byte	0x36
 1068 079e 13       		.byte	0x13
 1069 079f 90020000 		.4byte	0x290
 1070 07a3 12       		.byte	0x12
 1071 07a4 1A       		.uleb128 0x1a
 1072 07a5 4E00     		.ascii	"N\000"
 1073 07a7 0A       		.byte	0xa
 1074 07a8 39       		.byte	0x39
 1075 07a9 13       		.byte	0x13
 1076 07aa 90020000 		.4byte	0x290
 1077 07ae 13       		.byte	0x13
 1078 07af 00       		.byte	0
 1079 07b0 1C       		.uleb128 0x1c
 1080 07b1 C1060000 		.4byte	0x6c1
 1081 07b5 1C       		.uleb128 0x1c
 1082 07b6 CC060000 		.4byte	0x6cc
 1083 07ba 1C       		.uleb128 0x1c
ARM GAS  /tmp/ccOWZRdG.s 			page 20


 1084 07bb D7060000 		.4byte	0x6d7
 1085 07bf 1C       		.uleb128 0x1c
 1086 07c0 E4060000 		.4byte	0x6e4
 1087 07c4 1C       		.uleb128 0x1c
 1088 07c5 EF060000 		.4byte	0x6ef
 1089 07c9 1C       		.uleb128 0x1c
 1090 07ca FA060000 		.4byte	0x6fa
 1091 07ce 1C       		.uleb128 0x1c
 1092 07cf 05070000 		.4byte	0x705
 1093 07d3 1C       		.uleb128 0x1c
 1094 07d4 12070000 		.4byte	0x712
 1095 07d8 1C       		.uleb128 0x1c
 1096 07d9 1F070000 		.4byte	0x71f
 1097 07dd 1C       		.uleb128 0x1c
 1098 07de 2C070000 		.4byte	0x72c
 1099 07e2 1C       		.uleb128 0x1c
 1100 07e3 38070000 		.4byte	0x738
 1101 07e7 1C       		.uleb128 0x1c
 1102 07e8 44070000 		.4byte	0x744
 1103 07ec 1C       		.uleb128 0x1c
 1104 07ed 50070000 		.4byte	0x750
 1105 07f1 1C       		.uleb128 0x1c
 1106 07f2 5C070000 		.4byte	0x75c
 1107 07f6 1C       		.uleb128 0x1c
 1108 07f7 67070000 		.4byte	0x767
 1109 07fb 1C       		.uleb128 0x1c
 1110 07fc 72070000 		.4byte	0x772
 1111 0800 1C       		.uleb128 0x1c
 1112 0801 7D070000 		.4byte	0x77d
 1113 0805 1C       		.uleb128 0x1c
 1114 0806 8A070000 		.4byte	0x78a
 1115 080a 1C       		.uleb128 0x1c
 1116 080b 97070000 		.4byte	0x797
 1117 080f 1C       		.uleb128 0x1c
 1118 0810 A4070000 		.4byte	0x7a4
 1119 0814 19       		.uleb128 0x19
 1120 0815 E7080000 		.4byte	.LASF99
 1121 0819 0A       		.byte	0xa
 1122 081a 3C       		.byte	0x3c
 1123 081b 0B       		.byte	0xb
 1124 081c 7C080000 		.4byte	0x87c
 1125 0820 1B       		.uleb128 0x1b
 1126 0821 2A080000 		.4byte	.LASF100
 1127 0825 0A       		.byte	0xa
 1128 0826 3D       		.byte	0x3d
 1129 0827 13       		.byte	0x13
 1130 0828 90020000 		.4byte	0x290
 1131 082c 00       		.byte	0
 1132 082d 1B       		.uleb128 0x1b
 1133 082e 3B060000 		.4byte	.LASF101
 1134 0832 0A       		.byte	0xa
 1135 0833 3E       		.byte	0x3e
 1136 0834 13       		.byte	0x13
 1137 0835 90020000 		.4byte	0x290
 1138 0839 01       		.byte	0x1
 1139 083a 1B       		.uleb128 0x1b
 1140 083b A7060000 		.4byte	.LASF102
ARM GAS  /tmp/ccOWZRdG.s 			page 21


 1141 083f 0A       		.byte	0xa
 1142 0840 3F       		.byte	0x3f
 1143 0841 13       		.byte	0x13
 1144 0842 90020000 		.4byte	0x290
 1145 0846 02       		.byte	0x2
 1146 0847 1B       		.uleb128 0x1b
 1147 0848 24030000 		.4byte	.LASF103
 1148 084c 0A       		.byte	0xa
 1149 084d 40       		.byte	0x40
 1150 084e 13       		.byte	0x13
 1151 084f 90020000 		.4byte	0x290
 1152 0853 03       		.byte	0x3
 1153 0854 1B       		.uleb128 0x1b
 1154 0855 D8050000 		.4byte	.LASF104
 1155 0859 0A       		.byte	0xa
 1156 085a 41       		.byte	0x41
 1157 085b 13       		.byte	0x13
 1158 085c 90020000 		.4byte	0x290
 1159 0860 04       		.byte	0x4
 1160 0861 1B       		.uleb128 0x1b
 1161 0862 36050000 		.4byte	.LASF105
 1162 0866 0A       		.byte	0xa
 1163 0867 42       		.byte	0x42
 1164 0868 13       		.byte	0x13
 1165 0869 90020000 		.4byte	0x290
 1166 086d 05       		.byte	0x5
 1167 086e 1B       		.uleb128 0x1b
 1168 086f 2D030000 		.4byte	.LASF106
 1169 0873 0A       		.byte	0xa
 1170 0874 43       		.byte	0x43
 1171 0875 13       		.byte	0x13
 1172 0876 90020000 		.4byte	0x290
 1173 087a 06       		.byte	0x6
 1174 087b 00       		.byte	0
 1175 087c 1C       		.uleb128 0x1c
 1176 087d 20080000 		.4byte	0x820
 1177 0881 1C       		.uleb128 0x1c
 1178 0882 2D080000 		.4byte	0x82d
 1179 0886 1C       		.uleb128 0x1c
 1180 0887 3A080000 		.4byte	0x83a
 1181 088b 1C       		.uleb128 0x1c
 1182 088c 47080000 		.4byte	0x847
 1183 0890 1C       		.uleb128 0x1c
 1184 0891 54080000 		.4byte	0x854
 1185 0895 1C       		.uleb128 0x1c
 1186 0896 61080000 		.4byte	0x861
 1187 089a 1C       		.uleb128 0x1c
 1188 089b 6E080000 		.4byte	0x86e
 1189 089f 1D       		.uleb128 0x1d
 1190 08a0 97040000 		.4byte	.LASF175
 1191 08a4 12       		.byte	0x12
 1192 08a5 45       		.byte	0x45
 1193 08a6 18       		.byte	0x18
 1194 08a7 B6050000 		.4byte	0x5b6
 1195 08ab 04       		.byte	0x4
 1196 08ac 8FC2F53E 		.4byte	0x3ef5c28f
 1197 08b0 08       		.uleb128 0x8
ARM GAS  /tmp/ccOWZRdG.s 			page 22


 1198 08b1 54030000 		.4byte	.LASF107
 1199 08b5 0B       		.byte	0xb
 1200 08b6 D1       		.byte	0xd1
 1201 08b7 17       		.byte	0x17
 1202 08b8 A1020000 		.4byte	0x2a1
 1203 08bc 09       		.uleb128 0x9
 1204 08bd 08       		.byte	0x8
 1205 08be 04       		.byte	0x4
 1206 08bf 7D050000 		.4byte	.LASF108
 1207 08c3 1E       		.uleb128 0x1e
 1208 08c4 3F080000 		.4byte	.LASF176
 1209 08c8 1F       		.uleb128 0x1f
 1210 08c9 04       		.byte	0x4
 1211 08ca 17       		.uleb128 0x17
 1212 08cb 04       		.byte	0x4
 1213 08cc D0080000 		.4byte	0x8d0
 1214 08d0 09       		.uleb128 0x9
 1215 08d1 01       		.byte	0x1
 1216 08d2 08       		.byte	0x8
 1217 08d3 63040000 		.4byte	.LASF109
 1218 08d7 0B       		.uleb128 0xb
 1219 08d8 D0080000 		.4byte	0x8d0
 1220 08dc 17       		.uleb128 0x17
 1221 08dd 04       		.byte	0x4
 1222 08de D7080000 		.4byte	0x8d7
 1223 08e2 20       		.uleb128 0x20
 1224 08e3 20040000 		.4byte	.LASF110
 1225 08e7 0C       		.byte	0xc
 1226 08e8 25       		.byte	0x25
 1227 08e9 06       		.byte	0x6
 1228 08ea 89020000 		.4byte	0x289
 1229 08ee FD080000 		.4byte	0x8fd
 1230 08f2 0F       		.uleb128 0xf
 1231 08f3 DC080000 		.4byte	0x8dc
 1232 08f7 0F       		.uleb128 0xf
 1233 08f8 DC080000 		.4byte	0x8dc
 1234 08fc 00       		.byte	0
 1235 08fd 20       		.uleb128 0x20
 1236 08fe F5000000 		.4byte	.LASF111
 1237 0902 0C       		.byte	0xc
 1238 0903 28       		.byte	0x28
 1239 0904 08       		.byte	0x8
 1240 0905 CA080000 		.4byte	0x8ca
 1241 0909 13090000 		.4byte	0x913
 1242 090d 0F       		.uleb128 0xf
 1243 090e 89020000 		.4byte	0x289
 1244 0912 00       		.byte	0
 1245 0913 20       		.uleb128 0x20
 1246 0914 C0030000 		.4byte	.LASF112
 1247 0918 0C       		.byte	0xc
 1248 0919 32       		.byte	0x32
 1249 091a 08       		.byte	0x8
 1250 091b CA080000 		.4byte	0x8ca
 1251 091f 2E090000 		.4byte	0x92e
 1252 0923 0F       		.uleb128 0xf
 1253 0924 CA080000 		.4byte	0x8ca
 1254 0928 0F       		.uleb128 0xf
ARM GAS  /tmp/ccOWZRdG.s 			page 23


 1255 0929 DC080000 		.4byte	0x8dc
 1256 092d 00       		.byte	0
 1257 092e 20       		.uleb128 0x20
 1258 092f 70030000 		.4byte	.LASF113
 1259 0933 0C       		.byte	0xc
 1260 0934 34       		.byte	0x34
 1261 0935 09       		.byte	0x9
 1262 0936 B0080000 		.4byte	0x8b0
 1263 093a 4E090000 		.4byte	0x94e
 1264 093e 0F       		.uleb128 0xf
 1265 093f CA080000 		.4byte	0x8ca
 1266 0943 0F       		.uleb128 0xf
 1267 0944 DC080000 		.4byte	0x8dc
 1268 0948 0F       		.uleb128 0xf
 1269 0949 B0080000 		.4byte	0x8b0
 1270 094d 00       		.byte	0
 1271 094e 09       		.uleb128 0x9
 1272 094f 08       		.byte	0x8
 1273 0950 04       		.byte	0x4
 1274 0951 B9030000 		.4byte	.LASF114
 1275 0955 08       		.uleb128 0x8
 1276 0956 37040000 		.4byte	.LASF115
 1277 095a 0D       		.byte	0xd
 1278 095b 96       		.byte	0x96
 1279 095c 14       		.byte	0x14
 1280 095d AF050000 		.4byte	0x5af
 1281 0961 08       		.uleb128 0x8
 1282 0962 30000000 		.4byte	.LASF116
 1283 0966 0D       		.byte	0xd
 1284 0967 97       		.byte	0x97
 1285 0968 14       		.byte	0x14
 1286 0969 4E090000 		.4byte	0x94e
 1287 096d 21       		.uleb128 0x21
 1288 096e 97020000 		.4byte	.LASF119
 1289 0972 B001     		.2byte	0x1b0
 1290 0974 0F       		.byte	0xf
 1291 0975 19       		.byte	0x19
 1292 0976 07       		.byte	0x7
 1293 0977 2E0B0000 		.4byte	0xb2e
 1294 097b 290B0000 		.4byte	0xb29
 1295 097f 22       		.uleb128 0x22
 1296 0980 2E0B0000 		.4byte	0xb2e
 1297 0984 00       		.byte	0
 1298 0985 01       		.byte	0x1
 1299 0986 23       		.uleb128 0x23
 1300 0987 FA010000 		.4byte	.LASF118
 1301 098b 6C010000 		.4byte	.LASF120
 1302 098f C8080000 		.4byte	0x8c8
 1303 0993 01       		.byte	0x1
 1304 0994 9C090000 		.4byte	0x99c
 1305 0998 A7090000 		.4byte	0x9a7
 1306 099c 0E       		.uleb128 0xe
 1307 099d 120C0000 		.4byte	0xc12
 1308 09a1 0E       		.uleb128 0xe
 1309 09a2 89020000 		.4byte	0x289
 1310 09a6 00       		.byte	0
 1311 09a7 23       		.uleb128 0x23
ARM GAS  /tmp/ccOWZRdG.s 			page 24


 1312 09a8 97020000 		.4byte	.LASF119
 1313 09ac F9080000 		.4byte	.LASF121
 1314 09b0 120C0000 		.4byte	0xc12
 1315 09b4 01       		.byte	0x1
 1316 09b5 BD090000 		.4byte	0x9bd
 1317 09b9 C8090000 		.4byte	0x9c8
 1318 09bd 0E       		.uleb128 0xe
 1319 09be 120C0000 		.4byte	0xc12
 1320 09c2 0F       		.uleb128 0xf
 1321 09c3 1D0C0000 		.4byte	0xc1d
 1322 09c7 00       		.byte	0
 1323 09c8 23       		.uleb128 0x23
 1324 09c9 97020000 		.4byte	.LASF119
 1325 09cd AB010000 		.4byte	.LASF122
 1326 09d1 120C0000 		.4byte	0xc12
 1327 09d5 01       		.byte	0x1
 1328 09d6 DE090000 		.4byte	0x9de
 1329 09da E9090000 		.4byte	0x9e9
 1330 09de 0E       		.uleb128 0xe
 1331 09df 120C0000 		.4byte	0xc12
 1332 09e3 0F       		.uleb128 0xf
 1333 09e4 230C0000 		.4byte	0xc23
 1334 09e8 00       		.byte	0
 1335 09e9 24       		.uleb128 0x24
 1336 09ea 97020000 		.4byte	.LASF119
 1337 09ee 0E       		.byte	0xe
 1338 09ef 0B       		.byte	0xb
 1339 09f0 01       		.byte	0x1
 1340 09f1 BB080000 		.4byte	.LASF177
 1341 09f5 120C0000 		.4byte	0xc12
 1342 09f9 01       		.byte	0x1
 1343 09fa 020A0000 		.4byte	0xa02
 1344 09fe 0D0A0000 		.4byte	0xa0d
 1345 0a02 0E       		.uleb128 0xe
 1346 0a03 120C0000 		.4byte	0xc12
 1347 0a07 0F       		.uleb128 0xf
 1348 0a08 290C0000 		.4byte	0xc29
 1349 0a0c 00       		.byte	0
 1350 0a0d 25       		.uleb128 0x25
 1351 0a0e 20010000 		.4byte	.LASF58
 1352 0a12 0E       		.byte	0xe
 1353 0a13 19       		.byte	0x19
 1354 0a14 06       		.byte	0x6
 1355 0a15 78030000 		.4byte	.LASF124
 1356 0a19 01       		.byte	0x1
 1357 0a1a 02       		.uleb128 0x2
 1358 0a1b 10       		.byte	0x10
 1359 0a1c 00       		.uleb128 0
 1360 0a1d 6D090000 		.4byte	0x96d
 1361 0a21 01       		.byte	0x1
 1362 0a22 2A0A0000 		.4byte	0xa2a
 1363 0a26 4E0A0000 		.4byte	0xa4e
 1364 0a2a 0E       		.uleb128 0xe
 1365 0a2b 120C0000 		.4byte	0xc12
 1366 0a2f 0F       		.uleb128 0xf
 1367 0a30 2F0C0000 		.4byte	0xc2f
 1368 0a34 0F       		.uleb128 0xf
ARM GAS  /tmp/ccOWZRdG.s 			page 25


 1369 0a35 2F0C0000 		.4byte	0xc2f
 1370 0a39 0F       		.uleb128 0xf
 1371 0a3a 2F0C0000 		.4byte	0xc2f
 1372 0a3e 0F       		.uleb128 0xf
 1373 0a3f 2F0C0000 		.4byte	0xc2f
 1374 0a43 0F       		.uleb128 0xf
 1375 0a44 350C0000 		.4byte	0xc35
 1376 0a48 0F       		.uleb128 0xf
 1377 0a49 450C0000 		.4byte	0xc45
 1378 0a4d 00       		.byte	0
 1379 0a4e 25       		.uleb128 0x25
 1380 0a4f 72070000 		.4byte	.LASF123
 1381 0a53 0E       		.byte	0xe
 1382 0a54 41       		.byte	0x41
 1383 0a55 06       		.byte	0x6
 1384 0a56 39000000 		.4byte	.LASF125
 1385 0a5a 01       		.byte	0x1
 1386 0a5b 02       		.uleb128 0x2
 1387 0a5c 10       		.byte	0x10
 1388 0a5d 01       		.uleb128 0x1
 1389 0a5e 6D090000 		.4byte	0x96d
 1390 0a62 01       		.byte	0x1
 1391 0a63 6B0A0000 		.4byte	0xa6b
 1392 0a67 710A0000 		.4byte	0xa71
 1393 0a6b 0E       		.uleb128 0xe
 1394 0a6c 120C0000 		.4byte	0xc12
 1395 0a70 00       		.byte	0
 1396 0a71 14       		.uleb128 0x14
 1397 0a72 4A030000 		.4byte	.LASF126
 1398 0a76 0F       		.byte	0xf
 1399 0a77 23       		.byte	0x23
 1400 0a78 09       		.byte	0x9
 1401 0a79 F8030000 		.4byte	0x3f8
 1402 0a7d 04       		.byte	0x4
 1403 0a7e 14       		.uleb128 0x14
 1404 0a7f 3F040000 		.4byte	.LASF127
 1405 0a83 0F       		.byte	0xf
 1406 0a84 24       		.byte	0x24
 1407 0a85 09       		.byte	0x9
 1408 0a86 F8030000 		.4byte	0x3f8
 1409 0a8a 38       		.byte	0x38
 1410 0a8b 14       		.uleb128 0x14
 1411 0a8c ED030000 		.4byte	.LASF128
 1412 0a90 0F       		.byte	0xf
 1413 0a91 25       		.byte	0x25
 1414 0a92 09       		.byte	0x9
 1415 0a93 F8030000 		.4byte	0x3f8
 1416 0a97 6C       		.byte	0x6c
 1417 0a98 14       		.uleb128 0x14
 1418 0a99 3E010000 		.4byte	.LASF129
 1419 0a9d 0F       		.byte	0xf
 1420 0a9e 26       		.byte	0x26
 1421 0a9f 09       		.byte	0x9
 1422 0aa0 F8030000 		.4byte	0x3f8
 1423 0aa4 A0       		.byte	0xa0
 1424 0aa5 14       		.uleb128 0x14
 1425 0aa6 FE040000 		.4byte	.LASF130
ARM GAS  /tmp/ccOWZRdG.s 			page 26


 1426 0aaa 0F       		.byte	0xf
 1427 0aab 27       		.byte	0x27
 1428 0aac 09       		.byte	0x9
 1429 0aad F8030000 		.4byte	0x3f8
 1430 0ab1 D4       		.byte	0xd4
 1431 0ab2 26       		.uleb128 0x26
 1432 0ab3 17000000 		.4byte	.LASF131
 1433 0ab7 0F       		.byte	0xf
 1434 0ab8 28       		.byte	0x28
 1435 0ab9 09       		.byte	0x9
 1436 0aba F8030000 		.4byte	0x3f8
 1437 0abe 0801     		.2byte	0x108
 1438 0ac0 26       		.uleb128 0x26
 1439 0ac1 0F020000 		.4byte	.LASF132
 1440 0ac5 0F       		.byte	0xf
 1441 0ac6 29       		.byte	0x29
 1442 0ac7 09       		.byte	0x9
 1443 0ac8 F8030000 		.4byte	0x3f8
 1444 0acc 3C01     		.2byte	0x13c
 1445 0ace 26       		.uleb128 0x26
 1446 0acf AC040000 		.4byte	.LASF133
 1447 0ad3 0F       		.byte	0xf
 1448 0ad4 2A       		.byte	0x2a
 1449 0ad5 09       		.byte	0x9
 1450 0ad6 F8030000 		.4byte	0x3f8
 1451 0ada 7001     		.2byte	0x170
 1452 0adc 26       		.uleb128 0x26
 1453 0add 12090000 		.4byte	.LASF134
 1454 0ae1 0F       		.byte	0xf
 1455 0ae2 2C       		.byte	0x2c
 1456 0ae3 0B       		.byte	0xb
 1457 0ae4 AF050000 		.4byte	0x5af
 1458 0ae8 A401     		.2byte	0x1a4
 1459 0aea 26       		.uleb128 0x26
 1460 0aeb DB070000 		.4byte	.LASF135
 1461 0aef 0F       		.byte	0xf
 1462 0af0 2D       		.byte	0x2d
 1463 0af1 0B       		.byte	0xb
 1464 0af2 AF050000 		.4byte	0x5af
 1465 0af6 A801     		.2byte	0x1a8
 1466 0af8 26       		.uleb128 0x26
 1467 0af9 4D050000 		.4byte	.LASF136
 1468 0afd 0F       		.byte	0xf
 1469 0afe 2E       		.byte	0x2e
 1470 0aff 0B       		.byte	0xb
 1471 0b00 BB050000 		.4byte	0x5bb
 1472 0b04 AC01     		.2byte	0x1ac
 1473 0b06 12       		.uleb128 0x12
 1474 0b07 5B060000 		.4byte	.LASF138
 1475 0b0b 0F       		.byte	0xf
 1476 0b0c 30       		.byte	0x30
 1477 0b0d 1C       		.byte	0x1c
 1478 0b0e B6050000 		.4byte	0x5b6
 1479 0b12 04       		.byte	0x4
 1480 0b13 CD       		.byte	0xcd
 1481 0b14 CC       		.byte	0xcc
 1482 0b15 CC       		.byte	0xcc
ARM GAS  /tmp/ccOWZRdG.s 			page 27


 1483 0b16 3D       		.byte	0x3d
 1484 0b17 12       		.uleb128 0x12
 1485 0b18 5A010000 		.4byte	.LASF139
 1486 0b1c 0F       		.byte	0xf
 1487 0b1d 31       		.byte	0x31
 1488 0b1e 1C       		.byte	0x1c
 1489 0b1f B6050000 		.4byte	0x5b6
 1490 0b23 04       		.byte	0x4
 1491 0b24 9A       		.byte	0x9a
 1492 0b25 99       		.byte	0x99
 1493 0b26 99       		.byte	0x99
 1494 0b27 3E       		.byte	0x3e
 1495 0b28 00       		.byte	0
 1496 0b29 0B       		.uleb128 0xb
 1497 0b2a 6D090000 		.4byte	0x96d
 1498 0b2e 27       		.uleb128 0x27
 1499 0b2f 01060000 		.4byte	.LASF140
 1500 0b33 04       		.byte	0x4
 1501 0b34 10       		.byte	0x10
 1502 0b35 15       		.byte	0x15
 1503 0b36 07       		.byte	0x7
 1504 0b37 2E0B0000 		.4byte	0xb2e
 1505 0b3b 0D0C0000 		.4byte	0xc0d
 1506 0b3f 23       		.uleb128 0x23
 1507 0b40 01060000 		.4byte	.LASF140
 1508 0b44 4A020000 		.4byte	.LASF141
 1509 0b48 4B0C0000 		.4byte	0xc4b
 1510 0b4c 01       		.byte	0x1
 1511 0b4d 550B0000 		.4byte	0xb55
 1512 0b51 600B0000 		.4byte	0xb60
 1513 0b55 0E       		.uleb128 0xe
 1514 0b56 4B0C0000 		.4byte	0xc4b
 1515 0b5a 0F       		.uleb128 0xf
 1516 0b5b 560C0000 		.4byte	0xc56
 1517 0b5f 00       		.byte	0
 1518 0b60 23       		.uleb128 0x23
 1519 0b61 01060000 		.4byte	.LASF140
 1520 0b65 3B090000 		.4byte	.LASF142
 1521 0b69 4B0C0000 		.4byte	0xc4b
 1522 0b6d 01       		.byte	0x1
 1523 0b6e 760B0000 		.4byte	0xb76
 1524 0b72 7C0B0000 		.4byte	0xb7c
 1525 0b76 0E       		.uleb128 0xe
 1526 0b77 4B0C0000 		.4byte	0xc4b
 1527 0b7b 00       		.byte	0
 1528 0b7c 28       		.uleb128 0x28
 1529 0b7d 4A040000 		.4byte	.LASF178
 1530 0b81 670C0000 		.4byte	0xc67
 1531 0b85 00       		.byte	0
 1532 0b86 01       		.byte	0x1
 1533 0b87 25       		.uleb128 0x25
 1534 0b88 20010000 		.4byte	.LASF58
 1535 0b8c 10       		.byte	0x10
 1536 0b8d 17       		.byte	0x17
 1537 0b8e 12       		.byte	0x12
 1538 0b8f B1060000 		.4byte	.LASF143
 1539 0b93 01       		.byte	0x1
ARM GAS  /tmp/ccOWZRdG.s 			page 28


 1540 0b94 02       		.uleb128 0x2
 1541 0b95 10       		.byte	0x10
 1542 0b96 00       		.uleb128 0
 1543 0b97 2E0B0000 		.4byte	0xb2e
 1544 0b9b 01       		.byte	0x1
 1545 0b9c A40B0000 		.4byte	0xba4
 1546 0ba0 C80B0000 		.4byte	0xbc8
 1547 0ba4 0E       		.uleb128 0xe
 1548 0ba5 4B0C0000 		.4byte	0xc4b
 1549 0ba9 0F       		.uleb128 0xf
 1550 0baa 2F0C0000 		.4byte	0xc2f
 1551 0bae 0F       		.uleb128 0xf
 1552 0baf 2F0C0000 		.4byte	0xc2f
 1553 0bb3 0F       		.uleb128 0xf
 1554 0bb4 2F0C0000 		.4byte	0xc2f
 1555 0bb8 0F       		.uleb128 0xf
 1556 0bb9 2F0C0000 		.4byte	0xc2f
 1557 0bbd 0F       		.uleb128 0xf
 1558 0bbe 350C0000 		.4byte	0xc35
 1559 0bc2 0F       		.uleb128 0xf
 1560 0bc3 450C0000 		.4byte	0xc45
 1561 0bc7 00       		.byte	0
 1562 0bc8 25       		.uleb128 0x25
 1563 0bc9 72070000 		.4byte	.LASF123
 1564 0bcd 10       		.byte	0x10
 1565 0bce 1A       		.byte	0x1a
 1566 0bcf 12       		.byte	0x12
 1567 0bd0 DB020000 		.4byte	.LASF144
 1568 0bd4 01       		.byte	0x1
 1569 0bd5 02       		.uleb128 0x2
 1570 0bd6 10       		.byte	0x10
 1571 0bd7 01       		.uleb128 0x1
 1572 0bd8 2E0B0000 		.4byte	0xb2e
 1573 0bdc 01       		.byte	0x1
 1574 0bdd E50B0000 		.4byte	0xbe5
 1575 0be1 EB0B0000 		.4byte	0xbeb
 1576 0be5 0E       		.uleb128 0xe
 1577 0be6 4B0C0000 		.4byte	0xc4b
 1578 0bea 00       		.byte	0
 1579 0beb 29       		.uleb128 0x29
 1580 0bec 99070000 		.4byte	.LASF145
 1581 0bf0 10       		.byte	0x10
 1582 0bf1 26       		.byte	0x26
 1583 0bf2 05       		.byte	0x5
 1584 0bf3 7A000000 		.4byte	.LASF147
 1585 0bf7 C8080000 		.4byte	0x8c8
 1586 0bfb 02       		.byte	0x2
 1587 0bfc 01       		.byte	0x1
 1588 0bfd 010C0000 		.4byte	0xc01
 1589 0c01 0E       		.uleb128 0xe
 1590 0c02 4B0C0000 		.4byte	0xc4b
 1591 0c06 0E       		.uleb128 0xe
 1592 0c07 89020000 		.4byte	0x289
 1593 0c0b 00       		.byte	0
 1594 0c0c 00       		.byte	0
 1595 0c0d 0B       		.uleb128 0xb
 1596 0c0e 2E0B0000 		.4byte	0xb2e
ARM GAS  /tmp/ccOWZRdG.s 			page 29


 1597 0c12 17       		.uleb128 0x17
 1598 0c13 04       		.byte	0x4
 1599 0c14 6D090000 		.4byte	0x96d
 1600 0c18 0B       		.uleb128 0xb
 1601 0c19 120C0000 		.4byte	0xc12
 1602 0c1d 2A       		.uleb128 0x2a
 1603 0c1e 04       		.byte	0x4
 1604 0c1f 6D090000 		.4byte	0x96d
 1605 0c23 2B       		.uleb128 0x2b
 1606 0c24 04       		.byte	0x4
 1607 0c25 290B0000 		.4byte	0xb29
 1608 0c29 2B       		.uleb128 0x2b
 1609 0c2a 04       		.byte	0x4
 1610 0c2b B0060000 		.4byte	0x6b0
 1611 0c2f 17       		.uleb128 0x17
 1612 0c30 04       		.byte	0x4
 1613 0c31 B6050000 		.4byte	0x5b6
 1614 0c35 2B       		.uleb128 0x2b
 1615 0c36 04       		.byte	0x4
 1616 0c37 400C0000 		.4byte	0xc40
 1617 0c3b 2C       		.uleb128 0x2c
 1618 0c3c 77060000 		.4byte	.LASF179
 1619 0c40 0B       		.uleb128 0xb
 1620 0c41 3B0C0000 		.4byte	0xc3b
 1621 0c45 17       		.uleb128 0x17
 1622 0c46 04       		.byte	0x4
 1623 0c47 AF050000 		.4byte	0x5af
 1624 0c4b 17       		.uleb128 0x17
 1625 0c4c 04       		.byte	0x4
 1626 0c4d 2E0B0000 		.4byte	0xb2e
 1627 0c51 0B       		.uleb128 0xb
 1628 0c52 4B0C0000 		.4byte	0xc4b
 1629 0c56 2B       		.uleb128 0x2b
 1630 0c57 04       		.byte	0x4
 1631 0c58 0D0C0000 		.4byte	0xc0d
 1632 0c5c 2D       		.uleb128 0x2d
 1633 0c5d 89020000 		.4byte	0x289
 1634 0c61 670C0000 		.4byte	0xc67
 1635 0c65 2E       		.uleb128 0x2e
 1636 0c66 00       		.byte	0
 1637 0c67 17       		.uleb128 0x17
 1638 0c68 04       		.byte	0x4
 1639 0c69 6D0C0000 		.4byte	0xc6d
 1640 0c6d 2F       		.uleb128 0x2f
 1641 0c6e 04       		.byte	0x4
 1642 0c6f 4A010000 		.4byte	.LASF180
 1643 0c73 5C0C0000 		.4byte	0xc5c
 1644 0c77 30       		.uleb128 0x30
 1645 0c78 4E0A0000 		.4byte	0xa4e
 1646 0c7c 840C0000 		.4byte	0xc84
 1647 0c80 8E0C0000 		.4byte	0xc8e
 1648 0c84 31       		.uleb128 0x31
 1649 0c85 9B050000 		.4byte	.LASF148
 1650 0c89 180C0000 		.4byte	0xc18
 1651 0c8d 00       		.byte	0
 1652 0c8e 30       		.uleb128 0x30
 1653 0c8f 0D0A0000 		.4byte	0xa0d
ARM GAS  /tmp/ccOWZRdG.s 			page 30


 1654 0c93 9B0C0000 		.4byte	0xc9b
 1655 0c97 570D0000 		.4byte	0xd57
 1656 0c9b 31       		.uleb128 0x31
 1657 0c9c 9B050000 		.4byte	.LASF148
 1658 0ca0 180C0000 		.4byte	0xc18
 1659 0ca4 32       		.uleb128 0x32
 1660 0ca5 E7070000 		.4byte	.LASF149
 1661 0ca9 0E       		.byte	0xe
 1662 0caa 19       		.byte	0x19
 1663 0cab 28       		.byte	0x28
 1664 0cac 2F0C0000 		.4byte	0xc2f
 1665 0cb0 32       		.uleb128 0x32
 1666 0cb1 8E010000 		.4byte	.LASF150
 1667 0cb5 0E       		.byte	0xe
 1668 0cb6 19       		.byte	0x19
 1669 0cb7 3E       		.byte	0x3e
 1670 0cb8 2F0C0000 		.4byte	0xc2f
 1671 0cbc 32       		.uleb128 0x32
 1672 0cbd 2A000000 		.4byte	.LASF151
 1673 0cc1 0E       		.byte	0xe
 1674 0cc2 19       		.byte	0x19
 1675 0cc3 58       		.byte	0x58
 1676 0cc4 2F0C0000 		.4byte	0xc2f
 1677 0cc8 0F       		.uleb128 0xf
 1678 0cc9 2F0C0000 		.4byte	0xc2f
 1679 0ccd 0F       		.uleb128 0xf
 1680 0cce 350C0000 		.4byte	0xc35
 1681 0cd2 32       		.uleb128 0x32
 1682 0cd3 C5010000 		.4byte	.LASF152
 1683 0cd7 0E       		.byte	0xe
 1684 0cd8 1B       		.byte	0x1b
 1685 0cd9 22       		.byte	0x22
 1686 0cda 450C0000 		.4byte	0xc45
 1687 0cde 33       		.uleb128 0x33
 1688 0cdf E6030000 		.4byte	.LASF153
 1689 0ce3 0E       		.byte	0xe
 1690 0ce4 20       		.byte	0x20
 1691 0ce5 11       		.byte	0x11
 1692 0ce6 570D0000 		.4byte	0xd57
 1693 0cea 33       		.uleb128 0x33
 1694 0ceb 540A0000 		.4byte	.LASF154
 1695 0cef 0E       		.byte	0xe
 1696 0cf0 26       		.byte	0x26
 1697 0cf1 11       		.byte	0x11
 1698 0cf2 B6050000 		.4byte	0x5b6
 1699 0cf6 33       		.uleb128 0x33
 1700 0cf7 74080000 		.4byte	.LASF155
 1701 0cfb 0E       		.byte	0xe
 1702 0cfc 27       		.byte	0x27
 1703 0cfd 11       		.byte	0x11
 1704 0cfe B6050000 		.4byte	0x5b6
 1705 0d02 33       		.uleb128 0x33
 1706 0d03 E6000000 		.4byte	.LASF156
 1707 0d07 0E       		.byte	0xe
 1708 0d08 2A       		.byte	0x2a
 1709 0d09 11       		.byte	0x11
 1710 0d0a B6050000 		.4byte	0x5b6
ARM GAS  /tmp/ccOWZRdG.s 			page 31


 1711 0d0e 33       		.uleb128 0x33
 1712 0d0f A5020000 		.4byte	.LASF157
 1713 0d13 0E       		.byte	0xe
 1714 0d14 2B       		.byte	0x2b
 1715 0d15 11       		.byte	0x11
 1716 0d16 B6050000 		.4byte	0x5b6
 1717 0d1a 33       		.uleb128 0x33
 1718 0d1b 16050000 		.4byte	.LASF158
 1719 0d1f 0E       		.byte	0xe
 1720 0d20 2E       		.byte	0x2e
 1721 0d21 11       		.byte	0x11
 1722 0d22 B6050000 		.4byte	0x5b6
 1723 0d26 33       		.uleb128 0x33
 1724 0d27 19080000 		.4byte	.LASF159
 1725 0d2b 0E       		.byte	0xe
 1726 0d2c 2F       		.byte	0x2f
 1727 0d2d 11       		.byte	0x11
 1728 0d2e B6050000 		.4byte	0x5b6
 1729 0d32 33       		.uleb128 0x33
 1730 0d33 A0050000 		.4byte	.LASF160
 1731 0d37 0E       		.byte	0xe
 1732 0d38 35       		.byte	0x35
 1733 0d39 11       		.byte	0x11
 1734 0d3a B6050000 		.4byte	0x5b6
 1735 0d3e 33       		.uleb128 0x33
 1736 0d3f 66090000 		.4byte	.LASF161
 1737 0d43 0E       		.byte	0xe
 1738 0d44 3A       		.byte	0x3a
 1739 0d45 11       		.byte	0x11
 1740 0d46 B6050000 		.4byte	0x5b6
 1741 0d4a 33       		.uleb128 0x33
 1742 0d4b 31080000 		.4byte	.LASF162
 1743 0d4f 0E       		.byte	0xe
 1744 0d50 3B       		.byte	0x3b
 1745 0d51 11       		.byte	0x11
 1746 0d52 B6050000 		.4byte	0x5b6
 1747 0d56 00       		.byte	0
 1748 0d57 34       		.uleb128 0x34
 1749 0d58 B6050000 		.4byte	0x5b6
 1750 0d5c 670D0000 		.4byte	0xd67
 1751 0d60 35       		.uleb128 0x35
 1752 0d61 A1020000 		.4byte	0x2a1
 1753 0d65 05       		.byte	0x5
 1754 0d66 00       		.byte	0
 1755 0d67 36       		.uleb128 0x36
 1756 0d68 E9090000 		.4byte	0x9e9
 1757 0d6c 750D0000 		.4byte	0xd75
 1758 0d70 00       		.byte	0
 1759 0d71 890D0000 		.4byte	0xd89
 1760 0d75 31       		.uleb128 0x31
 1761 0d76 9B050000 		.4byte	.LASF148
 1762 0d7a 180C0000 		.4byte	0xc18
 1763 0d7e 37       		.uleb128 0x37
 1764 0d7f 6700     		.ascii	"g\000"
 1765 0d81 0E       		.byte	0xe
 1766 0d82 0B       		.byte	0xb
 1767 0d83 38       		.byte	0x38
ARM GAS  /tmp/ccOWZRdG.s 			page 32


 1768 0d84 290C0000 		.4byte	0xc29
 1769 0d88 00       		.byte	0
 1770 0d89 38       		.uleb128 0x38
 1771 0d8a 670D0000 		.4byte	0xd67
 1772 0d8e 620A0000 		.4byte	.LASF163
 1773 0d92 9A0D0000 		.4byte	0xd9a
 1774 0d96 A50D0000 		.4byte	0xda5
 1775 0d9a 39       		.uleb128 0x39
 1776 0d9b 750D0000 		.4byte	0xd75
 1777 0d9f 39       		.uleb128 0x39
 1778 0da0 7E0D0000 		.4byte	0xd7e
 1779 0da4 00       		.byte	0
 1780 0da5 3A       		.uleb128 0x3a
 1781 0da6 600B0000 		.4byte	0xb60
 1782 0daa 10       		.byte	0x10
 1783 0dab 15       		.byte	0x15
 1784 0dac 07       		.byte	0x7
 1785 0dad B60D0000 		.4byte	0xdb6
 1786 0db1 02       		.byte	0x2
 1787 0db2 C00D0000 		.4byte	0xdc0
 1788 0db6 31       		.uleb128 0x31
 1789 0db7 9B050000 		.4byte	.LASF148
 1790 0dbb 510C0000 		.4byte	0xc51
 1791 0dbf 00       		.byte	0
 1792 0dc0 38       		.uleb128 0x38
 1793 0dc1 A50D0000 		.4byte	0xda5
 1794 0dc5 F3060000 		.4byte	.LASF164
 1795 0dc9 D10D0000 		.4byte	0xdd1
 1796 0dcd D70D0000 		.4byte	0xdd7
 1797 0dd1 39       		.uleb128 0x39
 1798 0dd2 B60D0000 		.4byte	0xdb6
 1799 0dd6 00       		.byte	0
 1800 0dd7 3B       		.uleb128 0x3b
 1801 0dd8 F0080000 		.4byte	.LASF181
 1802 0ddc 0E       		.byte	0xe
 1803 0ddd 06       		.byte	0x6
 1804 0dde 0C       		.byte	0xc
 1805 0ddf F8030000 		.4byte	0x3f8
 1806 0de3 F20D0000 		.4byte	0xdf2
 1807 0de7 37       		.uleb128 0x37
 1808 0de8 6700     		.ascii	"g\000"
 1809 0dea 0E       		.byte	0xe
 1810 0deb 06       		.byte	0x6
 1811 0dec 25       		.byte	0x25
 1812 0ded F20D0000 		.4byte	0xdf2
 1813 0df1 00       		.byte	0
 1814 0df2 2B       		.uleb128 0x2b
 1815 0df3 04       		.byte	0x4
 1816 0df4 28060000 		.4byte	0x628
 1817 0df8 09       		.uleb128 0x9
 1818 0df9 04       		.byte	0x4
 1819 0dfa 07       		.byte	0x7
 1820 0dfb DE000000 		.4byte	.LASF165
 1821 0dff 09       		.uleb128 0x9
 1822 0e00 02       		.byte	0x2
 1823 0e01 10       		.byte	0x10
 1824 0e02 76040000 		.4byte	.LASF166
ARM GAS  /tmp/ccOWZRdG.s 			page 33


 1825 0e06 09       		.uleb128 0x9
 1826 0e07 04       		.byte	0x4
 1827 0e08 10       		.byte	0x10
 1828 0e09 0E000000 		.4byte	.LASF167
 1829 0e0d 00       		.byte	0
 1830              		.section	.gnu.debuglto_.debug_abbrev,"e",%progbits
 1831              	.Ldebug_abbrev0:
 1832 0000 01       		.uleb128 0x1
 1833 0001 11       		.uleb128 0x11
 1834 0002 01       		.byte	0x1
 1835 0003 25       		.uleb128 0x25
 1836 0004 0E       		.uleb128 0xe
 1837 0005 13       		.uleb128 0x13
 1838 0006 0B       		.uleb128 0xb
 1839 0007 03       		.uleb128 0x3
 1840 0008 0E       		.uleb128 0xe
 1841 0009 1B       		.uleb128 0x1b
 1842 000a 0E       		.uleb128 0xe
 1843 000b 10       		.uleb128 0x10
 1844 000c 17       		.uleb128 0x17
 1845 000d 00       		.byte	0
 1846 000e 00       		.byte	0
 1847 000f 02       		.uleb128 0x2
 1848 0010 39       		.uleb128 0x39
 1849 0011 01       		.byte	0x1
 1850 0012 03       		.uleb128 0x3
 1851 0013 08       		.uleb128 0x8
 1852 0014 3A       		.uleb128 0x3a
 1853 0015 0B       		.uleb128 0xb
 1854 0016 3B       		.uleb128 0x3b
 1855 0017 0B       		.uleb128 0xb
 1856 0018 01       		.uleb128 0x1
 1857 0019 13       		.uleb128 0x13
 1858 001a 00       		.byte	0
 1859 001b 00       		.byte	0
 1860 001c 03       		.uleb128 0x3
 1861 001d 39       		.uleb128 0x39
 1862 001e 00       		.byte	0
 1863 001f 03       		.uleb128 0x3
 1864 0020 0E       		.uleb128 0xe
 1865 0021 3A       		.uleb128 0x3a
 1866 0022 0B       		.uleb128 0xb
 1867 0023 3B       		.uleb128 0x3b
 1868 0024 05       		.uleb128 0x5
 1869 0025 39       		.uleb128 0x39
 1870 0026 0B       		.uleb128 0xb
 1871 0027 8901     		.uleb128 0x89
 1872 0029 19       		.uleb128 0x19
 1873 002a 00       		.byte	0
 1874 002b 00       		.byte	0
 1875 002c 04       		.uleb128 0x4
 1876 002d 3A       		.uleb128 0x3a
 1877 002e 00       		.byte	0
 1878 002f 3A       		.uleb128 0x3a
 1879 0030 0B       		.uleb128 0xb
 1880 0031 3B       		.uleb128 0x3b
 1881 0032 05       		.uleb128 0x5
ARM GAS  /tmp/ccOWZRdG.s 			page 34


 1882 0033 39       		.uleb128 0x39
 1883 0034 0B       		.uleb128 0xb
 1884 0035 18       		.uleb128 0x18
 1885 0036 13       		.uleb128 0x13
 1886 0037 00       		.byte	0
 1887 0038 00       		.byte	0
 1888 0039 05       		.uleb128 0x5
 1889 003a 08       		.uleb128 0x8
 1890 003b 00       		.byte	0
 1891 003c 3A       		.uleb128 0x3a
 1892 003d 0B       		.uleb128 0xb
 1893 003e 3B       		.uleb128 0x3b
 1894 003f 0B       		.uleb128 0xb
 1895 0040 39       		.uleb128 0x39
 1896 0041 0B       		.uleb128 0xb
 1897 0042 18       		.uleb128 0x18
 1898 0043 13       		.uleb128 0x13
 1899 0044 00       		.byte	0
 1900 0045 00       		.byte	0
 1901 0046 06       		.uleb128 0x6
 1902 0047 08       		.uleb128 0x8
 1903 0048 00       		.byte	0
 1904 0049 3A       		.uleb128 0x3a
 1905 004a 0B       		.uleb128 0xb
 1906 004b 3B       		.uleb128 0x3b
 1907 004c 05       		.uleb128 0x5
 1908 004d 39       		.uleb128 0x39
 1909 004e 0B       		.uleb128 0xb
 1910 004f 18       		.uleb128 0x18
 1911 0050 13       		.uleb128 0x13
 1912 0051 00       		.byte	0
 1913 0052 00       		.byte	0
 1914 0053 07       		.uleb128 0x7
 1915 0054 39       		.uleb128 0x39
 1916 0055 01       		.byte	0x1
 1917 0056 03       		.uleb128 0x3
 1918 0057 0E       		.uleb128 0xe
 1919 0058 3A       		.uleb128 0x3a
 1920 0059 0B       		.uleb128 0xb
 1921 005a 3B       		.uleb128 0x3b
 1922 005b 05       		.uleb128 0x5
 1923 005c 39       		.uleb128 0x39
 1924 005d 0B       		.uleb128 0xb
 1925 005e 01       		.uleb128 0x1
 1926 005f 13       		.uleb128 0x13
 1927 0060 00       		.byte	0
 1928 0061 00       		.byte	0
 1929 0062 08       		.uleb128 0x8
 1930 0063 16       		.uleb128 0x16
 1931 0064 00       		.byte	0
 1932 0065 03       		.uleb128 0x3
 1933 0066 0E       		.uleb128 0xe
 1934 0067 3A       		.uleb128 0x3a
 1935 0068 0B       		.uleb128 0xb
 1936 0069 3B       		.uleb128 0x3b
 1937 006a 0B       		.uleb128 0xb
 1938 006b 39       		.uleb128 0x39
ARM GAS  /tmp/ccOWZRdG.s 			page 35


 1939 006c 0B       		.uleb128 0xb
 1940 006d 49       		.uleb128 0x49
 1941 006e 13       		.uleb128 0x13
 1942 006f 00       		.byte	0
 1943 0070 00       		.byte	0
 1944 0071 09       		.uleb128 0x9
 1945 0072 24       		.uleb128 0x24
 1946 0073 00       		.byte	0
 1947 0074 0B       		.uleb128 0xb
 1948 0075 0B       		.uleb128 0xb
 1949 0076 3E       		.uleb128 0x3e
 1950 0077 0B       		.uleb128 0xb
 1951 0078 03       		.uleb128 0x3
 1952 0079 0E       		.uleb128 0xe
 1953 007a 00       		.byte	0
 1954 007b 00       		.byte	0
 1955 007c 0A       		.uleb128 0xa
 1956 007d 24       		.uleb128 0x24
 1957 007e 00       		.byte	0
 1958 007f 0B       		.uleb128 0xb
 1959 0080 0B       		.uleb128 0xb
 1960 0081 3E       		.uleb128 0x3e
 1961 0082 0B       		.uleb128 0xb
 1962 0083 03       		.uleb128 0x3
 1963 0084 08       		.uleb128 0x8
 1964 0085 00       		.byte	0
 1965 0086 00       		.byte	0
 1966 0087 0B       		.uleb128 0xb
 1967 0088 26       		.uleb128 0x26
 1968 0089 00       		.byte	0
 1969 008a 49       		.uleb128 0x49
 1970 008b 13       		.uleb128 0x13
 1971 008c 00       		.byte	0
 1972 008d 00       		.byte	0
 1973 008e 0C       		.uleb128 0xc
 1974 008f 02       		.uleb128 0x2
 1975 0090 01       		.byte	0x1
 1976 0091 03       		.uleb128 0x3
 1977 0092 08       		.uleb128 0x8
 1978 0093 0B       		.uleb128 0xb
 1979 0094 0B       		.uleb128 0xb
 1980 0095 3A       		.uleb128 0x3a
 1981 0096 0B       		.uleb128 0xb
 1982 0097 3B       		.uleb128 0x3b
 1983 0098 0B       		.uleb128 0xb
 1984 0099 39       		.uleb128 0x39
 1985 009a 0B       		.uleb128 0xb
 1986 009b 01       		.uleb128 0x1
 1987 009c 13       		.uleb128 0x13
 1988 009d 00       		.byte	0
 1989 009e 00       		.byte	0
 1990 009f 0D       		.uleb128 0xd
 1991 00a0 2E       		.uleb128 0x2e
 1992 00a1 01       		.byte	0x1
 1993 00a2 3F       		.uleb128 0x3f
 1994 00a3 19       		.uleb128 0x19
 1995 00a4 03       		.uleb128 0x3
ARM GAS  /tmp/ccOWZRdG.s 			page 36


 1996 00a5 08       		.uleb128 0x8
 1997 00a6 3A       		.uleb128 0x3a
 1998 00a7 0B       		.uleb128 0xb
 1999 00a8 3B       		.uleb128 0x3b
 2000 00a9 0B       		.uleb128 0xb
 2001 00aa 39       		.uleb128 0x39
 2002 00ab 0B       		.uleb128 0xb
 2003 00ac 6E       		.uleb128 0x6e
 2004 00ad 0E       		.uleb128 0xe
 2005 00ae 49       		.uleb128 0x49
 2006 00af 13       		.uleb128 0x13
 2007 00b0 32       		.uleb128 0x32
 2008 00b1 0B       		.uleb128 0xb
 2009 00b2 3C       		.uleb128 0x3c
 2010 00b3 19       		.uleb128 0x19
 2011 00b4 64       		.uleb128 0x64
 2012 00b5 13       		.uleb128 0x13
 2013 00b6 01       		.uleb128 0x1
 2014 00b7 13       		.uleb128 0x13
 2015 00b8 00       		.byte	0
 2016 00b9 00       		.byte	0
 2017 00ba 0E       		.uleb128 0xe
 2018 00bb 05       		.uleb128 0x5
 2019 00bc 00       		.byte	0
 2020 00bd 49       		.uleb128 0x49
 2021 00be 13       		.uleb128 0x13
 2022 00bf 34       		.uleb128 0x34
 2023 00c0 19       		.uleb128 0x19
 2024 00c1 00       		.byte	0
 2025 00c2 00       		.byte	0
 2026 00c3 0F       		.uleb128 0xf
 2027 00c4 05       		.uleb128 0x5
 2028 00c5 00       		.byte	0
 2029 00c6 49       		.uleb128 0x49
 2030 00c7 13       		.uleb128 0x13
 2031 00c8 00       		.byte	0
 2032 00c9 00       		.byte	0
 2033 00ca 10       		.uleb128 0x10
 2034 00cb 2E       		.uleb128 0x2e
 2035 00cc 01       		.byte	0x1
 2036 00cd 3F       		.uleb128 0x3f
 2037 00ce 19       		.uleb128 0x19
 2038 00cf 03       		.uleb128 0x3
 2039 00d0 0E       		.uleb128 0xe
 2040 00d1 3A       		.uleb128 0x3a
 2041 00d2 0B       		.uleb128 0xb
 2042 00d3 3B       		.uleb128 0x3b
 2043 00d4 0B       		.uleb128 0xb
 2044 00d5 39       		.uleb128 0x39
 2045 00d6 0B       		.uleb128 0xb
 2046 00d7 6E       		.uleb128 0x6e
 2047 00d8 0E       		.uleb128 0xe
 2048 00d9 49       		.uleb128 0x49
 2049 00da 13       		.uleb128 0x13
 2050 00db 32       		.uleb128 0x32
 2051 00dc 0B       		.uleb128 0xb
 2052 00dd 3C       		.uleb128 0x3c
ARM GAS  /tmp/ccOWZRdG.s 			page 37


 2053 00de 19       		.uleb128 0x19
 2054 00df 64       		.uleb128 0x64
 2055 00e0 13       		.uleb128 0x13
 2056 00e1 01       		.uleb128 0x1
 2057 00e2 13       		.uleb128 0x13
 2058 00e3 00       		.byte	0
 2059 00e4 00       		.byte	0
 2060 00e5 11       		.uleb128 0x11
 2061 00e6 2E       		.uleb128 0x2e
 2062 00e7 01       		.byte	0x1
 2063 00e8 3F       		.uleb128 0x3f
 2064 00e9 19       		.uleb128 0x19
 2065 00ea 03       		.uleb128 0x3
 2066 00eb 0E       		.uleb128 0xe
 2067 00ec 3A       		.uleb128 0x3a
 2068 00ed 0B       		.uleb128 0xb
 2069 00ee 3B       		.uleb128 0x3b
 2070 00ef 0B       		.uleb128 0xb
 2071 00f0 39       		.uleb128 0x39
 2072 00f1 0B       		.uleb128 0xb
 2073 00f2 6E       		.uleb128 0x6e
 2074 00f3 0E       		.uleb128 0xe
 2075 00f4 32       		.uleb128 0x32
 2076 00f5 0B       		.uleb128 0xb
 2077 00f6 3C       		.uleb128 0x3c
 2078 00f7 19       		.uleb128 0x19
 2079 00f8 64       		.uleb128 0x64
 2080 00f9 13       		.uleb128 0x13
 2081 00fa 01       		.uleb128 0x1
 2082 00fb 13       		.uleb128 0x13
 2083 00fc 00       		.byte	0
 2084 00fd 00       		.byte	0
 2085 00fe 12       		.uleb128 0x12
 2086 00ff 0D       		.uleb128 0xd
 2087 0100 00       		.byte	0
 2088 0101 03       		.uleb128 0x3
 2089 0102 0E       		.uleb128 0xe
 2090 0103 3A       		.uleb128 0x3a
 2091 0104 0B       		.uleb128 0xb
 2092 0105 3B       		.uleb128 0x3b
 2093 0106 0B       		.uleb128 0xb
 2094 0107 39       		.uleb128 0x39
 2095 0108 0B       		.uleb128 0xb
 2096 0109 49       		.uleb128 0x49
 2097 010a 13       		.uleb128 0x13
 2098 010b 3F       		.uleb128 0x3f
 2099 010c 19       		.uleb128 0x19
 2100 010d 3C       		.uleb128 0x3c
 2101 010e 19       		.uleb128 0x19
 2102 010f 1C       		.uleb128 0x1c
 2103 0110 0A       		.uleb128 0xa
 2104 0111 6C       		.uleb128 0x6c
 2105 0112 19       		.uleb128 0x19
 2106 0113 00       		.byte	0
 2107 0114 00       		.byte	0
 2108 0115 13       		.uleb128 0x13
 2109 0116 0D       		.uleb128 0xd
ARM GAS  /tmp/ccOWZRdG.s 			page 38


 2110 0117 00       		.byte	0
 2111 0118 03       		.uleb128 0x3
 2112 0119 08       		.uleb128 0x8
 2113 011a 3A       		.uleb128 0x3a
 2114 011b 0B       		.uleb128 0xb
 2115 011c 3B       		.uleb128 0x3b
 2116 011d 0B       		.uleb128 0xb
 2117 011e 39       		.uleb128 0x39
 2118 011f 0B       		.uleb128 0xb
 2119 0120 49       		.uleb128 0x49
 2120 0121 13       		.uleb128 0x13
 2121 0122 38       		.uleb128 0x38
 2122 0123 0B       		.uleb128 0xb
 2123 0124 00       		.byte	0
 2124 0125 00       		.byte	0
 2125 0126 14       		.uleb128 0x14
 2126 0127 0D       		.uleb128 0xd
 2127 0128 00       		.byte	0
 2128 0129 03       		.uleb128 0x3
 2129 012a 0E       		.uleb128 0xe
 2130 012b 3A       		.uleb128 0x3a
 2131 012c 0B       		.uleb128 0xb
 2132 012d 3B       		.uleb128 0x3b
 2133 012e 0B       		.uleb128 0xb
 2134 012f 39       		.uleb128 0x39
 2135 0130 0B       		.uleb128 0xb
 2136 0131 49       		.uleb128 0x49
 2137 0132 13       		.uleb128 0x13
 2138 0133 38       		.uleb128 0x38
 2139 0134 0B       		.uleb128 0xb
 2140 0135 00       		.byte	0
 2141 0136 00       		.byte	0
 2142 0137 15       		.uleb128 0x15
 2143 0138 2E       		.uleb128 0x2e
 2144 0139 00       		.byte	0
 2145 013a 3F       		.uleb128 0x3f
 2146 013b 19       		.uleb128 0x19
 2147 013c 03       		.uleb128 0x3
 2148 013d 0E       		.uleb128 0xe
 2149 013e 3A       		.uleb128 0x3a
 2150 013f 0B       		.uleb128 0xb
 2151 0140 3B       		.uleb128 0x3b
 2152 0141 0B       		.uleb128 0xb
 2153 0142 39       		.uleb128 0x39
 2154 0143 0B       		.uleb128 0xb
 2155 0144 6E       		.uleb128 0x6e
 2156 0145 0E       		.uleb128 0xe
 2157 0146 49       		.uleb128 0x49
 2158 0147 13       		.uleb128 0x13
 2159 0148 3C       		.uleb128 0x3c
 2160 0149 19       		.uleb128 0x19
 2161 014a 00       		.byte	0
 2162 014b 00       		.byte	0
 2163 014c 16       		.uleb128 0x16
 2164 014d 2E       		.uleb128 0x2e
 2165 014e 01       		.byte	0x1
 2166 014f 3F       		.uleb128 0x3f
ARM GAS  /tmp/ccOWZRdG.s 			page 39


 2167 0150 19       		.uleb128 0x19
 2168 0151 03       		.uleb128 0x3
 2169 0152 0E       		.uleb128 0xe
 2170 0153 3A       		.uleb128 0x3a
 2171 0154 0B       		.uleb128 0xb
 2172 0155 3B       		.uleb128 0x3b
 2173 0156 0B       		.uleb128 0xb
 2174 0157 39       		.uleb128 0x39
 2175 0158 0B       		.uleb128 0xb
 2176 0159 6E       		.uleb128 0x6e
 2177 015a 0E       		.uleb128 0xe
 2178 015b 49       		.uleb128 0x49
 2179 015c 13       		.uleb128 0x13
 2180 015d 3C       		.uleb128 0x3c
 2181 015e 19       		.uleb128 0x19
 2182 015f 64       		.uleb128 0x64
 2183 0160 13       		.uleb128 0x13
 2184 0161 00       		.byte	0
 2185 0162 00       		.byte	0
 2186 0163 17       		.uleb128 0x17
 2187 0164 0F       		.uleb128 0xf
 2188 0165 00       		.byte	0
 2189 0166 0B       		.uleb128 0xb
 2190 0167 0B       		.uleb128 0xb
 2191 0168 49       		.uleb128 0x49
 2192 0169 13       		.uleb128 0x13
 2193 016a 00       		.byte	0
 2194 016b 00       		.byte	0
 2195 016c 18       		.uleb128 0x18
 2196 016d 13       		.uleb128 0x13
 2197 016e 01       		.byte	0x1
 2198 016f 03       		.uleb128 0x3
 2199 0170 0E       		.uleb128 0xe
 2200 0171 0B       		.uleb128 0xb
 2201 0172 0B       		.uleb128 0xb
 2202 0173 3A       		.uleb128 0x3a
 2203 0174 0B       		.uleb128 0xb
 2204 0175 3B       		.uleb128 0x3b
 2205 0176 0B       		.uleb128 0xb
 2206 0177 39       		.uleb128 0x39
 2207 0178 0B       		.uleb128 0xb
 2208 0179 01       		.uleb128 0x1
 2209 017a 13       		.uleb128 0x13
 2210 017b 00       		.byte	0
 2211 017c 00       		.byte	0
 2212 017d 19       		.uleb128 0x19
 2213 017e 39       		.uleb128 0x39
 2214 017f 01       		.byte	0x1
 2215 0180 03       		.uleb128 0x3
 2216 0181 0E       		.uleb128 0xe
 2217 0182 3A       		.uleb128 0x3a
 2218 0183 0B       		.uleb128 0xb
 2219 0184 3B       		.uleb128 0x3b
 2220 0185 0B       		.uleb128 0xb
 2221 0186 39       		.uleb128 0x39
 2222 0187 0B       		.uleb128 0xb
 2223 0188 01       		.uleb128 0x1
ARM GAS  /tmp/ccOWZRdG.s 			page 40


 2224 0189 13       		.uleb128 0x13
 2225 018a 00       		.byte	0
 2226 018b 00       		.byte	0
 2227 018c 1A       		.uleb128 0x1a
 2228 018d 34       		.uleb128 0x34
 2229 018e 00       		.byte	0
 2230 018f 03       		.uleb128 0x3
 2231 0190 08       		.uleb128 0x8
 2232 0191 3A       		.uleb128 0x3a
 2233 0192 0B       		.uleb128 0xb
 2234 0193 3B       		.uleb128 0x3b
 2235 0194 0B       		.uleb128 0xb
 2236 0195 39       		.uleb128 0x39
 2237 0196 0B       		.uleb128 0xb
 2238 0197 49       		.uleb128 0x49
 2239 0198 13       		.uleb128 0x13
 2240 0199 3C       		.uleb128 0x3c
 2241 019a 19       		.uleb128 0x19
 2242 019b 1C       		.uleb128 0x1c
 2243 019c 0B       		.uleb128 0xb
 2244 019d 6C       		.uleb128 0x6c
 2245 019e 19       		.uleb128 0x19
 2246 019f 00       		.byte	0
 2247 01a0 00       		.byte	0
 2248 01a1 1B       		.uleb128 0x1b
 2249 01a2 34       		.uleb128 0x34
 2250 01a3 00       		.byte	0
 2251 01a4 03       		.uleb128 0x3
 2252 01a5 0E       		.uleb128 0xe
 2253 01a6 3A       		.uleb128 0x3a
 2254 01a7 0B       		.uleb128 0xb
 2255 01a8 3B       		.uleb128 0x3b
 2256 01a9 0B       		.uleb128 0xb
 2257 01aa 39       		.uleb128 0x39
 2258 01ab 0B       		.uleb128 0xb
 2259 01ac 49       		.uleb128 0x49
 2260 01ad 13       		.uleb128 0x13
 2261 01ae 3C       		.uleb128 0x3c
 2262 01af 19       		.uleb128 0x19
 2263 01b0 1C       		.uleb128 0x1c
 2264 01b1 0B       		.uleb128 0xb
 2265 01b2 6C       		.uleb128 0x6c
 2266 01b3 19       		.uleb128 0x19
 2267 01b4 00       		.byte	0
 2268 01b5 00       		.byte	0
 2269 01b6 1C       		.uleb128 0x1c
 2270 01b7 34       		.uleb128 0x34
 2271 01b8 00       		.byte	0
 2272 01b9 47       		.uleb128 0x47
 2273 01ba 13       		.uleb128 0x13
 2274 01bb 00       		.byte	0
 2275 01bc 00       		.byte	0
 2276 01bd 1D       		.uleb128 0x1d
 2277 01be 34       		.uleb128 0x34
 2278 01bf 00       		.byte	0
 2279 01c0 03       		.uleb128 0x3
 2280 01c1 0E       		.uleb128 0xe
ARM GAS  /tmp/ccOWZRdG.s 			page 41


 2281 01c2 3A       		.uleb128 0x3a
 2282 01c3 0B       		.uleb128 0xb
 2283 01c4 3B       		.uleb128 0x3b
 2284 01c5 0B       		.uleb128 0xb
 2285 01c6 39       		.uleb128 0x39
 2286 01c7 0B       		.uleb128 0xb
 2287 01c8 49       		.uleb128 0x49
 2288 01c9 13       		.uleb128 0x13
 2289 01ca 6C       		.uleb128 0x6c
 2290 01cb 19       		.uleb128 0x19
 2291 01cc 1C       		.uleb128 0x1c
 2292 01cd 0A       		.uleb128 0xa
 2293 01ce 00       		.byte	0
 2294 01cf 00       		.byte	0
 2295 01d0 1E       		.uleb128 0x1e
 2296 01d1 3B       		.uleb128 0x3b
 2297 01d2 00       		.byte	0
 2298 01d3 03       		.uleb128 0x3
 2299 01d4 0E       		.uleb128 0xe
 2300 01d5 00       		.byte	0
 2301 01d6 00       		.byte	0
 2302 01d7 1F       		.uleb128 0x1f
 2303 01d8 0F       		.uleb128 0xf
 2304 01d9 00       		.byte	0
 2305 01da 0B       		.uleb128 0xb
 2306 01db 0B       		.uleb128 0xb
 2307 01dc 00       		.byte	0
 2308 01dd 00       		.byte	0
 2309 01de 20       		.uleb128 0x20
 2310 01df 2E       		.uleb128 0x2e
 2311 01e0 01       		.byte	0x1
 2312 01e1 3F       		.uleb128 0x3f
 2313 01e2 19       		.uleb128 0x19
 2314 01e3 03       		.uleb128 0x3
 2315 01e4 0E       		.uleb128 0xe
 2316 01e5 3A       		.uleb128 0x3a
 2317 01e6 0B       		.uleb128 0xb
 2318 01e7 3B       		.uleb128 0x3b
 2319 01e8 0B       		.uleb128 0xb
 2320 01e9 39       		.uleb128 0x39
 2321 01ea 0B       		.uleb128 0xb
 2322 01eb 49       		.uleb128 0x49
 2323 01ec 13       		.uleb128 0x13
 2324 01ed 3C       		.uleb128 0x3c
 2325 01ee 19       		.uleb128 0x19
 2326 01ef 01       		.uleb128 0x1
 2327 01f0 13       		.uleb128 0x13
 2328 01f1 00       		.byte	0
 2329 01f2 00       		.byte	0
 2330 01f3 21       		.uleb128 0x21
 2331 01f4 02       		.uleb128 0x2
 2332 01f5 01       		.byte	0x1
 2333 01f6 03       		.uleb128 0x3
 2334 01f7 0E       		.uleb128 0xe
 2335 01f8 0B       		.uleb128 0xb
 2336 01f9 05       		.uleb128 0x5
 2337 01fa 3A       		.uleb128 0x3a
ARM GAS  /tmp/ccOWZRdG.s 			page 42


 2338 01fb 0B       		.uleb128 0xb
 2339 01fc 3B       		.uleb128 0x3b
 2340 01fd 0B       		.uleb128 0xb
 2341 01fe 39       		.uleb128 0x39
 2342 01ff 0B       		.uleb128 0xb
 2343 0200 1D       		.uleb128 0x1d
 2344 0201 13       		.uleb128 0x13
 2345 0202 01       		.uleb128 0x1
 2346 0203 13       		.uleb128 0x13
 2347 0204 00       		.byte	0
 2348 0205 00       		.byte	0
 2349 0206 22       		.uleb128 0x22
 2350 0207 1C       		.uleb128 0x1c
 2351 0208 00       		.byte	0
 2352 0209 49       		.uleb128 0x49
 2353 020a 13       		.uleb128 0x13
 2354 020b 38       		.uleb128 0x38
 2355 020c 0B       		.uleb128 0xb
 2356 020d 32       		.uleb128 0x32
 2357 020e 0B       		.uleb128 0xb
 2358 020f 00       		.byte	0
 2359 0210 00       		.byte	0
 2360 0211 23       		.uleb128 0x23
 2361 0212 2E       		.uleb128 0x2e
 2362 0213 01       		.byte	0x1
 2363 0214 3F       		.uleb128 0x3f
 2364 0215 19       		.uleb128 0x19
 2365 0216 03       		.uleb128 0x3
 2366 0217 0E       		.uleb128 0xe
 2367 0218 6E       		.uleb128 0x6e
 2368 0219 0E       		.uleb128 0xe
 2369 021a 49       		.uleb128 0x49
 2370 021b 13       		.uleb128 0x13
 2371 021c 34       		.uleb128 0x34
 2372 021d 19       		.uleb128 0x19
 2373 021e 32       		.uleb128 0x32
 2374 021f 0B       		.uleb128 0xb
 2375 0220 3C       		.uleb128 0x3c
 2376 0221 19       		.uleb128 0x19
 2377 0222 64       		.uleb128 0x64
 2378 0223 13       		.uleb128 0x13
 2379 0224 01       		.uleb128 0x1
 2380 0225 13       		.uleb128 0x13
 2381 0226 00       		.byte	0
 2382 0227 00       		.byte	0
 2383 0228 24       		.uleb128 0x24
 2384 0229 2E       		.uleb128 0x2e
 2385 022a 01       		.byte	0x1
 2386 022b 3F       		.uleb128 0x3f
 2387 022c 19       		.uleb128 0x19
 2388 022d 03       		.uleb128 0x3
 2389 022e 0E       		.uleb128 0xe
 2390 022f 3A       		.uleb128 0x3a
 2391 0230 0B       		.uleb128 0xb
 2392 0231 3B       		.uleb128 0x3b
 2393 0232 0B       		.uleb128 0xb
 2394 0233 39       		.uleb128 0x39
ARM GAS  /tmp/ccOWZRdG.s 			page 43


 2395 0234 0B       		.uleb128 0xb
 2396 0235 6E       		.uleb128 0x6e
 2397 0236 0E       		.uleb128 0xe
 2398 0237 49       		.uleb128 0x49
 2399 0238 13       		.uleb128 0x13
 2400 0239 32       		.uleb128 0x32
 2401 023a 0B       		.uleb128 0xb
 2402 023b 3C       		.uleb128 0x3c
 2403 023c 19       		.uleb128 0x19
 2404 023d 63       		.uleb128 0x63
 2405 023e 19       		.uleb128 0x19
 2406 023f 64       		.uleb128 0x64
 2407 0240 13       		.uleb128 0x13
 2408 0241 01       		.uleb128 0x1
 2409 0242 13       		.uleb128 0x13
 2410 0243 00       		.byte	0
 2411 0244 00       		.byte	0
 2412 0245 25       		.uleb128 0x25
 2413 0246 2E       		.uleb128 0x2e
 2414 0247 01       		.byte	0x1
 2415 0248 3F       		.uleb128 0x3f
 2416 0249 19       		.uleb128 0x19
 2417 024a 03       		.uleb128 0x3
 2418 024b 0E       		.uleb128 0xe
 2419 024c 3A       		.uleb128 0x3a
 2420 024d 0B       		.uleb128 0xb
 2421 024e 3B       		.uleb128 0x3b
 2422 024f 0B       		.uleb128 0xb
 2423 0250 39       		.uleb128 0x39
 2424 0251 0B       		.uleb128 0xb
 2425 0252 6E       		.uleb128 0x6e
 2426 0253 0E       		.uleb128 0xe
 2427 0254 4C       		.uleb128 0x4c
 2428 0255 0B       		.uleb128 0xb
 2429 0256 4D       		.uleb128 0x4d
 2430 0257 18       		.uleb128 0x18
 2431 0258 1D       		.uleb128 0x1d
 2432 0259 13       		.uleb128 0x13
 2433 025a 32       		.uleb128 0x32
 2434 025b 0B       		.uleb128 0xb
 2435 025c 3C       		.uleb128 0x3c
 2436 025d 19       		.uleb128 0x19
 2437 025e 64       		.uleb128 0x64
 2438 025f 13       		.uleb128 0x13
 2439 0260 01       		.uleb128 0x1
 2440 0261 13       		.uleb128 0x13
 2441 0262 00       		.byte	0
 2442 0263 00       		.byte	0
 2443 0264 26       		.uleb128 0x26
 2444 0265 0D       		.uleb128 0xd
 2445 0266 00       		.byte	0
 2446 0267 03       		.uleb128 0x3
 2447 0268 0E       		.uleb128 0xe
 2448 0269 3A       		.uleb128 0x3a
 2449 026a 0B       		.uleb128 0xb
 2450 026b 3B       		.uleb128 0x3b
 2451 026c 0B       		.uleb128 0xb
ARM GAS  /tmp/ccOWZRdG.s 			page 44


 2452 026d 39       		.uleb128 0x39
 2453 026e 0B       		.uleb128 0xb
 2454 026f 49       		.uleb128 0x49
 2455 0270 13       		.uleb128 0x13
 2456 0271 38       		.uleb128 0x38
 2457 0272 05       		.uleb128 0x5
 2458 0273 00       		.byte	0
 2459 0274 00       		.byte	0
 2460 0275 27       		.uleb128 0x27
 2461 0276 02       		.uleb128 0x2
 2462 0277 01       		.byte	0x1
 2463 0278 03       		.uleb128 0x3
 2464 0279 0E       		.uleb128 0xe
 2465 027a 0B       		.uleb128 0xb
 2466 027b 0B       		.uleb128 0xb
 2467 027c 3A       		.uleb128 0x3a
 2468 027d 0B       		.uleb128 0xb
 2469 027e 3B       		.uleb128 0x3b
 2470 027f 0B       		.uleb128 0xb
 2471 0280 39       		.uleb128 0x39
 2472 0281 0B       		.uleb128 0xb
 2473 0282 1D       		.uleb128 0x1d
 2474 0283 13       		.uleb128 0x13
 2475 0284 01       		.uleb128 0x1
 2476 0285 13       		.uleb128 0x13
 2477 0286 00       		.byte	0
 2478 0287 00       		.byte	0
 2479 0288 28       		.uleb128 0x28
 2480 0289 0D       		.uleb128 0xd
 2481 028a 00       		.byte	0
 2482 028b 03       		.uleb128 0x3
 2483 028c 0E       		.uleb128 0xe
 2484 028d 49       		.uleb128 0x49
 2485 028e 13       		.uleb128 0x13
 2486 028f 38       		.uleb128 0x38
 2487 0290 0B       		.uleb128 0xb
 2488 0291 34       		.uleb128 0x34
 2489 0292 19       		.uleb128 0x19
 2490 0293 32       		.uleb128 0x32
 2491 0294 0B       		.uleb128 0xb
 2492 0295 00       		.byte	0
 2493 0296 00       		.byte	0
 2494 0297 29       		.uleb128 0x29
 2495 0298 2E       		.uleb128 0x2e
 2496 0299 01       		.byte	0x1
 2497 029a 3F       		.uleb128 0x3f
 2498 029b 19       		.uleb128 0x19
 2499 029c 03       		.uleb128 0x3
 2500 029d 0E       		.uleb128 0xe
 2501 029e 3A       		.uleb128 0x3a
 2502 029f 0B       		.uleb128 0xb
 2503 02a0 3B       		.uleb128 0x3b
 2504 02a1 0B       		.uleb128 0xb
 2505 02a2 39       		.uleb128 0x39
 2506 02a3 0B       		.uleb128 0xb
 2507 02a4 6E       		.uleb128 0x6e
 2508 02a5 0E       		.uleb128 0xe
ARM GAS  /tmp/ccOWZRdG.s 			page 45


 2509 02a6 49       		.uleb128 0x49
 2510 02a7 13       		.uleb128 0x13
 2511 02a8 32       		.uleb128 0x32
 2512 02a9 0B       		.uleb128 0xb
 2513 02aa 3C       		.uleb128 0x3c
 2514 02ab 19       		.uleb128 0x19
 2515 02ac 8B01     		.uleb128 0x8b
 2516 02ae 0B       		.uleb128 0xb
 2517 02af 64       		.uleb128 0x64
 2518 02b0 13       		.uleb128 0x13
 2519 02b1 00       		.byte	0
 2520 02b2 00       		.byte	0
 2521 02b3 2A       		.uleb128 0x2a
 2522 02b4 42       		.uleb128 0x42
 2523 02b5 00       		.byte	0
 2524 02b6 0B       		.uleb128 0xb
 2525 02b7 0B       		.uleb128 0xb
 2526 02b8 49       		.uleb128 0x49
 2527 02b9 13       		.uleb128 0x13
 2528 02ba 00       		.byte	0
 2529 02bb 00       		.byte	0
 2530 02bc 2B       		.uleb128 0x2b
 2531 02bd 10       		.uleb128 0x10
 2532 02be 00       		.byte	0
 2533 02bf 0B       		.uleb128 0xb
 2534 02c0 0B       		.uleb128 0xb
 2535 02c1 49       		.uleb128 0x49
 2536 02c2 13       		.uleb128 0x13
 2537 02c3 00       		.byte	0
 2538 02c4 00       		.byte	0
 2539 02c5 2C       		.uleb128 0x2c
 2540 02c6 02       		.uleb128 0x2
 2541 02c7 00       		.byte	0
 2542 02c8 03       		.uleb128 0x3
 2543 02c9 0E       		.uleb128 0xe
 2544 02ca 3C       		.uleb128 0x3c
 2545 02cb 19       		.uleb128 0x19
 2546 02cc 00       		.byte	0
 2547 02cd 00       		.byte	0
 2548 02ce 2D       		.uleb128 0x2d
 2549 02cf 15       		.uleb128 0x15
 2550 02d0 01       		.byte	0x1
 2551 02d1 49       		.uleb128 0x49
 2552 02d2 13       		.uleb128 0x13
 2553 02d3 01       		.uleb128 0x1
 2554 02d4 13       		.uleb128 0x13
 2555 02d5 00       		.byte	0
 2556 02d6 00       		.byte	0
 2557 02d7 2E       		.uleb128 0x2e
 2558 02d8 18       		.uleb128 0x18
 2559 02d9 00       		.byte	0
 2560 02da 00       		.byte	0
 2561 02db 00       		.byte	0
 2562 02dc 2F       		.uleb128 0x2f
 2563 02dd 0F       		.uleb128 0xf
 2564 02de 00       		.byte	0
 2565 02df 0B       		.uleb128 0xb
ARM GAS  /tmp/ccOWZRdG.s 			page 46


 2566 02e0 0B       		.uleb128 0xb
 2567 02e1 03       		.uleb128 0x3
 2568 02e2 0E       		.uleb128 0xe
 2569 02e3 49       		.uleb128 0x49
 2570 02e4 13       		.uleb128 0x13
 2571 02e5 00       		.byte	0
 2572 02e6 00       		.byte	0
 2573 02e7 30       		.uleb128 0x30
 2574 02e8 2E       		.uleb128 0x2e
 2575 02e9 01       		.byte	0x1
 2576 02ea 47       		.uleb128 0x47
 2577 02eb 13       		.uleb128 0x13
 2578 02ec 64       		.uleb128 0x64
 2579 02ed 13       		.uleb128 0x13
 2580 02ee 01       		.uleb128 0x1
 2581 02ef 13       		.uleb128 0x13
 2582 02f0 00       		.byte	0
 2583 02f1 00       		.byte	0
 2584 02f2 31       		.uleb128 0x31
 2585 02f3 05       		.uleb128 0x5
 2586 02f4 00       		.byte	0
 2587 02f5 03       		.uleb128 0x3
 2588 02f6 0E       		.uleb128 0xe
 2589 02f7 49       		.uleb128 0x49
 2590 02f8 13       		.uleb128 0x13
 2591 02f9 34       		.uleb128 0x34
 2592 02fa 19       		.uleb128 0x19
 2593 02fb 00       		.byte	0
 2594 02fc 00       		.byte	0
 2595 02fd 32       		.uleb128 0x32
 2596 02fe 05       		.uleb128 0x5
 2597 02ff 00       		.byte	0
 2598 0300 03       		.uleb128 0x3
 2599 0301 0E       		.uleb128 0xe
 2600 0302 3A       		.uleb128 0x3a
 2601 0303 0B       		.uleb128 0xb
 2602 0304 3B       		.uleb128 0x3b
 2603 0305 0B       		.uleb128 0xb
 2604 0306 39       		.uleb128 0x39
 2605 0307 0B       		.uleb128 0xb
 2606 0308 49       		.uleb128 0x49
 2607 0309 13       		.uleb128 0x13
 2608 030a 00       		.byte	0
 2609 030b 00       		.byte	0
 2610 030c 33       		.uleb128 0x33
 2611 030d 34       		.uleb128 0x34
 2612 030e 00       		.byte	0
 2613 030f 03       		.uleb128 0x3
 2614 0310 0E       		.uleb128 0xe
 2615 0311 3A       		.uleb128 0x3a
 2616 0312 0B       		.uleb128 0xb
 2617 0313 3B       		.uleb128 0x3b
 2618 0314 0B       		.uleb128 0xb
 2619 0315 39       		.uleb128 0x39
 2620 0316 0B       		.uleb128 0xb
 2621 0317 49       		.uleb128 0x49
 2622 0318 13       		.uleb128 0x13
ARM GAS  /tmp/ccOWZRdG.s 			page 47


 2623 0319 00       		.byte	0
 2624 031a 00       		.byte	0
 2625 031b 34       		.uleb128 0x34
 2626 031c 01       		.uleb128 0x1
 2627 031d 01       		.byte	0x1
 2628 031e 49       		.uleb128 0x49
 2629 031f 13       		.uleb128 0x13
 2630 0320 01       		.uleb128 0x1
 2631 0321 13       		.uleb128 0x13
 2632 0322 00       		.byte	0
 2633 0323 00       		.byte	0
 2634 0324 35       		.uleb128 0x35
 2635 0325 21       		.uleb128 0x21
 2636 0326 00       		.byte	0
 2637 0327 49       		.uleb128 0x49
 2638 0328 13       		.uleb128 0x13
 2639 0329 2F       		.uleb128 0x2f
 2640 032a 0B       		.uleb128 0xb
 2641 032b 00       		.byte	0
 2642 032c 00       		.byte	0
 2643 032d 36       		.uleb128 0x36
 2644 032e 2E       		.uleb128 0x2e
 2645 032f 01       		.byte	0x1
 2646 0330 47       		.uleb128 0x47
 2647 0331 13       		.uleb128 0x13
 2648 0332 64       		.uleb128 0x64
 2649 0333 13       		.uleb128 0x13
 2650 0334 20       		.uleb128 0x20
 2651 0335 0B       		.uleb128 0xb
 2652 0336 01       		.uleb128 0x1
 2653 0337 13       		.uleb128 0x13
 2654 0338 00       		.byte	0
 2655 0339 00       		.byte	0
 2656 033a 37       		.uleb128 0x37
 2657 033b 05       		.uleb128 0x5
 2658 033c 00       		.byte	0
 2659 033d 03       		.uleb128 0x3
 2660 033e 08       		.uleb128 0x8
 2661 033f 3A       		.uleb128 0x3a
 2662 0340 0B       		.uleb128 0xb
 2663 0341 3B       		.uleb128 0x3b
 2664 0342 0B       		.uleb128 0xb
 2665 0343 39       		.uleb128 0x39
 2666 0344 0B       		.uleb128 0xb
 2667 0345 49       		.uleb128 0x49
 2668 0346 13       		.uleb128 0x13
 2669 0347 00       		.byte	0
 2670 0348 00       		.byte	0
 2671 0349 38       		.uleb128 0x38
 2672 034a 2E       		.uleb128 0x2e
 2673 034b 01       		.byte	0x1
 2674 034c 31       		.uleb128 0x31
 2675 034d 13       		.uleb128 0x13
 2676 034e 6E       		.uleb128 0x6e
 2677 034f 0E       		.uleb128 0xe
 2678 0350 64       		.uleb128 0x64
 2679 0351 13       		.uleb128 0x13
ARM GAS  /tmp/ccOWZRdG.s 			page 48


 2680 0352 01       		.uleb128 0x1
 2681 0353 13       		.uleb128 0x13
 2682 0354 00       		.byte	0
 2683 0355 00       		.byte	0
 2684 0356 39       		.uleb128 0x39
 2685 0357 05       		.uleb128 0x5
 2686 0358 00       		.byte	0
 2687 0359 31       		.uleb128 0x31
 2688 035a 13       		.uleb128 0x13
 2689 035b 00       		.byte	0
 2690 035c 00       		.byte	0
 2691 035d 3A       		.uleb128 0x3a
 2692 035e 2E       		.uleb128 0x2e
 2693 035f 01       		.byte	0x1
 2694 0360 47       		.uleb128 0x47
 2695 0361 13       		.uleb128 0x13
 2696 0362 3A       		.uleb128 0x3a
 2697 0363 0B       		.uleb128 0xb
 2698 0364 3B       		.uleb128 0x3b
 2699 0365 0B       		.uleb128 0xb
 2700 0366 39       		.uleb128 0x39
 2701 0367 0B       		.uleb128 0xb
 2702 0368 64       		.uleb128 0x64
 2703 0369 13       		.uleb128 0x13
 2704 036a 20       		.uleb128 0x20
 2705 036b 0B       		.uleb128 0xb
 2706 036c 01       		.uleb128 0x1
 2707 036d 13       		.uleb128 0x13
 2708 036e 00       		.byte	0
 2709 036f 00       		.byte	0
 2710 0370 3B       		.uleb128 0x3b
 2711 0371 2E       		.uleb128 0x2e
 2712 0372 01       		.byte	0x1
 2713 0373 03       		.uleb128 0x3
 2714 0374 0E       		.uleb128 0xe
 2715 0375 3A       		.uleb128 0x3a
 2716 0376 0B       		.uleb128 0xb
 2717 0377 3B       		.uleb128 0x3b
 2718 0378 0B       		.uleb128 0xb
 2719 0379 39       		.uleb128 0x39
 2720 037a 0B       		.uleb128 0xb
 2721 037b 49       		.uleb128 0x49
 2722 037c 13       		.uleb128 0x13
 2723 037d 01       		.uleb128 0x1
 2724 037e 13       		.uleb128 0x13
 2725 037f 00       		.byte	0
 2726 0380 00       		.byte	0
 2727 0381 00       		.byte	0
 2728              		.section	.gnu.debuglto_.debug_line,"e",%progbits
 2729              	.Ldebug_line0:
 2730 0000 1B030000 		.4byte	.LELT0-.LSLT0
 2731              	.LSLT0:
 2732 0004 0400     		.2byte	0x4
 2733 0006 15030000 		.4byte	.LELTP0-.LASLTP0
 2734              	.LASLTP0:
 2735 000a 01       		.byte	0x1
 2736 000b 01       		.byte	0x1
ARM GAS  /tmp/ccOWZRdG.s 			page 49


 2737 000c 01       		.byte	0x1
 2738 000d F6       		.byte	0xf6
 2739 000e F2       		.byte	0xf2
 2740 000f 0D       		.byte	0xd
 2741 0010 00       		.byte	0
 2742 0011 01       		.byte	0x1
 2743 0012 01       		.byte	0x1
 2744 0013 01       		.byte	0x1
 2745 0014 01       		.byte	0x1
 2746 0015 00       		.byte	0
 2747 0016 00       		.byte	0
 2748 0017 00       		.byte	0
 2749 0018 01       		.byte	0x1
 2750 0019 00       		.byte	0
 2751 001a 00       		.byte	0
 2752 001b 01       		.byte	0x1
 2753 001c 636F6E66 		.ascii	"configs"
 2753      696773
 2754 0023 00       		.byte	0
 2755 0024 2F6F7074 		.ascii	"/opt/gcc-arm-none-eabi-10-2020-q4-major/arm-none-ea"
 2755      2F676363 
 2755      2D61726D 
 2755      2D6E6F6E 
 2755      652D6561 
 2756 0057 62692F69 		.ascii	"bi/include/c++/10.2.1/arm-none-eabi/thumb/v7e-m+dp/"
 2756      6E636C75 
 2756      64652F63 
 2756      2B2B2F31 
 2756      302E322E 
 2757 008a 68617264 		.ascii	"hard/bits"
 2757      2F626974 
 2757      73
 2758 0093 00       		.byte	0
 2759 0094 2F6F7074 		.ascii	"/opt/gcc-arm-none-eabi-10-2020-q4-major/arm-none-ea"
 2759      2F676363 
 2759      2D61726D 
 2759      2D6E6F6E 
 2759      652D6561 
 2760 00c7 62692F69 		.ascii	"bi/include/c++/10.2.1"
 2760      6E636C75 
 2760      64652F63 
 2760      2B2B2F31 
 2760      302E322E 
 2761 00dc 00       		.byte	0
 2762 00dd 2F6F7074 		.ascii	"/opt/gcc-arm-none-eabi-10-2020-q4-major/arm-none-ea"
 2762      2F676363 
 2762      2D61726D 
 2762      2D6E6F6E 
 2762      652D6561 
 2763 0110 62692F69 		.ascii	"bi/include/machine"
 2763      6E636C75 
 2763      64652F6D 
 2763      61636869 
 2763      6E65
 2764 0122 00       		.byte	0
 2765 0123 2F6F7074 		.ascii	"/opt/gcc-arm-none-eabi-10-2020-q4-major/arm-none-ea"
 2765      2F676363 
ARM GAS  /tmp/ccOWZRdG.s 			page 50


 2765      2D61726D 
 2765      2D6E6F6E 
 2765      652D6561 
 2766 0156 62692F69 		.ascii	"bi/include/sys"
 2766      6E636C75 
 2766      64652F73 
 2766      7973
 2767 0164 00       		.byte	0
 2768 0165 2F6F7074 		.ascii	"/opt/gcc-arm-none-eabi-10-2020-q4-major/arm-none-ea"
 2768      2F676363 
 2768      2D61726D 
 2768      2D6E6F6E 
 2768      652D6561 
 2769 0198 62692F69 		.ascii	"bi/include"
 2769      6E636C75 
 2769      6465
 2770 01a2 00       		.byte	0
 2771 01a3 2F6F7074 		.ascii	"/opt/gcc-arm-none-eabi-10-2020-q4-major/lib/gcc/arm"
 2771      2F676363 
 2771      2D61726D 
 2771      2D6E6F6E 
 2771      652D6561 
 2772 01d6 2D6E6F6E 		.ascii	"-none-eabi/10.2.1/include"
 2772      652D6561 
 2772      62692F31 
 2772      302E322E 
 2772      312F696E 
 2773 01ef 00       		.byte	0
 2774 01f0 7372632F 		.ascii	"src/controllers"
 2774      636F6E74 
 2774      726F6C6C 
 2774      657273
 2775 01ff 00       		.byte	0
 2776 0200 7372632F 		.ascii	"src/math"
 2776      6D617468 
 2777 0208 00       		.byte	0
 2778 0209 737263   		.ascii	"src"
 2779 020c 00       		.byte	0
 2780 020d 00       		.byte	0
 2781 020e 63737464 		.ascii	"cstdint\000"
 2781      696E7400 
 2782 0216 03       		.uleb128 0x3
 2783 0217 00       		.uleb128 0
 2784 0218 00       		.uleb128 0
 2785 0219 63737472 		.ascii	"cstring\000"
 2785      696E6700 
 2786 0221 03       		.uleb128 0x3
 2787 0222 00       		.uleb128 0
 2788 0223 00       		.uleb128 0
 2789 0224 636D6174 		.ascii	"cmath\000"
 2789      6800
 2790 022a 03       		.uleb128 0x3
 2791 022b 00       		.uleb128 0
 2792 022c 00       		.uleb128 0
 2793 022d 632B2B63 		.ascii	"c++config.h\000"
 2793      6F6E6669 
 2793      672E6800 
ARM GAS  /tmp/ccOWZRdG.s 			page 51


 2794 0239 02       		.uleb128 0x2
 2795 023a 00       		.uleb128 0
 2796 023b 00       		.uleb128 0
 2797 023c 5F646566 		.ascii	"_default_types.h\000"
 2797      61756C74 
 2797      5F747970 
 2797      65732E68 
 2797      00
 2798 024d 04       		.uleb128 0x4
 2799 024e 00       		.uleb128 0
 2800 024f 00       		.uleb128 0
 2801 0250 5F737464 		.ascii	"_stdint.h\000"
 2801      696E742E 
 2801      6800
 2802 025a 05       		.uleb128 0x5
 2803 025b 00       		.uleb128 0
 2804 025c 00       		.uleb128 0
 2805 025d 73746469 		.ascii	"stdint.h\000"
 2805      6E742E68 
 2805      00
 2806 0266 06       		.uleb128 0x6
 2807 0267 00       		.uleb128 0
 2808 0268 00       		.uleb128 0
 2809 0269 5049442E 		.ascii	"PID.hpp\000"
 2809      68707000 
 2810 0271 08       		.uleb128 0x8
 2811 0272 00       		.uleb128 0
 2812 0273 00       		.uleb128 0
 2813 0274 44726F6E 		.ascii	"DroneConfig.hpp\000"
 2813      65436F6E 
 2813      6669672E 
 2813      68707000 
 2814 0284 01       		.uleb128 0x1
 2815 0285 00       		.uleb128 0
 2816 0286 00       		.uleb128 0
 2817 0287 466C6967 		.ascii	"FlightState.hpp\000"
 2817      68745374 
 2817      6174652E 
 2817      68707000 
 2818 0297 0A       		.uleb128 0xa
 2819 0298 00       		.uleb128 0
 2820 0299 00       		.uleb128 0
 2821 029a 73746464 		.ascii	"stddef.h\000"
 2821      65662E68 
 2821      00
 2822 02a3 07       		.uleb128 0x7
 2823 02a4 00       		.uleb128 0
 2824 02a5 00       		.uleb128 0
 2825 02a6 73747269 		.ascii	"string.h\000"
 2825      6E672E68 
 2825      00
 2826 02af 06       		.uleb128 0x6
 2827 02b0 00       		.uleb128 0
 2828 02b1 00       		.uleb128 0
 2829 02b2 6D617468 		.ascii	"math.h\000"
 2829      2E6800
 2830 02b9 06       		.uleb128 0x6
ARM GAS  /tmp/ccOWZRdG.s 			page 52


 2831 02ba 00       		.uleb128 0
 2832 02bb 00       		.uleb128 0
 2833 02bc 41747469 		.ascii	"Attitude_PID_PI.cpp\000"
 2833      74756465 
 2833      5F504944 
 2833      5F50492E 
 2833      63707000 
 2834 02d0 08       		.uleb128 0x8
 2835 02d1 00       		.uleb128 0
 2836 02d2 00       		.uleb128 0
 2837 02d3 41747469 		.ascii	"Attitude_PID_PI.hpp\000"
 2837      74756465 
 2837      5F504944 
 2837      5F50492E 
 2837      68707000 
 2838 02e7 08       		.uleb128 0x8
 2839 02e8 00       		.uleb128 0
 2840 02e9 00       		.uleb128 0
 2841 02ea 41747469 		.ascii	"AttitudeController.hpp\000"
 2841      74756465 
 2841      436F6E74 
 2841      726F6C6C 
 2841      65722E68 
 2842 0301 08       		.uleb128 0x8
 2843 0302 00       		.uleb128 0
 2844 0303 00       		.uleb128 0
 2845 0304 3C627569 		.ascii	"<built-in>\000"
 2845      6C742D69 
 2845      6E3E00
 2846 030f 00       		.uleb128 0
 2847 0310 00       		.uleb128 0
 2848 0311 00       		.uleb128 0
 2849 0312 6D617468 		.ascii	"math.hpp\000"
 2849      2E687070 
 2849      00
 2850 031b 09       		.uleb128 0x9
 2851 031c 00       		.uleb128 0
 2852 031d 00       		.uleb128 0
 2853 031e 00       		.byte	0
 2854              	.LELTP0:
 2855              	.LELT0:
 2856              		.section	.gnu.debuglto_.debug_str,"eMS",%progbits,1
 2857              	.LASF53:
 2858 0000 75696E74 		.ascii	"uint_fast16_t\000"
 2858      5F666173 
 2858      7431365F 
 2858      7400
 2859              	.LASF167:
 2860 000e 63686172 		.ascii	"char32_t\000"
 2860      33325F74 
 2860      00
 2861              	.LASF131:
 2862 0017 5F706974 		.ascii	"_pitch_accel\000"
 2862      63685F61 
 2862      6363656C 
 2862      00
 2863              	.LASF94:
ARM GAS  /tmp/ccOWZRdG.s 			page 53


 2864 0024 565F444F 		.ascii	"V_DOT\000"
 2864      5400
 2865              	.LASF151:
 2866 002a 696E7075 		.ascii	"input\000"
 2866      7400
 2867              	.LASF116:
 2868 0030 646F7562 		.ascii	"double_t\000"
 2868      6C655F74 
 2868      00
 2869              	.LASF125:
 2870 0039 5F5A4E31 		.ascii	"_ZN13AttitudePIDPI9reset_allEv\000"
 2870      33417474 
 2870      69747564 
 2870      65504944 
 2870      50493972 
 2871              	.LASF84:
 2872 0058 70697463 		.ascii	"pitch_rate\000"
 2872      685F7261 
 2872      746500
 2873              	.LASF29:
 2874 0063 756E7369 		.ascii	"unsigned int\000"
 2874      676E6564 
 2874      20696E74 
 2874      00
 2875              	.LASF90:
 2876 0070 5F5F676E 		.ascii	"__gnu_cxx\000"
 2876      755F6378 
 2876      7800
 2877              	.LASF147:
 2878 007a 5F5A4E31 		.ascii	"_ZN18AttitudeControllerD4Ev\000"
 2878      38417474 
 2878      69747564 
 2878      65436F6E 
 2878      74726F6C 
 2879              	.LASF61:
 2880 0096 5F5A4E33 		.ascii	"_ZN3PID5resetEv\000"
 2880      50494435 
 2880      72657365 
 2880      74457600 
 2881              	.LASF38:
 2882 00a6 696E746D 		.ascii	"intmax_t\000"
 2882      61785F74 
 2882      00
 2883              	.LASF57:
 2884 00af 75696E74 		.ascii	"uint_fast64_t\000"
 2884      5F666173 
 2884      7436345F 
 2884      7400
 2885              	.LASF52:
 2886 00bd 696E745F 		.ascii	"int_fast16_t\000"
 2886      66617374 
 2886      31365F74 
 2886      00
 2887              	.LASF9:
 2888 00ca 5F5F696E 		.ascii	"__int32_t\000"
 2888      7433325F 
 2888      7400
ARM GAS  /tmp/ccOWZRdG.s 			page 54


 2889              	.LASF78:
 2890 00d4 66696C74 		.ascii	"filt_d_hz\000"
 2890      5F645F68 
 2890      7A00
 2891              	.LASF165:
 2892 00de 77636861 		.ascii	"wchar_t\000"
 2892      725F7400 
 2893              	.LASF156:
 2894 00e6 726F6C6C 		.ascii	"roll_accel_tgt\000"
 2894      5F616363 
 2894      656C5F74 
 2894      677400
 2895              	.LASF111:
 2896 00f5 73747265 		.ascii	"strerror\000"
 2896      72726F72 
 2896      00
 2897              	.LASF26:
 2898 00fe 5F5F7569 		.ascii	"__uintmax_t\000"
 2898      6E746D61 
 2898      785F7400 
 2899              	.LASF96:
 2900 010a 505F444F 		.ascii	"P_DOT\000"
 2900      5400
 2901              	.LASF21:
 2902 0110 5F5F696E 		.ascii	"__int_least32_t\000"
 2902      745F6C65 
 2902      61737433 
 2902      325F7400 
 2903              	.LASF58:
 2904 0120 75706461 		.ascii	"update\000"
 2904      746500
 2905              	.LASF63:
 2906 0127 5F696D61 		.ascii	"_imax\000"
 2906      7800
 2907              	.LASF137:
 2908 012d 5354414C 		.ascii	"STALE_TIMEOUT_US\000"
 2908      455F5449 
 2908      4D454F55 
 2908      545F5553 
 2908      00
 2909              	.LASF129:
 2910 013e 5F706974 		.ascii	"_pitch_rate\000"
 2910      63685F72 
 2910      61746500 
 2911              	.LASF180:
 2912 014a 5F5F7674 		.ascii	"__vtbl_ptr_type\000"
 2912      626C5F70 
 2912      74725F74 
 2912      79706500 
 2913              	.LASF139:
 2914 015a 5941575F 		.ascii	"YAW_HOLD_MAX_RATE\000"
 2914      484F4C44 
 2914      5F4D4158 
 2914      5F524154 
 2914      4500
 2915              	.LASF120:
 2916 016c 5F5A4E31 		.ascii	"_ZN13AttitudePIDPID4Ev\000"
ARM GAS  /tmp/ccOWZRdG.s 			page 55


 2916      33417474 
 2916      69747564 
 2916      65504944 
 2916      50494434 
 2917              	.LASF27:
 2918 0183 5F5F696E 		.ascii	"__intptr_t\000"
 2918      74707472 
 2918      5F7400
 2919              	.LASF150:
 2920 018e 73746174 		.ascii	"state_full\000"
 2920      655F6675 
 2920      6C6C00
 2921              	.LASF146:
 2922 0199 5F5A4E33 		.ascii	"_ZN3PID6updateEff\000"
 2922      50494436 
 2922      75706461 
 2922      74654566 
 2922      6600
 2923              	.LASF122:
 2924 01ab 5F5A4E31 		.ascii	"_ZN13AttitudePIDPIC4ERKS_\000"
 2924      33417474 
 2924      69747564 
 2924      65504944 
 2924      50494334 
 2925              	.LASF152:
 2926 01c5 6F75745F 		.ascii	"out_cmds\000"
 2926      636D6473 
 2926      00
 2927              	.LASF56:
 2928 01ce 696E745F 		.ascii	"int_fast64_t\000"
 2928      66617374 
 2928      36345F74 
 2928      00
 2929              	.LASF45:
 2930 01db 75696E74 		.ascii	"uint_least16_t\000"
 2930      5F6C6561 
 2930      73743136 
 2930      5F7400
 2931              	.LASF35:
 2932 01ea 75696E74 		.ascii	"uint32_t\000"
 2932      33325F74 
 2932      00
 2933              	.LASF30:
 2934 01f3 696E7438 		.ascii	"int8_t\000"
 2934      5F7400
 2935              	.LASF118:
 2936 01fa 7E417474 		.ascii	"~AttitudePIDPI\000"
 2936      69747564 
 2936      65504944 
 2936      504900
 2937              	.LASF73:
 2938 0209 666C6F61 		.ascii	"float\000"
 2938      7400
 2939              	.LASF132:
 2940 020f 5F796177 		.ascii	"_yaw_rate\000"
 2940      5F726174 
 2940      6500
ARM GAS  /tmp/ccOWZRdG.s 			page 56


 2941              	.LASF173:
 2942 0219 5F5A4E33 		.ascii	"_ZN3PID6now_usEv\000"
 2942      50494436 
 2942      6E6F775F 
 2942      75734576 
 2942      00
 2943              	.LASF32:
 2944 022a 696E7431 		.ascii	"int16_t\000"
 2944      365F7400 
 2945              	.LASF44:
 2946 0232 696E745F 		.ascii	"int_least16_t\000"
 2946      6C656173 
 2946      7431365F 
 2946      7400
 2947              	.LASF39:
 2948 0240 75696E74 		.ascii	"uintmax_t\000"
 2948      6D61785F 
 2948      7400
 2949              	.LASF141:
 2950 024a 5F5A4E31 		.ascii	"_ZN18AttitudeControllerC4ERKS_\000"
 2950      38417474 
 2950      69747564 
 2950      65436F6E 
 2950      74726F6C 
 2951              	.LASF16:
 2952 0269 6C6F6E67 		.ascii	"long long unsigned int\000"
 2952      206C6F6E 
 2952      6720756E 
 2952      7369676E 
 2952      65642069 
 2953              	.LASF67:
 2954 0280 5F696E74 		.ascii	"_integrator\000"
 2954      65677261 
 2954      746F7200 
 2955              	.LASF7:
 2956 028c 5F5F7569 		.ascii	"__uint16_t\000"
 2956      6E743136 
 2956      5F7400
 2957              	.LASF119:
 2958 0297 41747469 		.ascii	"AttitudePIDPI\000"
 2958      74756465 
 2958      50494450 
 2958      4900
 2959              	.LASF157:
 2960 02a5 70697463 		.ascii	"pitch_accel_tgt\000"
 2960      685F6163 
 2960      63656C5F 
 2960      74677400 
 2961              	.LASF70:
 2962 02b5 5F6C6173 		.ascii	"_last_derivative\000"
 2962      745F6465 
 2962      72697661 
 2962      74697665 
 2962      00
 2963              	.LASF49:
 2964 02c6 75696E74 		.ascii	"uint_least64_t\000"
 2964      5F6C6561 
ARM GAS  /tmp/ccOWZRdG.s 			page 57


 2964      73743634 
 2964      5F7400
 2965              	.LASF59:
 2966 02d5 72657365 		.ascii	"reset\000"
 2966      7400
 2967              	.LASF144:
 2968 02db 5F5A4E31 		.ascii	"_ZN18AttitudeController9reset_allEv\000"
 2968      38417474 
 2968      69747564 
 2968      65436F6E 
 2968      74726F6C 
 2969              	.LASF170:
 2970 02ff 2F686F6D 		.ascii	"/home/bprl-dev/Documents/BPRL_flight\000"
 2970      652F6270 
 2970      726C2D64 
 2970      65762F44 
 2970      6F63756D 
 2971              	.LASF103:
 2972 0324 5941575F 		.ascii	"YAW_RATE\000"
 2972      52415445 
 2972      00
 2973              	.LASF106:
 2974 032d 4E5F494E 		.ascii	"N_INPUTS\000"
 2974      50555453 
 2974      00
 2975              	.LASF174:
 2976 0336 5F5A4E33 		.ascii	"_ZN3PID7_reinitEffm\000"
 2976      50494437 
 2976      5F726569 
 2976      6E697445 
 2976      66666D00 
 2977              	.LASF126:
 2978 034a 5F726F6C 		.ascii	"_roll_att\000"
 2978      6C5F6174 
 2978      7400
 2979              	.LASF107:
 2980 0354 73697A65 		.ascii	"size_t\000"
 2980      5F7400
 2981              	.LASF42:
 2982 035b 696E745F 		.ascii	"int_least8_t\000"
 2982      6C656173 
 2982      74385F74 
 2982      00
 2983              	.LASF36:
 2984 0368 696E7436 		.ascii	"int64_t\000"
 2984      345F7400 
 2985              	.LASF113:
 2986 0370 73747278 		.ascii	"strxfrm\000"
 2986      66726D00 
 2987              	.LASF124:
 2988 0378 5F5A4E31 		.ascii	"_ZN13AttitudePIDPI6updateEPKfS1_S1_S1_RK7UnmixerPf\000"
 2988      33417474 
 2988      69747564 
 2988      65504944 
 2988      50493675 
 2989              	.LASF48:
 2990 03ab 696E745F 		.ascii	"int_least64_t\000"
ARM GAS  /tmp/ccOWZRdG.s 			page 58


 2990      6C656173 
 2990      7436345F 
 2990      7400
 2991              	.LASF114:
 2992 03b9 646F7562 		.ascii	"double\000"
 2992      6C6500
 2993              	.LASF112:
 2994 03c0 73747274 		.ascii	"strtok\000"
 2994      6F6B00
 2995              	.LASF43:
 2996 03c7 75696E74 		.ascii	"uint_least8_t\000"
 2996      5F6C6561 
 2996      7374385F 
 2996      7400
 2997              	.LASF22:
 2998 03d5 5F5F7569 		.ascii	"__uint_least32_t\000"
 2998      6E745F6C 
 2998      65617374 
 2998      33325F74 
 2998      00
 2999              	.LASF153:
 3000 03e6 73746174 		.ascii	"state6\000"
 3000      653600
 3001              	.LASF128:
 3002 03ed 5F726F6C 		.ascii	"_roll_rate\000"
 3002      6C5F7261 
 3002      746500
 3003              	.LASF15:
 3004 03f8 5F5F7569 		.ascii	"__uint64_t\000"
 3004      6E743634 
 3004      5F7400
 3005              	.LASF87:
 3006 0403 726F6C6C 		.ascii	"roll_accel\000"
 3006      5F616363 
 3006      656C00
 3007              	.LASF88:
 3008 040e 70697463 		.ascii	"pitch_accel\000"
 3008      685F6163 
 3008      63656C00 
 3009              	.LASF93:
 3010 041a 555F444F 		.ascii	"U_DOT\000"
 3010      5400
 3011              	.LASF110:
 3012 0420 73747263 		.ascii	"strcoll\000"
 3012      6F6C6C00 
 3013              	.LASF92:
 3014 0428 5A5F504F 		.ascii	"Z_POS\000"
 3014      5300
 3015              	.LASF85:
 3016 042e 7961775F 		.ascii	"yaw_rate\000"
 3016      72617465 
 3016      00
 3017              	.LASF115:
 3018 0437 666C6F61 		.ascii	"float_t\000"
 3018      745F7400 
 3019              	.LASF127:
 3020 043f 5F706974 		.ascii	"_pitch_att\000"
ARM GAS  /tmp/ccOWZRdG.s 			page 59


 3020      63685F61 
 3020      747400
 3021              	.LASF178:
 3022 044a 5F767074 		.ascii	"_vptr.AttitudeController\000"
 3022      722E4174 
 3022      74697475 
 3022      6465436F 
 3022      6E74726F 
 3023              	.LASF109:
 3024 0463 63686172 		.ascii	"char\000"
 3024      00
 3025              	.LASF98:
 3026 0468 525F444F 		.ascii	"R_DOT\000"
 3026      5400
 3027              	.LASF117:
 3028 046e 5F726569 		.ascii	"_reinit\000"
 3028      6E697400 
 3029              	.LASF166:
 3030 0476 63686172 		.ascii	"char16_t\000"
 3030      31365F74 
 3030      00
 3031              	.LASF31:
 3032 047f 75696E74 		.ascii	"uint8_t\000"
 3032      385F7400 
 3033              	.LASF172:
 3034 0487 6E6F775F 		.ascii	"now_us\000"
 3034      757300
 3035              	.LASF81:
 3036 048e 726F6C6C 		.ascii	"roll_att\000"
 3036      5F617474 
 3036      00
 3037              	.LASF175:
 3038 0497 4E4F5443 		.ascii	"NOTCH_NYQUIST_CUTOFF\000"
 3038      485F4E59 
 3038      51554953 
 3038      545F4355 
 3038      544F4646 
 3039              	.LASF133:
 3040 04ac 5F796177 		.ascii	"_yaw_hold\000"
 3040      5F686F6C 
 3040      6400
 3041              	.LASF91:
 3042 04b6 53746174 		.ascii	"StateIdx\000"
 3042      65496478 
 3042      00
 3043              	.LASF14:
 3044 04bf 6C6F6E67 		.ascii	"long long int\000"
 3044      206C6F6E 
 3044      6720696E 
 3044      7400
 3045              	.LASF74:
 3046 04cd 626F6F6C 		.ascii	"bool\000"
 3046      00
 3047              	.LASF0:
 3048 04d2 5F5F6378 		.ascii	"__cxx11\000"
 3048      78313100 
 3049              	.LASF5:
ARM GAS  /tmp/ccOWZRdG.s 			page 60


 3050 04da 5F5F696E 		.ascii	"__int16_t\000"
 3050      7431365F 
 3050      7400
 3051              	.LASF64:
 3052 04e4 5F66696C 		.ascii	"_filt_target_hz\000"
 3052      745F7461 
 3052      72676574 
 3052      5F687A00 
 3053              	.LASF83:
 3054 04f4 726F6C6C 		.ascii	"roll_rate\000"
 3054      5F726174 
 3054      6500
 3055              	.LASF130:
 3056 04fe 5F726F6C 		.ascii	"_roll_accel\000"
 3056      6C5F6163 
 3056      63656C00 
 3057              	.LASF50:
 3058 050a 696E745F 		.ascii	"int_fast8_t\000"
 3058      66617374 
 3058      385F7400 
 3059              	.LASF158:
 3060 0516 726F6C6C 		.ascii	"roll_accel_meas\000"
 3060      5F616363 
 3060      656C5F6D 
 3060      65617300 
 3061              	.LASF19:
 3062 0526 5F5F696E 		.ascii	"__int_least16_t\000"
 3062      745F6C65 
 3062      61737431 
 3062      365F7400 
 3063              	.LASF105:
 3064 0536 494E4449 		.ascii	"INDI_STK\000"
 3064      5F53544B 
 3064      00
 3065              	.LASF55:
 3066 053f 75696E74 		.ascii	"uint_fast32_t\000"
 3066      5F666173 
 3066      7433325F 
 3066      7400
 3067              	.LASF136:
 3068 054d 5F796177 		.ascii	"_yaw_target_valid\000"
 3068      5F746172 
 3068      6765745F 
 3068      76616C69 
 3068      6400
 3069              	.LASF1:
 3070 055f 5F5F696E 		.ascii	"__int8_t\000"
 3070      74385F74 
 3070      00
 3071              	.LASF13:
 3072 0568 5F5F696E 		.ascii	"__int64_t\000"
 3072      7436345F 
 3072      7400
 3073              	.LASF25:
 3074 0572 5F5F696E 		.ascii	"__intmax_t\000"
 3074      746D6178 
 3074      5F7400
ARM GAS  /tmp/ccOWZRdG.s 			page 61


 3075              	.LASF108:
 3076 057d 6C6F6E67 		.ascii	"long double\000"
 3076      20646F75 
 3076      626C6500 
 3077              	.LASF40:
 3078 0589 696E7470 		.ascii	"intptr_t\000"
 3078      74725F74 
 3078      00
 3079              	.LASF33:
 3080 0592 75696E74 		.ascii	"uint16_t\000"
 3080      31365F74 
 3080      00
 3081              	.LASF148:
 3082 059b 74686973 		.ascii	"this\000"
 3082      00
 3083              	.LASF160:
 3084 05a0 7961775F 		.ascii	"yaw_now\000"
 3084      6E6F7700 
 3085              	.LASF28:
 3086 05a8 5F5F7569 		.ascii	"__uintptr_t\000"
 3086      6E747074 
 3086      725F7400 
 3087              	.LASF72:
 3088 05b4 5F6C6173 		.ascii	"_last_t_us\000"
 3088      745F745F 
 3088      757300
 3089              	.LASF86:
 3090 05bf 7961775F 		.ascii	"yaw_hold\000"
 3090      686F6C64 
 3090      00
 3091              	.LASF23:
 3092 05c8 5F5F696E 		.ascii	"__int_least64_t\000"
 3092      745F6C65 
 3092      61737436 
 3092      345F7400 
 3093              	.LASF104:
 3094 05d8 464C4947 		.ascii	"FLIGHT_MODE\000"
 3094      48545F4D 
 3094      4F444500 
 3095              	.LASF18:
 3096 05e4 5F5F7569 		.ascii	"__uint_least8_t\000"
 3096      6E745F6C 
 3096      65617374 
 3096      385F7400 
 3097              	.LASF54:
 3098 05f4 696E745F 		.ascii	"int_fast32_t\000"
 3098      66617374 
 3098      33325F74 
 3098      00
 3099              	.LASF140:
 3100 0601 41747469 		.ascii	"AttitudeController\000"
 3100      74756465 
 3100      436F6E74 
 3100      726F6C6C 
 3100      657200
 3101              	.LASF6:
 3102 0614 73686F72 		.ascii	"short int\000"
ARM GAS  /tmp/ccOWZRdG.s 			page 62


 3102      7420696E 
 3102      7400
 3103              	.LASF77:
 3104 061e 66696C74 		.ascii	"filt_error_hz\000"
 3104      5F657272 
 3104      6F725F68 
 3104      7A00
 3105              	.LASF95:
 3106 062c 575F444F 		.ascii	"W_DOT\000"
 3106      5400
 3107              	.LASF10:
 3108 0632 6C6F6E67 		.ascii	"long int\000"
 3108      20696E74 
 3108      00
 3109              	.LASF101:
 3110 063b 524F4C4C 		.ascii	"ROLL_TGT\000"
 3110      5F544754 
 3110      00
 3111              	.LASF82:
 3112 0644 70697463 		.ascii	"pitch_att\000"
 3112      685F6174 
 3112      7400
 3113              	.LASF68:
 3114 064e 5F746172 		.ascii	"_target_filt\000"
 3114      6765745F 
 3114      66696C74 
 3114      00
 3115              	.LASF138:
 3116 065b 5941575F 		.ascii	"YAW_STICK_DEADBAND\000"
 3116      53544943 
 3116      4B5F4445 
 3116      41444241 
 3116      4E4400
 3117              	.LASF37:
 3118 066e 75696E74 		.ascii	"uint64_t\000"
 3118      36345F74 
 3118      00
 3119              	.LASF179:
 3120 0677 556E6D69 		.ascii	"Unmixer\000"
 3120      78657200 
 3121              	.LASF62:
 3122 067f 5F5A4E33 		.ascii	"_ZN3PID9set_gainsEfff\000"
 3122      50494439 
 3122      7365745F 
 3122      6761696E 
 3122      73456666 
 3123              	.LASF171:
 3124 0695 5F5A4E33 		.ascii	"_ZN3PIDC4Efffffff\000"
 3124      50494443 
 3124      34456666 
 3124      66666666 
 3124      6600
 3125              	.LASF102:
 3126 06a7 50495443 		.ascii	"PITCH_TGT\000"
 3126      485F5447 
 3126      5400
 3127              	.LASF143:
ARM GAS  /tmp/ccOWZRdG.s 			page 63


 3128 06b1 5F5A4E31 		.ascii	"_ZN18AttitudeController6updateEPKfS1_S1_S1_RK7Unmix"
 3128      38417474 
 3128      69747564 
 3128      65436F6E 
 3128      74726F6C 
 3129 06e4 65725066 		.ascii	"erPf\000"
 3129      00
 3130              	.LASF2:
 3131 06e9 5F5F7569 		.ascii	"__uint8_t\000"
 3131      6E74385F 
 3131      7400
 3132              	.LASF164:
 3133 06f3 5F5A4E31 		.ascii	"_ZN18AttitudeControllerC2Ev\000"
 3133      38417474 
 3133      69747564 
 3133      65436F6E 
 3133      74726F6C 
 3134              	.LASF169:
 3135 070f 7372632F 		.ascii	"src/controllers/Attitude_PID_PI.cpp\000"
 3135      636F6E74 
 3135      726F6C6C 
 3135      6572732F 
 3135      41747469 
 3136              	.LASF47:
 3137 0733 75696E74 		.ascii	"uint_least32_t\000"
 3137      5F6C6561 
 3137      73743332 
 3137      5F7400
 3138              	.LASF97:
 3139 0742 515F444F 		.ascii	"Q_DOT\000"
 3139      5400
 3140              	.LASF17:
 3141 0748 5F5F696E 		.ascii	"__int_least8_t\000"
 3141      745F6C65 
 3141      61737438 
 3141      5F7400
 3142              	.LASF41:
 3143 0757 75696E74 		.ascii	"uintptr_t\000"
 3143      7074725F 
 3143      7400
 3144              	.LASF20:
 3145 0761 5F5F7569 		.ascii	"__uint_least16_t\000"
 3145      6E745F6C 
 3145      65617374 
 3145      31365F74 
 3145      00
 3146              	.LASF123:
 3147 0772 72657365 		.ascii	"reset_all\000"
 3147      745F616C 
 3147      6C00
 3148              	.LASF12:
 3149 077c 6C6F6E67 		.ascii	"long unsigned int\000"
 3149      20756E73 
 3149      69676E65 
 3149      6420696E 
 3149      7400
 3150              	.LASF66:
ARM GAS  /tmp/ccOWZRdG.s 			page 64


 3151 078e 5F66696C 		.ascii	"_filt_d_hz\000"
 3151      745F645F 
 3151      687A00
 3152              	.LASF145:
 3153 0799 7E417474 		.ascii	"~AttitudeController\000"
 3153      69747564 
 3153      65436F6E 
 3153      74726F6C 
 3153      6C657200 
 3154              	.LASF34:
 3155 07ad 696E7433 		.ascii	"int32_t\000"
 3155      325F7400 
 3156              	.LASF79:
 3157 07b5 50696447 		.ascii	"PidGains\000"
 3157      61696E73 
 3157      00
 3158              	.LASF46:
 3159 07be 696E745F 		.ascii	"int_least32_t\000"
 3159      6C656173 
 3159      7433325F 
 3159      7400
 3160              	.LASF76:
 3161 07cc 66696C74 		.ascii	"filt_target_hz\000"
 3161      5F746172 
 3161      6765745F 
 3161      687A00
 3162              	.LASF135:
 3163 07db 5F796177 		.ascii	"_yaw_target\000"
 3163      5F746172 
 3163      67657400 
 3164              	.LASF149:
 3165 07e7 65756C65 		.ascii	"euler\000"
 3165      7200
 3166              	.LASF4:
 3167 07ed 756E7369 		.ascii	"unsigned char\000"
 3167      676E6564 
 3167      20636861 
 3167      7200
 3168              	.LASF80:
 3169 07fb 41747469 		.ascii	"AttitudePidPiGains\000"
 3169      74756465 
 3169      50696450 
 3169      69476169 
 3169      6E7300
 3170              	.LASF11:
 3171 080e 5F5F7569 		.ascii	"__uint32_t\000"
 3171      6E743332 
 3171      5F7400
 3172              	.LASF159:
 3173 0819 70697463 		.ascii	"pitch_accel_meas\000"
 3173      685F6163 
 3173      63656C5F 
 3173      6D656173 
 3173      00
 3174              	.LASF100:
 3175 082a 54485255 		.ascii	"THRUST\000"
 3175      535400
ARM GAS  /tmp/ccOWZRdG.s 			page 65


 3176              	.LASF162:
 3177 0831 7961775F 		.ascii	"yaw_hold_rate\000"
 3177      686F6C64 
 3177      5F726174 
 3177      6500
 3178              	.LASF176:
 3179 083f 6465636C 		.ascii	"decltype(nullptr)\000"
 3179      74797065 
 3179      286E756C 
 3179      6C707472 
 3179      2900
 3180              	.LASF51:
 3181 0851 75696E74 		.ascii	"uint_fast8_t\000"
 3181      5F666173 
 3181      74385F74 
 3181      00
 3182              	.LASF75:
 3183 085e 696D6178 		.ascii	"imax\000"
 3183      00
 3184              	.LASF24:
 3185 0863 5F5F7569 		.ascii	"__uint_least64_t\000"
 3185      6E745F6C 
 3185      65617374 
 3185      36345F74 
 3185      00
 3186              	.LASF155:
 3187 0874 70697463 		.ascii	"pitch_rate_tgt\000"
 3187      685F7261 
 3187      74655F74 
 3187      677400
 3188              	.LASF65:
 3189 0883 5F66696C 		.ascii	"_filt_error_hz\000"
 3189      745F6572 
 3189      726F725F 
 3189      687A00
 3190              	.LASF60:
 3191 0892 7365745F 		.ascii	"set_gains\000"
 3191      6761696E 
 3191      7300
 3192              	.LASF3:
 3193 089c 7369676E 		.ascii	"signed char\000"
 3193      65642063 
 3193      68617200 
 3194              	.LASF8:
 3195 08a8 73686F72 		.ascii	"short unsigned int\000"
 3195      7420756E 
 3195      7369676E 
 3195      65642069 
 3195      6E7400
 3196              	.LASF177:
 3197 08bb 5F5A4E31 		.ascii	"_ZN13AttitudePIDPIC4ERK18AttitudePidPiGains\000"
 3197      33417474 
 3197      69747564 
 3197      65504944 
 3197      50494334 
 3198              	.LASF99:
 3199 08e7 496E7075 		.ascii	"InputIdx\000"
ARM GAS  /tmp/ccOWZRdG.s 			page 66


 3199      74496478 
 3199      00
 3200              	.LASF181:
 3201 08f0 6D616B65 		.ascii	"make_pid\000"
 3201      5F706964 
 3201      00
 3202              	.LASF121:
 3203 08f9 5F5A4E31 		.ascii	"_ZN13AttitudePIDPIC4EOS_\000"
 3203      33417474 
 3203      69747564 
 3203      65504944 
 3203      50494334 
 3204              	.LASF134:
 3205 0912 5F796177 		.ascii	"_yaw_stick_gain\000"
 3205      5F737469 
 3205      636B5F67 
 3205      61696E00 
 3206              	.LASF71:
 3207 0922 5F646572 		.ascii	"_deriv_valid\000"
 3207      69765F76 
 3207      616C6964 
 3207      00
 3208              	.LASF69:
 3209 092f 5F657272 		.ascii	"_error_filt\000"
 3209      6F725F66 
 3209      696C7400 
 3210              	.LASF142:
 3211 093b 5F5A4E31 		.ascii	"_ZN18AttitudeControllerC4Ev\000"
 3211      38417474 
 3211      69747564 
 3211      65436F6E 
 3211      74726F6C 
 3212              	.LASF89:
 3213 0957 7961775F 		.ascii	"yaw_stick_gain\000"
 3213      73746963 
 3213      6B5F6761 
 3213      696E00
 3214              	.LASF161:
 3215 0966 7961775F 		.ascii	"yaw_err\000"
 3215      65727200 
 3216              	.LASF168:
 3217 096e 474E5520 		.ascii	"GNU C++14 10.2.1 20201103 (release) -mcpu=cortex-m7"
 3217      432B2B31 
 3217      34203130 
 3217      2E322E31 
 3217      20323032 
 3218 09a1 202D6D74 		.ascii	" -mthumb -mfloat-abi=hard -mfpu=fpv5-d16 -march=arm"
 3218      68756D62 
 3218      202D6D66 
 3218      6C6F6174 
 3218      2D616269 
 3219 09d4 7637652D 		.ascii	"v7e-m+fp.dp -ggdb -O3 -fomit-frame-pointer -falign-"
 3219      6D2B6670 
 3219      2E647020 
 3219      2D676764 
 3219      62202D4F 
 3220 0a07 66756E63 		.ascii	"functions=16 -ffunction-sections -fdata-sections -f"
ARM GAS  /tmp/ccOWZRdG.s 			page 67


 3220      74696F6E 
 3220      733D3136 
 3220      202D6666 
 3220      756E6374 
 3221 0a3a 6E6F2D63 		.ascii	"no-common -flto -fno-rtti\000"
 3221      6F6D6D6F 
 3221      6E202D66 
 3221      6C746F20 
 3221      2D666E6F 
 3222              	.LASF154:
 3223 0a54 726F6C6C 		.ascii	"roll_rate_tgt\000"
 3223      5F726174 
 3223      655F7467 
 3223      7400
 3224              	.LASF163:
 3225 0a62 5F5A4E31 		.ascii	"_ZN13AttitudePIDPIC2ERK18AttitudePidPiGains\000"
 3225      33417474 
 3225      69747564 
 3225      65504944 
 3225      50494332 
 3226              		.text
 3227              		.section	.gnu.lto_.profile.676402975d15d4f4,"e",%progbits
 3228 0000 789C6362 		.ascii	"x\234cb\000\001\000\000\022\000\003"
 3228      00010000 
 3228      120003
 3229              		.text
 3230              		.section	.gnu.lto_.icf.676402975d15d4f4,"e",%progbits
 3231 0000 789C9362 		.ascii	"x\234\223b@\000\026\206/\227\236\375fg<\263}\321$\016"
 3231      40001686 
 3231      2F979EFD 
 3231      66673CB3 
 3231      7DD1240E 
 3232 0014 A6B6A9A7 		.ascii	"\246\266\251\247\02632O\373\276\252\233\205\001\000"
 3232      1633324F 
 3232      FBBEAA9B 
 3232      850100
 3233 0023 ABEC0BE1 		.ascii	"\253\354\013\341"
 3234              		.text
 3235              		.section	.gnu.lto_.ipa_sra.676402975d15d4f4,"e",%progbits
 3236 0000 789C9365 		.ascii	"x\234\223ed\200\003F&&\030\223\231\003,\300\210\007"
 3236      64800346 
 3236      26261893 
 3236      99032CC0 
 3236      8807
 3237 0012 8F2C150C 		.ascii	"\217,\025\014\000\222\267\000\337"
 3237      0092B700 
 3237      DF
 3238              		.text
 3239              		.section	.gnu.lto_.inline.676402975d15d4f4,"e",%progbits
 3240 0000 789CCD91 		.ascii	"x\234\315\221\301\011\302@\020Egf\023\\Q$\210\027o\001"
 3240      C109C240 
 3240      10456766 
 3240      135C5124 
 3240      88176F01 
 3241 0014 7BF0E421 		.ascii	"{\360\344!\025\244\006\0211h\025{\364\230\012$\007\013"
 3241      15A40611 
 3241      3168157B 
ARM GAS  /tmp/ccOWZRdG.s 			page 68


 3241      F4980A24 
 3241      070B
 3242 0026 B0849460 		.ascii	"\260\204\224`\005b\001\026\341l\342\316\004\214 \236"
 3242      05620116 
 3242      E16CE2CE 
 3242      048C209E 
 3243 0036 CC42E6F1 		.ascii	"\314B\346\3616\231\314\376\200\001\271\030o\340\234"
 3243      3699CCFE 
 3243      8001B918 
 3243      6FE09C
 3244 0045 ABCC2126 		.ascii	"\253\314!&\304\263i\0240 \227h\301[\216\012\2009\327"
 3244      C4B36914 
 3244      30209768 
 3244      C15B8E0A 
 3244      8039D7
 3245 0058 3BED0808 		.ascii	";\355\010\010\260q\033\202H\030\"~8\236\370~e\256\344"
 3245      B0711B82 
 3245      4818227E 
 3245      389EF87E 
 3245      65AEE4
 3246 006b D7BB8532 		.ascii	"\327\273\20527c\377\215\276\315\376W\272\366[F\230\361"
 3246      3763FF8D 
 3246      BECDFE57 
 3246      BAF65B46 
 3246      98F1
 3247 007d 6C0FDA23 		.ascii	"l\017\332#\206\343P\030\027\006\\k\332\372\343\260\036"
 3247      86E35018 
 3247      17065C6B 
 3247      DAFAE3B0 
 3247      1E
 3248 008e B5D3FC5C 		.ascii	"\265\323\374\\\341\350\033\2378B+\021\276 \015\220\005"
 3248      E1E81B9F 
 3248      38422B11 
 3248      BE200D90 
 3248      05
 3249 009f 58077018 		.ascii	"X\007p\030\250\022\252Q\262O\226\334\363b8\373\025\303"
 3249      A812AA51 
 3249      B24F96DC 
 3249      F36238FB 
 3249      15C3
 3250 00b1 D5149FB3 		.ascii	"\325\024\237\263\027k\325Z\265\211\332Dm\2526U\233\251"
 3250      176BD55A 
 3250      B589DA44 
 3250      6DAA3655 
 3250      9BA9
 3251 00c3 CDD43A54 		.ascii	"\315\324:T\355\307\026O\035\357\243\034N\371f\333\037"
 3251      EDC7164F 
 3251      1DEFA31C 
 3251      4EF966DB 
 3251      1F
 3252 00d4 A0EB7F2D 		.ascii	"\240\353\177-<\001Ce\246\275"
 3252      3C014365 
 3252      A6BD
 3253              		.text
 3254              		.section	.gnu.lto_.jmpfuncs.676402975d15d4f4,"e",%progbits
 3255 0000 789C9D53 		.ascii	"x\234\235SAN\3040\014\264\343\245\255VZ\261\253\225"
 3255      414EC430 
ARM GAS  /tmp/ccOWZRdG.s 			page 69


 3255      0CB4E3A5 
 3255      AD565AB1 
 3255      AB95
 3256 0012 D8D34AFD 		.ascii	"\330\323J\375\011O\340\310s\210\020/\340\306m\017}\003"
 3256      094FE0C8 
 3256      7388102F 
 3256      E0C66D0F 
 3256      7D03
 3257 0024 5CF3001E 		.ascii	"\\\363\000\036\321\023o\310\001Q\022gK\0038V\300\222"
 3257      D1136FC8 
 3257      01511267 
 3257      4B033856 
 3257      C092
 3258 0036 276D137B 		.ascii	"'m\023{\232\261}\333\300\227\021\264\230\354\346n \014"
 3258      9AB17DDB 
 3258      C09711B4 
 3258      98ECE66E 
 3258      200C
 3259 0048 6E6687E4 		.ascii	"nf\207\344\024\236W\034a\216\367\326\016\006\300\316"
 3259      149E571C 
 3259      618EF7D6 
 3259      0E06C0CE 
 3260 0058 86035DCC 		.ascii	"\206\003]\314\033\017\302F\333\215\373\260\240[!\004"
 3260      1B0FC246 
 3260      DB8DFBB0 
 3260      A05B2104 
 3261 0068 9F825DA2 		.ascii	"\237\202]\242y\244\201\032\304\264\360\267\367p\276"
 3261      79A4811A 
 3261      C4B4F0B7 
 3261      F770BE
 3262 0077 1DF70C91 		.ascii	"\035\367\014\221\351\212!#\375\230\246\353sz\367\366"
 3262      E98A2123 
 3262      FD98A6EB 
 3262      737AF7F6 
 3263 0087 FAF48D57 		.ascii	"\372\364\215W\336k;{\370M\215\317\210/\310t\366\300"
 3263      DE6B3B7B 
 3263      F84D8DCF 
 3263      882FC874 
 3263      F6C0
 3264 0099 608EE1BF 		.ascii	"`\216\341\277!\305$\332\370\016\377\276\260\333\252"
 3264      21C524DA 
 3264      F80EFFBE 
 3264      B0DBAA
 3265 00a8 AC6ECB20 		.ascii	"\254n\313 ^\362oD\247\215Jt\3320,DA\220\265.\310\232"
 3265      5EF26F44 
 3265      A78D4A74 
 3265      DA302C44 
 3265      4190B52E 
 3266 00be 218F181B 		.ascii	"!\217\030\0335bl\030\362\010G\372\365\211!\217\350\001"
 3266      35626C18 
 3266      F20847FA 
 3266      F589218F 
 3266      E801
 3267 00d0 95803EFA 		.ascii	"\225\200>\372r<6j\354S\252\254.\211\015\230_!5\035U"
 3267      723C366A 
 3267      EC53AAAC 
 3267      2E890D98 
ARM GAS  /tmp/ccOWZRdG.s 			page 70


 3267      5F21351D 
 3268 00e5 D68D2A65 		.ascii	"\326\215*e\247J\261\251Rb\252\024\226j\3444\006\221"
 3268      A74AB1A9 
 3268      5262AA14 
 3268      966AE434 
 3268      0691
 3269 00f7 CED3DEED 		.ascii	"\316\323\336\355\024%}\246\344R\203\"\354\024\261\275"
 3269      14257DA6 
 3269      E4528322 
 3269      EC14B1BD 
 3270 0107 38E14AAA 		.ascii	"8\341J\252r=\2748GJ\252r\311\2748)J\252rU\2758B\232"
 3270      723DBC38 
 3270      474AAA72 
 3270      C9BC3829 
 3270      4AAA7255 
 3271 011f 56C5C27B 		.ascii	"V\305\302{q\2664\255\212\275\341\305\241SR\365j\246"
 3271      71B634AD 
 3271      8ABDE1C5 
 3271      A15352F5 
 3271      6AA6
 3272 0131 1FD35886 		.ascii	"\037\323X\206OH+n>"
 3272      4F482B6E 
 3272      3E
 3273              		.text
 3274              		.section	.gnu.lto_.pureconst.676402975d15d4f4,"e",%progbits
 3275 0000 789CE361 		.ascii	"x\234\343a```a\230\305\3028\213\205i\026\013\213\004"
 3275      60606061 
 3275      98C5C238 
 3275      8B856916 
 3275      0B8B04
 3276 0013 000E1C02 		.ascii	"\000\016\034\002\012"
 3276      0A
 3277              		.text
 3278              		.section	.gnu.lto_.lto.676402975d15d4f4,"e",%progbits
 3279 0000 09000200 		.ascii	"\011\000\002\000\001\000\000\000"
 3279      01000000 
 3280              		.text
 3281              		.section	.gnu.lto__ZN13AttitudePIDPIC2ERK18AttitudePidPiGains.192.676402975d15d4f4,"e",%progbits
 3282 0000 789C9598 		.ascii	"x\234\225\230mpT\325\031\307\317s\317\222\027B \011"
 3282      6D7054D5 
 3282      19C7CF73 
 3282      CF921742 
 3282      2009
 3283 0012 24100212 		.ascii	"$\020\002\022\336\005%\001\021\025_xW\302L;8\231~\320"
 3283      DE052501 
 3283      11155F78 
 3283      57C24C3B 
 3283      38997ED0 
 3284 0026 4E671C85 		.ascii	"Ng\034\205(\314\2400\020;\323O^c\240\032\205\000\202"
 3284      28CCA030 
 3284      103BD34F 
 3284      5E63A01A 
 3284      850082
 3285 0039 68C38BDD 		.ascii	"h\303\213\335\246\012\035\247L[\253\241\200\004%\312"
 3285      A60A1DA7 
 3285      4C5BABA1 
 3285      800425CA 
ARM GAS  /tmp/ccOWZRdG.s 			page 71


 3286 0049 CACA9225 		.ascii	"\312\312\222%K\326\254\264\020\265\212\255\032\320j"
 3286      4BD6ACB4 
 3286      10B58AAD 
 3286      1AD06A
 3287 0058 6833B4FF 		.ascii	"h3\264\377\347\236\275\367\334\335\230\223\346\303\376"
 3287      E79EBDF7 
 3287      DCDD9893 
 3287      E6C3FE
 3288 0067 E7DCBBFF 		.ascii	"\347\334\273\377\363\234\347y\316o\317\356\336\355\305"
 3288      F39CE779 
 3288      CE6FCFEE 
 3288      DEEDC5
 3289 0076 42BC2484 		.ascii	"B\274$\204\230\210\027IA\333\267\325Y\302\266\355\005"
 3289      98881749 
 3289      41DBB7D5 
 3289      59C2B6ED 
 3289      05
 3290 0087 99163DB9 		.ascii	"\231\026=\271\255.\233\336\"\347\212\304\023\026=A\317"
 3290      AD2E9BDE 
 3290      22E78AC4 
 3290      13163D41 
 3290      CF
 3291 0098 CBDD92B6 		.ascii	"\313\335\222\266\313F8\003\311\021Q\351\264f\333\356"
 3291      CB463803 
 3291      C91151E9 
 3291      B466DBEE 
 3292 00a8 DEF8C2C1 		.ascii	"\336\370\302\301\332\314\215\025\215\322\022{\361\366"
 3292      DACC8D15 
 3292      8DD2127B 
 3292      F1F6
 3293 00b6 9F895E27 		.ascii	"\237\211^'\004\025\260\311\037\263N=a\333]\015W.\333"
 3293      0415B0C9 
 3293      1FB34E3D 
 3293      61DB5D0D 
 3293      572EDB
 3294 00c9 0493A437 		.ascii	"\004\223\2447i/\346*\0335\021nU\376k4{\266\356~\271"
 3294      692FE62A 
 3294      1B35116E 
 3294      55FE6B34 
 3294      7BB6EE7E 
 3295 00de 39E03A44 		.ascii	"9\340:D\252\343W%\034n\235\033\356Lw\223mg\213F\031"
 3295      AAE35725 
 3295      1C6E9D1B 
 3295      EE4C7793 
 3295      6D678B46 
 3296 00f3 A0BFF8C3 		.ascii	"\240\277\370\303\035\2069Py-\031\316\346p\312!R\035"
 3296      1D863950 
 3296      792D19CE 
 3296      E670CA21 
 3296      521D
 3297 0105 FB4A9CFC 		.ascii	"\373J\234\3742\204\340\311GI8#\301\243lu\037\365\363"
 3297      3284E0C9 
 3297      47493823 
 3297      C1A36C75 
 3297      1FF5F3
 3298 0118 95BBDED5 		.ascii	"\225\273\336\325\246fg\275ANr\226\033\255\031\321\006"
 3298      A66667BD 
ARM GAS  /tmp/ccOWZRdG.s 			page 72


 3298      414E7296 
 3298      1BAD19D1 
 3298      06
 3299 0129 55BEC1C9 		.ascii	"U\276\301\311Mf\333\361\247j+,\327%\264\013\355\310"
 3299      4D66DBF1 
 3299      A76A2B2C 
 3299      D725B40B 
 3299      EDC8
 3300 013b 403B9B76 		.ascii	"@;\233v\315\243\343\270q\014\357J/\201\000\275\343-"
 3300      CDA3E3B8 
 3300      710CEF4A 
 3300      2F8100BD 
 3300      E32D
 3301 014d D475EE99 		.ascii	"\324u\356\231_\332yH;\303I;\340\2068\201\2052*?s\027"
 3301      5FDA7948 
 3301      3BC3493B 
 3301      E0863881 
 3301      85322A3F 
 3302 0163 EA6AA881 		.ascii	"\352j\250\201\255\266\324\365\011\355S\235wV\333\262"
 3302      ADB6D4F5 
 3302      09ED539D 
 3302      7756DBB2 
 3303 0173 9C5A92AB 		.ascii	"\234Z\222\253\005\270Bz\227\222K\375\3371\272\267\334"
 3303      05B8427A 
 3303      97924BFD 
 3303      DF31BAB7 
 3303      DC
 3304 0184 47275362 		.ascii	"G'Sb\204\006\034\243\251\376>:\225\022#<\360<\352\357"
 3304      84061CA3 
 3304      A9FE3E3A 
 3304      9512233C 
 3304      F03CEAEF 
 3305 0198 A7D32931 		.ascii	"\247\323)1\"\003\317c\307\375\324\232\022#:\360<v\374"
 3305      2203CF63 
 3305      C7FDD49A 
 3305      12233AF0 
 3305      3C76FC
 3306 01ab 94DA5262 		.ascii	"\224\332Rb\304\006\236\307\316\345\324\236\022#>\360"
 3306      C4069EC7 
 3306      CEE5D49E 
 3306      12233EF0 
 3307 01bb 3C10A323 		.ascii	"<\020\243#%F\302\211\301\226\203\321A\315v\317\177\017"
 3307      2546C289 
 3307      C19683D1 
 3307      41CD76CF 
 3307      7F0F
 3308 01cd DA764F8E 		.ascii	"\332vO\216UI\2406\023\220\037\242\014\242#4\230/sX\206"
 3308      5549A036 
 3308      13901FA2 
 3308      0CA22334 
 3308      982F7358 
 3309 01e2 B0E4B20C 		.ascii	"\260\344\262\014e\031\306\222\307\222\017\311*\340\321"
 3309      6519C692 
 3309      C7920FC9 
 3309      2AE0D1
 3310 01f1 7096112C 		.ascii	"p\226\021,\205,E,#YF\261\024\263o4\217JX\306\260\214"
 3310      852C452C 
ARM GAS  /tmp/ccOWZRdG.s 			page 73


 3310      235946B1 
 3310      14B36F34 
 3310      8F4A58C6 
 3311 0207 65B98E65 		.ascii	"e\271\216e\034K)\313x\366M\340\321D\226I,\223Y\246\260"
 3311      1C4B29CB 
 3311      78F64DE0 
 3311      D1449649 
 3311      2C9359A6 
 3312 021c 4C65B99E 		.ascii	"Le\271\236e\032\373\246\363\350\006\226\033Yf\260\224"
 3312      651AFBA6 
 3312      F3E80696 
 3312      1B5966B0 
 3312      94
 3313 022d B194B3CC 		.ascii	"\261\224\263\314d\231\305\276\233x4\233\345f\2269,\267"
 3313      6499C5BE 
 3313      9B78349B 
 3313      E5669639 
 3313      2CB7
 3314 023f B0DCCA72 		.ascii	"\260\334\312r\033\313\\\366\335\316\243;X\356d\271\213"
 3314      1BCB5CF6 
 3314      DDCEA33B 
 3314      58EE64B9 
 3314      8B
 3315 0250 651ECB7C 		.ascii	"e\036\313|\226\005,\013\331\267\210G\213Y\226\260\334"
 3315      96052C0B 
 3315      D9B78847 
 3315      8B5996B0 
 3315      DC
 3316 0261 CD720FCB 		.ascii	"\315r\017\313R\226\012\226e\354\023\242^\3629i\007\310"
 3316      52960A96 
 3316      65EC13A2 
 3316      5EF23969 
 3316      07C8
 3317 0273 6E1662AB 		.ascii	"n\026b\253\264\324\305S\270\370\212\336\376\353\325"
 3317      B4D4C553 
 3317      B8F88ADE 
 3317      FEEBD5
 3318 0282 CDBF489E 		.ascii	"\315\277H\236\217\331$^\3413\364\244m\343H\030\034\304"
 3318      8FD9245E 
 3318      E133F4A4 
 3318      6DE34818 
 3318      1CC4
 3319 0294 C1769EC4 		.ascii	"\301v\236\304\334\011\030\213/\250\346\302\371\356l"
 3319      DC09188B 
 3319      2FA8E6C2 
 3319      F9EE6C
 3320 02a3 6CDF7438 		.ascii	"l\337t8\272^\374M\227M\370\204\347\210W\245\020\311"
 3320      BA5EFC4D 
 3320      974DF884 
 3320      E78857A5 
 3320      10C9
 3321 02b5 C3936358 		.ascii	"\303\223cX\016\025N\030\234\035\215r\010G\271\350\334"
 3321      0E154E18 
 3321      9C1D8D72 
 3321      0847B9E8 
 3321      DC
 3322 02c6 E456E452 		.ascii	"\344V\344R'\355\341\031\265\354\310B\000\372\230\020"
ARM GAS  /tmp/ccOWZRdG.s 			page 74


 3322      27EDE119 
 3322      B5ECC842 
 3322      00FA9810 
 3323 02d6 94E397E2 		.ascii	"\224\343\227\342\244\241\013<\264\2779P\337\3613z\333"
 3323      A4A10B3C 
 3323      B4BF3950 
 3323      DFF1337A 
 3323      DB
 3324 02e7 B9DD75B1 		.ascii	"\271\335u\261\263e9,|\016!\341\232\256:rWP\211\366Z"
 3324      B365392C 
 3324      7C0E21E1 
 3324      9AAE3A72 
 3324      575089F6 
 3325 02fc E253B504 		.ascii	"\342S\265\004_\014\245\277\343\202\274\364\206Q\026"
 3325      5F0CA5BF 
 3325      E382BCF4 
 3325      865116
 3326 030b 46B594D1 		.ascii	"F\265\224\321(\363\366\313d\2568\274\362\351\022\321"
 3326      28F3F6CB 
 3326      64AE38BC 
 3326      F2E912D1 
 3327 031b E784B436 		.ascii	"\347\204\26469i\345\321\027nZ\027\016\365\244\326\\"
 3327      3969E5D1 
 3327      176E5A17 
 3327      0EF5A4D6 
 3327      5C
 3328 032c 905E73C0 		.ascii	"\220^s\300W\363\226\371\215rx\020\037\204/UB\265N\270"
 3328      57F396F9 
 3328      8D727810 
 3328      1F842F55 
 3328      42B54EB8 
 3329 0340 11F415D2 		.ascii	"\021\364\025\322\260\270lu\243\200\276\326e\267\020"
 3329      B0B86C75 
 3329      A380BED6 
 3329      65B710
 3330 034f FDD329FB 		.ascii	"\375\323)\373\343\315Kq\342\361\250\363\017?\241\367"
 3330      E3CD4B71 
 3330      E2F1A8F3 
 3330      0F3FA1F7 
 3331 035f 88CB3D72 		.ascii	"\210\313=r\2400(\027%W\312\320+\345!*\257s\231Dr\221"
 3331      A0302817 
 3331      2557CAD0 
 3331      2BE5212A 
 3331      AF739944 
 3332 0375 42BA8245 		.ascii	"B\272\202E$\037\232j\342\230\240\\l\262\177\013{@\333"
 3332      241F9A6A 
 3332      E298A05C 
 3332      6CB27F0B 
 3332      7B40DB
 3333 0388 C705E512 		.ascii	"\307\005\345\022\223\375;\330\007i\373\224\240\274\333"
 3333      93FD3BD8 
 3333      0769FB94 
 3333      A0BCDB
 3334 0397 64EF863D 		.ascii	"d\357\206=C\333\313\202\362\036\223\375\337\260gj\373"
 3334      43DBCB82 
 3334      F21E93FD 
 3334      DFB0676A 
ARM GAS  /tmp/ccOWZRdG.s 			page 75


 3334      FB
 3335 03a8 FCA05C6A 		.ascii	"\374\240\\j\262\367\300\236\345\331/E((+L\376k\360g"
 3335      B2F7C09E 
 3335      E5D92F45 
 3335      28282B4C 
 3335      FE6BF067 
 3336 03bc BBFE1D75 		.ascii	"\273\376\035u-%A\271\314\004j\021\331\326\036p\217\031"
 3336      2D2541B9 
 3336      CC046A11 
 3336      D9D61E70 
 3336      8F19
 3337 03ce 0EAA4DCF 		.ascii	"\016\252M\3175\241\377Y\364\244\305\373\322E\015v\000"
 3337      35A1FF59 
 3337      F4A4C5FB 
 3337      D2450D76 
 3337      00
 3338 03df 9B09FA46 		.ascii	"\233\011\372F\356\305\227'\302\"\036\366\011\035G\027"
 3338      EEC59727 
 3338      C2221EF6 
 3338      091D4717 
 3339 03ef D119548B 		.ascii	"\321\031T\213\012\220T\243\034\245(:2\230!\306\327\233"
 3339      0A9054A3 
 3339      1CA5283A 
 3339      329821C6 
 3339      D79B
 3340 0401 7379D804 		.ascii	"sy\330\004\225\223Uw_(mDb9~\2246Y\036J'\211j-\027\245"
 3340      95935577 
 3340      5F286D44 
 3340      62397E94 
 3340      36591E4A 
 3341 041b 9087D2FB 		.ascii	"\220\207\322\373\032\245\333=\224\306\244\367\353iK"
 3341      1AA5DB3D 
 3341      94C6A4F7 
 3341      EB694B
 3342 042a F7EB19CB 		.ascii	"\367\353\031\313A)\244Q\272\303d\177\326rP\012i\224"
 3342      4129A451 
 3342      BAC3647F 
 3342      D672500A 
 3342      6994
 3343 043c EE34D937 		.ascii	"\3564\3317[\016J!\215\322]&{\275\345\240\024\322(\315"
 3343      5B0E4A21 
 3343      8DD25D26 
 3343      7BBDE5A0 
 3343      14D228CD 
 3344 0450 33D9B759 		.ascii	"3\331\267Y\016J!\215\322|\223\375y\313A)\344Ci\201\311"
 3344      0E4A218D 
 3344      D27C93FD 
 3344      79CB4129 
 3344      E4436981 
 3345 0465 BFD37250 		.ascii	"\277\323rP\012\371PZhFi\027f\014\341\031)(\275h\361"
 3345      0AF9505A 
 3345      68466917 
 3345      660CE119 
 3345      2928BD68 
 3346 047a BEA4A314 		.ascii	"\276\244\243\024b\224\026b\237\320qt\021\235A\265\250"
 3346      62941662 
 3346      9FD07174 
ARM GAS  /tmp/ccOWZRdG.s 			page 76


 3346      119D41B5 
 3346      A8
 3347 048b 0049B928 		.ascii	"\000I\271(\035\276\340\240t2\211\322\321~Qj\252\357"
 3347      1DBEE0A0 
 3347      743289D2 
 3347      D17E516A 
 3347      AAEF
 3348 049d 03A5DD48 		.ascii	"\003\245\335H,\327\217\322\036\215\322)\242\006\017"
 3348      2CD78FD2 
 3348      1E8DD229 
 3348      A2060F
 3349 04ac A5B087D2 		.ascii	"\245\260\207\322\007\032\245\233<\224nK\357\327>_\277"
 3349      071AA59B 
 3349      3C946E4B 
 3349      EFD73E5F 
 3349      BF
 3350 04bd 5E562885 		.ascii	"^V(\2055J\263M\366\240B)\254Q\272\331doT(\2055JsL\366"
 3350      354AB34D 
 3350      F6A04229 
 3350      AC51BAD9 
 3350      646F5428 
 3351 04d7 57144A61 		.ascii	"W\024Ja\215\322-&\373~\205RX\243t\253\311\376;\205R"
 3351      8DD22D26 
 3351      FB7E8552 
 3351      58A374AB 
 3351      C9FE3B85 
 3352 04ec D88792B1 		.ascii	"\330\207\222\2615\257)\224\302>\224\346\232Q\372=f\014"
 3352      35AF2994 
 3352      C23E94E6 
 3352      9A51FA3D 
 3352      660C
 3353 04fe E5192928 		.ascii	"\345\031)(\035\264x_\322Q\0123Js\261O\3508\272\210\316"
 3353      1DB4785F 
 3353      D2510A33 
 3353      4A73B14F 
 3353      E838BA88 
 3354 0513 A05A5480 		.ascii	"\240ZT\200\244\\\224\216*\224N%Q:\326\377\251\324\027"
 3354      A45C948E 
 3354      2A944E25 
 3354      513AD6FF 
 3354      A9D417
 3355 0526 4A7F4262 		.ascii	"J\177Bb\303\374(\275\256Q:M\364G\017\245\210\207\322"
 3355      C3FC28BD 
 3355      AE513A4D 
 3355      F4470FA5 
 3355      8887D2
 3356 0539 198DD274 		.ascii	"\031\215\322t\017\245\266^\337po\370\032\366\246b)\242"
 3356      0FA5B65E 
 3356      DF706FF8 
 3356      1AF6A662 
 3356      29A2
 3357 054b 59BAC164 		.ascii	"Y\272\301d?\244X\212h\226n4\331\017+\226\"\232\245\031"
 3357      3FA4588A 
 3357      68966E34 
 3357      D90F2B96 
 3357      229AA519 
 3358 055f 26FB51C5 		.ascii	"&\373Q\305RD\263Tf\262\037S,E4K\345&\373q\305R\304\307"
ARM GAS  /tmp/ccOWZRdG.s 			page 77


 3358      5244B354 
 3358      66B21F53 
 3358      2C45344B 
 3358      E526FB71 
 3359 0577 D24C93FF 		.ascii	"\322L\223\377\035\305R\304\307\322,3K-\230\221\3073"
 3359      1DC552C4 
 3359      C7D22C33 
 3359      4B2D9891 
 3359      C733
 3360 0589 52587AD7 		.ascii	"RXz\327\342\215Ig)\302,\315\302F\241\343\350\":\203"
 3360      E28D4967 
 3360      29C22CCD 
 3360      C246A1E3 
 3360      E8223A83 
 3361 059d 6A510192 		.ascii	"jQ\001\222rY:\366\211\303\322\351$K\255\375\037K;\372"
 3361      72593AF6 
 3361      89C3D2E9 
 3361      244BADFD 
 3361      1F4B3BFA 
 3362 05b1 60E97D24 		.ascii	"`\351}$\226\357g\351\224f\251\225(\344\261\024\365X"
 3362      96EF67E9 
 3362      9466A995 
 3362      28E4B114 
 3362      F558
 3363 05c3 3AAB599A 		.ascii	":\253Y\232\340\261\264\237\322\033\366\201\257a\247"
 3363      E0B1B49F 
 3363      D21BF681 
 3363      AF61A7
 3364 05d2 154B51CD 		.ascii	"\025KQ\315\322D\223\375\214b)\252Y\232d\262G\025KQ\315"
 3364      D24493FD 
 3364      8C6229AA 
 3364      599A64B2 
 3364      47154B51 
 3365 05e7 D26493BD 		.ascii	"\322d\223\275M\261\024\325,M1\331\317)\226\242\232\245"
 3365      4DB114D5 
 3365      2C4D31D9 
 3365      CF2996A2 
 3365      9AA5
 3366 05f9 A9267B5C 		.ascii	"\251&{\\\261\024\365\261t\275\311\337\241X\212\372X"
 3366      B114F5B1 
 3366      74BDC9DF 
 3366      A1588AFA 
 3366      58
 3367 060a 9A6666E9 		.ascii	"\232ff\351#\314(\340\031),\235\267xc\322Y\2122K\323"
 3367      23CC28E0 
 3367      19292C9D 
 3367      B77863D2 
 3367      598A324B 
 3368 061f B051E838 		.ascii	"\260Q\3508\272\210\316\240ZT\200\244\\\226Z\025K\255"
 3368      BA88CEA0 
 3368      5A5480A4 
 3368      5C965A15 
 3368      4BAD
 3369 0631 4996CEF6 		.ascii	"I\226\316\366\177.\365\305\322E$6\334\317R\247f\251"
 3369      7F2EF5C5 
 3369      D2452436 
 3369      DCCF52A7 
ARM GAS  /tmp/ccOWZRdG.s 			page 78


 3369      66A9
 3370 0643 0DFF373C 		.ascii	"\015\3777<\226b\036K\3474K\243=\226N\364b\351\023_\303"
 3370      96621E4B 
 3370      E7344BA3 
 3370      3D964EF4 
 3370      62E9135F 
 3371 0658 3E552CC5 		.ascii	">U,\3054K%&\373g\212\245\230f\251\327\2171\277\375\222"
 3371      344B2526 
 3371      FB678AA5 
 3371      9866A9D7 
 3371      8F31BFFD 
 3372 066d 6229A659 		.ascii	"b)\246Y\032k\262\377C\261\024\323,]g\262\177\251X\212"
 3372      1A6BB2FF 
 3372      43B114D3 
 3372      2C5D67B2 
 3372      7FA9588A 
 3373 0681 6996C699 		.ascii	"i\226\306\231\354_+\226b>\226JM\376\313\212\245\230"
 3373      EC5F2B96 
 3373      623E964A 
 3373      4DFECB8A 
 3373      A598
 3374 0693 8FA5F166 		.ascii	"\217\245\361f\226\276\301\214\021<#\205\245o-\336\230"
 3374      96BEC18C 
 3374      113C2385 
 3374      A56F2DDE 
 3374      98
 3375 06a4 749662CC 		.ascii	"t\226b\314\322xl\024:\216.\2423\250\026\025 )\227\245"
 3375      D2786C14 
 3375      3A8E2EA2 
 3375      33A81615 
 3375      202997A5 
 3376 06b8 B39F3B2C 		.ascii	"\263\237;,\265%Y\212\365\177.\355\354\203\245n$V\350"
 3376      B525598A 
 3376      F57F2EED 
 3376      EC83A56E 
 3376      2456E8
 3377 06cb 67E9AA66 		.ascii	"g\351\252f\251\235\350{\217\245\270\307\322\207\232"
 3377      A99DE87B 
 3377      8FA5B8C7 
 3377      D2879A
 3378 06da A5028FA5 		.ascii	"\245\002\217\245\256^\337q\377\3615\254G\261\024\327"
 3378      AE5EDF71 
 3378      FFF135AC 
 3378      47B114D7 
 3379 06ea 2C0D37D9 		.ascii	",\0157\331\257)\226\342\232\245\021&\273-\035\226\342"
 3379      AF2996E2 
 3379      9AA51126 
 3379      BB2D1D96 
 3379      E2
 3380 06fb 9AA54293 		.ascii	"\232\245B\223\275F:,\3055KE&{\255tX\212k\226F\232\354"
 3380      BD463A2C 
 3380      C5354B45 
 3380      267BAD74 
 3380      588A6B96 
 3381 0712 9BA4C352 		.ascii	"\233\244\303R\334\307\322(\223\377i\351\260\024\367"
 3381      DCC7D228 
 3381      93FF69E9 
ARM GAS  /tmp/ccOWZRdG.s 			page 79


 3381      B014F7
 3382 0721 B1546C66 		.ascii	"\261Tlf\251\0163\212xF\012K\317J\336\230t\226\342\314"
 3382      A90E338A 
 3382      78460A4B 
 3382      CF4ADE98 
 3382      7496E2CC 
 3383 0735 5231362A 		.ascii	"R16*\310\273\217\305\261iE\250\000I\271,\305\324\277"
 3383      C8BB8FC5 
 3383      B16945A8 
 3383      0049B92C 
 3383      C5D4BF
 3384 0748 B8F6244B 		.ascii	"\270\366$K\355\375\237K}\261T\217\304F\372Y\332*=\226"
 3384      EDFD9F4B 
 3384      7DB1548F 
 3384      C446FA59 
 3384      DA2A3D96 
 3385 075c 3A88B648 		.ascii	":\210\266H\227\245\204\307\322G\232\245\301\036K\317"
 3385      97A584C7 
 3385      D2479AA5 
 3385      C11E4BCF 
 3386 076c F53A97B6 		.ascii	"\365:\227\266K\337\177\033\351\260\224\320,\345\230"
 3386      4BDF7F1B 
 3386      E9B094D0 
 3386      2CE598
 3387 077b EC3BA5C3 		.ascii	"\354;\245\303RB\2634\304d\337\245XJh\226rM\366\227\024"
 3387      5242B334 
 3387      C464DFA5 
 3387      584A6896 
 3387      724DF697 
 3388 0790 4B09CDD2 		.ascii	"K\011\315\322P\223\275A\261\224\320,\0153\331\367(\226"
 3388      5093BD41 
 3388      B194D02C 
 3388      0D33D9F7 
 3388      2896
 3389 07a2 123E96F2 		.ascii	"\022>\226\362L\376}\212\245\204\217\245|3K\277\306\214"
 3389      4CFE7D8A 
 3389      A5848FA5 
 3389      7C334BBF 
 3389      C68C
 3390 07b4 513C2385 		.ascii	"Q<#\205\245\240\344\215Ig)\301,\345\007\371)ZN\220C"
 3390      A5A0E48D 
 3390      496729C1 
 3390      2CE507F9 
 3390      295A4E90 
 3391 07c9 E5A25A54 		.ascii	"\345\242ZT\200\244\\"
 3391      80A45C
 3392 07d0 96DA154B 		.ascii	"\226\332\025K\035\352\261\326\221C/\340\247\272\267"
 3392      1DEAB1D6 
 3392      91432FE0 
 3392      A7BAB7
 3393 07df 99159A1A 		.ascii	"\231\025\232\032/\343\337b\375b\221|\010\366}g\346\017"
 3393      2FE3DF62 
 3393      FD62917C 
 3393      08F67D67 
 3393      E60F
 3394 07f1 3F069BA9 		.ascii	"?\006\233\251\036\254e\322\253\260\217\026H\303\251"
 3394      1EAC65D2 
ARM GAS  /tmp/ccOWZRdG.s 			page 80


 3394      ABB08F16 
 3394      48C3A9
 3395 0800 F0BBAC7E 		.ascii	"\360\273\254~\354\007`/\021b\254\205\025p\315s\256\230"
 3395      EC07602F 
 3395      1162AC85 
 3395      1570CD73 
 3395      AE98
 3396 0812 E714D36B 		.ascii	"\347\024\323k\2303F\010&\261\030e\\AU\177\253\240\267"
 3396      98334608 
 3396      26B11865 
 3396      5C41557F 
 3396      ABA0B7
 3397 0825 D013E763 		.ascii	"\320\023\347cP/I=k\254i\346\313\311\345\253\326>ZU\376"
 3397      502F493D 
 3397      6BAC69E6 
 3397      CBC9E5AB 
 3397      D63E5A55 
 3398 083a D0BAF56B 		.ascii	"\320\272\365kf\254\254\372y\371\222\265+\036\177\264"
 3398      66ACACFA 
 3398      79F992B5 
 3398      2B1E7FB4 
 3399 084a EAB1EA0D 		.ascii	"\352\261\352\015\345\213\356\255\374\321\003\017\257"
 3399      E58BEEAD 
 3399      FCD1030F 
 3399      AF
 3400 0857 59FDC8AA 		.ascii	"Y\375\310\252j1i\303\372\025\345+\326>V\275~\355\232"
 3400      6A3169C3 
 3400      FA15E52B 
 3400      D63E56BD 
 3400      7EED9A
 3401 086a 3555EB37 		.ascii	"5U\3537\224/\254\256^]\375\370\312\252\007\356]\266"
 3401      942FACAE 
 3401      5E5DFDF8 
 3401      CAAA07EE 
 3401      5DB6
 3402 087c 04AFB215 		.ascii	"\004\257\262\025\353\326\211@\365\252\325\033\306\376"
 3402      EBD68940 
 3402      F5AAD51B 
 3402      C6FE
 3403 088a C03B6555 		.ascii	"\300;eU\017V\315\236\363\320\312*A\217L\355+\322b\357"
 3403      0F56CD9E 
 3403      F3D0CA2A 
 3403      418F4CED 
 3403      2BD262EF 
 3404 089e 5ED92A04 		.ascii	"^\331*\004\373\037\261\\\214\313"
 3404      FB1FB15C 
 3404      8CCB
 3405              		.text
 3406              		.section	.gnu.lto__ZN13AttitudePIDPI6updateEPKfS1_S1_S1_RK7UnmixerPf.194.676402975d15d4f4,"e",%pro
 3407 0000 789CA556 		.ascii	"x\234\245VkLTG\024\236s\347\356\262\313[\005u\033Q\214"
 3407      6B4C5447 
 3407      149E73E7 
 3407      EEB2CB5B 
 3407      05751B51 
 3408 0015 6ED01841 		.ascii	"n\320\030A\005\0141D\2511i\233\264\211\241\377\372g"
 3408      050C3144 
 3408      A931699B 
ARM GAS  /tmp/ccOWZRdG.s 			page 81


 3408      B489A1FF 
 3408      FA67
 3409 0027 83CB2A24 		.ascii	"\203\313*$+PX4\375\345eY1\301DE\255\255U\251\331l\254"
 3409      2B505834 
 3409      FDE56559 
 3409      31C14445 
 3409      ADAD55A9 
 3410 003e 366D251A 		.ascii	"6m%\032_\210\272\255h\251\025\245Xk\253\"\255\361\201"
 3410      5F88BAAD 
 3410      68A915A5 
 3410      586BAB22 
 3410      ADF181
 3411 0051 A61862EB 		.ascii	"\246\030b\353\243\276\3509s\037\273w]\345\207\0338;"
 3411      A3BEE839 
 3411      731FBB77 
 3411      5DE5871B 
 3411      383B
 3412 0063 77E63BF3 		.ascii	"w\346;\363}g\346\233\271\333\221\312\330;\300\330G\214"
 3412      7D67E69B 
 3412      B9DB91CA 
 3412      D83BC0D8 
 3412      478C
 3413 0075 31B032D8 		.ascii	"1\2602\330\330\322,1EQJ\022$)\320\262V\202?\000\237"
 3413      D8D22C31 
 3413      45514A12 
 3413      2429D0B2 
 3413      56823F00 
 3414 008a B2E5C696 		.ascii	"\262\345\306\226T\361\315\261Wm\255nI\022\3372|j\344"
 3414      54F1CDB1 
 3414      576DAD6E 
 3414      4912DF32 
 3414      7C6AE4
 3415 009d 58A0A1A5 		.ascii	"X\240\241\245\331\256\346\224$\000[%q\331\002\253`\023"
 3415      D9AEE694 
 3415      24005B25 
 3415      71D902AB 
 3415      6013
 3416 00af 9F8E3D8F 		.ascii	"\237\216=\217Wo9\332\016\312\3560\2048c\255\370/>\333"
 3416      576F39DA 
 3416      0ECAEE30 
 3416      843863AD 
 3416      F82F3EDB 
 3417 00c3 396CE421 		.ascii	"9l\344!\016 k-\011\262\261\305?`9\235\212\262a\373\316"
 3417      0E206B2D 
 3417      09B2B1C5 
 3417      3F60399D 
 3417      8AB261FB 
 3418 00d8 B01CE21C 		.ascii	"\260\034\342\034\016\001f\300A\200\003(\027;J\2679\010"
 3418      0E0166C0 
 3418      41800328 
 3418      173B4AB7 
 3418      3908
 3419 00ea 55C372C2 		.ascii	"U\303r\302\2122t\244\355\343wC\\\206#f\224\\\032\022"
 3419      8A3274A4 
 3419      EDE37743 
 3419      5C862366 
 3419      945C1A12 
ARM GAS  /tmp/ccOWZRdG.s 			page 82


 3420 00fe A81502D5 		.ascii	"\250\025\002\325\363\342\260\242\330\251\033\216\306"
 3420      F3E2B0A2 
 3420      D8A91B8E 
 3420      C6
 3421 010b E2DA04AE 		.ascii	"\342\332\004\256\001T\340\341\3065J\272L\300c\261\300"
 3421      0154E0E1 
 3421      C6354ABA 
 3421      4CC063B1 
 3421      C0
 3422 011c 0E87206C 		.ascii	"\016\207 l\177\\C\204,f\264\313A\242{\2065\"\213y\334"
 3422      7F5C4384 
 3422      2C66B4CB 
 3422      41A27B86 
 3422      35228B79 
 3423 0131 52DA2D68 		.ascii	"R\332-h\326\2504CG7\223j+|o&\261\226\366:\304\272\360"
 3423      D6A83443 
 3423      4737936A 
 3423      2B7C6F26 
 3423      B196F63A 
 3424 0148 0D405FCE 		.ascii	"\015@_\316\000b\237\366^\205.\0055%\300\311h8c\245g"
 3424      00629FF6 
 3424      5E852E05 
 3424      3525C0C9 
 3424      683863A5 
 3425 015d DE226CAB 		.ascii	"\336\"l\253\201m{r\017\351\263\011z*\006z\\@wE\240\203"
 3425      816D7B72 
 3425      0FE9B309 
 3425      7A2A067A 
 3425      5C407745 
 3426 0173 06F4C718 		.ascii	"\006\364\307\030\350>\001\375.\002\3557\240?\305@w\011"
 3426      E83E01FD 
 3426      2E02ED37 
 3426      A03FC540 
 3426      7709
 3427 0185 E88908F4 		.ascii	"\350\211\010\364\232\001\3759\006\372\205\200\236\217"
 3427      9A01FD39 
 3427      06FA8580 
 3427      9E8F
 3428 0193 40AF18D0 		.ascii	"@\257\030\320\356\030\350:\001\355\217@/\033\320\363"
 3428      EE18E83A 
 3428      01ED8F40 
 3428      2F1BD0F3 
 3429 01a3 3150BF80 		.ascii	"1P\277\200\336\213@\317\033\320_b\240\017\305\016<\217"
 3429      DE8B40CF 
 3429      1BD05F62 
 3429      A00FC50E 
 3429      3C8F
 3430 01b5 40CF19D0 		.ascii	"@\317\031\320\0131\320\273\016\303\233\343\015o\206"
 3430      0B31D0BB 
 3430      0EC39BE3 
 3430      0D6F86
 3431 01c4 81F2D74A 		.ascii	"\201\362\327J\"\037]\335\326\345W\363mpI\344\377\006"
 3431      221F5DDD 
 3431      D6E557F3 
 3431      6D7049E4 
 3431      FF06
 3432 01d6 7051CDBF 		.ascii	"pQ\315\277\346\300\023\365;\300\257\000\275\000=\000"
ARM GAS  /tmp/ccOWZRdG.s 			page 83


 3432      E6C013F5 
 3432      3BC0AF00 
 3432      BD003D00 
 3433 01e6 E700CE02 		.ascii	"\347\000\316\002\234\001\350\0028\015\320\011\332)@"
 3433      9C01E802 
 3433      380DD009 
 3433      DA2940
 3434 01f5 B8A48EEC 		.ascii	"\270\244\216\354\355\265\204\225g\303\353\025\345\366"
 3434      EDB58495 
 3434      67C3EB15 
 3434      E5F6
 3435 0203 9887690B 		.ascii	"\230\207i\013\001\335`\227(p\0122\005\013\005+\205\004"
 3435      01DD6097 
 3435      28700A32 
 3435      050B052B 
 3435      8504
 3436 0215 0C89366A 		.ascii	"\014\2116j\221\327\022\023\251\225D\255d\012)\024R)"
 3436      91D71213 
 3436      A99544AD 
 3436      640A2914 
 3436      5229
 3437 0227 A4D1403A 		.ascii	"\244\321@:\205Q\030\222FSk\014\205\014\032\315\2440"
 3437      85511892 
 3437      46536B0C 
 3437      850C1ACD 
 3437      A430
 3438 0239 961EC751 		.ascii	"\226\036\307Q\030O\301Aa\002@;d\001t\300D\200\3030\011"
 3438      184FC141 
 3438      6102403B 
 3438      640174C0 
 3438      4480C330 
 3439 024e E0384CC6 		.ascii	"\3408L\306\201\204)\024\234\024r(Lc\250}:C\3653(m&\205"
 3439      81842914 
 3439      9C147228 
 3439      4C63A87D 
 3439      3A43F533 
 3440 0266 5C801F60 		.ascii	"\\\200\037`6\265\362)\024\021n\036\265\212\2515\237"
 3440      36B5F229 
 3440      14116E1E 
 3440      B58AA935 
 3440      9F
 3441 0277 5A251418 		.ascii	"Z%\024\030[\317\351\356PdP\302\214m\340\222\372\320"
 3441      5BCFE9EE 
 3441      506450C2 
 3441      8C6DE092 
 3441      FAD0
 3442 0289 880F7741 		.ascii	"\210\017wA\271\336\222\311\356\201\377\363\265\347\003"
 3442      B9DE92C9 
 3442      EE81FFF3 
 3442      B5E703
 3443 0298 9620076D 		.ascii	"\226 \007m\023d`\273\350\212\261\341TA>\001.\003\201"
 3443      136460BB 
 3443      E88AB1E1 
 3443      54413E01 
 3443      2E0381
 3444 02ab FD7F7E96 		.ascii	"\375\177~\226\211\2009D@\253\236\247\336-|\243\304\234"
 3444      89803944 
ARM GAS  /tmp/ccOWZRdG.s 			page 84


 3444      40AB9EA7 
 3444      DE2D7CA3 
 3444      C49C
 3445 02bd 4A8332D4 		.ascii	"J\2032\324\325{\265\001\272\374\342\004\365E\3574\\"
 3445      D57BB501 
 3445      BAFCE204 
 3445      F545EF34 
 3445      5C
 3446 02ce A5EDC2E9 		.ascii	"\245\355\302\3515\252\020N*\031T\262\211\252?.\325,"
 3446      35AA104E 
 3446      2A1954B2 
 3446      89AA3F2E 
 3446      D52C
 3447 02e0 8D6A5B1C 		.ascii	"\215j[\034\252\353&\252\277T*I\243\352\264\00797\250"
 3447      AAEB26AA 
 3447      BF542A49 
 3447      A3EAB407 
 3447      3937A8
 3448 02f3 6C26AA1B 		.ascii	"l&\252\033\321T\252\013\245h\322[\240\261\206\342\260"
 3448      D154AA0B 
 3448      A568D25B 
 3448      A0B186E2 
 3448      B0
 3449 0304 0E98586F 		.ascii	"\016\230Xo\253\254\\e\275\364/\316/\033\254\005Q\254"
 3449      ABAC5C65 
 3449      BDF42FCE 
 3449      2F1BAC05 
 3449      51AC
 3450 0316 5970F765 		.ascii	"Yp\367eV\036\315\372\267\316\372m\034\326{&\326A\225"
 3450      561ECDFA 
 3450      B7CEFA6D 
 3450      1CD67B26 
 3450      D64195
 3451 0329 55D65803 		.ascii	"U\326X\003iAn1X\213L\254Cq\227\365\200\316u0\016\327"
 3451      69416E31 
 3451      588B4CAC 
 3451      437197F5 
 3451      80CE7530 
 3452 033f 3F26AEFB 		.ascii	"?&\256\373*\227E\343\332\\\030\344V\203\253\330\304"
 3452      2A9745E3 
 3452      DA5C18E4 
 3452      5683ABD8 
 3452      C4
 3453 0350 F5E0E50A 		.ascii	"\365\340\345\012-\321\254\217t\326\023qX\3773\261>V"
 3453      2DD1AC8F 
 3453      74D61371 
 3453      58FF33B1 
 3453      3E56
 3454 0362 59ADC2AA 		.ascii	"Y\255\302\252;\204U77_\264\006y\2026u\262\270f\004\375"
 3454      3B845537 
 3454      375FB406 
 3454      79823675 
 3454      B2B86604 
 3455 0377 6E6788A7 		.ascii	"ng\210\247\004\371Dx*\372f\251\212R\341\031\354\240"
 3455      04F94478 
 3455      2AFA66A9 
 3455      8A52E119 
ARM GAS  /tmp/ccOWZRdG.s 			page 85


 3455      ECA0
 3456 0389 3B202030 		.ascii	";  0\205x\024\001\357&\265\014\010\362hKL\022\356\033"
 3456      85781401 
 3456      EF26B50C 
 3456      08F2684B 
 3456      4C12EE1B 
 3457 039d 82A6EC20 		.ascii	"\202\246\354 \237\034\000)\304\323Z\321\264(\000\007"
 3457      9F1C0029 
 3457      C4D35AD1 
 3457      B4280007 
 3458 03ad 6DE8DF10 		.ascii	"m\350\337\020O\247\312\262\361\302A\204\020\365\245"
 3458      4FA7CAB2 
 3458      F1C24184 
 3458      10F5A5
 3459 03bc 26AA0F45 		.ascii	"&\252\017E\331G\222\322 \355\240\371\204\224\001!\305"
 3459      D94792D2 
 3459      20EDA0F9 
 3459      84940121 
 3459      C5
 3460 03cd 2F45A424 		.ascii	"/E\244$\232\244\3340\244L1IAC'\242\277\015)\275\230"
 3460      9AA4DC30 
 3460      A44C3149 
 3460      414327A2 
 3460      BF0D29BD 
 3461 03e2 39454839 		.ascii	"9EH9\240I\271\211R\222t)\003\257\220\322\204R$}U\346"
 3461      A049B989 
 3461      52927429 
 3461      03AF90D2 
 3461      8452247D 
 3462 03f8 92943592 		.ascii	"\222\2245\222N\3504\021&a\251h2\203\260\007\011\235"
 3462      4EE83411 
 3462      2661A968 
 3462      3283B007 
 3462      099D
 3463 040a 82F09046 		.ascii	"\202\360\220F8\210\204\311#\0216#!\327k\027\204k\015"
 3463      388884C9 
 3463      23113623 
 3463      21D76B17 
 3463      846B0D
 3464 041d C21C1361 		.ascii	"\302\034\023a2\026\204N3\010\317!a\216 <\246]V\335R"
 3464      3216844E 
 3464      3308CF21 
 3464      618E203C 
 3464      A65D56DD 
 3465 0432 904F33DC 		.ascii	"\220O3\334\027V/\253\335\0134\377\255\223\204\377v~"
 3465      17562FAB 
 3465      DD0B34FF 
 3465      AD9384FF 
 3465      767E
 3466 0444 88B726E2 		.ascii	"\210\267&\342D\346\211\250\314\351FfgL\346\006#\363"
 3466      44E689A8 
 3466      CCE94666 
 3466      674CE606 
 3466      23F3
 3467 0456 0C664E17 		.ascii	"\014fN\027\231\027t\327\311A\2362R\221\033\261HY_U'"
 3467      991774D7 
 3467      C9419E32 
ARM GAS  /tmp/ccOWZRdG.s 			page 86


 3467      52911BB1 
 3467      48595F55 
 3468 046b 15B9C928 		.ascii	"\025\271\311(r\206\251H\314v\2428*R\035\236)\206G\265"
 3468      7286A948 
 3468      CC76A238 
 3468      2A521D9E 
 3468      298647B5 
 3469 047f D2AE2038 		.ascii	"\322\256 8\013_zx\357\210\253[|\320|v\352\014\304v\206"
 3469      0B5F7A78 
 3469      EF88AB5B 
 3469      7CD07C76 
 3469      EA0CC476 
 3470 0494 F8685238 		.ascii	"\370hR8\324\334\255\337\251V\355\372\036H\013\221]r"
 3470      D4DCADDF 
 3470      A956EDFA 
 3470      1E480B91 
 3470      5D72
 3471 04a6 61AB8453 		.ascii	"a\253\204S\316\024\345\\\214*'u\244r\266a9\026S9\333"
 3471      CE14E55C 
 3471      8C2A2775 
 3471      A472B661 
 3471      39165339 
 3472 04bb 8D72669B 		.ascii	"\215rf\233\312I\305-\302\025\213\224\223o*g\366\233"
 3472      CA49C52D 
 3472      C2158B94 
 3472      936F2A67 
 3472      F69B
 3473 04cd 95239BCB 		.ascii	"\225#\233\313\011R9\371\242\234+\231\332\206u\001]\277"
 3473      095239F9 
 3473      A29C2B99 
 3473      DA867501 
 3473      5DBF
 3474 04df D4D5A76D 		.ascii	"\324\325\247m\365\003\334\3524c\253\223M\207+\244\036"
 3474      F503DCEA 
 3474      3463AB93 
 3474      4D872BA4 
 3474      1E
 3475 04f0 BB874D0F 		.ascii	"\273\207M\0170-\035q\354\016\004\372N\216\305\007!\352"
 3475      302D1D71 
 3475      EC0E04FA 
 3475      4E8EC507 
 3475      21EA
 3476 0502 C9F0F002 		.ascii	"\311\360\360\002M\327\316\375\267\316\202x\2212z}\362"
 3476      4DD7CEFD 
 3476      B7CE8278 
 3476      91327A7D 
 3476      F2
 3477 0513 06EC93E8 		.ascii	"\006\354\223\350\365\211\227\261\277c\017\336\203\243"
 3477      F58997B1 
 3477      BF630FDE 
 3477      83A3
 3478 0521 F465B445 		.ascii	"\364e\264EVQ[\302$\370\012\227\320\212\2318\377\235"
 3478      56515BC2 
 3478      24F80A97 
 3478      D08A9938 
 3478      FF9D
 3479 0533 934F50D2 		.ascii	"\223OP\322(\322\223\004L\233O\246\371\270\361:\356\367"
ARM GAS  /tmp/ccOWZRdG.s 			page 87


 3479      28D29304 
 3479      4C9B4FA6 
 3479      F9B8F13A 
 3479      EEF7
 3480 0545 90AE2D77 		.ascii	"\220\256-w\262\214\255I~iR;|\215\223&\250/\034J\032"
 3480      B28CAD49 
 3480      7E69523B 
 3480      7C8D9326 
 3480      A82F1C4A 
 3481 055a 122FD6FB 		.ascii	"\022/\326\373\003\257KJ\202oT%*=\010r\213\371\267\300"
 3481      03AF4B4A 
 3481      826F5425 
 3481      2A3D0872 
 3481      8BF9B7C0 
 3482 056e 03B1721D 		.ascii	"\003\261r\035w\260\246\321\257\256\311\016{Uz\0047\266"
 3482      77B0A6D1 
 3482      AFAEC90E 
 3482      7B557A04 
 3482      37B6
 3483 0580 369DC2DF 		.ascii	"6\235\302\337\015cP\011\346\340\326\007p\353\213\304"
 3483      0D635009 
 3483      E6E0D607 
 3483      70EB8BC4 
 3484 0590 D68F69A5 		.ascii	"\326\217i\245\343\216c!\236\241\236\343\323\270\326"
 3484      E38E6321 
 3484      9EA19EE3 
 3484      D3B8D6
 3485 059f 4582E891 		.ascii	"E\202\350\221f\302Sxqd\030\242\013\342\233p\037\262"
 3485      66C25378 
 3485      716418A2 
 3485      0BE29B70 
 3485      1FB2
 3486 05b1 D9741316 		.ascii	"\331t\023\026\220\011\367\033&\234g2aF\026\0160a\222"
 3486      9009F71B 
 3486      269C6732 
 3486      6146160E 
 3486      306192
 3487 05c4 A288138B 		.ascii	"\242\210\023\213MN\234'\234\370\"\262\277\341[g\267"
 3487      4D4E9C27 
 3487      9CF822B2 
 3487      BFE15B67 
 3487      B7
 3488 05d5 1A668CD3 		.ascii	"\032f\214\323O~\024\362;Q~\261\220\377<\352\014e\216"
 3488      4F7E14F2 
 3488      3B517EB1 
 3488      90FF3CEA 
 3488      0C658E
 3489 05e8 7486DA51 		.ascii	"t\206\332Q\276\335t\206\216\252\346\353\33037\310\307"
 3489      BEDD7486 
 3489      8EAAE6EB 
 3489      D83337C8 
 3489      C7
 3490 05f9 BE6E9D8F 		.ascii	"\276n\235\217aj\"\323^\020\203\216 \037\027\307\304"
 3490      616A22D3 
 3490      5E10838E 
 3490      201F17C7 
 3490      C4
ARM GAS  /tmp/ccOWZRdG.s 			page 88


 3491 060a 8D6D4D37 		.ascii	"\215mM7\307\0079\376\241{\307Q\307\366&\022\346\020"
 3491      C70739FE 
 3491      A17BC751 
 3491      C7F62612 
 3491      E610
 3492 061c 7DC5DA22 		.ascii	"}\305\332\"\3147-T\246\030\266F\326\250\304\264F\363"
 3492      CC372D54 
 3492      A618B646 
 3492      D6A8C4B4 
 3492      46F3
 3493 062e DFECB4DA 		.ascii	"\337\354\264\332\314\247\265\223Nk\011\273\217\277\010"
 3493      CCA7B593 
 3493      4E6B09BB 
 3493      8FBF08
 3494 063d 862DC2F5 		.ascii	"\206-\302\365\3539\250\306\363\207\351\321\231WQ\275"
 3494      EB39A8C6 
 3494      F387E9D1 
 3494      995751BD 
 3495 064d DC93B7A4 		.ascii	"\334\223\267\244\246\326;\263\334\263\"oQ\265\273~\271"
 3495      A6D63BB3 
 3495      DCB3226F 
 3495      51B5BB7E 
 3495      B9
 3496 065e A7CA5797 		.ascii	"\247\312W\227\267pq\351\373\256\245\336\312e\025>6\265"
 3496      B77071E9 
 3496      FBAEA5DE 
 3496      CA65153E 
 3496      36B5
 3497 0670 AED69DE7 		.ascii	"\256\326\235\347\256\256\362\325V{\275\236\332\272\274"
 3497      AEAEF2D5 
 3497      567BBD9E 
 3497      DABABC
 3498 067f B77DBE4A 		.ascii	"\267}\276J_}\271\307\265\370\275E\370\237\353\256\251"
 3498      5F7DB9C7 
 3498      B5F8BD45 
 3498      F89FEBAE 
 3498      A9
 3499 0690 61B2AFA2 		.ascii	"a\262\257\242\262.+\316H\256\247\314\223_\270\244\334"
 3499      B22E2BCE 
 3499      48AEA7CC 
 3499      935FB8A4 
 3499      DC
 3500 06a1 C32C9E7A 		.ascii	"\303,\236zLO\254\363\225\371<\256\245\365^\257\245\262"
 3500      4C4FACF3 
 3500      95F93CAE 
 3500      A5F55EAF 
 3500      A5B2
 3501 06b3 AAA6DE67 		.ascii	"\252\246\336g\253\256\367\271\334\313\313\353R>)[\351"
 3501      ABAEF7B9 
 3501      DCCBCBEB 
 3501      523E295B 
 3501      E9
 3502 06c4 AAA8F696 		.ascii	"\252\250\366\226\273j\021\221@O\236\332Z\361]U\2752"
 3502      BB6A1191 
 3502      404F9EDA 
 3502      5AF15D55 
 3502      BD32
ARM GAS  /tmp/ccOWZRdG.s 			page 89


 3503 06d6 BDA6D2E7 		.ascii	"\275\246\322\347\256p\225\271\335\036\257k\271\247\254"
 3503      AE7095B9 
 3503      DD1EAF6B 
 3503      B9A7AC
 3504 06e5 2E8DE444 		.ascii	".\215\344D?G\003|\313|\251Q\343\364\250\016\323\324"
 3504      3F47037C 
 3504      CB7CA951 
 3504      E3F4A80E 
 3504      D3D4
 3505 06f7 F4982246 		.ascii	"\364\230\"F\365'\253\0205\327\246~M\235\2457f\353\215"
 3505      F527AB10 
 3505      35D7A67E 
 3505      4D9DA537 
 3505      66EB8D
 3506 070a 397A235F 		.ascii	"9z#_o\024\350\215\302\377\001\235\207\310\023"
 3506      6F14E88D 
 3506      C2FF019D 
 3506      87C813
 3507              		.text
 3508              		.section	.gnu.lto__ZN13AttitudePIDPI9reset_allEv.195.676402975d15d4f4,"e",%progbits
 3509 0000 789C8593 		.ascii	"x\234\205\223\315k\023A\024\300\337\233\267_)\202\027"
 3509      CD6B1341 
 3509      14C0DF9B 
 3509      B75F2982 
 3509      17
 3510 0011 B17A2814 		.ascii	"\261z(\024TD\260YA\274\253\024AP(\375\007\212MV\023"
 3510      5444B059 
 3510      41BCAB14 
 3510      415028FD 
 3510      078A4D56 
 3511 0026 48BB21D9 		.ascii	"H\273!\331x\355\264\304\203\271\244\255\242\210m\225"
 3511      78EDB4C4 
 3511      83B9A4AD 
 3511      A2886D95 
 3512 0036 B0486EEA 		.ascii	"\260Hn\352\301o\301\200E\005\025\305\017*\210\240\225"
 3512      C16FC180 
 3512      450515C5 
 3512      0F2A88A0 
 3512      95
 3513 0047 42101429 		.ascii	"B\020\024)\010\036\004}\263\311\240\206\205]\230\307"
 3513      081E047D 
 3513      B3C9A086 
 3513      855D98C7 
 3514 0057 BCB733BF 		.ascii	"\274\2673\277\371\3150\263\301\000\360\001`\0337$\300"
 3514      F9CD30B3 
 3514      C100F001 
 3514      601B3724 
 3514      C0
 3515 0068 F9B99A00 		.ascii	"\371\271\232\000)\345~[\340\364\\-\205w0\312\020\246"
 3515      29E57E5B 
 3515      E0F45C2D 
 3515      857730CA 
 3515      10A6
 3516 007a 044EE119 		.ascii	"\004N\341\031\332\305\351\317S\347N\177\336(\233-\014"
 3516      DAC5E9CF 
 3516      53E74E7F 
 3516      DE289B2D 
ARM GAS  /tmp/ccOWZRdG.s 			page 90


 3516      0C
 3517 008b 0960895B 		.ascii	"\011`\211[\364-\020\316SH\210F\267'p\220{t\024v.K9\273"
 3517      F42D10CE 
 3517      53488846 
 3517      B7277090 
 3517      7B741476 
 3518 00a3 70B96584 		.ascii	"p\271e\204Dx\013y\006\336D\274\201\000\\\030\255n\005"
 3518      44780B79 
 3518      06DE44BC 
 3518      81005C18 
 3518      AD6E05
 3519 00b6 B034876B 		.ascii	"\2604\207kp\365\225\331\222\277~\327\245\\\331\362\351"
 3519      70F595D9 
 3519      92BF7ED7 
 3519      A55CD9F2 
 3519      E9
 3520 00c7 9AB50979 		.ascii	"\232\265\011y\230!T \025\014\025L\025,\025l\025\034"
 3520      98215420 
 3520      150C154C 
 3520      152C156C 
 3520      151C
 3521 00d9 155288B7 		.ascii	"\025R\210\267y~\235\324\016\244\201\262\0050K\242\223"
 3521      797E9DD4 
 3521      0EA481B2 
 3521      05304BA2 
 3521      93
 3522 00ea 4C73F205 		.ascii	"Ls\362\005\345\352\371G\002\276\341\314\331\332\232"
 3522      E5EAF947 
 3522      02BEE1CC 
 3522      D9DA9A
 3523 00f9 6810764D 		.ascii	"h\020vMMT\366W\324^\333\"$\253A)\274\033\325\366p\311"
 3523      4D54F657 
 3523      D45EDB22 
 3523      24AB4129 
 3523      BC1BD5F6 
 3524 010f 09C9C67B 		.ascii	"\011\311\306{\270\250\004\253jLs3\257\206\367y\255\357"
 3524      B8A804AB 
 3524      6A4C7333 
 3524      AF86F779 
 3524      ADEF
 3525 0121 581DE41A 		.ascii	"X\035\344\032\317q\226\210sF\206\224R\0135*\235e\336"
 3525      CF719688 
 3525      73468694 
 3525      520B352A 
 3525      9D65DE
 3526 0134 9A0D121A 		.ascii	"\232\015\022\032\336\034\210\207?`8j\370\220\202\267"
 3526      DE1C8887 
 3526      3F60386A 
 3526      F89082B7 
 3527 0144 62E1A20B 		.ascii	"b\341\242\013_\275\240w\361\225wAI\356\017\031/\272"
 3527      5FBDA077 
 3527      F1957741 
 3527      49EE0F19 
 3527      2FBA
 3528 0156 F876E4BE 		.ascii	"\370v\344\276\034\213\247\036\367\017\354n$\271?f8i"
 3528      1C8BA71E 
 3528      F70FEC6E 
ARM GAS  /tmp/ccOWZRdG.s 			page 91


 3528      24B93F66 
 3528      3869
 3529 0168 78E4FE24 		.ascii	"x\344\376$\026nh\367\213\332\375\007\273\233I\356O\031"
 3529      166E68F7 
 3529      8BDAFD07 
 3529      BB9B49EE 
 3529      4F19
 3530 017a 6FE8A3E9 		.ascii	"o\350\243\351W\370g\261x\263\307}\215\335\255$\367\027"
 3530      57F867B1 
 3530      78B3C77D 
 3530      8DDDAD24 
 3530      F717
 3531 018c 0C37353C 		.ascii	"\01475<\255\340/c\341\226v_\374\367\366\330I\356\257"
 3531      ADE02F63 
 3531      E196765F 
 3531      FCF7F6D8 
 3531      49EEAF
 3532 019f 196FFD77 		.ascii	"\031o\375wg\336\304\342\355\036\367\347\354\356$\271"
 3532      67DEC4E2 
 3532      ED1EF7E7 
 3532      ECEE24B9 
 3533 01af AF30DCD6 		.ascii	"\2570\334\326\347\276[\301\337\305\302\035\355~\251"
 3533      E7BE5BC1 
 3533      DFC5C21D 
 3533      ED7EA9
 3534 01be E3BEDEEE 		.ascii	"\343\276\336\356\217\363\356r\373\360=s\035\000\365"
 3534      8FF3EE72 
 3534      FBF03D73 
 3534      1D00F5
 3535 01cd 2CFA18B0 		.ascii	",\372\030\260\2163\037\257\037\212\036x\235\360\357"
 3535      8E331FAF 
 3535      1F8A1E78 
 3535      9DF0EF
 3536 01dc C302D8E1 		.ascii	"\303\002\330\341\346\374\011\317\035/\226\012CY\357"
 3536      E6FC09CF 
 3536      1D2F960A 
 3536      4359EF
 3537 01eb A43BEC67 		.ascii	"\244;\354g*\023\336dPv\017\216\214\036\031;^\310\237"
 3537      2A13DE64 
 3537      50760F8E 
 3537      8C1E193B 
 3537      5EC89F
 3538 01fe C805B0BD 		.ascii	"\310\005\260\275\\\312\270\031\1772(\371\205\202W*\273"
 3538      5CCAB819 
 3538      7F3228F9 
 3538      8582572A 
 3538      BB
 3539 020f 0782201F 		.ascii	"\007\202 \037T\262\336\330\310\341an\351L\261\010F\220"
 3539      54B2DED8 
 3539      C8E1616E 
 3539      E94CB108 
 3539      4690
 3540 0221 CB970762 		.ascii	"\313\227\007b\376\244\275c\336\336}\343Y\017\376\000"
 3540      FEA4BD63 
 3540      DEDE7DE3 
 3540      590FFE00 
 3541 0231 16054DEF 		.ascii	"\026\005M\357"
ARM GAS  /tmp/ccOWZRdG.s 			page 92


 3542              		.text
 3543              		.section	.gnu.lto__ZTV13AttitudePIDPI.196.676402975d15d4f4,"e",%progbits
 3544 0000 789C45C8 		.ascii	"x\234E\310\331\011\200@\024C\321\334\027\013\260\035"
 3544      D9098040 
 3544      1443D1DC 
 3544      170BB01D 
 3545 0010 FBB0A041 		.ascii	"\373\260\240A\254\300o\231\257)a\\\312s\307@ 9\275$"
 3545      ACC06F99 
 3545      AF29615C 
 3545      CA73C740 
 3545      2039BD24 
 3546 0024 F4643623 		.ascii	"\364d6#Q\254\354\373L.\006\177\034\331\374\034\357:"
 3546      51ACECFB 
 3546      4C2E067F 
 3546      1CD9FC1C 
 3546      EF3A
 3547 0036 AD1B526A 		.ascii	"\255\033Rj\213\033\261s\225\015VX\240\242\003\374S\021"
 3547      8B1BB173 
 3547      950D5658 
 3547      A0A203FC 
 3547      5311
 3548 0048 A0       		.ascii	"\240"
 3549              		.text
 3550              		.section	.gnu.lto_.symbol_nodes.676402975d15d4f4,"e",%progbits
 3551 0000 789C758F 		.ascii	"x\234u\217=N\0031\020F\347s\262\273\241\343\006\271"
 3551      3D4E0331 
 3551      1046E773 
 3551      B2BBA1E3 
 3551      06B9
 3552 0012 0267C8C5 		.ascii	"\002g\310\305\306+\255@J$\210(\022)MR\270\315\005\250"
 3552      C62BAD40 
 3552      4A248828 
 3552      12294D52 
 3552      B8CD05A8 
 3553 0026 F8719540 		.ascii	"\370q\225@r\007\260\240\243\241\244\200u\274\353x\012"
 3553      7207B0A0 
 3553      A3A1A480 
 3553      75BCEB78 
 3553      0A
 3554 0037 4F337A7A 		.ascii	"O3zz\337x<[ED\352\031L\272\255!\346\007\"&z\330\324"
 3554      DF783C5B 
 3554      4544EA19 
 3554      4CBAAD21 
 3554      E6072226 
 3555 004e 20902FF5 		.ascii	" \220/\365\002FV>\202\225\224:\312\302\202\352\211O"
 3555      0246563E 
 3555      8295943A 
 3555      CAC282EA 
 3555      894F
 3556 0060 3D81077F 		.ascii	"=\201\007\177]\215\373\344J7}\022\257\340\241\014\220"
 3556      5D8DFBE4 
 3556      4A377D12 
 3556      AFE0A10C 
 3556      90
 3557 0071 FF90B7D8 		.ascii	"\377\220\267\330\203\213\234{\003\2279w\004W9\267\003"
 3557      838B9C7B 
 3557      03973977 
ARM GAS  /tmp/ccOWZRdG.s 			page 93


 3557      045739B7 
 3557      03
 3558 0082 8F326E40 		.ascii	"\2172n@e8\310L\265\276\214dg\202n\005\335\245\324,N"
 3558      6538C84C 
 3558      B5BE8C64 
 3558      67826E05 
 3558      DDA5D42C 
 3559 0097 5474AF2C 		.ascii	"Tt\257,Rg\226\251\263\201\252@n\235&\335{\333T\2146"
 3559      526796A9 
 3559      B381AA40 
 3559      6E9D26DD 
 3559      7BDB548C 
 3560 00ac 1F01FB1D 		.ascii	"\037\001\373\035_\302\232\200\030u\263\376\224H\266"
 3560      5FC29A80 
 3560      1875B3FE 
 3560      9448B6
 3561 00bb 4EC95CFB 		.ascii	"N\311\\\373-=57)9Av\232\222\231\211\271\323\375\352"
 3561      2D3D3537 
 3561      29394176 
 3561      9A929989 
 3561      B9D3FDEA 
 3562 00cf A29B6B93 		.ascii	"\242\233k\223W\221\314}Jn)\334Z\270\317\266\225g\371"
 3562      5791CC7D 
 3562      4A6E29DC 
 3562      5AB8CFB6 
 3562      9567F9
 3563 00e2 2DD0FD48 		.ascii	"-\320\375H\373\353\221\376\001\255\356\347\331"
 3563      FBEB91FE 
 3563      01ADEEE7 
 3563      D9
 3564              		.text
 3565              		.section	.gnu.lto_.refs.676402975d15d4f4,"e",%progbits
 3566 0000 789C1366 		.ascii	"x\234\023f```dbbfc`bfb`bdd\001R\014\014\000\003S\000"
 3566      60606064 
 3566      62626663 
 3566      60626662 
 3566      60626464 
 3567 001c 36       		.ascii	"6"
 3568              		.text
 3569              		.section	.gnu.lto_.decls.676402975d15d4f4,"e",%progbits
 3570 0000 789C8D59 		.ascii	"x\234\215YiTTW\236\177\377{\013\250*\020h%-\321\216"
 3570      69545457 
 3570      9E7FFF7B 
 3570      0BA82A10 
 3570      68252DD1 
 3571 0015 CDB1C991 		.ascii	"\315\261\311\221\031'\322`\026\347\303\234q\222\330"
 3571      1927D260 
 3571      16E7C39C 
 3571      7192D8
 3572 0024 3D39C61C 		.ascii	"=9\306\034Ofz>83]\203T!\034A\030(\351t\372\313\023A"
 3572      4F667A3E 
 3572      38335D83 
 3572      54211C41 
 3572      1828E974 
 3573 003c 910E5A62 		.ascii	"\221\016ZbTT\0244jT\\@\021\021QK\024\005\021\301\025"
 3573      54541434 
 3573      6A545C40 
ARM GAS  /tmp/ccOWZRdG.s 			page 94


 3573      1111514B 
 3573      140511C1 
 3574 0051 44451445 		.ascii	"DE\024E\334\001q\303\205\371\337{\337V\024\216\375\364"
 3574      DC0171C3 
 3574      85F9DF7B 
 3574      DF56148E 
 3574      FDF4
 3575 0063 57EFBDFB 		.ascii	"W\357\275\373~\377\365\356\227\232\321\222t\322G\222"
 3575      7EFFF5EE 
 3575      979AD192 
 3575      74D24792 
 3576 0073 BA89240D 		.ascii	"\272\211$\015\340\205\217\322\031\204\005\261\017\361"
 3576      E0858FD2 
 3576      198405B1 
 3576      0FF1
 3577 0081 F72049E3 		.ascii	"\367 I\343\021Q\210\257\361}\032\"\032\237\307\"\342"
 3577      115188AF 
 3577      F17D1A22 
 3577      1A9FC722 
 3577      E2
 3578 0092 1092C24D 		.ascii	"\020\222\302M\307\347\277 \262\021\177E\344!\326 \212"
 3578      C7E7BF20 
 3578      B2117F45 
 3578      E421D620 
 3578      8A
 3579 00a3 109B1025 		.ascii	"\020\233\020%\010F\037\245\310\250\327/(\226\341}8\""
 3579      08461FA5 
 3579      C8A8D72F 
 3579      2896E17D 
 3579      3822
 3580 00b5 04F17720 		.ascii	"\004\361w l2\335\273\021e\240\333<\206\250B\224*\366"
 3580      6C32DDBB 
 3580      1165A0DB 
 3580      3C86A842 
 3580      942AF6
 3581 00c8 EBB1FC18 		.ascii	"\353\261\374\030b\026\242\006\337\217\342\3758\336\035"
 3581      6216A206 
 3581      DF8FE2FD 
 3581      38DE1D
 3582 00d7 883D20FC 		.ascii	"\210= \374'x?\201\330\205h\301\367\017\020c\360\271"
 3582      27783F81 
 3582      D88568C1 
 3582      F70F1063 
 3582      F0B9
 3583 00e9 09EF7FC4 		.ascii	"\011\357\177\304\373\027\210)\210\257\020\237#~\207"
 3583      FB178829 
 3583      88AF109F 
 3583      237E87
 3584 00f8 F812F1AF 		.ascii	"\370\022\361\257\210\321\010\033b$\"\026\361!b\006\342"
 3584      88D1081B 
 3584      62242216 
 3584      F1216206 
 3584      E2
 3585 0109 D788FF44 		.ascii	"\327\210\377D\204#\354\210\367\021\377\215\010E\374"
 3585      8423EC88 
 3585      F711FF8D 
 3585      0845FC
ARM GAS  /tmp/ccOWZRdG.s 			page 95


 3586 0118 17621CE2 		.ascii	"\027b\034\342\177\020\021\2100\304\007\010_I\344f\001"
 3586      7F101188 
 3586      30C40708 
 3586      5F49E466 
 3586      01
 3587 0129 A2117106 		.ascii	"\242\021q\006\321\252\344\005S/\325\016\221\233\007"
 3587      D1AAE405 
 3587      532FD50E 
 3587      919B07
 3588 0138 F8E13DBC 		.ascii	"\370\341=\274\307\033\3623\270>X\214\327\0149jQr\310"
 3588      C71BF233 
 3588      B83E588C 
 3588      D70C396A 
 3588      5172C8
 3589 014b F2C3626F 		.ascii	"\362\303boG\254F\\G,E\334@\024\"\374%\021\337H%\256"
 3589      47AC465C 
 3589      472C45DC 
 3589      401422FC 
 3589      2511DF48 
 3590 0161 5F2BF1BC 		.ascii	"_+\361\274\257\370\033\246\304\021\252\304aR\352x\215"
 3590      AFF81BA6 
 3590      C411AAC4 
 3590      6152EA78 
 3590      8D
 3591 0172 52B74583 		.ascii	"R\267E\203|e\3273\"\364\016\366\227\371e\364\251\003"
 3591      7C65D733 
 3591      22F40EF6 
 3591      97F965F4 
 3591      A903
 3592 0184 B151F1D5 		.ascii	"\261Q\361\325\362\377\370\021\252\370\360\201\222\243"
 3592      F2FFF811 
 3592      AAF8F081 
 3592      92A3
 3593 0192 BF286D69 		.ascii	"\277(mi\360\365\011~d\355\366&\010\273\267\360^-\211"
 3593      F0F5097E 
 3593      64EDF626 
 3593      08BBB7F0 
 3593      5E2D89
 3594 01a5 F6C02E55 		.ascii	"\366\300.U6}\010YJ\244<\012\303\301\204\277!\020\266"
 3594      367D0859 
 3594      4AA43C0A 
 3594      C3C184BF 
 3594      2110B6
 3595 01b8 86929C9C 		.ascii	"\206\222\234\234\207E\324_\226\345+G\212\252M\022\224"
 3595      8745D45F 
 3595      96E52B47 
 3595      8AAA4D12 
 3595      94
 3596 01c9 03EC0509 		.ascii	"\003\354\005\011\312\000X\2169\331L\315\342!\230K\311"
 3596      CA00588E 
 3596      39D94CCD 
 3596      E221984B 
 3596      C9
 3597 01da C05F280A 		.ascii	"\300_(\012/\273\373rW\200\025\205\273ew\246\005\013"
 3597      2FBBFB72 
 3597      57801585 
 3597      BB6577A6 
ARM GAS  /tmp/ccOWZRdG.s 			page 96


 3597      050B
 3598 01ec 85B40407 		.ascii	"\205\264\004\007QE$T\001\375\225\220$\\2\030Enl\250"
 3598      51452454 
 3598      01FD9590 
 3598      245C3218 
 3598      456E6CA8 
 3599 0200 69F11989 		.ascii	"i\361\031\211\"\367e9\004f\200\033\3400\2238\302\275"
 3599      22F76539 
 3599      0466801B 
 3599      E0309338 
 3599      C2BD
 3600 0212 45C2CDD3 		.ascii	"E\302\315\323\345e\001\001n\246\023\035\302r\325\245"
 3600      E5650101 
 3600      6EA6131D 
 3600      C272D5A5 
 3601 0222 4300D5C0 		.ascii	"C\000\325\300)\333\226\237\270\3507\034ud\312r\021\301"
 3601      29DB969F 
 3601      B8E8371C 
 3601      7564CA72 
 3601      11C1
 3602 0234 52380050 		.ascii	"R8\000P\311\264\034\005n\233\221\252\226e\236\366\325"
 3602      C9B41C05 
 3602      6E9B91AA 
 3602      96659EF6 
 3602      D5
 3603 0245 F55483E6 		.ascii	"\365T\203\346\034\353X\364\037$:E\242\177\224\"e~Uo"
 3603      1CEB58F4 
 3603      1F243A45 
 3603      A27F9422 
 3603      657E556F 
 3604 0259 40C91322 		.ascii	"@\311\023\"c\271\340O\213A\242n@=\201O\352\226^\016"
 3604      63B9E04F 
 3604      8B41A26E 
 3604      403D814F 
 3604      EA965E0E 
 3605 026d 1C910953 		.ascii	"\034\221\011S?DJx\204\213Y\315v\353\231:\003P\017P\013"
 3605      3F444A78 
 3605      848B59CD 
 3605      76EB993A 
 3605      03500F50 
 3606 0282 D0C47437 		.ascii	"\320\304t7\202/\352\207\323 \361\373)\200\012\220\012"
 3606      822FEA87 
 3606      D320F1FB 
 3606      29800A90 
 3606      0A
 3607 0293 5CF2F3E6 		.ascii	"\\\362\363\346\323\257~\362_\351\316\255\225\255\350"
 3607      D3AF7EF2 
 3607      5FE9CEAD 
 3607      95ADE8
 3608 02a2 25D47029 		.ascii	"%\324p)\325m|\233\203\267z\236\265\006@\247]\005\033"
 3608      D56D7C9B 
 3608      83B77A9E 
 3608      B50640A7 
 3608      5D051B
 3609 02b5 DD26AEE2 		.ascii	"\335&\256\3428g\252\276G\"\242$t8\230\225\236d\206\231"
 3609      3867AABE 
 3609      4722A224 
ARM GAS  /tmp/ccOWZRdG.s 			page 97


 3609      74389895 
 3609      9E648699 
 3610 02c9 CB50C77C 		.ascii	"\313P\307|%?\024^\330`\335\000\252*\221\373-\224\256"
 3610      253F145E 
 3610      D860DD00 
 3610      AA2A91FB 
 3610      2D94AE
 3611 02dc 2712DD43 		.ascii	"'\022\335C\220\341[\323\226\263\232\214\006\300\377"
 3611      90E15BD3 
 3611      96B39A8C 
 3611      06C0FF
 3612 02eb 16022D90 		.ascii	"\026\002-\220!\313&\274\241\305.93@\202\211\360[\011"
 3612      21CB26BC 
 3612      A1C52E39 
 3612      33408289 
 3612      F05B09
 3613 02fe 2E001649 		.ascii	".\000\026Ip\021\240\031h\205\322d\212(=\246<v\023~\373"
 3613      7011A019 
 3613      6885D264 
 3613      8A283DA6 
 3613      3C76137E 
 3614 0313 98572A96 		.ascii	"\230W*\226\237W\312\177K\333\370\3238`ck\020\177\222"
 3614      9F57CA7F 
 3614      4BDBF8D3 
 3614      3860636B 
 3614      107F92
 3615 0326 E81D6698 		.ascii	"\350\035f\230\334\257\271sj\230\325\2554\025-{7\001"
 3615      DCAFB973 
 3615      6A98D5AD 
 3615      34152D7B 
 3615      3701
 3616 0338 C649D001 		.ascii	"\306I\320\001pC\264\252\010\332\213\276\016(\012\303"
 3616      7043B4AA 
 3616      08DA8BBE 
 3616      0E280AC3 
 3617 0348 A88B4AB4 		.ascii	"\250\213J\264\200\212\267P\272\025\337\366\"\334\210"
 3617      808AB750 
 3617      BA15DFF6 
 3617      22DC88
 3618 0357 46C435C4 		.ascii	"F\3045\304-\304\035\304\003D\017\342)Escz\012\037?\013"
 3618      2DC41DC4 
 3618      03440FE2 
 3618      29457363 
 3618      7A0A1F3F 
 3619 036c 0A8F0857 		.ascii	"\012\217\010W\257\021\010\271H~\336WX\177\010\366e\270"
 3619      AF1108B9 
 3619      487EDE57 
 3619      587F08F6 
 3619      65B8
 3620 037e 3303601A 		.ascii	"3\003`\032<\004\310 Zj\357\203\232\333\356\035\201\022"
 3620      3C04C820 
 3620      5A6AEF83 
 3620      9ADBEE1D 
 3620      8112
 3621 0390 FBF2544B 		.ascii	"\373\362TK\357\023\220P\272\373t\325\025K-\266\330i"
 3621      EF139050 
 3621      BAFB74D5 
ARM GAS  /tmp/ccOWZRdG.s 			page 98


 3621      154B2DB6 
 3621      D869
 3622 03a2 70D743F4 		.ascii	"p\327C\364\016\373)\027\234\272\213*\347\261\007'R\247"
 3622      0EFB2917 
 3622      9CBA8B2A 
 3622      E7B10727 
 3622      52A7
 3623 03b4 9CD2D43C 		.ascii	"\234\322\324<\360\366\0009\356\"\271\344RE\246l\011"
 3623      F0F60039 
 3623      EE22B9E4 
 3623      5245A66C 
 3623      09
 3624 03c5 805B00D7 		.ascii	"\200[\000\327=8\355\302KFi)\313\224i\000V\025\334\346"
 3624      3D38EDC2 
 3624      4B466929 
 3624      CB946900 
 3624      5615DCE6 
 3625 03d9 14567712 		.ascii	"\024Vw\022t\352\276\224\234|\310\225L\203\036\017\035"
 3625      74EABE94 
 3625      9C7CC895 
 3625      4C831E0F 
 3625      1D
 3626 03ea 15064A9D 		.ascii	"\025\006J\235J\351\363\3626\212\023\032UB\227\007\241"
 3626      4AE9F3F2 
 3626      368A131A 
 3626      55429707 
 3626      A1
 3627 03fb 133446BD 		.ascii	"\0234F\275\312\350\366`Tj\371T:L\033\300U\254\362\347"
 3627      CAE8F660 
 3627      546AF954 
 3627      3A4C1BC0 
 3627      55ACF2E7 
 3628 040f 9C851D66 		.ascii	"\234\205\035f\000\240\037`>\2017\000\363\010d\022x\006"
 3628      00A01F60 
 3628      3E813700 
 3628      F3086412 
 3628      7806
 3629 0421 F012208B 		.ascii	"\360\022 \213\300\013\000\231\300k\200W,\377<\255\335"
 3629      C00B0099 
 3629      C06B8057 
 3629      2CFF3CAD 
 3629      DD
 3630 0432 6ACE7ABD 		.ascii	"j\316z\275c\341~t\327\277Q)\217\274\035QR\337\240\245"
 3630      63E17E74 
 3630      D7BF5129 
 3630      8FBC1D51 
 3630      52DFA0A5 
 3631 0446 FE9E770D 		.ascii	"\376\236w\015F\211vVA\3502\223x\314&t\255\362\330\004"
 3631      46897656 
 3631      41E83293 
 3631      78CC2674 
 3631      ADF2D804 
 3632 045a 749BF258 		.ascii	"t\233\362X\004\264\\y\354\222h\265\3628\2116\230$\332"
 3632      04B45C79 
 3632      EC9268B5 
 3632      F2388936 
 3632      9824DA
ARM GAS  /tmp/ccOWZRdG.s 			page 99


 3633 046d 82B881E8 		.ascii	"\202\270\201\350UJK\250\0304G\257\241\341\273_o\335"
 3633      554A4BA8 
 3633      183447AF 
 3633      A1E1BB5F 
 3633      6FDD
 3634 047f 09D8103F 		.ascii	"\011\330\020?\014\317d\267\360\251#\260\201n\000\020"
 3634      0CCF64B7 
 3634      F0A923B0 
 3634      816E0010 
 3635 048f 4DD375D7 		.ascii	"M\323u\327\275\325w\036o\232\350\330R\002\033\210\222"
 3635      BDD5771E 
 3635      6F9AE8D8 
 3635      52021B88 
 3635      92
 3636 04a0 32095C44 		.ascii	"2\011\\D\313\366\245\014\236m\244,\364\240, z\245\266"
 3636      CBF6A50C 
 3636      9E6DA42C 
 3636      F4A02C20 
 3636      7AA5B6
 3637 04b3 689C451E 		.ascii	"h\234E\036\234l\241\006\307\243\356\375;\3455\301&6"
 3637      9C6CA106 
 3637      C7A3EEFD 
 3637      3BE535C1 
 3637      2636
 3638 04c5 14ED0746 		.ascii	"\024\355\007FQ\207\242\375l(\342\331\334\235if\231B"
 3638      5187A2FD 
 3638      6C28E2D9 
 3638      DC9D6966 
 3638      9942
 3639 04d7 25791E4A 		.ascii	"%y\036J\224\206\314\007\247\325\204\265\304\356\266"
 3639      9486CC07 
 3639      A7D584B5 
 3639      C4EEB6
 3640 04e6 F22E73BE 		.ascii	"\362.s\276\233\215\032p\236k\023M\361\234\232x\231\333"
 3640      9B8D1A70 
 3640      9E6B134D 
 3640      F19C9A78 
 3640      99DB
 3641 04f8 CB09C6D0 		.ascii	"\313\011\306\320\330\300\264a\210v\326}Z\267\227\353"
 3641      D8C0B461 
 3641      8876D67D 
 3641      5AB797EB 
 3642 0508 61EF072D 		.ascii	"a\357\007-\366\356\253\345j\355]\002\243\226s\242\366"
 3642      F6EEABE5 
 3642      6AED5D02 
 3642      A39673A2 
 3642      F6
 3643 0519 B84B0584 		.ascii	"\270K\005\204\265\011}\230^A`9\221\340'\256\023[\335"
 3643      B5097D98 
 3643      5E416039 
 3643      91E027AE 
 3643      135BDD
 3644 052c 3A026B08 		.ascii	":\002k\010\254$\260\211@!\201\215\004V\021\310'\360"
 3644      AC24B089 
 3644      4021818D 
 3644      045611C8 
 3644      27F0
ARM GAS  /tmp/ccOWZRdG.s 			page 100


 3645 053e 33812D04 		.ascii	"3\201-\004p:Y\313\354m&\334\351@\356\354\217D\035\007"
 3645      703A59CB 
 3645      EC6D26DC 
 3645      E940EEEC 
 3645      8F441D07 
 3646 0552 9611EE47 		.ascii	"\226\021\356G\243\356\353_=|\3151TB\203V\011K<8\213"
 3646      A3EEEB5F 
 3646      3D7CCD31 
 3646      54428356 
 3646      094B3C38 
 3647 0567 150E577D 		.ascii	"\025\016W}\226\017\371\353\011\023h\325\004\256\201"
 3647      960FF9EB 
 3647      091368D5 
 3647      04AE81
 3648 0576 51E08ADE 		.ascii	"Q\340\212\336\304\257h\011\270\354\221\200V%\3238\320"
 3648      C4AF6809 
 3648      B8EC9180 
 3648      5625D338 
 3648      D0
 3649 0587 FEB4EAC5 		.ascii	"\376\264\352\305y\037}\3363\220\266\022>1^\357X\233"
 3649      791F7DDE 
 3649      3390B612 
 3649      3E315EEF 
 3649      589B
 3650 0599 2F08EEA1 		.ascii	"/\010\356\241\011\215\313\236\237\264\350\032\366\351"
 3650      098DCB9E 
 3650      9FB4E81A 
 3650      F6E9
 3651 05a7 B34F3112 		.ascii	"\263O1\022\350&\037\211\356\364A\242\251\372Je1D\214"
 3651      E8261F89 
 3651      EEF441A2 
 3651      A9FA4A65 
 3651      31448C
 3652 05ba C04C3DEF 		.ascii	"\300L=\357]\222&\301.\002;\264Tm'\022\237Y\263\335\342"
 3652      5D9226C1 
 3652      2E023BB4 
 3652      546D2712 
 3652      9F59B3DD 
 3653 05cf 7D2761DF 		.ascii	"}'a\337\371G\264\321\376\250\271\300\237I\312n\225\260"
 3653      F947B4D1 
 3653      FEA8B9C0 
 3653      9F49CA6E 
 3653      95B0
 3654 05e1 C383F0B4 		.ascii	"\303\203\360\264\351\312B\3130\315\211\022\335\313R"
 3654      E9CA42CB 
 3654      30CD8912 
 3654      DDCB52
 3655 05f0 E1655BED 		.ascii	"\341e[\355\265\274@\335KC_\336M\224\205K\273\230S\334"
 3655      B5BC40DD 
 3655      4B435FDE 
 3655      4D94854B 
 3655      BB9853DC 
 3656 0604 E2F62BDE 		.ascii	"\342\366+\336\021\333\261\357b\000\325\210S\210V\304"
 3656      11DBB1EF 
 3656      6200D588 
 3656      538856C4 
 3657 0614 1DC44344 		.ascii	"\035\304CD\017\242\017\361\0141\317\027m\014\177Y|l"
ARM GAS  /tmp/ccOWZRdG.s 			page 101


 3657      0FA20FF1 
 3657      0C31CF17 
 3657      6D0C7F59 
 3657      7C6C
 3658 0626 3D895027 		.ascii	"=\211P'\020\026gYoQ\226/\256\024\010\270\265H\017\363"
 3658      10166759 
 3658      6F51962F 
 3658      AE1408B8 
 3658      B5480FF3 
 3659 063a 48BB8BDB 		.ascii	"H\273\213\333\324\2729@\030\301k\264\225\345\2465\352"
 3659      D4BA3940 
 3659      18C16BB4 
 3659      95E5A635 
 3659      EA
 3660 064b 5079C883 		.ascii	"Py\310\203\242\315\352\335\333\237\252J\366{0*\015]"
 3660      A2CDEADD 
 3660      DB9FAA4A 
 3660      F67B302A 
 3660      0D5D
 3661 065d A9F890CA 		.ascii	"\251\370\220\3129\350\245E\241l\327\332I\245\267\032"
 3661      39E8A545 
 3661      A16CD7DA 
 3661      49A5B71A 
 3662 066d E3985C4E 		.ascii	"\343\230\\N`/\366\216#\234\205\275\343(\201\032\002"
 3662      602FF68E 
 3662      239C85BD 
 3662      E328811A 
 3662      02
 3663 067e 75B8A822 		.ascii	"u\270\250\"p\234\3001,d\353I\346{\253\352{\205\207J"
 3663      709CC031 
 3663      2C64EB49 
 3663      E67BABEA 
 3663      7B85874A 
 3664 0692 C3B459AC 		.ascii	"\303\264Y\254M}U\336\031P\006\327-@7\371*\203+\320\022"
 3664      4D7D55DE 
 3664      195006D7 
 3664      2D4037F9 
 3664      2A832BD0 
 3665 06a7 E5B15BA2 		.ascii	"\345\261[\242\373\225\307&\254\034_\2116 \232\021\327"
 3665      FB95C726 
 3665      AC1C5F89 
 3665      36209A11 
 3665      D7
 3666 06b8 11771103 		.ascii	"\021w\021\003\312\347\233 V\035\2014\317\017\253\350"
 3666      CAE79B20 
 3666      561D8134 
 3666      CF0FABE8 
 3667 06c8 97078E94 		.ascii	"\227\007\216\224\265\005(\223|\204\250\244\356\376\252"
 3667      B5052893 
 3667      7C84A8A4 
 3667      EEFEAA
 3668 06d7 2CDE3DD1 		.ascii	",\336=\321\2053\004n\020%J\011\232\210\236\242\227U"
 3668      8533046E 
 3668      10254A09 
 3668      9A889EA2 
 3668      9755
 3669 06e9 992AA9DE 		.ascii	"\231*\251\336\203t\222h\001\365\347\037\227\3015\217"
ARM GAS  /tmp/ccOWZRdG.s 			page 102


 3669      83749268 
 3669      01F5E71F 
 3669      97C1358F 
 3670 06f9 32528307 		.ascii	"2R\203\007\351\224\256\251\251_\364[\3444zpNk\212\232"
 3670      E994AEA9 
 3670      A95FF45B 
 3670      E4347A70 
 3670      4E6B8A9A 
 3671 070d D66994F3 		.ascii	"\326i\224\363\036\024\255\342\233*4\3069\017\306}C\305"
 3671      1E14ADE2 
 3671      9B2A34C6 
 3671      390FC67D 
 3671      43C5
 3672 071f BFD226AF 		.ascii	"\277\322&\257K\202\243\344w\217\356\361\013\\\276\341"
 3672      4B82A3E4 
 3672      778FEEF1 
 3672      0B5CBEE1 
 3673 072f 978B5AE3 		.ascii	"\227\213Z\343\274@\014\265\335B\240\031k\373:\227\306"
 3673      BC400CB5 
 3673      DD42A019 
 3673      6BFB3A97 
 3673      C6
 3674 0740 DA6EC3A1 		.ascii	"\332n\303\241\206@\007\201V\002W\011\\!p\231\300M\002"
 3674      86400781 
 3674      56025709 
 3674      5C217099 
 3674      C04D02
 3675 0753 ED4A9D77 		.ascii	"\355J\235w\367\257\3202y\326\303-\227n\362e\237\226"
 3675      F7AFD032 
 3675      79D6C32D 
 3675      976EF265 
 3675      9F96
 3676 0765 C87D1E9C 		.ascii	"\310}\036\2342\242\015J\225\3477o\031\306\272{\246\333"
 3676      32A20D4A 
 3676      95E7376F 
 3676      19C6BA7B 
 3676      A6DB
 3677 0777 E8C8C5BF 		.ascii	"\350\310\305\277\311\021\224/<}\353\237\365\301\340"
 3677      C911942F 
 3677      3C7DEB9F 
 3677      F5C1E0
 3678 0786 96611922 		.ascii	"\226a\031\"\006\203\265'/\237\267\340F\010\267\327\222"
 3678      0683B527 
 3678      2F9FB7E0 
 3678      4608B7D7 
 3678      92
 3679 0797 C90E3813 		.ascii	"\311\0168\023}\212?Vi\006\225Bd\"\223@;%Vj\245vk\213"
 3679      7D8A3F56 
 3679      69069542 
 3679      64229340 
 3679      3B25566A 
 3680 07af 2928A28F 		.ascii	")(\242\217N6\223\210 \253y\313Q\010\266\372\230\011"
 3680      4E369388 
 3680      20AB79CB 
 3680      5108B6FA 
 3680      9809
 3681 07c1 E9F2B35B 		.ascii	"\351\362\263[#\372q\314*\362\015\233,\233\354"
ARM GAS  /tmp/ccOWZRdG.s 			page 103


 3681      23FA71CC 
 3681      2AF20D9B 
 3681      2C9BEC
 3682 07d0 3FBCD7E5 		.ascii	"?\274\327\345'\023\3277!\023'\343o\227_-\330Qj\272\311"
 3682      2713D737 
 3682      211327E3 
 3682      6F975F2D 
 3682      D8516ABA 
 3683 07e5 1C8C4F5D 		.ascii	"\034\214O]~\326>Z\224\353ko \331\343\320{\253=:\004"
 3683      7ED63E5A 
 3683      94EB6B6F 
 3683      20D9E3D0 
 3683      7BAB3D3A 
 3684 07fa 439B6C36 		.ascii	"C\233l6\217\031SM\253)\313\274\331\\\262\363=k\227_"
 3684      8F19534D 
 3684      AB29CBBC 
 3684      D95CB2F3 
 3684      3D6B975F 
 3685 080e 10EA88B0 		.ascii	"\020\352\210\260\207\005\333\303\202j\301\307n\267\206"
 3685      8705DBC3 
 3685      826AC1C7 
 3685      6EB786
 3686 081d 4448E885 		.ascii	"DH\350\205=:z2\261\242j\223\271\026\242)\004D\313\327"
 3686      3D3A7A32 
 3686      B1A26A93 
 3686      B916A229 
 3686      0444CBD7 
 3687 0831 EF8DB4FA 		.ascii	"\357\215\264\372X-c\302\"p\233-\375\216\245\205\016"
 3687      582D63C2 
 3687      22709B2D 
 3687      FD8EA585 
 3687      0E
 3688 0842 A817F8A1 		.ascii	"\250\027\370\241Q\273\376\012\020a%\321\204N\355\362"
 3688      51BBFE0A 
 3688      106125D1 
 3688      844EEDF2 
 3689 0852 C30D1F09 		.ascii	"\303\015\037\011\303\3322\231\003\002\000W\363f\213"
 3689      C3DA3299 
 3689      03020057 
 3689      F3668B
 3690 0861 6DAA7D7A 		.ascii	"m\252}z\264U\352\362#\370)\304\304VR\272\244\025G/\250"
 3690      B455EAF2 
 3690      23F829C4 
 3690      C45652BA 
 3690      A415472F 
 3691 0876 FB279C76 		.ascii	"\373'\234v\370?\366\003\312\017\260W\020\007#\252\031"
 3691      F83FF603 
 3691      CA0FB057 
 3691      100723AA 
 3691      19
 3692 0887 71613951 		.ascii	"qa9Q\210\214\002\202\255}\325\356\270\337\025zX\265"
 3692      888C0282 
 3692      AD7DD5EE 
 3692      B8DF157A 
 3692      58B5
 3693 0899 716D20E9 		.ascii	"qm \351F\370'\203r\261%\025_T\275\302\232&+i\016J\212"
 3693      46F82783 
ARM GAS  /tmp/ccOWZRdG.s 			page 104


 3693      72B12515 
 3693      5F54BDC2 
 3693      9A262B69 
 3694 08b0 25B6A716 		.ascii	"%\266\247\026\232\210\344\341\205\247\356A.\202\207"
 3694      9A88E4E1 
 3694      85A7EE41 
 3694      2E8287
 3695 08bf 27625F2E 		.ascii	"'b_.\032\326\241\346\357;1mr\331\3233W\375 \3305Y\002"
 3695      1AD6A1E6 
 3695      EF3B316D 
 3695      72D9D333 
 3695      57FD20D8 
 3696 08d6 EAF693E8 		.ascii	"\352\366\223\350c6\272\220R\331}\011\330a\000|\015\311"
 3696      6336BA90 
 3696      52D97D09 
 3696      D861007C 
 3696      0DC9
 3697 08e8 6C72CD3C 		.ascii	"lr\315<\220i\346\357\245\004\356\021,\331{\367\301\347"
 3697      9069E6EF 
 3697      A504EE11 
 3697      2CD97BF7 
 3697      C1E7
 3698 08fa BCA098C0 		.ascii	"\274\240\230\300}V\360\272s`\276\277Z\362\200S\326\267"
 3698      7D56F0BA 
 3698      7360BEBF 
 3698      5AF28053 
 3698      D6B7
 3699 090c AEA36AC9 		.ascii	"\256\243j\311CV\222}oIi\200Z\362\010KL\225\235G\006"
 3699      4356927D 
 3699      6F496980 
 3699      5AF2084B 
 3699      4C959D47 
 3700 0921 FC464478 		.ascii	"\374FDx\314\230\275\004z\224~\314\246\036\327]\327m"
 3700      CC98BD04 
 3700      7A947ECC 
 3700      A61ED75D 
 3700      D76D
 3701 0933 74BF67D0 		.ascii	"t\277g\320z\204\315\350\245\325\007\203\364\251\260"
 3701      7A84CDE8 
 3701      A5D50783 
 3701      F4A9B0
 3702 0942 47EF1E8F 		.ascii	"G\357\036\217E\367\2509q\266.\210\333{Lp\367\206%\305"
 3702      45F7A839 
 3702      71B62E88 
 3702      DB7B4C70 
 3702      F78625C5 
 3703 0956 A7565CB4 		.ascii	"\247V\\\264\206\252\333\360xm\033\376\004\263\332G\330"
 3703      86AADBF0 
 3703      786D1BFE 
 3703      04B3DA47 
 3703      D8
 3704 0967 D20449E7 		.ascii	"\322\004I\347j\027,\367\037\233\357\222[\372\006\332"
 3704      6A172CF7 
 3704      1F9BEF92 
 3704      5BFA06DA 
 3705 0977 2BCC6EDC 		.ascii	"+\314n\334,\342n\361\011\201\273lA\303\035\300\315\035"
 3705      2CE26EF1 
ARM GAS  /tmp/ccOWZRdG.s 			page 105


 3705      0981BB6C 
 3705      41C31DC0 
 3705      CD1D
 3706 0989 7411B84D 		.ascii	"t\021\270Mra\361\373\264\320,\321Cffq\357\202\202R\213"
 3706      7261F1FB 
 3706      B4D02CD1 
 3706      43666671 
 3706      EF828252 
 3707 099e 6A9165EE 		.ascii	"j\221e\356j\303\2516\363\020\006\373Q\301\013\325`\311"
 3707      6AC3A936 
 3707      F31006FB 
 3707      51C10BD5 
 3707      60C9
 3708 09b0 E6C2C5DC 		.ascii	"\346\302\305\334`\311\242\371\013\347\005\013{\375\004"
 3708      60C9A2F9 
 3708      0BE7050B 
 3708      7BFD04
 3709 09bf 9E6BF69E 		.ascii	"\236k\366\236\351\366\236\205\322Z\264\327\207(\262"
 3709      E9F69E85 
 3709      D25AB4D7 
 3709      8728B2
 3710 09ce B0E548CE 		.ascii	"\260\345H\316\242\212\345>\203r(S\0300\344\260\254\327"
 3710      A28AE53E 
 3710      83722853 
 3710      1830E4B0 
 3710      ACD7
 3711 09e0 B5043BC0 		.ascii	"\265\004;\300\300\240\021\022M\377\334\325q\311\344"
 3711      C0A01112 
 3711      4DFFDCD5 
 3711      71C9E4
 3712 09ef B92041CA 		.ascii	"\271 A\312\200\276 YXW\323k\322\307 \234\024\324$gP"
 3712      80BE2059 
 3712      5857D36B 
 3712      D2C7209C 
 3712      14D42467 
 3713 0a04 4E685DF2 		.ascii	"Nh]\362\364\222\211\207\234Ay\310\331\353\233\256\232"
 3713      F4928987 
 3713      9C4179C8 
 3713      D9EB9BAE 
 3713      9A
 3714 0a15 D51CCC67 		.ascii	"\325\034\314g\347%5\0357\362LZ\022\260T\315B\026\225"
 3714      E725351D 
 3714      37F24C5A 
 3714      12B054CD 
 3714      421695
 3715 0a28 20932A59 		.ascii	" \223*YhxX\277\313:6\037\335\355\033(\371M\201\253:"
 3715      687858BF 
 3715      CB3A361F 
 3715      DDED1B28 
 3715      F94D81AB 
 3716 0a3d 439E8779 		.ascii	"C\236\207y\310\242\360Fs\3725\341\007\025\267G\321\315"
 3716      C8A2F046 
 3716      73FA35E1 
 3716      0715B747 
 3716      D1CD
 3717 0a4f 2C76D2DF 		.ascii	",v\322\337Y\267m\030\313\234\253@\306z\302\026M\230"
 3717      59B76D18 
ARM GAS  /tmp/ccOWZRdG.s 			page 106


 3717      CB9CAB40 
 3717      C67AC216 
 3717      4D98
 3718 0a61 C0422A04 		.ascii	"\300B*\004`\001\205Wz\352\026\215\246\245\026\211^\345"
 3718      60018557 
 3718      7AEA168D 
 3718      A6A51689 
 3718      5EE5
 3719 0a73 A2A5F38F 		.ascii	"\242\245\363\217/\034B4\207\252\266\026Q~t\324\205\022"
 3719      2F1C4234 
 3719      87AAB616 
 3719      517E74D4 
 3719      8512
 3720 0a85 035CE272 		.ascii	"\003\\\342r\303\375,\021\3304\036\350\341\235k\253@"
 3720      C3FD2C11 
 3720      D8341EE8 
 3720      E19D6BAB 
 3720      40
 3721 0a96 795FCCE2 		.ascii	"y_\314\342\274x$\247\222(\005KX\301\312\303\217\356"
 3721      BC7824A7 
 3721      9228054B 
 3721      58C1CAC3 
 3721      8FEE
 3722 0aa8 51EDD467 		.ascii	"Q\355\324g\232\026\367R\214\331%\3227\260w\321\023?"
 3722      9A16F752 
 3722      8CD925D2 
 3722      37B077D1 
 3722      133F
 3723 0aba 1EF5A1DD 		.ascii	"\036\365\241\335KoA\201\214+\220\245\024r57~\020nl\264"
 3723      4B6F4181 
 3723      8C2B90A5 
 3723      14723537 
 3723      7E106E6C 
 3724 0acf BECB851F 		.ascii	"\276\313\205\037\321\242);\343\354\377\362\245iE_\341"
 3724      D1A2293B 
 3724      E3ECFFF2 
 3724      A569455F 
 3724      E1
 3725 0ae0 4712ACA4 		.ascii	"G\022\254\244\203v\363\306F\262\202\262\357jE\277\271"
 3725      8376F3C6 
 3725      46B282B2 
 3725      EF6A45BF 
 3725      B9
 3726 0af1 9EF7C2A4 		.ascii	"\236\367\302\244\367\246\225zE\347\013O\027=\273^\""
 3726      F7A6957A 
 3726      45E70B4F 
 3726      173DBB5E 
 3726      22
 3727 0b02 DA763E85 		.ascii	"\332v>\205\345,\274\312\333\331Y\303B\275\303[\215\341"
 3727      E52CBCCA 
 3727      DBD959C3 
 3727      42BDC35B 
 3727      8DE1
 3728 0b14 ADA2EC2C 		.ascii	"\255\242\354,\001Iw\344\342eA,\300\356\312\362n\331"
 3728      014977E4 
 3728      E265412C 
 3728      C0EECAF2 
ARM GAS  /tmp/ccOWZRdG.s 			page 107


 3728      6ED9
 3729 0b26 1C815F59 		.ascii	"\034\201_YGR{2\345\025z\302L\313\255\270\002\0322\310"
 3729      47527B32 
 3729      E5157AC2 
 3729      4CCBADB8 
 3729      021A32C8 
 3730 0b3a 459DF276 		.ascii	"E\235\362v\313\020Y,D\023\353\204o=\256\254s\026%\213"
 3730      CB10592C 
 3730      4413EB84 
 3730      6F3DAEAC 
 3730      7316258B 
 3731 0b4e 47942C16 		.ascii	"G\224,\026RX\253e\261@d\361$\032i\345F\262\252\362z"
 3731      5258AB65 
 3731      B14064F1 
 3731      241A69E5 
 3731      46B2AAF2 
 3732 0b63 AC6A34CC 		.ascii	"\254j4\314\312\363;\257\366X\206\350\251\033\321\312"
 3732      CAF33BAF 
 3732      F65886E8 
 3732      A91BD1CA 
 3733 0b73 4F6A306B 		.ascii	"Oj0k\257]\316T\332h\341\201O\271\231\215\0246hf\326"
 3733      AF5DCE54 
 3733      DA68E181 
 3733      4FB9998D 
 3733      14366866 
 3734 0b88 8B70BACD 		.ascii	"\213p\272\315\264\375\235\365\365\363\340&\263\205\025"
 3734      B4FD9DF5 
 3734      F5F3E026 
 3734      B38515
 3735 0b97 646F2C7F 		.ascii	"do,\177\251Jle\005\307\332\213:\325\202m\274\240\243"
 3735      A94A6C65 
 3735      05C7DA8B 
 3735      3AD5826D 
 3735      BCA0A3
 3736 0baa E4A6AAA3 		.ascii	"\344\246\252\243\230\025lZw\264Melg\005'\232\226\276"
 3736      98156C5A 
 3736      77B44D65 
 3736      6C670527 
 3736      9A96BE
 3737 0bbd 0135B61D 		.ascii	"\0015\266\035\254\344u\341\261\203T\013\016K\325\350"
 3737      ACE475E1 
 3737      B183540B 
 3737      0E4BD5E8 
 3738 0bcd 7661643B 		.ascii	"vad;\325\3502.\336~\002\274\252v\345,t\3438\004\370"
 3738      D5E8322E 
 3738      DE7E02BC 
 3738      AA76E52C 
 3738      74E33804 
 3739 0be2 DDD02336 		.ascii	"\335\320#6Se\372p\367\274y\352\247\267\025\303A]\251"
 3739      5365FA70 
 3739      F7BC79EA 
 3739      A7B715C3 
 3739      415DA9
 3740 0bf5 A88F87B9 		.ascii	"\250\217\207\271+o\020}\263\345M\270w\346\307\036\037"
 3740      2B6F107D 
 3740      B3E54DB8 
 3740      77E6C71E 
ARM GAS  /tmp/ccOWZRdG.s 			page 108


 3740      1F
 3741 0c06 C3CA4859 		.ascii	"\303\312HY\220\273\337\261 G\311\216\312\334}\376\372"
 3741      90BBDFB1 
 3741      2047C98E 
 3741      CADC7DFE 
 3741      FA
 3742 0c17 80B4476F 		.ascii	"\200\264Go\247eT\331\000\355\020\207\017]\243\326\320"
 3742      A76554D9 
 3742      00ED1087 
 3742      0F5DA3D6 
 3742      D0
 3743 0c28 5175375F 		.ascii	"Qu7_\254\360\321\316\302\302\303\337r\350PE\337y\350"
 3743      ACF0D1CE 
 3743      C2C2C3DF 
 3743      72E85045 
 3743      DF79E8
 3744 0c3b 60A0BCF5 		.ascii	"`\240\274\365\320\301\300\311\326\325\324k\224<\017"
 3744      D0C1C0C9 
 3744      D6D5D46B 
 3744      943C0F
 3745 0c4a 8AB273F1 		.ascii	"\212\262s\361>J@\216\327Q\202\272s\241\260\027\343d"
 3745      3E4A408E 
 3745      D75182BA 
 3745      73A1B017 
 3745      E364
 3746 0c5c 14DCC21E 		.ascii	"\024\334\302\036\244PIa\037\205#\024\016a\255R\330O"
 3746      A4504961 
 3746      1F852314 
 3746      0E61AD52 
 3746      D84F
 3747 0c6e A1824235 		.ascii	"\241\202B5\205\243\024\016S8@\225%\255\361 \242\212"
 3747      85A3140E 
 3747      53384095 
 3747      25ADF120 
 3747      A28A
 3748 0c80 0EDE8279 		.ascii	"\016\336\202y\035D\030\274|\333A\204A\3139}\253\356"
 3748      1D4418BC 
 3748      7CDB4184 
 3748      41CB397D 
 3748      ABEE
 3749 0c92 79466050 		.ascii	"yF`P\363\3263\002\003g\261\201\343q,`\340\274\355X\300"
 3749      F3D63302 
 3749      0367B181 
 3749      E3712C60 
 3749      E0BCED58 
 3750 0ca7 E08EE158 		.ascii	"\340\216\341X\340\356\356\003\313\014\323\227\201tL"
 3750      E0EEEE03 
 3750      CB0CD397 
 3750      81744C
 3751 0cb6 34C4F2CC 		.ascii	"4\304\362\314\365\007\015\347\006G\365\226Z#\010\317"
 3751      F5070DE7 
 3751      0647F596 
 3751      5A2308CF 
 3752 0cc6 8EE76E32 		.ascii	"\216\347n2\034\013\030\332\333qA\330\267\321\235m \354"
 3752      1C0B18DA 
 3752      DB7141D8 
 3752      B7D19D6D 
ARM GAS  /tmp/ccOWZRdG.s 			page 109


 3752      20EC
 3753 0cd8 D2092790 		.ascii	"\322\011'\220@{\331@`\372\341\307\275\273,\203&\351"
 3753      407BD940 
 3753      60FAE1C7 
 3753      BDBB2C83 
 3753      26E9
 3754 0cea 9314EAA8 		.ascii	"\223\024\352\250>I\367.a\347\257X2\370x{k\343\326\315"
 3754      3E49F72E 
 3754      61E7AF58 
 3754      32F8787B 
 3754      6BE3D6CD 
 3755 0cfe C3740375 		.ascii	"\303t\003u\272\201z\341\301\376U\2359\201\274\277\327"
 3755      BA817AE1 
 3755      C1FE559D 
 3755      3981BCBF 
 3755      D7
 3756 0d0f 8BB1AC77 		.ascii	"\213\261\254we\365\362\000\255\273\327\353\335\275\001"
 3756      65F5F200 
 3756      ADBBD7EB 
 3756      DDBD01
 3757 0d1e BBFA29CA 		.ascii	"\273\372)\312\316\311\221\325\234u\345\222\377;Y\233"
 3757      CEC991D5 
 3757      9C75E592 
 3757      FF3B599B 
 3758 0d2e CE9F9B1F 		.ascii	"\316\237\233\03786?\033\347\311\222\352\214,`\177z8"
 3758      38363F1B 
 3758      E7C992EA 
 3758      8C2C607F 
 3758      7A38
 3759 0d40 6D9C936B 		.ascii	"m\234\223k\305\230\267i4]\354\317\274\271&\327\236%"
 3759      C598B769 
 3759      345DECCF 
 3759      BCB926D7 
 3759      9E25
 3760 0d52 63F3F351 		.ascii	"c\363\363Q\240\310\215\002n!\260P\033F\232\2506#\273"
 3760      A0C88D02 
 3760      6E21B050 
 3760      1B469AA8 
 3760      3623BB
 3761 0d65 47D36DFE 		.ascii	"G\323m\3768\3563A\323\323\373\333\226Sq\256\242\234"
 3761      38EE3341 
 3761      D3D3FBDB 
 3761      965371AE 
 3761      A29C
 3762 0d77 375CA05E 		.ascii	"7\\\240^\347\015z\372\316S\366]\235\276\232\357.\336"
 3762      E70D7AFA 
 3762      CE53F65D 
 3762      9DBE9AEF 
 3762      2EDE
 3763 0d89 6CF55CC8 		.ascii	"l\365\\\310\240\250\201 ?\236\357\362\323[\302E=\213"
 3763      A0A88120 
 3763      3F9EEFF2 
 3763      D35BC245 
 3763      3D8B
 3764 0d9b CDCA90D4 		.ascii	"\315\312\220\324z\341\3400\236\305f\221\305\314\027"
 3764      7AE1E030 
 3764      9EC56691 
ARM GAS  /tmp/ccOWZRdG.s 			page 110


 3764      C5CC17
 3765 0daa 051DFAEC 		.ascii	"\005\035\372\354\235\241/[.a\000-(4\326\345b\213\225"
 3765      9DA12F5B 
 3765      2E61002D 
 3765      2834D6E5 
 3765      628B95
 3766 0dbd F6497C05 		.ascii	"\366I|\005!\3173\341\0278\247\256=Z)\234\325#m\036\315"
 3766      21CF33E1 
 3766      1738A7AE 
 3766      3D5A299C 
 3766      D5236D1E 
 3767 0dd2 87261FF6 		.ascii	"\207&\037\366'\232\254]OMC\375\371\350\012e\247b\227"
 3767      279AAC5D 
 3767      4F4D43FD 
 3767      F9E80A65 
 3767      A76297
 3768 0de5 C5E8E566 		.ascii	"\305\350\345f\311?\333\330u\325W\377\223\3174\270J\305"
 3768      C93FDBD8 
 3768      75D557FF 
 3768      93CF34B8 
 3768      4AC5
 3769 0df7 D6B88D72 		.ascii	"\326\270\215r:\363;/\257\274\323G\347\354\203\241H\273"
 3769      3AF33B2F 
 3769      AFBCD347 
 3769      E7EC83A1 
 3769      48BB
 3770 0e09 3356D518 		.ascii	"3V\325\030\332\320j=\372vA(il_i\326\011Ku\302uA(\250"
 3770      DAD06A3D 
 3770      FA764128 
 3770      696C5F69 
 3770      D6094B75 
 3771 0e22 7E7EC0A0 		.ascii	"~~\300\240\241P'\334\020\204\023\033\036\355\266\352"
 3771      A15027DC 
 3771      1084131B 
 3771      1EEDB6EA 
 3772 0e32 848D3AA1 		.ascii	"\204\215:\241C\020./\312\275g\350j\375\372z\375\246"
 3772      43102E2F 
 3772      CABD67E8 
 3772      6AFDFA7A 
 3772      FDA6
 3773 0e44 201CDBDC 		.ascii	" \034\333\334s\210\350\204':\341\026kc>q\211\3111\316"
 3773      7388E884 
 3773      273AE116 
 3773      6B633E71 
 3773      89C931CE 
 3774 0e58 11B619FF 		.ascii	"\021\266\031\377\376\037Q\023\377\305\351Lp\316\265"
 3774      FE1F5113 
 3774      FFC5E94C 
 3774      70CEB5
 3775 0e67 3BA67FF5 		.ascii	";\246\177\365\345\364\257\202l\266t\347\314D[\2123\325"
 3775      E5F4AF82 
 3775      6CB674E7 
 3775      CC445B8A 
 3775      33D5
 3776 0e79 E6FC738A 		.ascii	"\346\374s\212#\224s&\251\234/\222\3478S\223\023\023"
 3776      23947326 
 3776      A99C2F92 
ARM GAS  /tmp/ccOWZRdG.s 			page 111


 3776      E7385393 
 3776      1313
 3777 0e8b 1DA9A1B6 		.ascii	"\035\251\241\266t\344L\360\376\360\233\264\324\330\310"
 3777      74E44CF0 
 3777      FEF09BB4 
 3777      D4D8C8
 3778 0e9a 58ED352D 		.ascii	"X\3555-R\245\330\320\000bBlJ\212\365\367\337\374!\354"
 3778      52A5D8D0 
 3778      0062426C 
 3778      4A8AF5F7 
 3778      DFFC21EC 
 3779 0eae 8BF1E3A3 		.ascii	"\213\361\343\243>\226>\030\342\363\004G\214c\342'3\355"
 3779      3E963E18 
 3779      E2F30447 
 3779      8C63E227 
 3779      33ED
 3780 0ec0 0E296428 		.ascii	"\016)d(\323\303\275\213>\214\214ONrD\316LIM\374\310"
 3780      D3C3BD8B 
 3780      3E8C8C4F 
 3780      4E7244CE 
 3780      4C494DFC 
 3781 0ed5 EE488FFC 		.ascii	"\356H\217\37429vn\222c\2163-\362\363\351\337~m\213K"
 3781      3239766E 
 3781      92638E33 
 3781      2DF2F3E9 
 3781      DF7E6D8B 
 3782 0eea 4C9815EF 		.ascii	"L\230\025\357\224\306\275\3155]\321\204\370\224\024"
 3782      94C6BDCD 
 3782      355DD184 
 3782      F89414
 3783 0ef9 E917B63F 		.ascii	"\351\027\266?\307\374\311\346\214I\235\345p\332\322"
 3783      C7FCC9E6 
 3783      8C499DE5 
 3783      70DAD2
 3784 0f08 631213EC 		.ascii	"c\022\023\354\246\231\311\311\211\376\206\342 \376\234"
 3784      A699C9C9 
 3784      89FE86E2 
 3784      20FE9C
 3785 0f17 E64C889D 		.ascii	"\346L\210\235m\233\025\2230\307\302\337\343\223\023"
 3785      6D9B1593 
 3785      30C7C2DF 
 3785      E39313
 3786 0f26 ED565B62 		.ascii	"\355V[bL\232\323\346\264\315M3\317M\230\343\234\030"
 3786      4C9AD3E6 
 3786      B4CD4D33 
 3786      CF4D98E3 
 3786      9C18
 3787 0f38 6D7306D8 		.ascii	"ms\006\330\354\216\324\204t\241+X\020xI\2143!\335\341"
 3787      EC8ED484 
 3787      74A12B58 
 3787      1078498C 
 3787      3321DDE1 
 3788 0f4c 6F73A4A6 		.ascii	"os\244\246&\247\332\342\022\022\221\251\230e/\3766\224"
 3788      26A7DAE2 
 3788      121291A9 
 3788      98652FFE 
 3788      3694
ARM GAS  /tmp/ccOWZRdG.s 			page 112


 3789 0f5e 77CC4A8D 		.ascii	"w\314J\215q&\247Zy\211\315n\213\377>P<\012\241\370\357"
 3789      7126A75A 
 3789      7989CD6E 
 3789      8BFF3E50 
 3789      3C0AA1F8 
 3790 0f73 83C4AB22 		.ascii	"\203\304\253\"\027\377\275\217-!)\346;j\233mG$ RL\023"
 3790      17FFBD8F 
 3790      2D2129E6 
 3790      3B6A9B6D 
 3790      47242052 
 3791 0f89 31B71411 		.ascii	"1\267\024\021:8\001X\306#\026\356\243!G\200-%\301\031"
 3791      3A380158 
 3791      C62316EE 
 3791      A3214780 
 3791      2D25C119 
 3792 0f9d 1B6F8B   		.ascii	"\033o\213"
 3793 0fa0 898D7560 		.ascii	"\211\215u`\304\214\250>\213\017\214d\025\345\342Q\341"
 3793      C48CA83E 
 3793      8B0F8C64 
 3793      15E5E251 
 3793      E1
 3794 0fb1 3B9D1685 		.ascii	";\235\026\205\355t\006\015jU\303<\336\302\337\325B\230"
 3794      ED74060D 
 3794      6A55C33C 
 3794      DEC2DFD5 
 3794      4298
 3795 0fc3 47E6CFFE 		.ascii	"G\346\317\3760')\341;G\252\237r\3677\370e\321r1\314"
 3795      302729E1 
 3795      3B47AA9F 
 3795      72F737F8 
 3795      65D17231 
 3796 0fd8 2315819E 		.ascii	"#\025\201\236\2310\261D\220\331v2;\201\314N\261L\232"
 3796      9930B144 
 3796      90D97632 
 3796      3B81CC4E 
 3796      B14C9A
 3797 0feb 9E60FF3D 		.ascii	"\236`\377=\326U\232Y}\0305\201\371\021\2270+-\362\313"
 3797      D6559A59 
 3797      7D183581 
 3797      F9119730 
 3797      2B2DF2CB 
 3798 0fff D4       		.ascii	"\324"
 3799 1000 E439AC1D 		.ascii	"\3449\254\035\340\013\267o\325#7\253UkV\223d\325Sa\321"
 3799      E00BB76F 
 3799      D52337AB 
 3799      556B5693 
 3799      64D55361 
 3800 1015 3261D112 		.ascii	"2a\321\022aV\363`h\276hrz\0027:\334\273(\320\2631\321"
 3800      6156F360 
 3800      68BE6872 
 3800      7A02373A 
 3800      DCBB28D0 
 3801 102c A84FA5A0 		.ascii	"\250O\245\240\230\324\244\364\317\034\037%\215\217K"
 3801      98D4A4F4 
 3801      CF1C1F25 
 3801      8D8F4B
 3802 103b 9960477F 		.ascii	"\231`G\177b\223S\235\216\357>J\372L\212\266\315\370"
ARM GAS  /tmp/ccOWZRdG.s 			page 113


 3802      6293539D 
 3802      8EEF3E4A 
 3802      FA4C8AB6 
 3802      CDF8
 3803 104d 6650823F 		.ascii	"fP\202?\235\233bG\027\246L\237\032\367oQ6\361\377\333"
 3803      9D9B6247 
 3803      17A64C9F 
 3803      1AF76F51 
 3803      36F1FFDB 
 3804 1061 A96A0AA7 		.ascii	"\251j\012\247\307\371\212\357\357\314<v>i\214\267\372"
 3804      C7F98AEF 
 3804      EFCC3C76 
 3804      3E698CB7 
 3804      FA
 3805 1072 7F4C75A4 		.ascii	"\177Lu\244aFc\022\023\247\244[\264\347\361\336\304/"
 3805      61466312 
 3805      13A7A45B 
 3805      B4E7F1DE 
 3805      C42F
 3806 1084 A2A77C3B 		.ascii	"\242\247|;u\250\240\207\342~\374\026\256\217\315\026"
 3806      75A8A087 
 3806      E27EFC16 
 3806      AE8FCD16 
 3807 1094 EB0CB3B2 		.ascii	"\353\014\263\262_\333\314\2304G\330P\302Qo\021\026b"
 3807      5FDBCC98 
 3807      3447D850 
 3807      C2516F11 
 3807      1662
 3808 10a6 B1C94929 		.ascii	"\261\311I)a\277\264\315\210\372\004\243Ms\246\342\027"
 3808      61BFB4CD 
 3808      88FA04A3 
 3808      4D73A6E2 
 3808      17
 3809 10b7 1B1FF3E2 		.ascii	"\033\037\363\342\342\342\202\006\025\205L\210diI\212"
 3809      E2E28206 
 3809      15854C88 
 3809      6469498A 
 3810 10c7 71C6F31F 		.ascii	"q\306\363\037e\010\230\361\015\3535jb\343\342\374m3"
 3810      650898F1 
 3810      0DEB356A 
 3810      62E3E2FC 
 3810      6D33
 3811 10d9 3EFB536A 		.ascii	">\373SjL\012\266\3678?\345!Ha}\302s2%\335\207\337UY"
 3811      4C0AB6F7 
 3811      383FE521 
 3811      48617DC2 
 3811      733225DD 
 3812 10f1 F4314E5C 		.ascii	"\3641N\\\243Y\000C\214d\230\202\364\267~\213\236\222"
 3812      A3590043 
 3812      8C649882 
 3812      F4B77E8B 
 3812      9E92
 3813 1103 3ED236E3 		.ascii	">\3226\343\353II1\263\035h\313\376\355T\275\001\253"
 3813      EB494931 
 3813      B31D68CB 
 3813      FEED54BD 
 3813      01AB
ARM GAS  /tmp/ccOWZRdG.s 			page 114


 3814 1115 65FF0702 		.ascii	"e\377\007\0026D`"
 3814      364460
 3815              		.text
 3816              		.section	.gnu.lto_.symtab.676402975d15d4f4,"e",%progbits
 3817 0000 5F5A4E31 		.ascii	"_ZN13AttitudePIDPI6updateEPKfS1_S1_S1_RK7UnmixerPf\000"
 3817      33417474 
 3817      69747564 
 3817      65504944 
 3817      50493675 
 3818 0033 00       		.ascii	"\000"
 3819 0034 00       		.ascii	"\000"
 3820 0035 00       		.ascii	"\000"
 3821 0036 00000000 		.ascii	"\000\000\000\000\000\000\000\000"
 3821      00000000 
 3822 003e 76010000 		.ascii	"v\001\000\000"
 3823 0042 5F5A4E31 		.ascii	"_ZN13AttitudePIDPI9reset_allEv\000"
 3823      33417474 
 3823      69747564 
 3823      65504944 
 3823      50493972 
 3824 0061 00       		.ascii	"\000"
 3825 0062 00       		.ascii	"\000"
 3826 0063 00       		.ascii	"\000"
 3827 0064 00000000 		.ascii	"\000\000\000\000\000\000\000\000"
 3827      00000000 
 3828 006c 7B010000 		.ascii	"{\001\000\000"
 3829 0070 5F5A4E31 		.ascii	"_ZN13AttitudePIDPIC2ERK18AttitudePidPiGains\000"
 3829      33417474 
 3829      69747564 
 3829      65504944 
 3829      50494332 
 3830 009c 00       		.ascii	"\000"
 3831 009d 00       		.ascii	"\000"
 3832 009e 00       		.ascii	"\000"
 3833 009f 00000000 		.ascii	"\000\000\000\000\000\000\000\000"
 3833      00000000 
 3834 00a7 88010000 		.ascii	"\210\001\000\000"
 3835 00ab 5F5A5456 		.ascii	"_ZTV13AttitudePIDPI\000"
 3835      31334174 
 3835      74697475 
 3835      64655049 
 3835      44504900 
 3836 00bf 00       		.ascii	"\000"
 3837 00c0 00       		.ascii	"\000"
 3838 00c1 00       		.ascii	"\000"
 3839 00c2 00000000 		.ascii	"\000\000\000\000\000\000\000\000"
 3839      00000000 
 3840 00ca 1A010000 		.ascii	"\032\001\000\000"
 3841 00ce 5F5A4E31 		.ascii	"_ZN13AttitudePIDPIC1ERK18AttitudePidPiGains\000"
 3841      33417474 
 3841      69747564 
 3841      65504944 
 3841      50494331 
 3842 00fa 00       		.ascii	"\000"
 3843 00fb 00       		.ascii	"\000"
 3844 00fc 00       		.ascii	"\000"
 3845 00fd 00000000 		.ascii	"\000\000\000\000\000\000\000\000"
ARM GAS  /tmp/ccOWZRdG.s 			page 115


 3845      00000000 
 3846 0105 8B010000 		.ascii	"\213\001\000\000"
 3847 0109 5F5A3135 		.ascii	"_Z15constrain_floatfff\000"
 3847      636F6E73 
 3847      74726169 
 3847      6E5F666C 
 3847      6F617466 
 3848 0120 00       		.ascii	"\000"
 3849 0121 02       		.ascii	"\002"
 3850 0122 00       		.ascii	"\000"
 3851 0123 00000000 		.ascii	"\000\000\000\000\000\000\000\000"
 3851      00000000 
 3852 012b 92010000 		.ascii	"\222\001\000\000"
 3853 012f 5F5A4E33 		.ascii	"_ZN3PID6updateEff\000"
 3853      50494436 
 3853      75706461 
 3853      74654566 
 3853      6600
 3854 0141 00       		.ascii	"\000"
 3855 0142 02       		.ascii	"\002"
 3856 0143 00       		.ascii	"\000"
 3857 0144 00000000 		.ascii	"\000\000\000\000\000\000\000\000"
 3857      00000000 
 3858 014c 9B010000 		.ascii	"\233\001\000\000"
 3859 0150 5F5A3777 		.ascii	"_Z7wrap_pif\000"
 3859      7261705F 
 3859      70696600 
 3860 015c 00       		.ascii	"\000"
 3861 015d 02       		.ascii	"\002"
 3862 015e 00       		.ascii	"\000"
 3863 015f 00000000 		.ascii	"\000\000\000\000\000\000\000\000"
 3863      00000000 
 3864 0167 A0010000 		.ascii	"\240\001\000\000"
 3865 016b 5F5A4E33 		.ascii	"_ZN3PID5resetEv\000"
 3865      50494435 
 3865      72657365 
 3865      74457600 
 3866 017b 00       		.ascii	"\000"
 3867 017c 02       		.ascii	"\002"
 3868 017d 00       		.ascii	"\000"
 3869 017e 00000000 		.ascii	"\000\000\000\000\000\000\000\000"
 3869      00000000 
 3870 0186 A5010000 		.ascii	"\245\001\000\000"
 3871 018a 5F5A4E33 		.ascii	"_ZN3PIDC1Efffffff\000"
 3871      50494443 
 3871      31456666 
 3871      66666666 
 3871      6600
 3872 019c 00       		.ascii	"\000"
 3873 019d 02       		.ascii	"\002"
 3874 019e 00       		.ascii	"\000"
 3875 019f 00000000 		.ascii	"\000\000\000\000\000\000\000\000"
 3875      00000000 
 3876 01a7 B0010000 		.ascii	"\260\001\000\000"
 3877              		.text
 3878              		.section	.gnu.lto_.ext_symtab.676402975d15d4f4,"e",%progbits
 3879 0000 01       		.ascii	"\001"
ARM GAS  /tmp/ccOWZRdG.s 			page 116


 3880 0001 01       		.ascii	"\001"
 3881 0002 00       		.ascii	"\000"
 3882 0003 01       		.ascii	"\001"
 3883 0004 00       		.ascii	"\000"
 3884 0005 01       		.ascii	"\001"
 3885 0006 00       		.ascii	"\000"
 3886 0007 02       		.ascii	"\002"
 3887 0008 00       		.ascii	"\000"
 3888 0009 01       		.ascii	"\001"
 3889 000a 00       		.ascii	"\000"
 3890 000b 01       		.ascii	"\001"
 3891 000c 00       		.ascii	"\000"
 3892 000d 01       		.ascii	"\001"
 3893 000e 00       		.ascii	"\000"
 3894 000f 01       		.ascii	"\001"
 3895 0010 00       		.ascii	"\000"
 3896 0011 01       		.ascii	"\001"
 3897 0012 00       		.ascii	"\000"
 3898 0013 01       		.ascii	"\001"
 3899 0014 00       		.ascii	"\000"
 3900              		.text
 3901              		.section	.gnu.lto_.opts,"e",%progbits
 3902 0000 272D666E 		.ascii	"'-fno-openmp' '-fno-openacc' '-fno-pie' '-fcf-prote"
 3902      6F2D6F70 
 3902      656E6D70 
 3902      2720272D 
 3902      666E6F2D 
 3903 0033 6374696F 		.ascii	"ction=none' '-g' '-mcpu=cortex-m7' '-mthumb' '-mflo"
 3903      6E3D6E6F 
 3903      6E652720 
 3903      272D6727 
 3903      20272D6D 
 3904 0066 61742D61 		.ascii	"at-abi=hard' '-mfpu=fpv5-d16' '-march=armv7e-m+fp.d"
 3904      62693D68 
 3904      61726427 
 3904      20272D6D 
 3904      6670753D 
 3905 0099 70272027 		.ascii	"p' '-O3' '-fomit-frame-pointer' '-falign-functions="
 3905      2D4F3327 
 3905      20272D66 
 3905      6F6D6974 
 3905      2D667261 
 3906 00cc 31362720 		.ascii	"16' '-ffunction-sections' '-fdata-sections' '-fno-c"
 3906      272D6666 
 3906      756E6374 
 3906      696F6E2D 
 3906      73656374 
 3907 00ff 6F6D6D6F 		.ascii	"ommon' '-flto' '-Xassembler' '-alms=build/lst/Attit"
 3907      6E272027 
 3907      2D666C74 
 3907      6F272027 
 3907      2D586173 
 3908 0132 7564655F 		.ascii	"ude_PID_PI.lst'\000"
 3908      5049445F 
 3908      50492E6C 
 3908      73742700 
 3909              		.text
ARM GAS  /tmp/ccOWZRdG.s 			page 117


 3910              		.comm	__gnu_lto_slim,1,1
 3911              		.ident	"GCC: (GNU Arm Embedded Toolchain 10-2020-q4-major) 10.2.1 20201103 (release)"
ARM GAS  /tmp/ccOWZRdG.s 			page 118


DEFINED SYMBOLS
                            *ABS*:0000000000000000 Attitude_PID_PI.cpp
     /tmp/ccOWZRdG.s:35     .gnu.debuglto_.debug_info:0000000000000000 Attitude_PID_PI.cpp.eae35bde
                            *COM*:0000000000000001 __gnu_lto_slim

NO UNDEFINED SYMBOLS
