ARM GAS  /tmp/ccL77YrL.s 			page 1


   1              		.cpu cortex-m7
   2              		.eabi_attribute 28, 1
   3              		.eabi_attribute 20, 1
   4              		.eabi_attribute 21, 1
   5              		.eabi_attribute 23, 3
   6              		.eabi_attribute 24, 1
   7              		.eabi_attribute 25, 1
   8              		.eabi_attribute 26, 1
   9              		.eabi_attribute 30, 2
  10              		.eabi_attribute 34, 1
  11              		.eabi_attribute 18, 4
  12              		.file	"DPS310.cpp"
  13              		.file 1 "/opt/gcc-arm-none-eabi-10-2020-q4-major/lib/gcc/arm-none-eabi/10.2.1/include/stddef.h"
  14              		.file 2 "/opt/gcc-arm-none-eabi-10-2020-q4-major/arm-none-eabi/include/machine/_default_types.h"
  15              		.file 3 "/opt/gcc-arm-none-eabi-10-2020-q4-major/arm-none-eabi/include/sys/_stdint.h"
  16              		.file 4 "/opt/gcc-arm-none-eabi-10-2020-q4-major/arm-none-eabi/include/stdint.h"
  17              		.file 5 "third_party/ChibiOS/os/common/ports/ARM-common/chtypes.h"
  18              		.file 6 "third_party/ChibiOS/os/rt/include/chearly.h"
  19              		.file 7 "third_party/ChibiOS/os/rt/include/chobjects.h"
  20              		.file 8 "third_party/ChibiOS/os/rt/include/chrfcu.h"
  21              		.file 9 "third_party/ChibiOS/os/rt/include/chdebug.h"
  22              		.file 10 "third_party/ChibiOS/os/rt/include/chtime.h"
  23              		.file 11 "third_party/ChibiOS/os/rt/include/chlists.h"
  24              		.file 12 "third_party/ChibiOS/os/rt/include/chtrace.h"
  25              		.file 13 "third_party/ChibiOS/os/common/ext/ST/STM32H7xx/stm32h753xx.h"
  26              		.file 14 "third_party/ChibiOS/os/common/ports/ARMv7-M/chcore.h"
  27              		.file 15 "third_party/ChibiOS/os/rt/include/chsem.h"
  28              		.file 16 "third_party/ChibiOS/os/rt/include/chmtx.h"
  29              		.file 17 "third_party/ChibiOS/os/hal/ports/STM32/LLD/DMAv2/stm32_dma.h"
  30              		.file 18 "third_party/ChibiOS/os/hal/include/hal_i2c.h"
  31              		.file 19 "third_party/ChibiOS/os/hal/ports/STM32/LLD/I2Cv3/hal_i2c_lld.h"
  32              		.file 20 "/opt/gcc-arm-none-eabi-10-2020-q4-major/arm-none-eabi/include/c++/10.2.1/cstdint"
  33              		.file 21 "/opt/gcc-arm-none-eabi-10-2020-q4-major/arm-none-eabi/include/c++/10.2.1/cmath"
  34              		.file 22 "/opt/gcc-arm-none-eabi-10-2020-q4-major/arm-none-eabi/include/c++/10.2.1/arm-none-eabi/t
  35              		.file 23 "./src/FlightState.hpp"
  36              		.file 24 "./src/threads.hpp"
  37              		.file 25 "/opt/gcc-arm-none-eabi-10-2020-q4-major/arm-none-eabi/include/math.h"
  38              		.file 26 "src/coms/Baro/DPS310.cpp"
  39              		.file 27 "<built-in>"
  40              		.section	.gnu.debuglto_.debug_info,"e",%progbits
  41              	.Ldebug_info0:
  42              		.hidden	DPS310.cpp.2473d5c3
  43              		.weak	DPS310.cpp.2473d5c3
  44              	DPS310.cpp.2473d5c3:
  45 0000 8E160000 		.4byte	0x168e
  46 0004 0400     		.2byte	0x4
  47 0006 00000000 		.4byte	.Ldebug_abbrev0
  48 000a 04       		.byte	0x4
  49 000b 01       		.uleb128 0x1
  50 000c 250C0000 		.4byte	.LASF289
  51 0010 04       		.byte	0x4
  52 0011 17000000 		.4byte	.LASF290
  53 0015 6E040000 		.4byte	.LASF291
  54 0019 00000000 		.4byte	.Ldebug_line0
  55 001d 02       		.uleb128 0x2
  56 001e 04       		.byte	0x4
  57 001f 05       		.byte	0x5
ARM GAS  /tmp/ccL77YrL.s 			page 2


  58 0020 696E7400 		.ascii	"int\000"
  59 0024 03       		.uleb128 0x3
  60 0025 1D000000 		.4byte	0x1d
  61 0029 04       		.uleb128 0x4
  62 002a C3040000 		.4byte	.LASF3
  63 002e 01       		.byte	0x1
  64 002f D1       		.byte	0xd1
  65 0030 17       		.byte	0x17
  66 0031 35000000 		.4byte	0x35
  67 0035 05       		.uleb128 0x5
  68 0036 04       		.byte	0x4
  69 0037 07       		.byte	0x7
  70 0038 5A090000 		.4byte	.LASF0
  71 003c 05       		.uleb128 0x5
  72 003d 08       		.byte	0x8
  73 003e 05       		.byte	0x5
  74 003f A9060000 		.4byte	.LASF1
  75 0043 05       		.uleb128 0x5
  76 0044 08       		.byte	0x8
  77 0045 04       		.byte	0x4
  78 0046 CC070000 		.4byte	.LASF2
  79 004a 06       		.uleb128 0x6
  80 004b D20A0000 		.4byte	.LASF292
  81 004f 04       		.uleb128 0x4
  82 0050 9B070000 		.4byte	.LASF4
  83 0054 02       		.byte	0x2
  84 0055 29       		.byte	0x29
  85 0056 17       		.byte	0x17
  86 0057 5B000000 		.4byte	0x5b
  87 005b 05       		.uleb128 0x5
  88 005c 01       		.byte	0x1
  89 005d 06       		.byte	0x6
  90 005e 640B0000 		.4byte	.LASF5
  91 0062 04       		.uleb128 0x4
  92 0063 30090000 		.4byte	.LASF6
  93 0067 02       		.byte	0x2
  94 0068 2B       		.byte	0x2b
  95 0069 18       		.byte	0x18
  96 006a 6E000000 		.4byte	0x6e
  97 006e 05       		.uleb128 0x5
  98 006f 01       		.byte	0x1
  99 0070 08       		.byte	0x8
 100 0071 6C0A0000 		.4byte	.LASF7
 101 0075 04       		.uleb128 0x4
 102 0076 09070000 		.4byte	.LASF8
 103 007a 02       		.byte	0x2
 104 007b 37       		.byte	0x37
 105 007c 18       		.byte	0x18
 106 007d 81000000 		.4byte	0x81
 107 0081 05       		.uleb128 0x5
 108 0082 02       		.byte	0x2
 109 0083 05       		.byte	0x5
 110 0084 74080000 		.4byte	.LASF9
 111 0088 04       		.uleb128 0x4
 112 0089 E6030000 		.4byte	.LASF10
 113 008d 02       		.byte	0x2
 114 008e 39       		.byte	0x39
ARM GAS  /tmp/ccL77YrL.s 			page 3


 115 008f 19       		.byte	0x19
 116 0090 94000000 		.4byte	0x94
 117 0094 05       		.uleb128 0x5
 118 0095 02       		.byte	0x2
 119 0096 07       		.byte	0x7
 120 0097 760B0000 		.4byte	.LASF11
 121 009b 04       		.uleb128 0x4
 122 009c 77010000 		.4byte	.LASF12
 123 00a0 02       		.byte	0x2
 124 00a1 4D       		.byte	0x4d
 125 00a2 18       		.byte	0x18
 126 00a3 A7000000 		.4byte	0xa7
 127 00a7 05       		.uleb128 0x5
 128 00a8 04       		.byte	0x4
 129 00a9 05       		.byte	0x5
 130 00aa 0E000000 		.4byte	.LASF13
 131 00ae 04       		.uleb128 0x4
 132 00af 7A0A0000 		.4byte	.LASF14
 133 00b3 02       		.byte	0x2
 134 00b4 4F       		.byte	0x4f
 135 00b5 19       		.byte	0x19
 136 00b6 BA000000 		.4byte	0xba
 137 00ba 05       		.uleb128 0x5
 138 00bb 04       		.byte	0x4
 139 00bc 07       		.byte	0x7
 140 00bd CF090000 		.4byte	.LASF15
 141 00c1 04       		.uleb128 0x4
 142 00c2 B7070000 		.4byte	.LASF16
 143 00c6 02       		.byte	0x2
 144 00c7 67       		.byte	0x67
 145 00c8 18       		.byte	0x18
 146 00c9 3C000000 		.4byte	0x3c
 147 00cd 04       		.uleb128 0x4
 148 00ce FB050000 		.4byte	.LASF17
 149 00d2 02       		.byte	0x2
 150 00d3 69       		.byte	0x69
 151 00d4 19       		.byte	0x19
 152 00d5 D9000000 		.4byte	0xd9
 153 00d9 05       		.uleb128 0x5
 154 00da 08       		.byte	0x8
 155 00db 07       		.byte	0x7
 156 00dc A8030000 		.4byte	.LASF18
 157 00e0 04       		.uleb128 0x4
 158 00e1 8F090000 		.4byte	.LASF19
 159 00e5 02       		.byte	0x2
 160 00e6 86       		.byte	0x86
 161 00e7 1D       		.byte	0x1d
 162 00e8 5B000000 		.4byte	0x5b
 163 00ec 04       		.uleb128 0x4
 164 00ed 40080000 		.4byte	.LASF20
 165 00f1 02       		.byte	0x2
 166 00f2 88       		.byte	0x88
 167 00f3 1E       		.byte	0x1e
 168 00f4 6E000000 		.4byte	0x6e
 169 00f8 04       		.uleb128 0x4
 170 00f9 42070000 		.4byte	.LASF21
 171 00fd 02       		.byte	0x2
ARM GAS  /tmp/ccL77YrL.s 			page 4


 172 00fe A0       		.byte	0xa0
 173 00ff 1E       		.byte	0x1e
 174 0100 81000000 		.4byte	0x81
 175 0104 04       		.uleb128 0x4
 176 0105 A8090000 		.4byte	.LASF22
 177 0109 02       		.byte	0x2
 178 010a A2       		.byte	0xa2
 179 010b 1F       		.byte	0x1f
 180 010c 94000000 		.4byte	0x94
 181 0110 04       		.uleb128 0x4
 182 0111 EF010000 		.4byte	.LASF23
 183 0115 02       		.byte	0x2
 184 0116 B6       		.byte	0xb6
 185 0117 1E       		.byte	0x1e
 186 0118 A7000000 		.4byte	0xa7
 187 011c 04       		.uleb128 0x4
 188 011d 14050000 		.4byte	.LASF24
 189 0121 02       		.byte	0x2
 190 0122 B8       		.byte	0xb8
 191 0123 1F       		.byte	0x1f
 192 0124 BA000000 		.4byte	0xba
 193 0128 04       		.uleb128 0x4
 194 0129 1D080000 		.4byte	.LASF25
 195 012d 02       		.byte	0x2
 196 012e C8       		.byte	0xc8
 197 012f 1E       		.byte	0x1e
 198 0130 3C000000 		.4byte	0x3c
 199 0134 04       		.uleb128 0x4
 200 0135 FB0A0000 		.4byte	.LASF26
 201 0139 02       		.byte	0x2
 202 013a CA       		.byte	0xca
 203 013b 1F       		.byte	0x1f
 204 013c D9000000 		.4byte	0xd9
 205 0140 04       		.uleb128 0x4
 206 0141 C1070000 		.4byte	.LASF27
 207 0145 02       		.byte	0x2
 208 0146 D6       		.byte	0xd6
 209 0147 19       		.byte	0x19
 210 0148 3C000000 		.4byte	0x3c
 211 014c 04       		.uleb128 0x4
 212 014d A4010000 		.4byte	.LASF28
 213 0151 02       		.byte	0x2
 214 0152 DE       		.byte	0xde
 215 0153 1A       		.byte	0x1a
 216 0154 D9000000 		.4byte	0xd9
 217 0158 04       		.uleb128 0x4
 218 0159 28020000 		.4byte	.LASF29
 219 015d 02       		.byte	0x2
 220 015e E6       		.byte	0xe6
 221 015f 19       		.byte	0x19
 222 0160 1D000000 		.4byte	0x1d
 223 0164 04       		.uleb128 0x4
 224 0165 07080000 		.4byte	.LASF30
 225 0169 02       		.byte	0x2
 226 016a E8       		.byte	0xe8
 227 016b 1A       		.byte	0x1a
 228 016c 35000000 		.4byte	0x35
ARM GAS  /tmp/ccL77YrL.s 			page 5


 229 0170 04       		.uleb128 0x4
 230 0171 DA020000 		.4byte	.LASF31
 231 0175 03       		.byte	0x3
 232 0176 14       		.byte	0x14
 233 0177 12       		.byte	0x12
 234 0178 4F000000 		.4byte	0x4f
 235 017c 04       		.uleb128 0x4
 236 017d 15060000 		.4byte	.LASF32
 237 0181 03       		.byte	0x3
 238 0182 18       		.byte	0x18
 239 0183 13       		.byte	0x13
 240 0184 62000000 		.4byte	0x62
 241 0188 03       		.uleb128 0x3
 242 0189 7C010000 		.4byte	0x17c
 243 018d 04       		.uleb128 0x4
 244 018e 85030000 		.4byte	.LASF33
 245 0192 03       		.byte	0x3
 246 0193 20       		.byte	0x20
 247 0194 13       		.byte	0x13
 248 0195 75000000 		.4byte	0x75
 249 0199 04       		.uleb128 0x4
 250 019a E1070000 		.4byte	.LASF34
 251 019e 03       		.byte	0x3
 252 019f 24       		.byte	0x24
 253 01a0 14       		.byte	0x14
 254 01a1 88000000 		.4byte	0x88
 255 01a5 04       		.uleb128 0x4
 256 01a6 FC090000 		.4byte	.LASF35
 257 01aa 03       		.byte	0x3
 258 01ab 2C       		.byte	0x2c
 259 01ac 13       		.byte	0x13
 260 01ad 9B000000 		.4byte	0x9b
 261 01b1 03       		.uleb128 0x3
 262 01b2 A5010000 		.4byte	0x1a5
 263 01b6 04       		.uleb128 0x4
 264 01b7 1C0C0000 		.4byte	.LASF36
 265 01bb 03       		.byte	0x3
 266 01bc 30       		.byte	0x30
 267 01bd 14       		.byte	0x14
 268 01be AE000000 		.4byte	0xae
 269 01c2 07       		.uleb128 0x7
 270 01c3 B6010000 		.4byte	0x1b6
 271 01c7 03       		.uleb128 0x3
 272 01c8 B6010000 		.4byte	0x1b6
 273 01cc 04       		.uleb128 0x4
 274 01cd E3040000 		.4byte	.LASF37
 275 01d1 03       		.byte	0x3
 276 01d2 38       		.byte	0x38
 277 01d3 13       		.byte	0x13
 278 01d4 C1000000 		.4byte	0xc1
 279 01d8 04       		.uleb128 0x4
 280 01d9 07090000 		.4byte	.LASF38
 281 01dd 03       		.byte	0x3
 282 01de 3C       		.byte	0x3c
 283 01df 14       		.byte	0x14
 284 01e0 CD000000 		.4byte	0xcd
 285 01e4 07       		.uleb128 0x7
ARM GAS  /tmp/ccL77YrL.s 			page 6


 286 01e5 D8010000 		.4byte	0x1d8
 287 01e9 04       		.uleb128 0x4
 288 01ea 53010000 		.4byte	.LASF39
 289 01ee 03       		.byte	0x3
 290 01ef 43       		.byte	0x43
 291 01f0 14       		.byte	0x14
 292 01f1 40010000 		.4byte	0x140
 293 01f5 04       		.uleb128 0x4
 294 01f6 99030000 		.4byte	.LASF40
 295 01fa 03       		.byte	0x3
 296 01fb 48       		.byte	0x48
 297 01fc 15       		.byte	0x15
 298 01fd 4C010000 		.4byte	0x14c
 299 0201 04       		.uleb128 0x4
 300 0202 D8070000 		.4byte	.LASF41
 301 0206 03       		.byte	0x3
 302 0207 4D       		.byte	0x4d
 303 0208 14       		.byte	0x14
 304 0209 58010000 		.4byte	0x158
 305 020d 04       		.uleb128 0x4
 306 020e 9E090000 		.4byte	.LASF42
 307 0212 03       		.byte	0x3
 308 0213 52       		.byte	0x52
 309 0214 15       		.byte	0x15
 310 0215 64010000 		.4byte	0x164
 311 0219 04       		.uleb128 0x4
 312 021a D6040000 		.4byte	.LASF43
 313 021e 04       		.byte	0x4
 314 021f 15       		.byte	0x15
 315 0220 18       		.byte	0x18
 316 0221 E0000000 		.4byte	0xe0
 317 0225 04       		.uleb128 0x4
 318 0226 06050000 		.4byte	.LASF44
 319 022a 04       		.byte	0x4
 320 022b 16       		.byte	0x16
 321 022c 19       		.byte	0x19
 322 022d EC000000 		.4byte	0xec
 323 0231 04       		.uleb128 0x4
 324 0232 DD060000 		.4byte	.LASF45
 325 0236 04       		.byte	0x4
 326 0237 1B       		.byte	0x1b
 327 0238 19       		.byte	0x19
 328 0239 F8000000 		.4byte	0xf8
 329 023d 04       		.uleb128 0x4
 330 023e CB020000 		.4byte	.LASF46
 331 0242 04       		.byte	0x4
 332 0243 1C       		.byte	0x1c
 333 0244 1A       		.byte	0x1a
 334 0245 04010000 		.4byte	0x104
 335 0249 04       		.uleb128 0x4
 336 024a 76090000 		.4byte	.LASF47
 337 024e 04       		.byte	0x4
 338 024f 21       		.byte	0x21
 339 0250 19       		.byte	0x19
 340 0251 10010000 		.4byte	0x110
 341 0255 04       		.uleb128 0x4
 342 0256 67090000 		.4byte	.LASF48
ARM GAS  /tmp/ccL77YrL.s 			page 7


 343 025a 04       		.byte	0x4
 344 025b 22       		.byte	0x22
 345 025c 1A       		.byte	0x1a
 346 025d 1C010000 		.4byte	0x11c
 347 0261 04       		.uleb128 0x4
 348 0262 60070000 		.4byte	.LASF49
 349 0266 04       		.byte	0x4
 350 0267 27       		.byte	0x27
 351 0268 19       		.byte	0x19
 352 0269 28010000 		.4byte	0x128
 353 026d 04       		.uleb128 0x4
 354 026e 0E040000 		.4byte	.LASF50
 355 0272 04       		.byte	0x4
 356 0273 28       		.byte	0x28
 357 0274 1A       		.byte	0x1a
 358 0275 34010000 		.4byte	0x134
 359 0279 04       		.uleb128 0x4
 360 027a 1E070000 		.4byte	.LASF51
 361 027e 04       		.byte	0x4
 362 027f 33       		.byte	0x33
 363 0280 1E       		.byte	0x1e
 364 0281 1D000000 		.4byte	0x1d
 365 0285 04       		.uleb128 0x4
 366 0286 E40A0000 		.4byte	.LASF52
 367 028a 04       		.byte	0x4
 368 028b 34       		.byte	0x34
 369 028c 1F       		.byte	0x1f
 370 028d 35000000 		.4byte	0x35
 371 0291 04       		.uleb128 0x4
 372 0292 6A010000 		.4byte	.LASF53
 373 0296 04       		.byte	0x4
 374 0297 3D       		.byte	0x3d
 375 0298 1F       		.byte	0x1f
 376 0299 1D000000 		.4byte	0x1d
 377 029d 04       		.uleb128 0x4
 378 029e 00000000 		.4byte	.LASF54
 379 02a2 04       		.byte	0x4
 380 02a3 3E       		.byte	0x3e
 381 02a4 20       		.byte	0x20
 382 02a5 35000000 		.4byte	0x35
 383 02a9 04       		.uleb128 0x4
 384 02aa 50080000 		.4byte	.LASF55
 385 02ae 04       		.byte	0x4
 386 02af 47       		.byte	0x47
 387 02b0 1F       		.byte	0x1f
 388 02b1 1D000000 		.4byte	0x1d
 389 02b5 04       		.uleb128 0x4
 390 02b6 6E070000 		.4byte	.LASF56
 391 02ba 04       		.byte	0x4
 392 02bb 48       		.byte	0x48
 393 02bc 20       		.byte	0x20
 394 02bd 35000000 		.4byte	0x35
 395 02c1 04       		.uleb128 0x4
 396 02c2 80020000 		.4byte	.LASF57
 397 02c6 04       		.byte	0x4
 398 02c7 51       		.byte	0x51
 399 02c8 1F       		.byte	0x1f
ARM GAS  /tmp/ccL77YrL.s 			page 8


 400 02c9 3C000000 		.4byte	0x3c
 401 02cd 04       		.uleb128 0x4
 402 02ce 5C010000 		.4byte	.LASF58
 403 02d2 04       		.byte	0x4
 404 02d3 52       		.byte	0x52
 405 02d4 20       		.byte	0x20
 406 02d5 D9000000 		.4byte	0xd9
 407 02d9 04       		.uleb128 0x4
 408 02da BD080000 		.4byte	.LASF59
 409 02de 05       		.byte	0x5
 410 02df 48       		.byte	0x48
 411 02e0 1D       		.byte	0x1d
 412 02e1 D8010000 		.4byte	0x1d8
 413 02e5 04       		.uleb128 0x4
 414 02e6 A20B0000 		.4byte	.LASF60
 415 02ea 06       		.byte	0x6
 416 02eb 50       		.byte	0x50
 417 02ec 19       		.byte	0x19
 418 02ed D9020000 		.4byte	0x2d9
 419 02f1 04       		.uleb128 0x4
 420 02f2 A4070000 		.4byte	.LASF61
 421 02f6 06       		.byte	0x6
 422 02f7 53       		.byte	0x53
 423 02f8 19       		.byte	0x19
 424 02f9 7C010000 		.4byte	0x17c
 425 02fd 04       		.uleb128 0x4
 426 02fe C3050000 		.4byte	.LASF62
 427 0302 06       		.byte	0x6
 428 0303 54       		.byte	0x54
 429 0304 19       		.byte	0x19
 430 0305 7C010000 		.4byte	0x17c
 431 0309 04       		.uleb128 0x4
 432 030a B9090000 		.4byte	.LASF63
 433 030e 06       		.byte	0x6
 434 030f 55       		.byte	0x55
 435 0310 19       		.byte	0x19
 436 0311 7C010000 		.4byte	0x17c
 437 0315 04       		.uleb128 0x4
 438 0316 55030000 		.4byte	.LASF64
 439 031a 06       		.byte	0x6
 440 031b 57       		.byte	0x57
 441 031c 19       		.byte	0x19
 442 031d B6010000 		.4byte	0x1b6
 443 0321 04       		.uleb128 0x4
 444 0322 D7060000 		.4byte	.LASF65
 445 0326 06       		.byte	0x6
 446 0327 58       		.byte	0x58
 447 0328 19       		.byte	0x19
 448 0329 A5010000 		.4byte	0x1a5
 449 032d 04       		.uleb128 0x4
 450 032e 10030000 		.4byte	.LASF66
 451 0332 06       		.byte	0x6
 452 0333 5A       		.byte	0x5a
 453 0334 19       		.byte	0x19
 454 0335 B6010000 		.4byte	0x1b6
 455 0339 04       		.uleb128 0x4
 456 033a F1030000 		.4byte	.LASF67
ARM GAS  /tmp/ccL77YrL.s 			page 9


 457 033e 06       		.byte	0x6
 458 033f 5C       		.byte	0x5c
 459 0340 19       		.byte	0x19
 460 0341 A5010000 		.4byte	0x1a5
 461 0345 04       		.uleb128 0x4
 462 0346 120B0000 		.4byte	.LASF68
 463 034a 06       		.byte	0x6
 464 034b 80       		.byte	0x80
 465 034c 12       		.byte	0x12
 466 034d 35000000 		.4byte	0x35
 467 0351 04       		.uleb128 0x4
 468 0352 A3040000 		.4byte	.LASF69
 469 0356 06       		.byte	0x6
 470 0357 85       		.byte	0x85
 471 0358 1A       		.byte	0x1a
 472 0359 5D030000 		.4byte	0x35d
 473 035d 08       		.uleb128 0x8
 474 035e 63060000 		.4byte	.LASF95
 475 0362 48       		.byte	0x48
 476 0363 07       		.byte	0x7
 477 0364 9C       		.byte	0x9c
 478 0365 08       		.byte	0x8
 479 0366 DE040000 		.4byte	0x4de
 480 036a 09       		.uleb128 0x9
 481 036b 0C       		.byte	0xc
 482 036c 07       		.byte	0x7
 483 036d A0       		.byte	0xa0
 484 036e 09       		.byte	0x9
 485 036f 98030000 		.4byte	0x398
 486 0373 0A       		.uleb128 0xa
 487 0374 7B020000 		.4byte	.LASF70
 488 0378 07       		.byte	0x7
 489 0379 A4       		.byte	0xa4
 490 037a 21       		.byte	0x21
 491 037b 0D060000 		.4byte	0x60d
 492 037f 0A       		.uleb128 0xa
 493 0380 F6090000 		.4byte	.LASF71
 494 0384 07       		.byte	0x7
 495 0385 A8       		.byte	0xa8
 496 0386 21       		.byte	0x21
 497 0387 3A060000 		.4byte	0x63a
 498 038b 0A       		.uleb128 0xa
 499 038c D4030000 		.4byte	.LASF72
 500 0390 07       		.byte	0x7
 501 0391 AC       		.byte	0xac
 502 0392 21       		.byte	0x21
 503 0393 74060000 		.4byte	0x674
 504 0397 00       		.byte	0
 505 0398 09       		.uleb128 0x9
 506 0399 04       		.byte	0x4
 507 039a 07       		.byte	0x7
 508 039b EB       		.byte	0xeb
 509 039c 09       		.byte	0x9
 510 039d 08040000 		.4byte	0x408
 511 03a1 0A       		.uleb128 0xa
 512 03a2 CA040000 		.4byte	.LASF73
 513 03a6 07       		.byte	0x7
ARM GAS  /tmp/ccL77YrL.s 			page 10


 514 03a7 F2       		.byte	0xf2
 515 03a8 21       		.byte	0x21
 516 03a9 21030000 		.4byte	0x321
 517 03ad 0A       		.uleb128 0xa
 518 03ae 0B0D0000 		.4byte	.LASF74
 519 03b2 07       		.byte	0x7
 520 03b3 F9       		.byte	0xf9
 521 03b4 21       		.byte	0x21
 522 03b5 21030000 		.4byte	0x321
 523 03b9 0B       		.uleb128 0xb
 524 03ba C0010000 		.4byte	.LASF75
 525 03be 07       		.byte	0x7
 526 03bf 0001     		.2byte	0x100
 527 03c1 22       		.byte	0x22
 528 03c2 3C080000 		.4byte	0x83c
 529 03c6 0B       		.uleb128 0xb
 530 03c7 400B0000 		.4byte	.LASF76
 531 03cb 07       		.byte	0x7
 532 03cc 0701     		.2byte	0x107
 533 03ce 22       		.byte	0x22
 534 03cf FA0B0000 		.4byte	0xbfa
 535 03d3 0B       		.uleb128 0xb
 536 03d4 F2020000 		.4byte	.LASF77
 537 03d8 07       		.byte	0x7
 538 03d9 0C01     		.2byte	0x10c
 539 03db 21       		.byte	0x21
 540 03dc 21030000 		.4byte	0x321
 541 03e0 0B       		.uleb128 0xb
 542 03e1 260A0000 		.4byte	.LASF78
 543 03e5 07       		.byte	0x7
 544 03e6 1501     		.2byte	0x115
 545 03e8 22       		.byte	0x22
 546 03e9 280C0000 		.4byte	0xc28
 547 03ed 0B       		.uleb128 0xb
 548 03ee 4C000000 		.4byte	.LASF79
 549 03f2 07       		.byte	0x7
 550 03f3 1E01     		.2byte	0x11e
 551 03f5 22       		.byte	0x22
 552 03f6 630C0000 		.4byte	0xc63
 553 03fa 0B       		.uleb128 0xb
 554 03fb 13020000 		.4byte	.LASF80
 555 03ff 07       		.byte	0x7
 556 0400 2601     		.2byte	0x126
 557 0402 21       		.byte	0x21
 558 0403 2D030000 		.4byte	0x32d
 559 0407 00       		.byte	0
 560 0408 0C       		.uleb128 0xc
 561 0409 68647200 		.ascii	"hdr\000"
 562 040d 07       		.byte	0x7
 563 040e AD       		.byte	0xad
 564 040f 05       		.byte	0x5
 565 0410 6A030000 		.4byte	0x36a
 566 0414 00       		.byte	0
 567 0415 0C       		.uleb128 0xc
 568 0416 63747800 		.ascii	"ctx\000"
 569 041a 07       		.byte	0x7
 570 041b B1       		.byte	0xb1
ARM GAS  /tmp/ccL77YrL.s 			page 11


 571 041c 21       		.byte	0x21
 572 041d 640B0000 		.4byte	0xb64
 573 0421 0C       		.byte	0xc
 574 0422 0D       		.uleb128 0xd
 575 0423 CC050000 		.4byte	.LASF81
 576 0427 07       		.byte	0x7
 577 0428 B6       		.byte	0xb6
 578 0429 21       		.byte	0x21
 579 042a 3A060000 		.4byte	0x63a
 580 042e 10       		.byte	0x10
 581 042f 0D       		.uleb128 0xd
 582 0430 25040000 		.4byte	.LASF82
 583 0434 07       		.byte	0x7
 584 0435 BB       		.byte	0xbb
 585 0436 22       		.byte	0x22
 586 0437 690C0000 		.4byte	0xc69
 587 043b 18       		.byte	0x18
 588 043c 0D       		.uleb128 0xd
 589 043d 3A090000 		.4byte	.LASF83
 590 0441 07       		.byte	0x7
 591 0442 C0       		.byte	0xc0
 592 0443 22       		.byte	0x22
 593 0444 C6050000 		.4byte	0x5c6
 594 0448 1C       		.byte	0x1c
 595 0449 0D       		.uleb128 0xd
 596 044a BC050000 		.4byte	.LASF84
 597 044e 07       		.byte	0x7
 598 044f C9       		.byte	0xc9
 599 0450 22       		.byte	0x22
 600 0451 6F0C0000 		.4byte	0xc6f
 601 0455 20       		.byte	0x20
 602 0456 0D       		.uleb128 0xd
 603 0457 0C0B0000 		.4byte	.LASF85
 604 045b 07       		.byte	0x7
 605 045c CE       		.byte	0xce
 606 045d 21       		.byte	0x21
 607 045e FD020000 		.4byte	0x2fd
 608 0462 24       		.byte	0x24
 609 0463 0D       		.uleb128 0xd
 610 0464 FB0B0000 		.4byte	.LASF86
 611 0468 07       		.byte	0x7
 612 0469 D2       		.byte	0xd2
 613 046a 21       		.byte	0x21
 614 046b F1020000 		.4byte	0x2f1
 615 046f 25       		.byte	0x25
 616 0470 0D       		.uleb128 0xd
 617 0471 81010000 		.4byte	.LASF87
 618 0475 07       		.byte	0x7
 619 0476 D7       		.byte	0xd7
 620 0477 21       		.byte	0x21
 621 0478 09030000 		.4byte	0x309
 622 047c 26       		.byte	0x26
 623 047d 0E       		.uleb128 0xe
 624 047e 7500     		.ascii	"u\000"
 625 0480 07       		.byte	0x7
 626 0481 2801     		.2byte	0x128
 627 0483 21       		.byte	0x21
ARM GAS  /tmp/ccL77YrL.s 			page 12


 628 0484 98030000 		.4byte	0x398
 629 0488 28       		.byte	0x28
 630 0489 0F       		.uleb128 0xf
 631 048a 850A0000 		.4byte	.LASF88
 632 048e 07       		.byte	0x7
 633 048f 2D01     		.2byte	0x12d
 634 0491 21       		.byte	0x21
 635 0492 0D060000 		.4byte	0x60d
 636 0496 2C       		.byte	0x2c
 637 0497 0F       		.uleb128 0xf
 638 0498 39060000 		.4byte	.LASF89
 639 049c 07       		.byte	0x7
 640 049d 3301     		.2byte	0x133
 641 049f 21       		.byte	0x21
 642 04a0 3A060000 		.4byte	0x63a
 643 04a4 30       		.byte	0x30
 644 04a5 0F       		.uleb128 0xf
 645 04a6 1D010000 		.4byte	.LASF90
 646 04aa 07       		.byte	0x7
 647 04ab 3901     		.2byte	0x139
 648 04ad 21       		.byte	0x21
 649 04ae 2D030000 		.4byte	0x32d
 650 04b2 38       		.byte	0x38
 651 04b3 0F       		.uleb128 0xf
 652 04b4 4F040000 		.4byte	.LASF91
 653 04b8 07       		.byte	0x7
 654 04b9 4001     		.2byte	0x140
 655 04bb 22       		.byte	0x22
 656 04bc 630C0000 		.4byte	0xc63
 657 04c0 3C       		.byte	0x3c
 658 04c1 0F       		.uleb128 0xf
 659 04c2 BE000000 		.4byte	.LASF92
 660 04c6 07       		.byte	0x7
 661 04c7 4401     		.2byte	0x144
 662 04c9 21       		.byte	0x21
 663 04ca 15030000 		.4byte	0x315
 664 04ce 40       		.byte	0x40
 665 04cf 0F       		.uleb128 0xf
 666 04d0 2D0D0000 		.4byte	.LASF93
 667 04d4 07       		.byte	0x7
 668 04d5 4B01     		.2byte	0x14b
 669 04d7 22       		.byte	0x22
 670 04d8 3C080000 		.4byte	0x83c
 671 04dc 44       		.byte	0x44
 672 04dd 00       		.byte	0
 673 04de 04       		.uleb128 0x4
 674 04df 1C0B0000 		.4byte	.LASF94
 675 04e3 06       		.byte	0x6
 676 04e4 8A       		.byte	0x8a
 677 04e5 1F       		.byte	0x1f
 678 04e6 EA040000 		.4byte	0x4ea
 679 04ea 10       		.uleb128 0x10
 680 04eb 4D060000 		.4byte	.LASF96
 681 04ef 9008     		.2byte	0x890
 682 04f1 07       		.byte	0x7
 683 04f2 8A01     		.2byte	0x18a
 684 04f4 08       		.byte	0x8
ARM GAS  /tmp/ccL77YrL.s 			page 13


 685 04f5 78050000 		.4byte	0x578
 686 04f9 0F       		.uleb128 0xf
 687 04fa 10090000 		.4byte	.LASF97
 688 04fe 07       		.byte	0x7
 689 04ff 8E01     		.2byte	0x18e
 690 0501 21       		.byte	0x21
 691 0502 A00C0000 		.4byte	0xca0
 692 0506 00       		.byte	0
 693 0507 0F       		.uleb128 0xf
 694 0508 C7010000 		.4byte	.LASF98
 695 050c 07       		.byte	0x7
 696 050d 9201     		.2byte	0x192
 697 050f 21       		.byte	0x21
 698 0510 BB0B0000 		.4byte	0xbbb
 699 0514 10       		.byte	0x10
 700 0515 0F       		.uleb128 0xf
 701 0516 380B0000 		.4byte	.LASF99
 702 051a 07       		.byte	0x7
 703 051b 9901     		.2byte	0x199
 704 051d 21       		.byte	0x21
 705 051e E20B0000 		.4byte	0xbe2
 706 0522 28       		.byte	0x28
 707 0523 0F       		.uleb128 0xf
 708 0524 AD0A0000 		.4byte	.LASF100
 709 0528 07       		.byte	0x7
 710 0529 9E01     		.2byte	0x19e
 711 052b 21       		.byte	0x21
 712 052c 45030000 		.4byte	0x345
 713 0530 30       		.byte	0x30
 714 0531 0F       		.uleb128 0xf
 715 0532 93040000 		.4byte	.LASF101
 716 0536 07       		.byte	0x7
 717 0537 A401     		.2byte	0x1a4
 718 0539 21       		.byte	0x21
 719 053a 9F050000 		.4byte	0x59f
 720 053e 34       		.byte	0x34
 721 053f 0F       		.uleb128 0xf
 722 0540 39080000 		.4byte	.LASF102
 723 0544 07       		.byte	0x7
 724 0545 A901     		.2byte	0x1a9
 725 0547 22       		.byte	0x22
 726 0548 140D0000 		.4byte	0xd14
 727 054c 38       		.byte	0x38
 728 054d 0F       		.uleb128 0xf
 729 054e AC070000 		.4byte	.LASF103
 730 0552 07       		.byte	0x7
 731 0553 AD01     		.2byte	0x1ad
 732 0555 21       		.byte	0x21
 733 0556 51030000 		.4byte	0x351
 734 055a 3C       		.byte	0x3c
 735 055b 0E       		.uleb128 0xe
 736 055c 64626700 		.ascii	"dbg\000"
 737 0560 07       		.byte	0x7
 738 0561 B101     		.2byte	0x1b1
 739 0563 21       		.byte	0x21
 740 0564 DD050000 		.4byte	0x5dd
 741 0568 84       		.byte	0x84
ARM GAS  /tmp/ccL77YrL.s 			page 14


 742 0569 0F       		.uleb128 0xf
 743 056a B0080000 		.4byte	.LASF104
 744 056e 07       		.byte	0x7
 745 056f B601     		.2byte	0x1b6
 746 0571 21       		.byte	0x21
 747 0572 A3080000 		.4byte	0x8a3
 748 0576 88       		.byte	0x88
 749 0577 00       		.byte	0
 750 0578 04       		.uleb128 0x4
 751 0579 A0050000 		.4byte	.LASF105
 752 057d 08       		.byte	0x8
 753 057e 3F       		.byte	0x3f
 754 057f 12       		.byte	0x12
 755 0580 B6010000 		.4byte	0x1b6
 756 0584 08       		.uleb128 0x8
 757 0585 91000000 		.4byte	.LASF106
 758 0589 04       		.byte	0x4
 759 058a 08       		.byte	0x8
 760 058b 44       		.byte	0x44
 761 058c 10       		.byte	0x10
 762 058d 9F050000 		.4byte	0x59f
 763 0591 0D       		.uleb128 0xd
 764 0592 7C070000 		.4byte	.LASF107
 765 0596 08       		.byte	0x8
 766 0597 48       		.byte	0x48
 767 0598 21       		.byte	0x21
 768 0599 78050000 		.4byte	0x578
 769 059d 00       		.byte	0
 770 059e 00       		.byte	0
 771 059f 04       		.uleb128 0x4
 772 05a0 0A0A0000 		.4byte	.LASF108
 773 05a4 08       		.byte	0x8
 774 05a5 49       		.byte	0x49
 775 05a6 03       		.byte	0x3
 776 05a7 84050000 		.4byte	0x584
 777 05ab 08       		.uleb128 0x8
 778 05ac 6B020000 		.4byte	.LASF109
 779 05b0 04       		.byte	0x4
 780 05b1 09       		.byte	0x9
 781 05b2 3E       		.byte	0x3e
 782 05b3 10       		.byte	0x10
 783 05b4 C6050000 		.4byte	0x5c6
 784 05b8 0D       		.uleb128 0xd
 785 05b9 A30A0000 		.4byte	.LASF110
 786 05bd 09       		.byte	0x9
 787 05be 46       		.byte	0x46
 788 05bf 24       		.byte	0x24
 789 05c0 CC050000 		.4byte	0x5cc
 790 05c4 00       		.byte	0
 791 05c5 00       		.byte	0
 792 05c6 11       		.uleb128 0x11
 793 05c7 04       		.byte	0x4
 794 05c8 D8050000 		.4byte	0x5d8
 795 05cc 07       		.uleb128 0x7
 796 05cd C6050000 		.4byte	0x5c6
 797 05d1 05       		.uleb128 0x5
 798 05d2 01       		.byte	0x1
ARM GAS  /tmp/ccL77YrL.s 			page 15


 799 05d3 08       		.byte	0x8
 800 05d4 8B050000 		.4byte	.LASF111
 801 05d8 03       		.uleb128 0x3
 802 05d9 D1050000 		.4byte	0x5d1
 803 05dd 04       		.uleb128 0x4
 804 05de 89060000 		.4byte	.LASF112
 805 05e2 09       		.byte	0x9
 806 05e3 51       		.byte	0x51
 807 05e4 03       		.byte	0x3
 808 05e5 AB050000 		.4byte	0x5ab
 809 05e9 04       		.uleb128 0x4
 810 05ea B4000000 		.4byte	.LASF113
 811 05ee 0A       		.byte	0xa
 812 05ef 6D       		.byte	0x6d
 813 05f0 12       		.byte	0x12
 814 05f1 B6010000 		.4byte	0x1b6
 815 05f5 04       		.uleb128 0x4
 816 05f6 C1090000 		.4byte	.LASF114
 817 05fa 0A       		.byte	0xa
 818 05fb 79       		.byte	0x79
 819 05fc 12       		.byte	0x12
 820 05fd B6010000 		.4byte	0x1b6
 821 0601 04       		.uleb128 0x4
 822 0602 EF0B0000 		.4byte	.LASF115
 823 0606 0A       		.byte	0xa
 824 0607 9B       		.byte	0x9b
 825 0608 12       		.byte	0x12
 826 0609 D8010000 		.4byte	0x1d8
 827 060d 04       		.uleb128 0x4
 828 060e FD070000 		.4byte	.LASF116
 829 0612 0B       		.byte	0xb
 830 0613 32       		.byte	0x32
 831 0614 18       		.byte	0x18
 832 0615 19060000 		.4byte	0x619
 833 0619 08       		.uleb128 0x8
 834 061a 8D020000 		.4byte	.LASF117
 835 061e 04       		.byte	0x4
 836 061f 0B       		.byte	0xb
 837 0620 38       		.byte	0x38
 838 0621 08       		.byte	0x8
 839 0622 34060000 		.4byte	0x634
 840 0626 0D       		.uleb128 0xd
 841 0627 26010000 		.4byte	.LASF118
 842 062b 0B       		.byte	0xb
 843 062c 39       		.byte	0x39
 844 062d 1A       		.byte	0x1a
 845 062e 34060000 		.4byte	0x634
 846 0632 00       		.byte	0
 847 0633 00       		.byte	0
 848 0634 11       		.uleb128 0x11
 849 0635 04       		.byte	0x4
 850 0636 0D060000 		.4byte	0x60d
 851 063a 04       		.uleb128 0x4
 852 063b 81070000 		.4byte	.LASF119
 853 063f 0B       		.byte	0xb
 854 0640 3F       		.byte	0x3f
 855 0641 19       		.byte	0x19
ARM GAS  /tmp/ccL77YrL.s 			page 16


 856 0642 46060000 		.4byte	0x646
 857 0646 08       		.uleb128 0x8
 858 0647 560A0000 		.4byte	.LASF120
 859 064b 08       		.byte	0x8
 860 064c 0B       		.byte	0xb
 861 064d 45       		.byte	0x45
 862 064e 08       		.byte	0x8
 863 064f 6E060000 		.4byte	0x66e
 864 0653 0D       		.uleb128 0xd
 865 0654 26010000 		.4byte	.LASF118
 866 0658 0B       		.byte	0xb
 867 0659 46       		.byte	0x46
 868 065a 1A       		.byte	0x1a
 869 065b 6E060000 		.4byte	0x66e
 870 065f 00       		.byte	0
 871 0660 0D       		.uleb128 0xd
 872 0661 1A020000 		.4byte	.LASF121
 873 0665 0B       		.byte	0xb
 874 0666 47       		.byte	0x47
 875 0667 1A       		.byte	0x1a
 876 0668 6E060000 		.4byte	0x66e
 877 066c 04       		.byte	0x4
 878 066d 00       		.byte	0
 879 066e 11       		.uleb128 0x11
 880 066f 04       		.byte	0x4
 881 0670 3A060000 		.4byte	0x63a
 882 0674 04       		.uleb128 0x4
 883 0675 EB040000 		.4byte	.LASF122
 884 0679 0B       		.byte	0xb
 885 067a 4E       		.byte	0x4e
 886 067b 22       		.byte	0x22
 887 067c 80060000 		.4byte	0x680
 888 0680 08       		.uleb128 0x8
 889 0681 2D0A0000 		.4byte	.LASF123
 890 0685 0C       		.byte	0xc
 891 0686 0B       		.byte	0xb
 892 0687 55       		.byte	0x55
 893 0688 08       		.byte	0x8
 894 0689 B5060000 		.4byte	0x6b5
 895 068d 0D       		.uleb128 0xd
 896 068e 26010000 		.4byte	.LASF118
 897 0692 0B       		.byte	0xb
 898 0693 56       		.byte	0x56
 899 0694 1A       		.byte	0x1a
 900 0695 B5060000 		.4byte	0x6b5
 901 0699 00       		.byte	0
 902 069a 0D       		.uleb128 0xd
 903 069b 1A020000 		.4byte	.LASF121
 904 069f 0B       		.byte	0xb
 905 06a0 57       		.byte	0x57
 906 06a1 1A       		.byte	0x1a
 907 06a2 B5060000 		.4byte	0x6b5
 908 06a6 04       		.byte	0x4
 909 06a7 0D       		.uleb128 0xd
 910 06a8 80050000 		.4byte	.LASF124
 911 06ac 0B       		.byte	0xb
 912 06ad 58       		.byte	0x58
ARM GAS  /tmp/ccL77YrL.s 			page 17


 913 06ae 19       		.byte	0x19
 914 06af 15030000 		.4byte	0x315
 915 06b3 08       		.byte	0x8
 916 06b4 00       		.byte	0
 917 06b5 11       		.uleb128 0x11
 918 06b6 04       		.byte	0x4
 919 06b7 74060000 		.4byte	0x674
 920 06bb 04       		.uleb128 0x4
 921 06bc 90050000 		.4byte	.LASF125
 922 06c0 0B       		.byte	0xb
 923 06c1 5F       		.byte	0x5f
 924 06c2 1E       		.byte	0x1e
 925 06c3 C7060000 		.4byte	0x6c7
 926 06c7 08       		.uleb128 0x8
 927 06c8 BD020000 		.4byte	.LASF126
 928 06cc 0C       		.byte	0xc
 929 06cd 0B       		.byte	0xb
 930 06ce 64       		.byte	0x64
 931 06cf 08       		.byte	0x8
 932 06d0 FC060000 		.4byte	0x6fc
 933 06d4 0D       		.uleb128 0xd
 934 06d5 26010000 		.4byte	.LASF118
 935 06d9 0B       		.byte	0xb
 936 06da 65       		.byte	0x65
 937 06db 1A       		.byte	0x1a
 938 06dc FC060000 		.4byte	0x6fc
 939 06e0 00       		.byte	0
 940 06e1 0D       		.uleb128 0xd
 941 06e2 1A020000 		.4byte	.LASF121
 942 06e6 0B       		.byte	0xb
 943 06e7 66       		.byte	0x66
 944 06e8 1A       		.byte	0x1a
 945 06e9 FC060000 		.4byte	0x6fc
 946 06ed 04       		.byte	0x4
 947 06ee 0D       		.uleb128 0xd
 948 06ef 700B0000 		.4byte	.LASF127
 949 06f3 0B       		.byte	0xb
 950 06f4 67       		.byte	0x67
 951 06f5 19       		.byte	0x19
 952 06f6 F5050000 		.4byte	0x5f5
 953 06fa 08       		.byte	0x8
 954 06fb 00       		.byte	0
 955 06fc 11       		.uleb128 0x11
 956 06fd 04       		.byte	0x4
 957 06fe BB060000 		.4byte	0x6bb
 958 0702 12       		.uleb128 0x12
 959 0703 10       		.byte	0x10
 960 0704 0C       		.byte	0xc
 961 0705 6C       		.byte	0x6c
 962 0706 10       		.byte	0x10
 963 0707 D2080000 		.4byte	.LASF293
 964 070b 36080000 		.4byte	0x836
 965 070f 09       		.uleb128 0x9
 966 0710 08       		.byte	0x8
 967 0711 0C       		.byte	0xc
 968 0712 7F       		.byte	0x7f
 969 0713 09       		.byte	0x9
ARM GAS  /tmp/ccL77YrL.s 			page 18


 970 0714 ED070000 		.4byte	0x7ed
 971 0718 13       		.uleb128 0x13
 972 0719 08       		.byte	0x8
 973 071a 0C       		.byte	0xc
 974 071b 83       		.byte	0x83
 975 071c 0C       		.byte	0xc
 976 071d 3C070000 		.4byte	0x73c
 977 0721 0C       		.uleb128 0xc
 978 0722 6E747000 		.ascii	"ntp\000"
 979 0726 0C       		.byte	0xc
 980 0727 87       		.byte	0x87
 981 0728 1E       		.byte	0x1e
 982 0729 36080000 		.4byte	0x836
 983 072d 00       		.byte	0
 984 072e 0D       		.uleb128 0xd
 985 072f C0010000 		.4byte	.LASF75
 986 0733 0C       		.byte	0xc
 987 0734 8B       		.byte	0x8b
 988 0735 1E       		.byte	0x1e
 989 0736 3C080000 		.4byte	0x83c
 990 073a 04       		.byte	0x4
 991 073b 00       		.byte	0
 992 073c 13       		.uleb128 0x13
 993 073d 08       		.byte	0x8
 994 073e 0C       		.byte	0xc
 995 073f 90       		.byte	0x90
 996 0740 0C       		.byte	0xc
 997 0741 5F070000 		.4byte	0x75f
 998 0745 0C       		.uleb128 0xc
 999 0746 747000   		.ascii	"tp\000"
 1000 0749 0C       		.byte	0xc
 1001 074a 94       		.byte	0x94
 1002 074b 1E       		.byte	0x1e
 1003 074c 36080000 		.4byte	0x836
 1004 0750 00       		.byte	0
 1005 0751 0C       		.uleb128 0xc
 1006 0752 6D736700 		.ascii	"msg\000"
 1007 0756 0C       		.byte	0xc
 1008 0757 98       		.byte	0x98
 1009 0758 1D       		.byte	0x1d
 1010 0759 21030000 		.4byte	0x321
 1011 075d 04       		.byte	0x4
 1012 075e 00       		.byte	0
 1013 075f 13       		.uleb128 0x13
 1014 0760 04       		.byte	0x4
 1015 0761 0C       		.byte	0xc
 1016 0762 9D       		.byte	0x9d
 1017 0763 0C       		.byte	0xc
 1018 0764 76070000 		.4byte	0x776
 1019 0768 0D       		.uleb128 0xd
 1020 0769 3A090000 		.4byte	.LASF83
 1021 076d 0C       		.byte	0xc
 1022 076e A1       		.byte	0xa1
 1023 076f 1E       		.byte	0x1e
 1024 0770 C6050000 		.4byte	0x5c6
 1025 0774 00       		.byte	0
 1026 0775 00       		.byte	0
ARM GAS  /tmp/ccL77YrL.s 			page 19


 1027 0776 13       		.uleb128 0x13
 1028 0777 04       		.byte	0x4
 1029 0778 0C       		.byte	0xc
 1030 0779 A6       		.byte	0xa6
 1031 077a 0C       		.byte	0xc
 1032 077b 8D070000 		.4byte	0x78d
 1033 077f 0D       		.uleb128 0xd
 1034 0780 BF030000 		.4byte	.LASF128
 1035 0784 0C       		.byte	0xc
 1036 0785 AA       		.byte	0xaa
 1037 0786 1E       		.byte	0x1e
 1038 0787 C6050000 		.4byte	0x5c6
 1039 078b 00       		.byte	0
 1040 078c 00       		.byte	0
 1041 078d 13       		.uleb128 0x13
 1042 078e 08       		.byte	0x8
 1043 078f 0C       		.byte	0xc
 1044 0790 AF       		.byte	0xaf
 1045 0791 0C       		.byte	0xc
 1046 0792 B1070000 		.4byte	0x7b1
 1047 0796 0C       		.uleb128 0xc
 1048 0797 75703100 		.ascii	"up1\000"
 1049 079b 0C       		.byte	0xc
 1050 079c B3       		.byte	0xb3
 1051 079d 1E       		.byte	0x1e
 1052 079e 3C080000 		.4byte	0x83c
 1053 07a2 00       		.byte	0
 1054 07a3 0C       		.uleb128 0xc
 1055 07a4 75703200 		.ascii	"up2\000"
 1056 07a8 0C       		.byte	0xc
 1057 07a9 B7       		.byte	0xb7
 1058 07aa 1E       		.byte	0x1e
 1059 07ab 3C080000 		.4byte	0x83c
 1060 07af 04       		.byte	0x4
 1061 07b0 00       		.byte	0
 1062 07b1 14       		.uleb128 0x14
 1063 07b2 737700   		.ascii	"sw\000"
 1064 07b5 0C       		.byte	0xc
 1065 07b6 8C       		.byte	0x8c
 1066 07b7 07       		.byte	0x7
 1067 07b8 18070000 		.4byte	0x718
 1068 07bc 14       		.uleb128 0x14
 1069 07bd 72647900 		.ascii	"rdy\000"
 1070 07c1 0C       		.byte	0xc
 1071 07c2 99       		.byte	0x99
 1072 07c3 07       		.byte	0x7
 1073 07c4 3C070000 		.4byte	0x73c
 1074 07c8 14       		.uleb128 0x14
 1075 07c9 69737200 		.ascii	"isr\000"
 1076 07cd 0C       		.byte	0xc
 1077 07ce A2       		.byte	0xa2
 1078 07cf 07       		.byte	0x7
 1079 07d0 5F070000 		.4byte	0x75f
 1080 07d4 0A       		.uleb128 0xa
 1081 07d5 A3030000 		.4byte	.LASF129
 1082 07d9 0C       		.byte	0xc
 1083 07da AB       		.byte	0xab
ARM GAS  /tmp/ccL77YrL.s 			page 20


 1084 07db 07       		.byte	0x7
 1085 07dc 76070000 		.4byte	0x776
 1086 07e0 0A       		.uleb128 0xa
 1087 07e1 BE040000 		.4byte	.LASF130
 1088 07e5 0C       		.byte	0xc
 1089 07e6 B8       		.byte	0xb8
 1090 07e7 07       		.byte	0x7
 1091 07e8 8D070000 		.4byte	0x78d
 1092 07ec 00       		.byte	0
 1093 07ed 15       		.uleb128 0x15
 1094 07ee 670A0000 		.4byte	.LASF131
 1095 07f2 0C       		.byte	0xc
 1096 07f3 70       		.byte	0x70
 1097 07f4 19       		.byte	0x19
 1098 07f5 B6010000 		.4byte	0x1b6
 1099 07f9 04       		.byte	0x4
 1100 07fa 03       		.byte	0x3
 1101 07fb 1D       		.byte	0x1d
 1102 07fc 00       		.byte	0
 1103 07fd 15       		.uleb128 0x15
 1104 07fe 0C0B0000 		.4byte	.LASF85
 1105 0802 0C       		.byte	0xc
 1106 0803 74       		.byte	0x74
 1107 0804 19       		.byte	0x19
 1108 0805 B6010000 		.4byte	0x1b6
 1109 0809 04       		.byte	0x4
 1110 080a 05       		.byte	0x5
 1111 080b 18       		.byte	0x18
 1112 080c 00       		.byte	0
 1113 080d 15       		.uleb128 0x15
 1114 080e EE090000 		.4byte	.LASF132
 1115 0812 0C       		.byte	0xc
 1116 0813 7A       		.byte	0x7a
 1117 0814 19       		.byte	0x19
 1118 0815 B6010000 		.4byte	0x1b6
 1119 0819 04       		.byte	0x4
 1120 081a 18       		.byte	0x18
 1121 081b 00       		.byte	0
 1122 081c 00       		.byte	0
 1123 081d 0D       		.uleb128 0xd
 1124 081e 09040000 		.4byte	.LASF133
 1125 0822 0C       		.byte	0xc
 1126 0823 7E       		.byte	0x7e
 1127 0824 19       		.byte	0x19
 1128 0825 E9050000 		.4byte	0x5e9
 1129 0829 04       		.byte	0x4
 1130 082a 0C       		.uleb128 0xc
 1131 082b 7500     		.ascii	"u\000"
 1132 082d 0C       		.byte	0xc
 1133 082e B9       		.byte	0xb9
 1134 082f 05       		.byte	0x5
 1135 0830 0F070000 		.4byte	0x70f
 1136 0834 08       		.byte	0x8
 1137 0835 00       		.byte	0
 1138 0836 11       		.uleb128 0x11
 1139 0837 04       		.byte	0x4
 1140 0838 51030000 		.4byte	0x351
ARM GAS  /tmp/ccL77YrL.s 			page 21


 1141 083c 16       		.uleb128 0x16
 1142 083d 04       		.byte	0x4
 1143 083e 04       		.uleb128 0x4
 1144 083f 28030000 		.4byte	.LASF134
 1145 0843 0C       		.byte	0xc
 1146 0844 BA       		.byte	0xba
 1147 0845 03       		.byte	0x3
 1148 0846 02070000 		.4byte	0x702
 1149 084a 17       		.uleb128 0x17
 1150 084b 0808     		.2byte	0x808
 1151 084d 0C       		.byte	0xc
 1152 084e C0       		.byte	0xc0
 1153 084f 10       		.byte	0x10
 1154 0850 E1020000 		.4byte	.LASF294
 1155 0854 8D080000 		.4byte	0x88d
 1156 0858 0D       		.uleb128 0xd
 1157 0859 9A010000 		.4byte	.LASF135
 1158 085d 0C       		.byte	0xc
 1159 085e C4       		.byte	0xc4
 1160 085f 19       		.byte	0x19
 1161 0860 99010000 		.4byte	0x199
 1162 0864 00       		.byte	0
 1163 0865 0D       		.uleb128 0xd
 1164 0866 3D070000 		.4byte	.LASF136
 1165 086a 0C       		.byte	0xc
 1166 086b C8       		.byte	0xc8
 1167 086c 19       		.byte	0x19
 1168 086d 99010000 		.4byte	0x199
 1169 0871 02       		.byte	0x2
 1170 0872 0C       		.uleb128 0xc
 1171 0873 70747200 		.ascii	"ptr\000"
 1172 0877 0C       		.byte	0xc
 1173 0878 CC       		.byte	0xcc
 1174 0879 1A       		.byte	0x1a
 1175 087a 8D080000 		.4byte	0x88d
 1176 087e 04       		.byte	0x4
 1177 087f 0D       		.uleb128 0xd
 1178 0880 C7000000 		.4byte	.LASF137
 1179 0884 0C       		.byte	0xc
 1180 0885 D0       		.byte	0xd0
 1181 0886 19       		.byte	0x19
 1182 0887 93080000 		.4byte	0x893
 1183 088b 08       		.byte	0x8
 1184 088c 00       		.byte	0
 1185 088d 11       		.uleb128 0x11
 1186 088e 04       		.byte	0x4
 1187 088f 3E080000 		.4byte	0x83e
 1188 0893 18       		.uleb128 0x18
 1189 0894 3E080000 		.4byte	0x83e
 1190 0898 A3080000 		.4byte	0x8a3
 1191 089c 19       		.uleb128 0x19
 1192 089d 35000000 		.4byte	0x35
 1193 08a1 7F       		.byte	0x7f
 1194 08a2 00       		.byte	0
 1195 08a3 04       		.uleb128 0x4
 1196 08a4 8C070000 		.4byte	.LASF138
 1197 08a8 0C       		.byte	0xc
ARM GAS  /tmp/ccL77YrL.s 			page 22


 1198 08a9 D1       		.byte	0xd1
 1199 08aa 03       		.byte	0x3
 1200 08ab 4A080000 		.4byte	0x84a
 1201 08af 1A       		.uleb128 0x1a
 1202 08b0 18       		.byte	0x18
 1203 08b1 0D       		.byte	0xd
 1204 08b2 3202     		.2byte	0x232
 1205 08b4 01       		.byte	0x1
 1206 08b5 5D030000 		.4byte	.LASF143
 1207 08b9 11090000 		.4byte	0x911
 1208 08bd 0E       		.uleb128 0xe
 1209 08be 435200   		.ascii	"CR\000"
 1210 08c1 0D       		.byte	0xd
 1211 08c2 3302     		.2byte	0x233
 1212 08c4 11       		.byte	0x11
 1213 08c5 C2010000 		.4byte	0x1c2
 1214 08c9 00       		.byte	0
 1215 08ca 0F       		.uleb128 0xf
 1216 08cb 04020000 		.4byte	.LASF139
 1217 08cf 0D       		.byte	0xd
 1218 08d0 3402     		.2byte	0x234
 1219 08d2 11       		.byte	0x11
 1220 08d3 C2010000 		.4byte	0x1c2
 1221 08d7 04       		.byte	0x4
 1222 08d8 0E       		.uleb128 0xe
 1223 08d9 50415200 		.ascii	"PAR\000"
 1224 08dd 0D       		.byte	0xd
 1225 08de 3502     		.2byte	0x235
 1226 08e0 11       		.byte	0x11
 1227 08e1 C2010000 		.4byte	0x1c2
 1228 08e5 08       		.byte	0x8
 1229 08e6 0F       		.uleb128 0xf
 1230 08e7 41050000 		.4byte	.LASF140
 1231 08eb 0D       		.byte	0xd
 1232 08ec 3602     		.2byte	0x236
 1233 08ee 11       		.byte	0x11
 1234 08ef C2010000 		.4byte	0x1c2
 1235 08f3 0C       		.byte	0xc
 1236 08f4 0F       		.uleb128 0xf
 1237 08f5 8A090000 		.4byte	.LASF141
 1238 08f9 0D       		.byte	0xd
 1239 08fa 3702     		.2byte	0x237
 1240 08fc 11       		.byte	0x11
 1241 08fd C2010000 		.4byte	0x1c2
 1242 0901 10       		.byte	0x10
 1243 0902 0E       		.uleb128 0xe
 1244 0903 46435200 		.ascii	"FCR\000"
 1245 0907 0D       		.byte	0xd
 1246 0908 3802     		.2byte	0x238
 1247 090a 11       		.byte	0x11
 1248 090b C2010000 		.4byte	0x1c2
 1249 090f 14       		.byte	0x14
 1250 0910 00       		.byte	0
 1251 0911 1B       		.uleb128 0x1b
 1252 0912 2A070000 		.4byte	.LASF142
 1253 0916 0D       		.byte	0xd
 1254 0917 3902     		.2byte	0x239
ARM GAS  /tmp/ccL77YrL.s 			page 23


 1255 0919 03       		.byte	0x3
 1256 091a AF080000 		.4byte	0x8af
 1257 091e 1A       		.uleb128 0x1a
 1258 091f 04       		.byte	0x4
 1259 0920 0D       		.byte	0xd
 1260 0921 5302     		.2byte	0x253
 1261 0923 01       		.byte	0x1
 1262 0924 95020000 		.4byte	.LASF144
 1263 0928 3B090000 		.4byte	0x93b
 1264 092c 0E       		.uleb128 0xe
 1265 092d 43435200 		.ascii	"CCR\000"
 1266 0931 0D       		.byte	0xd
 1267 0932 5402     		.2byte	0x254
 1268 0934 12       		.byte	0x12
 1269 0935 C2010000 		.4byte	0x1c2
 1270 0939 00       		.byte	0
 1271 093a 00       		.byte	0
 1272 093b 1B       		.uleb128 0x1b
 1273 093c 5D080000 		.4byte	.LASF145
 1274 0940 0D       		.byte	0xd
 1275 0941 5502     		.2byte	0x255
 1276 0943 02       		.byte	0x2
 1277 0944 1E090000 		.4byte	0x91e
 1278 0948 1A       		.uleb128 0x1a
 1279 0949 2C       		.byte	0x2c
 1280 094a 0D       		.byte	0xd
 1281 094b 4704     		.2byte	0x447
 1282 094d 01       		.byte	0x1
 1283 094e C60B0000 		.4byte	.LASF146
 1284 0952 F1090000 		.4byte	0x9f1
 1285 0956 0E       		.uleb128 0xe
 1286 0957 43523100 		.ascii	"CR1\000"
 1287 095b 0D       		.byte	0xd
 1288 095c 4804     		.2byte	0x448
 1289 095e 11       		.byte	0x11
 1290 095f C2010000 		.4byte	0x1c2
 1291 0963 00       		.byte	0
 1292 0964 0E       		.uleb128 0xe
 1293 0965 43523200 		.ascii	"CR2\000"
 1294 0969 0D       		.byte	0xd
 1295 096a 4904     		.2byte	0x449
 1296 096c 11       		.byte	0x11
 1297 096d C2010000 		.4byte	0x1c2
 1298 0971 04       		.byte	0x4
 1299 0972 0F       		.uleb128 0xf
 1300 0973 25050000 		.4byte	.LASF147
 1301 0977 0D       		.byte	0xd
 1302 0978 4A04     		.2byte	0x44a
 1303 097a 11       		.byte	0x11
 1304 097b C2010000 		.4byte	0x1c2
 1305 097f 08       		.byte	0x8
 1306 0980 0F       		.uleb128 0xf
 1307 0981 2A050000 		.4byte	.LASF148
 1308 0985 0D       		.byte	0xd
 1309 0986 4B04     		.2byte	0x44b
 1310 0988 11       		.byte	0x11
 1311 0989 C2010000 		.4byte	0x1c2
ARM GAS  /tmp/ccL77YrL.s 			page 24


 1312 098d 0C       		.byte	0xc
 1313 098e 0F       		.uleb128 0xf
 1314 098f 98060000 		.4byte	.LASF149
 1315 0993 0D       		.byte	0xd
 1316 0994 4C04     		.2byte	0x44c
 1317 0996 11       		.byte	0x11
 1318 0997 C2010000 		.4byte	0x1c2
 1319 099b 10       		.byte	0x10
 1320 099c 0F       		.uleb128 0xf
 1321 099d 1F020000 		.4byte	.LASF150
 1322 09a1 0D       		.byte	0xd
 1323 09a2 4D04     		.2byte	0x44d
 1324 09a4 11       		.byte	0x11
 1325 09a5 C2010000 		.4byte	0x1c2
 1326 09a9 14       		.byte	0x14
 1327 09aa 0E       		.uleb128 0xe
 1328 09ab 49535200 		.ascii	"ISR\000"
 1329 09af 0D       		.byte	0xd
 1330 09b0 4E04     		.2byte	0x44e
 1331 09b2 11       		.byte	0x11
 1332 09b3 C2010000 		.4byte	0x1c2
 1333 09b7 18       		.byte	0x18
 1334 09b8 0E       		.uleb128 0xe
 1335 09b9 49435200 		.ascii	"ICR\000"
 1336 09bd 0D       		.byte	0xd
 1337 09be 4F04     		.2byte	0x44f
 1338 09c0 11       		.byte	0x11
 1339 09c1 C2010000 		.4byte	0x1c2
 1340 09c5 1C       		.byte	0x1c
 1341 09c6 0F       		.uleb128 0xf
 1342 09c7 5B070000 		.4byte	.LASF151
 1343 09cb 0D       		.byte	0xd
 1344 09cc 5004     		.2byte	0x450
 1345 09ce 11       		.byte	0x11
 1346 09cf C2010000 		.4byte	0x1c2
 1347 09d3 20       		.byte	0x20
 1348 09d4 0F       		.uleb128 0xf
 1349 09d5 D1040000 		.4byte	.LASF152
 1350 09d9 0D       		.byte	0xd
 1351 09da 5104     		.2byte	0x451
 1352 09dc 11       		.byte	0x11
 1353 09dd C2010000 		.4byte	0x1c2
 1354 09e1 24       		.byte	0x24
 1355 09e2 0F       		.uleb128 0xf
 1356 09e3 6D060000 		.4byte	.LASF153
 1357 09e7 0D       		.byte	0xd
 1358 09e8 5204     		.2byte	0x452
 1359 09ea 11       		.byte	0x11
 1360 09eb C2010000 		.4byte	0x1c2
 1361 09ef 28       		.byte	0x28
 1362 09f0 00       		.byte	0
 1363 09f1 1B       		.uleb128 0x1b
 1364 09f2 C60A0000 		.4byte	.LASF154
 1365 09f6 0D       		.byte	0xd
 1366 09f7 5304     		.2byte	0x453
 1367 09f9 03       		.byte	0x3
 1368 09fa 48090000 		.4byte	0x948
ARM GAS  /tmp/ccL77YrL.s 			page 25


 1369 09fe 1C       		.uleb128 0x1c
 1370 09ff 84080000 		.4byte	.LASF155
 1371 0a03 64       		.byte	0x64
 1372 0a04 0E       		.byte	0xe
 1373 0a05 E001     		.2byte	0x1e0
 1374 0a07 08       		.byte	0x8
 1375 0a08 640B0000 		.4byte	0xb64
 1376 0a0c 0E       		.uleb128 0xe
 1377 0a0d 73313600 		.ascii	"s16\000"
 1378 0a11 0E       		.byte	0xe
 1379 0a12 E801     		.2byte	0x1e8
 1380 0a14 11       		.byte	0x11
 1381 0a15 B6010000 		.4byte	0x1b6
 1382 0a19 00       		.byte	0
 1383 0a1a 0E       		.uleb128 0xe
 1384 0a1b 73313700 		.ascii	"s17\000"
 1385 0a1f 0E       		.byte	0xe
 1386 0a20 E901     		.2byte	0x1e9
 1387 0a22 11       		.byte	0x11
 1388 0a23 B6010000 		.4byte	0x1b6
 1389 0a27 04       		.byte	0x4
 1390 0a28 0E       		.uleb128 0xe
 1391 0a29 73313800 		.ascii	"s18\000"
 1392 0a2d 0E       		.byte	0xe
 1393 0a2e EA01     		.2byte	0x1ea
 1394 0a30 11       		.byte	0x11
 1395 0a31 B6010000 		.4byte	0x1b6
 1396 0a35 08       		.byte	0x8
 1397 0a36 0E       		.uleb128 0xe
 1398 0a37 73313900 		.ascii	"s19\000"
 1399 0a3b 0E       		.byte	0xe
 1400 0a3c EB01     		.2byte	0x1eb
 1401 0a3e 11       		.byte	0x11
 1402 0a3f B6010000 		.4byte	0x1b6
 1403 0a43 0C       		.byte	0xc
 1404 0a44 0E       		.uleb128 0xe
 1405 0a45 73323000 		.ascii	"s20\000"
 1406 0a49 0E       		.byte	0xe
 1407 0a4a EC01     		.2byte	0x1ec
 1408 0a4c 11       		.byte	0x11
 1409 0a4d B6010000 		.4byte	0x1b6
 1410 0a51 10       		.byte	0x10
 1411 0a52 0E       		.uleb128 0xe
 1412 0a53 73323100 		.ascii	"s21\000"
 1413 0a57 0E       		.byte	0xe
 1414 0a58 ED01     		.2byte	0x1ed
 1415 0a5a 11       		.byte	0x11
 1416 0a5b B6010000 		.4byte	0x1b6
 1417 0a5f 14       		.byte	0x14
 1418 0a60 0E       		.uleb128 0xe
 1419 0a61 73323200 		.ascii	"s22\000"
 1420 0a65 0E       		.byte	0xe
 1421 0a66 EE01     		.2byte	0x1ee
 1422 0a68 11       		.byte	0x11
 1423 0a69 B6010000 		.4byte	0x1b6
 1424 0a6d 18       		.byte	0x18
 1425 0a6e 0E       		.uleb128 0xe
ARM GAS  /tmp/ccL77YrL.s 			page 26


 1426 0a6f 73323300 		.ascii	"s23\000"
 1427 0a73 0E       		.byte	0xe
 1428 0a74 EF01     		.2byte	0x1ef
 1429 0a76 11       		.byte	0x11
 1430 0a77 B6010000 		.4byte	0x1b6
 1431 0a7b 1C       		.byte	0x1c
 1432 0a7c 0E       		.uleb128 0xe
 1433 0a7d 73323400 		.ascii	"s24\000"
 1434 0a81 0E       		.byte	0xe
 1435 0a82 F001     		.2byte	0x1f0
 1436 0a84 11       		.byte	0x11
 1437 0a85 B6010000 		.4byte	0x1b6
 1438 0a89 20       		.byte	0x20
 1439 0a8a 0E       		.uleb128 0xe
 1440 0a8b 73323500 		.ascii	"s25\000"
 1441 0a8f 0E       		.byte	0xe
 1442 0a90 F101     		.2byte	0x1f1
 1443 0a92 11       		.byte	0x11
 1444 0a93 B6010000 		.4byte	0x1b6
 1445 0a97 24       		.byte	0x24
 1446 0a98 0E       		.uleb128 0xe
 1447 0a99 73323600 		.ascii	"s26\000"
 1448 0a9d 0E       		.byte	0xe
 1449 0a9e F201     		.2byte	0x1f2
 1450 0aa0 11       		.byte	0x11
 1451 0aa1 B6010000 		.4byte	0x1b6
 1452 0aa5 28       		.byte	0x28
 1453 0aa6 0E       		.uleb128 0xe
 1454 0aa7 73323700 		.ascii	"s27\000"
 1455 0aab 0E       		.byte	0xe
 1456 0aac F301     		.2byte	0x1f3
 1457 0aae 11       		.byte	0x11
 1458 0aaf B6010000 		.4byte	0x1b6
 1459 0ab3 2C       		.byte	0x2c
 1460 0ab4 0E       		.uleb128 0xe
 1461 0ab5 73323800 		.ascii	"s28\000"
 1462 0ab9 0E       		.byte	0xe
 1463 0aba F401     		.2byte	0x1f4
 1464 0abc 11       		.byte	0x11
 1465 0abd B6010000 		.4byte	0x1b6
 1466 0ac1 30       		.byte	0x30
 1467 0ac2 0E       		.uleb128 0xe
 1468 0ac3 73323900 		.ascii	"s29\000"
 1469 0ac7 0E       		.byte	0xe
 1470 0ac8 F501     		.2byte	0x1f5
 1471 0aca 11       		.byte	0x11
 1472 0acb B6010000 		.4byte	0x1b6
 1473 0acf 34       		.byte	0x34
 1474 0ad0 0E       		.uleb128 0xe
 1475 0ad1 73333000 		.ascii	"s30\000"
 1476 0ad5 0E       		.byte	0xe
 1477 0ad6 F601     		.2byte	0x1f6
 1478 0ad8 11       		.byte	0x11
 1479 0ad9 B6010000 		.4byte	0x1b6
 1480 0add 38       		.byte	0x38
 1481 0ade 0E       		.uleb128 0xe
 1482 0adf 73333100 		.ascii	"s31\000"
ARM GAS  /tmp/ccL77YrL.s 			page 27


 1483 0ae3 0E       		.byte	0xe
 1484 0ae4 F701     		.2byte	0x1f7
 1485 0ae6 11       		.byte	0x11
 1486 0ae7 B6010000 		.4byte	0x1b6
 1487 0aeb 3C       		.byte	0x3c
 1488 0aec 0E       		.uleb128 0xe
 1489 0aed 723400   		.ascii	"r4\000"
 1490 0af0 0E       		.byte	0xe
 1491 0af1 F901     		.2byte	0x1f9
 1492 0af3 11       		.byte	0x11
 1493 0af4 B6010000 		.4byte	0x1b6
 1494 0af8 40       		.byte	0x40
 1495 0af9 0E       		.uleb128 0xe
 1496 0afa 723500   		.ascii	"r5\000"
 1497 0afd 0E       		.byte	0xe
 1498 0afe FA01     		.2byte	0x1fa
 1499 0b00 11       		.byte	0x11
 1500 0b01 B6010000 		.4byte	0x1b6
 1501 0b05 44       		.byte	0x44
 1502 0b06 0E       		.uleb128 0xe
 1503 0b07 723600   		.ascii	"r6\000"
 1504 0b0a 0E       		.byte	0xe
 1505 0b0b FB01     		.2byte	0x1fb
 1506 0b0d 11       		.byte	0x11
 1507 0b0e B6010000 		.4byte	0x1b6
 1508 0b12 48       		.byte	0x48
 1509 0b13 0E       		.uleb128 0xe
 1510 0b14 723700   		.ascii	"r7\000"
 1511 0b17 0E       		.byte	0xe
 1512 0b18 FC01     		.2byte	0x1fc
 1513 0b1a 11       		.byte	0x11
 1514 0b1b B6010000 		.4byte	0x1b6
 1515 0b1f 4C       		.byte	0x4c
 1516 0b20 0E       		.uleb128 0xe
 1517 0b21 723800   		.ascii	"r8\000"
 1518 0b24 0E       		.byte	0xe
 1519 0b25 FD01     		.2byte	0x1fd
 1520 0b27 11       		.byte	0x11
 1521 0b28 B6010000 		.4byte	0x1b6
 1522 0b2c 50       		.byte	0x50
 1523 0b2d 0E       		.uleb128 0xe
 1524 0b2e 723900   		.ascii	"r9\000"
 1525 0b31 0E       		.byte	0xe
 1526 0b32 FE01     		.2byte	0x1fe
 1527 0b34 11       		.byte	0x11
 1528 0b35 B6010000 		.4byte	0x1b6
 1529 0b39 54       		.byte	0x54
 1530 0b3a 0E       		.uleb128 0xe
 1531 0b3b 72313000 		.ascii	"r10\000"
 1532 0b3f 0E       		.byte	0xe
 1533 0b40 FF01     		.2byte	0x1ff
 1534 0b42 11       		.byte	0x11
 1535 0b43 B6010000 		.4byte	0x1b6
 1536 0b47 58       		.byte	0x58
 1537 0b48 0E       		.uleb128 0xe
 1538 0b49 72313100 		.ascii	"r11\000"
 1539 0b4d 0E       		.byte	0xe
ARM GAS  /tmp/ccL77YrL.s 			page 28


 1540 0b4e 0002     		.2byte	0x200
 1541 0b50 11       		.byte	0x11
 1542 0b51 B6010000 		.4byte	0x1b6
 1543 0b55 5C       		.byte	0x5c
 1544 0b56 0E       		.uleb128 0xe
 1545 0b57 6C7200   		.ascii	"lr\000"
 1546 0b5a 0E       		.byte	0xe
 1547 0b5b 0102     		.2byte	0x201
 1548 0b5d 11       		.byte	0x11
 1549 0b5e B6010000 		.4byte	0x1b6
 1550 0b62 60       		.byte	0x60
 1551 0b63 00       		.byte	0
 1552 0b64 1C       		.uleb128 0x1c
 1553 0b65 D4010000 		.4byte	.LASF156
 1554 0b69 04       		.byte	0x4
 1555 0b6a 0E       		.byte	0xe
 1556 0b6b 0A02     		.2byte	0x20a
 1557 0b6d 08       		.byte	0x8
 1558 0b6e 800B0000 		.4byte	0xb80
 1559 0b72 0E       		.uleb128 0xe
 1560 0b73 737000   		.ascii	"sp\000"
 1561 0b76 0E       		.byte	0xe
 1562 0b77 0B02     		.2byte	0x20b
 1563 0b79 1A       		.byte	0x1a
 1564 0b7a 800B0000 		.4byte	0xb80
 1565 0b7e 00       		.byte	0
 1566 0b7f 00       		.byte	0
 1567 0b80 11       		.uleb128 0x11
 1568 0b81 04       		.byte	0x4
 1569 0b82 FE090000 		.4byte	0x9fe
 1570 0b86 08       		.uleb128 0x8
 1571 0b87 57040000 		.4byte	.LASF157
 1572 0b8b 18       		.byte	0x18
 1573 0b8c 07       		.byte	0x7
 1574 0b8d 64       		.byte	0x64
 1575 0b8e 10       		.byte	0x10
 1576 0b8f BB0B0000 		.4byte	0xbbb
 1577 0b93 0D       		.uleb128 0xd
 1578 0b94 F8080000 		.4byte	.LASF158
 1579 0b98 07       		.byte	0x7
 1580 0b99 68       		.byte	0x68
 1581 0b9a 21       		.byte	0x21
 1582 0b9b BB060000 		.4byte	0x6bb
 1583 0b9f 00       		.byte	0
 1584 0ba0 0D       		.uleb128 0xd
 1585 0ba1 FE080000 		.4byte	.LASF159
 1586 0ba5 07       		.byte	0x7
 1587 0ba6 73       		.byte	0x73
 1588 0ba7 21       		.byte	0x21
 1589 0ba8 E9050000 		.4byte	0x5e9
 1590 0bac 0C       		.byte	0xc
 1591 0bad 0D       		.uleb128 0xd
 1592 0bae 09020000 		.4byte	.LASF160
 1593 0bb2 07       		.byte	0x7
 1594 0bb3 79       		.byte	0x79
 1595 0bb4 21       		.byte	0x21
 1596 0bb5 E4010000 		.4byte	0x1e4
ARM GAS  /tmp/ccL77YrL.s 			page 29


 1597 0bb9 10       		.byte	0x10
 1598 0bba 00       		.byte	0
 1599 0bbb 04       		.uleb128 0x4
 1600 0bbc 8D0A0000 		.4byte	.LASF161
 1601 0bc0 07       		.byte	0x7
 1602 0bc1 7B       		.byte	0x7b
 1603 0bc2 03       		.byte	0x3
 1604 0bc3 860B0000 		.4byte	0xb86
 1605 0bc7 08       		.uleb128 0x8
 1606 0bc8 960B0000 		.4byte	.LASF162
 1607 0bcc 08       		.byte	0x8
 1608 0bcd 07       		.byte	0x7
 1609 0bce 80       		.byte	0x80
 1610 0bcf 10       		.byte	0x10
 1611 0bd0 E20B0000 		.4byte	0xbe2
 1612 0bd4 0D       		.uleb128 0xd
 1613 0bd5 F6090000 		.4byte	.LASF71
 1614 0bd9 07       		.byte	0x7
 1615 0bda 84       		.byte	0x84
 1616 0bdb 21       		.byte	0x21
 1617 0bdc 3A060000 		.4byte	0x63a
 1618 0be0 00       		.byte	0
 1619 0be1 00       		.byte	0
 1620 0be2 04       		.uleb128 0x4
 1621 0be3 13070000 		.4byte	.LASF163
 1622 0be7 07       		.byte	0x7
 1623 0be8 85       		.byte	0x85
 1624 0be9 03       		.byte	0x3
 1625 0bea C70B0000 		.4byte	0xbc7
 1626 0bee 04       		.uleb128 0x4
 1627 0bef EA070000 		.4byte	.LASF164
 1628 0bf3 07       		.byte	0x7
 1629 0bf4 8A       		.byte	0x8a
 1630 0bf5 14       		.byte	0x14
 1631 0bf6 36080000 		.4byte	0x836
 1632 0bfa 11       		.uleb128 0x11
 1633 0bfb 04       		.byte	0x4
 1634 0bfc EE0B0000 		.4byte	0xbee
 1635 0c00 08       		.uleb128 0x8
 1636 0c01 48030000 		.4byte	.LASF165
 1637 0c05 0C       		.byte	0xc
 1638 0c06 0F       		.byte	0xf
 1639 0c07 34       		.byte	0x34
 1640 0c08 10       		.byte	0x10
 1641 0c09 280C0000 		.4byte	0xc28
 1642 0c0d 0D       		.uleb128 0xd
 1643 0c0e F6090000 		.4byte	.LASF71
 1644 0c12 0F       		.byte	0xf
 1645 0c13 35       		.byte	0x35
 1646 0c14 19       		.byte	0x19
 1647 0c15 3A060000 		.4byte	0x63a
 1648 0c19 00       		.byte	0
 1649 0c1a 0C       		.uleb128 0xc
 1650 0c1b 636E7400 		.ascii	"cnt\000"
 1651 0c1f 0F       		.byte	0xf
 1652 0c20 37       		.byte	0x37
 1653 0c21 19       		.byte	0x19
ARM GAS  /tmp/ccL77YrL.s 			page 30


 1654 0c22 39030000 		.4byte	0x339
 1655 0c26 08       		.byte	0x8
 1656 0c27 00       		.byte	0
 1657 0c28 11       		.uleb128 0x11
 1658 0c29 04       		.byte	0x4
 1659 0c2a 000C0000 		.4byte	0xc00
 1660 0c2e 08       		.uleb128 0x8
 1661 0c2f 2F050000 		.4byte	.LASF166
 1662 0c33 10       		.byte	0x10
 1663 0c34 10       		.byte	0x10
 1664 0c35 39       		.byte	0x39
 1665 0c36 08       		.byte	0x8
 1666 0c37 630C0000 		.4byte	0xc63
 1667 0c3b 0D       		.uleb128 0xd
 1668 0c3c F6090000 		.4byte	.LASF71
 1669 0c40 10       		.byte	0x10
 1670 0c41 3A       		.byte	0x3a
 1671 0c42 19       		.byte	0x19
 1672 0c43 3A060000 		.4byte	0x63a
 1673 0c47 00       		.byte	0
 1674 0c48 0D       		.uleb128 0xd
 1675 0c49 25040000 		.4byte	.LASF82
 1676 0c4d 10       		.byte	0x10
 1677 0c4e 3C       		.byte	0x3c
 1678 0c4f 1A       		.byte	0x1a
 1679 0c50 36080000 		.4byte	0x836
 1680 0c54 08       		.byte	0x8
 1681 0c55 0D       		.uleb128 0xd
 1682 0c56 26010000 		.4byte	.LASF118
 1683 0c5a 10       		.byte	0x10
 1684 0c5b 3E       		.byte	0x3e
 1685 0c5c 1A       		.byte	0x1a
 1686 0c5d 260D0000 		.4byte	0xd26
 1687 0c61 0C       		.byte	0xc
 1688 0c62 00       		.byte	0
 1689 0c63 11       		.uleb128 0x11
 1690 0c64 04       		.byte	0x4
 1691 0c65 2E0C0000 		.4byte	0xc2e
 1692 0c69 11       		.uleb128 0x11
 1693 0c6a 04       		.byte	0x4
 1694 0c6b DE040000 		.4byte	0x4de
 1695 0c6f 11       		.uleb128 0x11
 1696 0c70 04       		.byte	0x4
 1697 0c71 E5020000 		.4byte	0x2e5
 1698 0c75 1C       		.uleb128 0x1c
 1699 0c76 E1010000 		.4byte	.LASF167
 1700 0c7a 10       		.byte	0x10
 1701 0c7b 07       		.byte	0x7
 1702 0c7c 5C01     		.2byte	0x15c
 1703 0c7e 10       		.byte	0x10
 1704 0c7f A00C0000 		.4byte	0xca0
 1705 0c83 0F       		.uleb128 0xf
 1706 0c84 D4030000 		.4byte	.LASF72
 1707 0c88 07       		.byte	0x7
 1708 0c89 6101     		.2byte	0x161
 1709 0c8b 21       		.byte	0x21
 1710 0c8c 74060000 		.4byte	0x674
ARM GAS  /tmp/ccL77YrL.s 			page 31


 1711 0c90 00       		.byte	0
 1712 0c91 0F       		.uleb128 0xf
 1713 0c92 BE0B0000 		.4byte	.LASF168
 1714 0c96 07       		.byte	0x7
 1715 0c97 6501     		.2byte	0x165
 1716 0c99 22       		.byte	0x22
 1717 0c9a 36080000 		.4byte	0x836
 1718 0c9e 0C       		.byte	0xc
 1719 0c9f 00       		.byte	0
 1720 0ca0 1B       		.uleb128 0x1b
 1721 0ca1 E1090000 		.4byte	.LASF169
 1722 0ca5 07       		.byte	0x7
 1723 0ca6 6601     		.2byte	0x166
 1724 0ca8 03       		.byte	0x3
 1725 0ca9 750C0000 		.4byte	0xc75
 1726 0cad 1C       		.uleb128 0x1c
 1727 0cae E2080000 		.4byte	.LASF170
 1728 0cb2 14       		.byte	0x14
 1729 0cb3 07       		.byte	0x7
 1730 0cb4 6B01     		.2byte	0x16b
 1731 0cb6 10       		.byte	0x10
 1732 0cb7 020D0000 		.4byte	0xd02
 1733 0cbb 0F       		.uleb128 0xf
 1734 0cbc 3A090000 		.4byte	.LASF83
 1735 0cc0 07       		.byte	0x7
 1736 0cc1 6F01     		.2byte	0x16f
 1737 0cc3 22       		.byte	0x22
 1738 0cc4 C6050000 		.4byte	0x5c6
 1739 0cc8 00       		.byte	0
 1740 0cc9 0F       		.uleb128 0xf
 1741 0cca D8050000 		.4byte	.LASF171
 1742 0cce 07       		.byte	0x7
 1743 0ccf 7501     		.2byte	0x175
 1744 0cd1 22       		.byte	0x22
 1745 0cd2 6F0C0000 		.4byte	0xc6f
 1746 0cd6 04       		.byte	0x4
 1747 0cd7 0F       		.uleb128 0xf
 1748 0cd8 2B040000 		.4byte	.LASF172
 1749 0cdc 07       		.byte	0x7
 1750 0cdd 7901     		.2byte	0x179
 1751 0cdf 22       		.byte	0x22
 1752 0ce0 6F0C0000 		.4byte	0xc6f
 1753 0ce4 08       		.byte	0x8
 1754 0ce5 0F       		.uleb128 0xf
 1755 0ce6 540B0000 		.4byte	.LASF173
 1756 0cea 07       		.byte	0x7
 1757 0ceb 7F01     		.2byte	0x17f
 1758 0ced 22       		.byte	0x22
 1759 0cee 6F0C0000 		.4byte	0xc6f
 1760 0cf2 0C       		.byte	0xc
 1761 0cf3 0F       		.uleb128 0xf
 1762 0cf4 69050000 		.4byte	.LASF174
 1763 0cf8 07       		.byte	0x7
 1764 0cf9 8301     		.2byte	0x183
 1765 0cfb 22       		.byte	0x22
 1766 0cfc 6F0C0000 		.4byte	0xc6f
 1767 0d00 10       		.byte	0x10
ARM GAS  /tmp/ccL77YrL.s 			page 32


 1768 0d01 00       		.byte	0
 1769 0d02 1B       		.uleb128 0x1b
 1770 0d03 3A040000 		.4byte	.LASF175
 1771 0d07 07       		.byte	0x7
 1772 0d08 8501     		.2byte	0x185
 1773 0d0a 03       		.byte	0x3
 1774 0d0b AD0C0000 		.4byte	0xcad
 1775 0d0f 03       		.uleb128 0x3
 1776 0d10 020D0000 		.4byte	0xd02
 1777 0d14 11       		.uleb128 0x11
 1778 0d15 04       		.byte	0x4
 1779 0d16 0F0D0000 		.4byte	0xd0f
 1780 0d1a 04       		.uleb128 0x4
 1781 0d1b 5F0A0000 		.4byte	.LASF176
 1782 0d1f 10       		.byte	0x10
 1783 0d20 34       		.byte	0x34
 1784 0d21 19       		.byte	0x19
 1785 0d22 2E0C0000 		.4byte	0xc2e
 1786 0d26 11       		.uleb128 0x11
 1787 0d27 04       		.byte	0x4
 1788 0d28 1A0D0000 		.4byte	0xd1a
 1789 0d2c 05       		.uleb128 0x5
 1790 0d2d 01       		.byte	0x1
 1791 0d2e 02       		.byte	0x2
 1792 0d2f FC060000 		.4byte	.LASF177
 1793 0d33 11       		.uleb128 0x11
 1794 0d34 04       		.byte	0x4
 1795 0d35 7C010000 		.4byte	0x17c
 1796 0d39 1A       		.uleb128 0x1a
 1797 0d3a 10       		.byte	0x10
 1798 0d3b 11       		.byte	0x11
 1799 0d3c A701     		.2byte	0x1a7
 1800 0d3e 10       		.byte	0x10
 1801 0d3f 24060000 		.4byte	.LASF178
 1802 0d43 9C0D0000 		.4byte	0xd9c
 1803 0d47 0F       		.uleb128 0xf
 1804 0d48 5C060000 		.4byte	.LASF179
 1805 0d4c 11       		.byte	0x11
 1806 0d4d A801     		.2byte	0x1a8
 1807 0d4f 1A       		.byte	0x1a
 1808 0d50 9C0D0000 		.4byte	0xd9c
 1809 0d54 00       		.byte	0
 1810 0d55 0F       		.uleb128 0xf
 1811 0d56 35010000 		.4byte	.LASF180
 1812 0d5a 11       		.byte	0x11
 1813 0d5b A901     		.2byte	0x1a9
 1814 0d5d 1A       		.byte	0x1a
 1815 0d5e A20D0000 		.4byte	0xda2
 1816 0d62 04       		.byte	0x4
 1817 0d63 0E       		.uleb128 0xe
 1818 0d64 6D757800 		.ascii	"mux\000"
 1819 0d68 11       		.byte	0x11
 1820 0d69 AB01     		.2byte	0x1ab
 1821 0d6b 1B       		.byte	0x1b
 1822 0d6c A80D0000 		.4byte	0xda8
 1823 0d70 08       		.byte	0x8
 1824 0d71 0F       		.uleb128 0xf
ARM GAS  /tmp/ccL77YrL.s 			page 33


 1825 0d72 42030000 		.4byte	.LASF181
 1826 0d76 11       		.byte	0x11
 1827 0d77 AF01     		.2byte	0x1af
 1828 0d79 19       		.byte	0x19
 1829 0d7a 7C010000 		.4byte	0x17c
 1830 0d7e 0C       		.byte	0xc
 1831 0d7f 0F       		.uleb128 0xf
 1832 0d80 140D0000 		.4byte	.LASF182
 1833 0d84 11       		.byte	0x11
 1834 0d85 B101     		.2byte	0x1b1
 1835 0d87 19       		.byte	0x19
 1836 0d88 7C010000 		.4byte	0x17c
 1837 0d8c 0D       		.byte	0xd
 1838 0d8d 0F       		.uleb128 0xf
 1839 0d8e C6030000 		.4byte	.LASF183
 1840 0d92 11       		.byte	0x11
 1841 0d93 B201     		.2byte	0x1b2
 1842 0d95 19       		.byte	0x19
 1843 0d96 7C010000 		.4byte	0x17c
 1844 0d9a 0E       		.byte	0xe
 1845 0d9b 00       		.byte	0
 1846 0d9c 11       		.uleb128 0x11
 1847 0d9d 04       		.byte	0x4
 1848 0d9e 11090000 		.4byte	0x911
 1849 0da2 11       		.uleb128 0x11
 1850 0da3 04       		.byte	0x4
 1851 0da4 C2010000 		.4byte	0x1c2
 1852 0da8 11       		.uleb128 0x11
 1853 0da9 04       		.byte	0x4
 1854 0daa 3B090000 		.4byte	0x93b
 1855 0dae 1B       		.uleb128 0x1b
 1856 0daf E8050000 		.4byte	.LASF184
 1857 0db3 11       		.byte	0x11
 1858 0db4 B301     		.2byte	0x1b3
 1859 0db6 03       		.byte	0x3
 1860 0db7 390D0000 		.4byte	0xd39
 1861 0dbb 03       		.uleb128 0x3
 1862 0dbc AE0D0000 		.4byte	0xdae
 1863 0dc0 11       		.uleb128 0x11
 1864 0dc1 04       		.byte	0x4
 1865 0dc2 88010000 		.4byte	0x188
 1866 0dc6 1D       		.uleb128 0x1d
 1867 0dc7 07       		.byte	0x7
 1868 0dc8 01       		.byte	0x1
 1869 0dc9 6E000000 		.4byte	0x6e
 1870 0dcd 12       		.byte	0x12
 1871 0dce 4D       		.byte	0x4d
 1872 0dcf 0E       		.byte	0xe
 1873 0dd0 890B0000 		.4byte	.LASF295
 1874 0dd4 FD0D0000 		.4byte	0xdfd
 1875 0dd8 1E       		.uleb128 0x1e
 1876 0dd9 CC060000 		.4byte	.LASF185
 1877 0ddd 00       		.byte	0
 1878 0dde 1E       		.uleb128 0x1e
 1879 0ddf 4D0A0000 		.4byte	.LASF186
 1880 0de3 01       		.byte	0x1
 1881 0de4 1E       		.uleb128 0x1e
ARM GAS  /tmp/ccL77YrL.s 			page 34


 1882 0de5 13080000 		.4byte	.LASF187
 1883 0de9 02       		.byte	0x2
 1884 0dea 1E       		.uleb128 0x1e
 1885 0deb 02030000 		.4byte	.LASF188
 1886 0def 03       		.byte	0x3
 1887 0df0 1E       		.uleb128 0x1e
 1888 0df1 01010000 		.4byte	.LASF189
 1889 0df5 04       		.byte	0x4
 1890 0df6 1E       		.uleb128 0x1e
 1891 0df7 9C080000 		.4byte	.LASF190
 1892 0dfb 05       		.byte	0x5
 1893 0dfc 00       		.byte	0
 1894 0dfd 04       		.uleb128 0x4
 1895 0dfe DB030000 		.4byte	.LASF191
 1896 0e02 12       		.byte	0x12
 1897 0e03 54       		.byte	0x54
 1898 0e04 03       		.byte	0x3
 1899 0e05 C60D0000 		.4byte	0xdc6
 1900 0e09 1B       		.uleb128 0x1b
 1901 0e0a 98040000 		.4byte	.LASF192
 1902 0e0e 13       		.byte	0x13
 1903 0e0f A001     		.2byte	0x1a0
 1904 0e11 12       		.byte	0x12
 1905 0e12 B6010000 		.4byte	0x1b6
 1906 0e16 1C       		.uleb128 0x1c
 1907 0e17 47020000 		.4byte	.LASF193
 1908 0e1b 0C       		.byte	0xc
 1909 0e1c 13       		.byte	0x13
 1910 0e1d A501     		.2byte	0x1a5
 1911 0e1f 08       		.byte	0x8
 1912 0e20 4F0E0000 		.4byte	0xe4f
 1913 0e24 0F       		.uleb128 0xf
 1914 0e25 B60B0000 		.4byte	.LASF194
 1915 0e29 13       		.byte	0x13
 1916 0e2a AB01     		.2byte	0x1ab
 1917 0e2c 13       		.byte	0x13
 1918 0e2d B6010000 		.4byte	0x1b6
 1919 0e31 00       		.byte	0
 1920 0e32 0E       		.uleb128 0xe
 1921 0e33 63723100 		.ascii	"cr1\000"
 1922 0e37 13       		.byte	0x13
 1923 0e38 B001     		.2byte	0x1b0
 1924 0e3a 13       		.byte	0x13
 1925 0e3b B6010000 		.4byte	0x1b6
 1926 0e3f 04       		.byte	0x4
 1927 0e40 0E       		.uleb128 0xe
 1928 0e41 63723200 		.ascii	"cr2\000"
 1929 0e45 13       		.byte	0x13
 1930 0e46 B501     		.2byte	0x1b5
 1931 0e48 13       		.byte	0x13
 1932 0e49 B6010000 		.4byte	0x1b6
 1933 0e4d 08       		.byte	0x8
 1934 0e4e 00       		.byte	0
 1935 0e4f 1B       		.uleb128 0x1b
 1936 0e50 FF030000 		.4byte	.LASF195
 1937 0e54 13       		.byte	0x13
 1938 0e55 BB01     		.2byte	0x1bb
ARM GAS  /tmp/ccL77YrL.s 			page 35


 1939 0e57 1F       		.byte	0x1f
 1940 0e58 160E0000 		.4byte	0xe16
 1941 0e5c 03       		.uleb128 0x3
 1942 0e5d 4F0E0000 		.4byte	0xe4f
 1943 0e61 1B       		.uleb128 0x1b
 1944 0e62 2B010000 		.4byte	.LASF196
 1945 0e66 13       		.byte	0x13
 1946 0e67 C001     		.2byte	0x1c0
 1947 0e69 1F       		.byte	0x1f
 1948 0e6a 6E0E0000 		.4byte	0xe6e
 1949 0e6e 1C       		.uleb128 0x1c
 1950 0e6f 0D0C0000 		.4byte	.LASF197
 1951 0e73 40       		.byte	0x40
 1952 0e74 13       		.byte	0x13
 1953 0e75 C501     		.2byte	0x1c5
 1954 0e77 08       		.byte	0x8
 1955 0e78 610F0000 		.4byte	0xf61
 1956 0e7c 1F       		.uleb128 0x1f
 1957 0e7d 04       		.byte	0x4
 1958 0e7e 13       		.byte	0x13
 1959 0e7f F701     		.2byte	0x1f7
 1960 0e81 09       		.byte	0x9
 1961 0e82 940E0000 		.4byte	0xe94
 1962 0e86 20       		.uleb128 0x20
 1963 0e87 646D6100 		.ascii	"dma\000"
 1964 0e8b 13       		.byte	0x13
 1965 0e8c FC01     		.2byte	0x1fc
 1966 0e8e 20       		.byte	0x20
 1967 0e8f 610F0000 		.4byte	0xf61
 1968 0e93 00       		.byte	0
 1969 0e94 1F       		.uleb128 0x1f
 1970 0e95 04       		.byte	0x4
 1971 0e96 13       		.byte	0x13
 1972 0e97 0A02     		.2byte	0x20a
 1973 0e99 09       		.byte	0x9
 1974 0e9a AC0E0000 		.4byte	0xeac
 1975 0e9e 20       		.uleb128 0x20
 1976 0e9f 646D6100 		.ascii	"dma\000"
 1977 0ea3 13       		.byte	0x13
 1978 0ea4 0F02     		.2byte	0x20f
 1979 0ea6 20       		.byte	0x20
 1980 0ea7 610F0000 		.4byte	0xf61
 1981 0eab 00       		.byte	0
 1982 0eac 0F       		.uleb128 0xf
 1983 0ead 0C0B0000 		.4byte	.LASF85
 1984 0eb1 13       		.byte	0x13
 1985 0eb2 C901     		.2byte	0x1c9
 1986 0eb4 1D       		.byte	0x1d
 1987 0eb5 FD0D0000 		.4byte	0xdfd
 1988 0eb9 00       		.byte	0
 1989 0eba 0F       		.uleb128 0xf
 1990 0ebb 39080000 		.4byte	.LASF102
 1991 0ebf 13       		.byte	0x13
 1992 0ec0 CD01     		.2byte	0x1cd
 1993 0ec2 1E       		.byte	0x1e
 1994 0ec3 670F0000 		.4byte	0xf67
 1995 0ec7 04       		.byte	0x4
ARM GAS  /tmp/ccL77YrL.s 			page 36


 1996 0ec8 0F       		.uleb128 0xf
 1997 0ec9 CD030000 		.4byte	.LASF198
 1998 0ecd 13       		.byte	0x13
 1999 0ece D101     		.2byte	0x1d1
 2000 0ed0 1D       		.byte	0x1d
 2001 0ed1 090E0000 		.4byte	0xe09
 2002 0ed5 08       		.byte	0x8
 2003 0ed6 0F       		.uleb128 0xf
 2004 0ed7 3C030000 		.4byte	.LASF199
 2005 0edb 13       		.byte	0x13
 2006 0edc D301     		.2byte	0x1d3
 2007 0ede 1D       		.byte	0x1d
 2008 0edf 1A0D0000 		.4byte	0xd1a
 2009 0ee3 0C       		.byte	0xc
 2010 0ee4 0F       		.uleb128 0xf
 2011 0ee5 110A0000 		.4byte	.LASF200
 2012 0ee9 13       		.byte	0x13
 2013 0eea DC01     		.2byte	0x1dc
 2014 0eec 1D       		.byte	0x1d
 2015 0eed EE0B0000 		.4byte	0xbee
 2016 0ef1 1C       		.byte	0x1c
 2017 0ef2 0F       		.uleb128 0xf
 2018 0ef3 FA020000 		.4byte	.LASF201
 2019 0ef7 13       		.byte	0x13
 2020 0ef8 E001     		.2byte	0x1e0
 2021 0efa 1D       		.byte	0x1d
 2022 0efb 29000000 		.4byte	0x29
 2023 0eff 20       		.byte	0x20
 2024 0f00 0F       		.uleb128 0xf
 2025 0f01 5B050000 		.4byte	.LASF202
 2026 0f05 13       		.byte	0x13
 2027 0f06 E401     		.2byte	0x1e4
 2028 0f08 1D       		.byte	0x1d
 2029 0f09 29000000 		.4byte	0x29
 2030 0f0d 24       		.byte	0x24
 2031 0f0e 0F       		.uleb128 0xf
 2032 0f0f BC0A0000 		.4byte	.LASF203
 2033 0f13 13       		.byte	0x13
 2034 0f14 E901     		.2byte	0x1e9
 2035 0f16 1D       		.byte	0x1d
 2036 0f17 B6010000 		.4byte	0x1b6
 2037 0f1b 28       		.byte	0x28
 2038 0f1c 0F       		.uleb128 0xf
 2039 0f1d B2050000 		.4byte	.LASF204
 2040 0f21 13       		.byte	0x13
 2041 0f22 ED01     		.2byte	0x1ed
 2042 0f24 1D       		.byte	0x1d
 2043 0f25 B6010000 		.4byte	0x1b6
 2044 0f29 2C       		.byte	0x2c
 2045 0f2a 0E       		.uleb128 0xe
 2046 0f2b 727800   		.ascii	"rx\000"
 2047 0f2e 13       		.byte	0x13
 2048 0f2f 0602     		.2byte	0x206
 2049 0f31 05       		.byte	0x5
 2050 0f32 7C0E0000 		.4byte	0xe7c
 2051 0f36 30       		.byte	0x30
 2052 0f37 0E       		.uleb128 0xe
ARM GAS  /tmp/ccL77YrL.s 			page 37


 2053 0f38 747800   		.ascii	"tx\000"
 2054 0f3b 13       		.byte	0x13
 2055 0f3c 1902     		.2byte	0x219
 2056 0f3e 05       		.byte	0x5
 2057 0f3f 940E0000 		.4byte	0xe94
 2058 0f43 34       		.byte	0x34
 2059 0f44 0E       		.uleb128 0xe
 2060 0f45 69326300 		.ascii	"i2c\000"
 2061 0f49 13       		.byte	0x13
 2062 0f4a 2702     		.2byte	0x227
 2063 0f4c 1E       		.byte	0x1e
 2064 0f4d 6D0F0000 		.4byte	0xf6d
 2065 0f51 38       		.byte	0x38
 2066 0f52 0F       		.uleb128 0xf
 2067 0f53 AE020000 		.4byte	.LASF205
 2068 0f57 13       		.byte	0x13
 2069 0f58 3802     		.2byte	0x238
 2070 0f5a 1D       		.byte	0x1d
 2071 0f5b 2C0D0000 		.4byte	0xd2c
 2072 0f5f 3C       		.byte	0x3c
 2073 0f60 00       		.byte	0
 2074 0f61 11       		.uleb128 0x11
 2075 0f62 04       		.byte	0x4
 2076 0f63 BB0D0000 		.4byte	0xdbb
 2077 0f67 11       		.uleb128 0x11
 2078 0f68 04       		.byte	0x4
 2079 0f69 5C0E0000 		.4byte	0xe5c
 2080 0f6d 11       		.uleb128 0x11
 2081 0f6e 04       		.byte	0x4
 2082 0f6f F1090000 		.4byte	0x9f1
 2083 0f73 21       		.uleb128 0x21
 2084 0f74 06060000 		.4byte	.LASF231
 2085 0f78 13       		.byte	0x13
 2086 0f79 5202     		.2byte	0x252
 2087 0f7b 12       		.byte	0x12
 2088 0f7c 610E0000 		.4byte	0xe61
 2089 0f80 22       		.uleb128 0x22
 2090 0f81 73746400 		.ascii	"std\000"
 2091 0f85 1B       		.byte	0x1b
 2092 0f86 00       		.byte	0
 2093 0f87 90100000 		.4byte	0x1090
 2094 0f8b 23       		.uleb128 0x23
 2095 0f8c 01070000 		.4byte	.LASF206
 2096 0f90 16       		.byte	0x16
 2097 0f91 1E01     		.2byte	0x11e
 2098 0f93 41       		.byte	0x41
 2099 0f94 24       		.uleb128 0x24
 2100 0f95 16       		.byte	0x16
 2101 0f96 1E01     		.2byte	0x11e
 2102 0f98 41       		.byte	0x41
 2103 0f99 8B0F0000 		.4byte	0xf8b
 2104 0f9d 25       		.uleb128 0x25
 2105 0f9e 14       		.byte	0x14
 2106 0f9f 2F       		.byte	0x2f
 2107 0fa0 0B       		.byte	0xb
 2108 0fa1 70010000 		.4byte	0x170
 2109 0fa5 25       		.uleb128 0x25
ARM GAS  /tmp/ccL77YrL.s 			page 38


 2110 0fa6 14       		.byte	0x14
 2111 0fa7 30       		.byte	0x30
 2112 0fa8 0B       		.byte	0xb
 2113 0fa9 8D010000 		.4byte	0x18d
 2114 0fad 25       		.uleb128 0x25
 2115 0fae 14       		.byte	0x14
 2116 0faf 31       		.byte	0x31
 2117 0fb0 0B       		.byte	0xb
 2118 0fb1 A5010000 		.4byte	0x1a5
 2119 0fb5 25       		.uleb128 0x25
 2120 0fb6 14       		.byte	0x14
 2121 0fb7 32       		.byte	0x32
 2122 0fb8 0B       		.byte	0xb
 2123 0fb9 CC010000 		.4byte	0x1cc
 2124 0fbd 25       		.uleb128 0x25
 2125 0fbe 14       		.byte	0x14
 2126 0fbf 34       		.byte	0x34
 2127 0fc0 0B       		.byte	0xb
 2128 0fc1 79020000 		.4byte	0x279
 2129 0fc5 25       		.uleb128 0x25
 2130 0fc6 14       		.byte	0x14
 2131 0fc7 35       		.byte	0x35
 2132 0fc8 0B       		.byte	0xb
 2133 0fc9 91020000 		.4byte	0x291
 2134 0fcd 25       		.uleb128 0x25
 2135 0fce 14       		.byte	0x14
 2136 0fcf 36       		.byte	0x36
 2137 0fd0 0B       		.byte	0xb
 2138 0fd1 A9020000 		.4byte	0x2a9
 2139 0fd5 25       		.uleb128 0x25
 2140 0fd6 14       		.byte	0x14
 2141 0fd7 37       		.byte	0x37
 2142 0fd8 0B       		.byte	0xb
 2143 0fd9 C1020000 		.4byte	0x2c1
 2144 0fdd 25       		.uleb128 0x25
 2145 0fde 14       		.byte	0x14
 2146 0fdf 39       		.byte	0x39
 2147 0fe0 0B       		.byte	0xb
 2148 0fe1 19020000 		.4byte	0x219
 2149 0fe5 25       		.uleb128 0x25
 2150 0fe6 14       		.byte	0x14
 2151 0fe7 3A       		.byte	0x3a
 2152 0fe8 0B       		.byte	0xb
 2153 0fe9 31020000 		.4byte	0x231
 2154 0fed 25       		.uleb128 0x25
 2155 0fee 14       		.byte	0x14
 2156 0fef 3B       		.byte	0x3b
 2157 0ff0 0B       		.byte	0xb
 2158 0ff1 49020000 		.4byte	0x249
 2159 0ff5 25       		.uleb128 0x25
 2160 0ff6 14       		.byte	0x14
 2161 0ff7 3C       		.byte	0x3c
 2162 0ff8 0B       		.byte	0xb
 2163 0ff9 61020000 		.4byte	0x261
 2164 0ffd 25       		.uleb128 0x25
 2165 0ffe 14       		.byte	0x14
 2166 0fff 3E       		.byte	0x3e
ARM GAS  /tmp/ccL77YrL.s 			page 39


 2167 1000 0B       		.byte	0xb
 2168 1001 E9010000 		.4byte	0x1e9
 2169 1005 25       		.uleb128 0x25
 2170 1006 14       		.byte	0x14
 2171 1007 3F       		.byte	0x3f
 2172 1008 0B       		.byte	0xb
 2173 1009 01020000 		.4byte	0x201
 2174 100d 25       		.uleb128 0x25
 2175 100e 14       		.byte	0x14
 2176 100f 41       		.byte	0x41
 2177 1010 0B       		.byte	0xb
 2178 1011 7C010000 		.4byte	0x17c
 2179 1015 25       		.uleb128 0x25
 2180 1016 14       		.byte	0x14
 2181 1017 42       		.byte	0x42
 2182 1018 0B       		.byte	0xb
 2183 1019 99010000 		.4byte	0x199
 2184 101d 25       		.uleb128 0x25
 2185 101e 14       		.byte	0x14
 2186 101f 43       		.byte	0x43
 2187 1020 0B       		.byte	0xb
 2188 1021 B6010000 		.4byte	0x1b6
 2189 1025 25       		.uleb128 0x25
 2190 1026 14       		.byte	0x14
 2191 1027 44       		.byte	0x44
 2192 1028 0B       		.byte	0xb
 2193 1029 D8010000 		.4byte	0x1d8
 2194 102d 25       		.uleb128 0x25
 2195 102e 14       		.byte	0x14
 2196 102f 46       		.byte	0x46
 2197 1030 0B       		.byte	0xb
 2198 1031 85020000 		.4byte	0x285
 2199 1035 25       		.uleb128 0x25
 2200 1036 14       		.byte	0x14
 2201 1037 47       		.byte	0x47
 2202 1038 0B       		.byte	0xb
 2203 1039 9D020000 		.4byte	0x29d
 2204 103d 25       		.uleb128 0x25
 2205 103e 14       		.byte	0x14
 2206 103f 48       		.byte	0x48
 2207 1040 0B       		.byte	0xb
 2208 1041 B5020000 		.4byte	0x2b5
 2209 1045 25       		.uleb128 0x25
 2210 1046 14       		.byte	0x14
 2211 1047 49       		.byte	0x49
 2212 1048 0B       		.byte	0xb
 2213 1049 CD020000 		.4byte	0x2cd
 2214 104d 25       		.uleb128 0x25
 2215 104e 14       		.byte	0x14
 2216 104f 4B       		.byte	0x4b
 2217 1050 0B       		.byte	0xb
 2218 1051 25020000 		.4byte	0x225
 2219 1055 25       		.uleb128 0x25
 2220 1056 14       		.byte	0x14
 2221 1057 4C       		.byte	0x4c
 2222 1058 0B       		.byte	0xb
 2223 1059 3D020000 		.4byte	0x23d
ARM GAS  /tmp/ccL77YrL.s 			page 40


 2224 105d 25       		.uleb128 0x25
 2225 105e 14       		.byte	0x14
 2226 105f 4D       		.byte	0x4d
 2227 1060 0B       		.byte	0xb
 2228 1061 55020000 		.4byte	0x255
 2229 1065 25       		.uleb128 0x25
 2230 1066 14       		.byte	0x14
 2231 1067 4E       		.byte	0x4e
 2232 1068 0B       		.byte	0xb
 2233 1069 6D020000 		.4byte	0x26d
 2234 106d 25       		.uleb128 0x25
 2235 106e 14       		.byte	0x14
 2236 106f 50       		.byte	0x50
 2237 1070 0B       		.byte	0xb
 2238 1071 F5010000 		.4byte	0x1f5
 2239 1075 25       		.uleb128 0x25
 2240 1076 14       		.byte	0x14
 2241 1077 51       		.byte	0x51
 2242 1078 0B       		.byte	0xb
 2243 1079 0D020000 		.4byte	0x20d
 2244 107d 26       		.uleb128 0x26
 2245 107e 15       		.byte	0x15
 2246 107f 2904     		.2byte	0x429
 2247 1081 0B       		.byte	0xb
 2248 1082 20130000 		.4byte	0x1320
 2249 1086 26       		.uleb128 0x26
 2250 1087 15       		.byte	0x15
 2251 1088 2A04     		.2byte	0x42a
 2252 108a 0B       		.byte	0xb
 2253 108b 14130000 		.4byte	0x1314
 2254 108f 00       		.byte	0
 2255 1090 27       		.uleb128 0x27
 2256 1091 3A010000 		.4byte	.LASF207
 2257 1095 16       		.byte	0x16
 2258 1096 2001     		.2byte	0x120
 2259 1098 0B       		.byte	0xb
 2260 1099 B0100000 		.4byte	0x10b0
 2261 109d 23       		.uleb128 0x23
 2262 109e 01070000 		.4byte	.LASF206
 2263 10a2 16       		.byte	0x16
 2264 10a3 2201     		.2byte	0x122
 2265 10a5 41       		.byte	0x41
 2266 10a6 24       		.uleb128 0x24
 2267 10a7 16       		.byte	0x16
 2268 10a8 2201     		.2byte	0x122
 2269 10aa 41       		.byte	0x41
 2270 10ab 9D100000 		.4byte	0x109d
 2271 10af 00       		.byte	0
 2272 10b0 28       		.uleb128 0x28
 2273 10b1 A0060000 		.4byte	.LASF208
 2274 10b5 17       		.byte	0x17
 2275 10b6 17       		.byte	0x17
 2276 10b7 0B       		.byte	0xb
 2277 10b8 AB110000 		.4byte	0x11ab
 2278 10bc 29       		.uleb128 0x29
 2279 10bd 5800     		.ascii	"X\000"
 2280 10bf 17       		.byte	0x17
ARM GAS  /tmp/ccL77YrL.s 			page 41


 2281 10c0 19       		.byte	0x19
 2282 10c1 13       		.byte	0x13
 2283 10c2 24000000 		.4byte	0x24
 2284 10c6 00       		.byte	0
 2285 10c7 29       		.uleb128 0x29
 2286 10c8 5900     		.ascii	"Y\000"
 2287 10ca 17       		.byte	0x17
 2288 10cb 1A       		.byte	0x1a
 2289 10cc 13       		.byte	0x13
 2290 10cd 24000000 		.4byte	0x24
 2291 10d1 01       		.byte	0x1
 2292 10d2 2A       		.uleb128 0x2a
 2293 10d3 63050000 		.4byte	.LASF209
 2294 10d7 17       		.byte	0x17
 2295 10d8 1B       		.byte	0x1b
 2296 10d9 13       		.byte	0x13
 2297 10da 24000000 		.4byte	0x24
 2298 10de 02       		.byte	0x2
 2299 10df 29       		.uleb128 0x29
 2300 10e0 5500     		.ascii	"U\000"
 2301 10e2 17       		.byte	0x17
 2302 10e3 1E       		.byte	0x1e
 2303 10e4 13       		.byte	0x13
 2304 10e5 24000000 		.4byte	0x24
 2305 10e9 03       		.byte	0x3
 2306 10ea 29       		.uleb128 0x29
 2307 10eb 5600     		.ascii	"V\000"
 2308 10ed 17       		.byte	0x17
 2309 10ee 1F       		.byte	0x1f
 2310 10ef 13       		.byte	0x13
 2311 10f0 24000000 		.4byte	0x24
 2312 10f4 04       		.byte	0x4
 2313 10f5 29       		.uleb128 0x29
 2314 10f6 5700     		.ascii	"W\000"
 2315 10f8 17       		.byte	0x17
 2316 10f9 20       		.byte	0x20
 2317 10fa 13       		.byte	0x13
 2318 10fb 24000000 		.4byte	0x24
 2319 10ff 05       		.byte	0x5
 2320 1100 2A       		.uleb128 0x2a
 2321 1101 46050000 		.4byte	.LASF210
 2322 1105 17       		.byte	0x17
 2323 1106 23       		.byte	0x23
 2324 1107 13       		.byte	0x13
 2325 1108 24000000 		.4byte	0x24
 2326 110c 06       		.byte	0x6
 2327 110d 2A       		.uleb128 0x2a
 2328 110e 53000000 		.4byte	.LASF211
 2329 1112 17       		.byte	0x17
 2330 1113 24       		.byte	0x24
 2331 1114 13       		.byte	0x13
 2332 1115 24000000 		.4byte	0x24
 2333 1119 07       		.byte	0x7
 2334 111a 2A       		.uleb128 0x2a
 2335 111b 7E080000 		.4byte	.LASF212
 2336 111f 17       		.byte	0x17
 2337 1120 25       		.byte	0x25
ARM GAS  /tmp/ccL77YrL.s 			page 42


 2338 1121 13       		.byte	0x13
 2339 1122 24000000 		.4byte	0x24
 2340 1126 08       		.byte	0x8
 2341 1127 29       		.uleb128 0x29
 2342 1128 513000   		.ascii	"Q0\000"
 2343 112b 17       		.byte	0x17
 2344 112c 28       		.byte	0x28
 2345 112d 13       		.byte	0x13
 2346 112e 24000000 		.4byte	0x24
 2347 1132 09       		.byte	0x9
 2348 1133 29       		.uleb128 0x29
 2349 1134 513100   		.ascii	"Q1\000"
 2350 1137 17       		.byte	0x17
 2351 1138 29       		.byte	0x29
 2352 1139 13       		.byte	0x13
 2353 113a 24000000 		.4byte	0x24
 2354 113e 0A       		.byte	0xa
 2355 113f 29       		.uleb128 0x29
 2356 1140 513200   		.ascii	"Q2\000"
 2357 1143 17       		.byte	0x17
 2358 1144 2A       		.byte	0x2a
 2359 1145 13       		.byte	0x13
 2360 1146 24000000 		.4byte	0x24
 2361 114a 0B       		.byte	0xb
 2362 114b 29       		.uleb128 0x29
 2363 114c 513300   		.ascii	"Q3\000"
 2364 114f 17       		.byte	0x17
 2365 1150 2B       		.byte	0x2b
 2366 1151 13       		.byte	0x13
 2367 1152 24000000 		.4byte	0x24
 2368 1156 0C       		.byte	0xc
 2369 1157 29       		.uleb128 0x29
 2370 1158 5000     		.ascii	"P\000"
 2371 115a 17       		.byte	0x17
 2372 115b 2E       		.byte	0x2e
 2373 115c 13       		.byte	0x13
 2374 115d 24000000 		.4byte	0x24
 2375 1161 0D       		.byte	0xd
 2376 1162 29       		.uleb128 0x29
 2377 1163 5100     		.ascii	"Q\000"
 2378 1165 17       		.byte	0x17
 2379 1166 2F       		.byte	0x2f
 2380 1167 13       		.byte	0x13
 2381 1168 24000000 		.4byte	0x24
 2382 116c 0E       		.byte	0xe
 2383 116d 29       		.uleb128 0x29
 2384 116e 5200     		.ascii	"R\000"
 2385 1170 17       		.byte	0x17
 2386 1171 30       		.byte	0x30
 2387 1172 13       		.byte	0x13
 2388 1173 24000000 		.4byte	0x24
 2389 1177 0F       		.byte	0xf
 2390 1178 2A       		.uleb128 0x2a
 2391 1179 CE010000 		.4byte	.LASF213
 2392 117d 17       		.byte	0x17
 2393 117e 34       		.byte	0x34
 2394 117f 13       		.byte	0x13
ARM GAS  /tmp/ccL77YrL.s 			page 43


 2395 1180 24000000 		.4byte	0x24
 2396 1184 10       		.byte	0x10
 2397 1185 2A       		.uleb128 0x2a
 2398 1186 84090000 		.4byte	.LASF214
 2399 118a 17       		.byte	0x17
 2400 118b 35       		.byte	0x35
 2401 118c 13       		.byte	0x13
 2402 118d 24000000 		.4byte	0x24
 2403 1191 11       		.byte	0x11
 2404 1192 2A       		.uleb128 0x2a
 2405 1193 AC050000 		.4byte	.LASF215
 2406 1197 17       		.byte	0x17
 2407 1198 36       		.byte	0x36
 2408 1199 13       		.byte	0x13
 2409 119a 24000000 		.4byte	0x24
 2410 119e 12       		.byte	0x12
 2411 119f 29       		.uleb128 0x29
 2412 11a0 4E00     		.ascii	"N\000"
 2413 11a2 17       		.byte	0x17
 2414 11a3 39       		.byte	0x39
 2415 11a4 13       		.byte	0x13
 2416 11a5 24000000 		.4byte	0x24
 2417 11a9 13       		.byte	0x13
 2418 11aa 00       		.byte	0
 2419 11ab 2B       		.uleb128 0x2b
 2420 11ac BC100000 		.4byte	0x10bc
 2421 11b0 2B       		.uleb128 0x2b
 2422 11b1 C7100000 		.4byte	0x10c7
 2423 11b5 2B       		.uleb128 0x2b
 2424 11b6 D2100000 		.4byte	0x10d2
 2425 11ba 2B       		.uleb128 0x2b
 2426 11bb DF100000 		.4byte	0x10df
 2427 11bf 2B       		.uleb128 0x2b
 2428 11c0 EA100000 		.4byte	0x10ea
 2429 11c4 2B       		.uleb128 0x2b
 2430 11c5 F5100000 		.4byte	0x10f5
 2431 11c9 2B       		.uleb128 0x2b
 2432 11ca 00110000 		.4byte	0x1100
 2433 11ce 2B       		.uleb128 0x2b
 2434 11cf 0D110000 		.4byte	0x110d
 2435 11d3 2B       		.uleb128 0x2b
 2436 11d4 1A110000 		.4byte	0x111a
 2437 11d8 2B       		.uleb128 0x2b
 2438 11d9 27110000 		.4byte	0x1127
 2439 11dd 2B       		.uleb128 0x2b
 2440 11de 33110000 		.4byte	0x1133
 2441 11e2 2B       		.uleb128 0x2b
 2442 11e3 3F110000 		.4byte	0x113f
 2443 11e7 2B       		.uleb128 0x2b
 2444 11e8 4B110000 		.4byte	0x114b
 2445 11ec 2B       		.uleb128 0x2b
 2446 11ed 57110000 		.4byte	0x1157
 2447 11f1 2B       		.uleb128 0x2b
 2448 11f2 62110000 		.4byte	0x1162
 2449 11f6 2B       		.uleb128 0x2b
 2450 11f7 6D110000 		.4byte	0x116d
 2451 11fb 2B       		.uleb128 0x2b
ARM GAS  /tmp/ccL77YrL.s 			page 44


 2452 11fc 78110000 		.4byte	0x1178
 2453 1200 2B       		.uleb128 0x2b
 2454 1201 85110000 		.4byte	0x1185
 2455 1205 2B       		.uleb128 0x2b
 2456 1206 92110000 		.4byte	0x1192
 2457 120a 2B       		.uleb128 0x2b
 2458 120b 9F110000 		.4byte	0x119f
 2459 120f 28       		.uleb128 0x28
 2460 1210 AD0B0000 		.4byte	.LASF216
 2461 1214 17       		.byte	0x17
 2462 1215 3C       		.byte	0x3c
 2463 1216 0B       		.byte	0xb
 2464 1217 77120000 		.4byte	0x1277
 2465 121b 2A       		.uleb128 0x2a
 2466 121c B50A0000 		.4byte	.LASF217
 2467 1220 17       		.byte	0x17
 2468 1221 3D       		.byte	0x3d
 2469 1222 13       		.byte	0x13
 2470 1223 24000000 		.4byte	0x24
 2471 1227 00       		.byte	0
 2472 1228 2A       		.uleb128 0x2a
 2473 1229 A7080000 		.4byte	.LASF218
 2474 122d 17       		.byte	0x17
 2475 122e 3E       		.byte	0x3e
 2476 122f 13       		.byte	0x13
 2477 1230 24000000 		.4byte	0x24
 2478 1234 01       		.byte	0x1
 2479 1235 2A       		.uleb128 0x2a
 2480 1236 26090000 		.4byte	.LASF219
 2481 123a 17       		.byte	0x17
 2482 123b 3F       		.byte	0x3f
 2483 123c 13       		.byte	0x13
 2484 123d 24000000 		.4byte	0x24
 2485 1241 02       		.byte	0x2
 2486 1242 2A       		.uleb128 0x2a
 2487 1243 AC040000 		.4byte	.LASF220
 2488 1247 17       		.byte	0x17
 2489 1248 40       		.byte	0x40
 2490 1249 13       		.byte	0x13
 2491 124a 24000000 		.4byte	0x24
 2492 124e 03       		.byte	0x3
 2493 124f 2A       		.uleb128 0x2a
 2494 1250 2D080000 		.4byte	.LASF221
 2495 1254 17       		.byte	0x17
 2496 1255 41       		.byte	0x41
 2497 1256 13       		.byte	0x13
 2498 1257 24000000 		.4byte	0x24
 2499 125b 04       		.byte	0x4
 2500 125c 2A       		.uleb128 0x2a
 2501 125d 52070000 		.4byte	.LASF222
 2502 1261 17       		.byte	0x17
 2503 1262 42       		.byte	0x42
 2504 1263 13       		.byte	0x13
 2505 1264 24000000 		.4byte	0x24
 2506 1268 05       		.byte	0x5
 2507 1269 2A       		.uleb128 0x2a
 2508 126a B5040000 		.4byte	.LASF223
ARM GAS  /tmp/ccL77YrL.s 			page 45


 2509 126e 17       		.byte	0x17
 2510 126f 43       		.byte	0x43
 2511 1270 13       		.byte	0x13
 2512 1271 24000000 		.4byte	0x24
 2513 1275 06       		.byte	0x6
 2514 1276 00       		.byte	0
 2515 1277 2B       		.uleb128 0x2b
 2516 1278 1B120000 		.4byte	0x121b
 2517 127c 2B       		.uleb128 0x2b
 2518 127d 28120000 		.4byte	0x1228
 2519 1281 2B       		.uleb128 0x2b
 2520 1282 35120000 		.4byte	0x1235
 2521 1286 2B       		.uleb128 0x2b
 2522 1287 42120000 		.4byte	0x1242
 2523 128b 2B       		.uleb128 0x2b
 2524 128c 4F120000 		.4byte	0x124f
 2525 1290 2B       		.uleb128 0x2b
 2526 1291 5C120000 		.4byte	0x125c
 2527 1295 2B       		.uleb128 0x2b
 2528 1296 69120000 		.4byte	0x1269
 2529 129a 05       		.uleb128 0x5
 2530 129b 04       		.byte	0x4
 2531 129c 04       		.byte	0x4
 2532 129d 36030000 		.4byte	.LASF224
 2533 12a1 03       		.uleb128 0x3
 2534 12a2 9A120000 		.4byte	0x129a
 2535 12a6 08       		.uleb128 0x8
 2536 12a7 F7030000 		.4byte	.LASF225
 2537 12ab 10       		.byte	0x10
 2538 12ac 18       		.byte	0x18
 2539 12ad 2C       		.byte	0x2c
 2540 12ae 08       		.byte	0x8
 2541 12af F5120000 		.4byte	0x12f5
 2542 12b3 0D       		.uleb128 0xd
 2543 12b4 4E090000 		.4byte	.LASF226
 2544 12b8 18       		.byte	0x18
 2545 12b9 2D       		.byte	0x2d
 2546 12ba 0B       		.byte	0xb
 2547 12bb 9A120000 		.4byte	0x129a
 2548 12bf 00       		.byte	0
 2549 12c0 0D       		.uleb128 0xd
 2550 12c1 3F0A0000 		.4byte	.LASF227
 2551 12c5 18       		.byte	0x18
 2552 12c6 2E       		.byte	0x2e
 2553 12c7 0B       		.byte	0xb
 2554 12c8 9A120000 		.4byte	0x129a
 2555 12cc 04       		.byte	0x4
 2556 12cd 0D       		.uleb128 0xd
 2557 12ce 040A0000 		.4byte	.LASF228
 2558 12d2 18       		.byte	0x18
 2559 12d3 2F       		.byte	0x2f
 2560 12d4 0B       		.byte	0xb
 2561 12d5 9A120000 		.4byte	0x129a
 2562 12d9 08       		.byte	0x8
 2563 12da 0D       		.uleb128 0xd
 2564 12db 1D040000 		.4byte	.LASF229
 2565 12df 18       		.byte	0x18
ARM GAS  /tmp/ccL77YrL.s 			page 46


 2566 12e0 30       		.byte	0x30
 2567 12e1 0B       		.byte	0xb
 2568 12e2 2C0D0000 		.4byte	0xd2c
 2569 12e6 0C       		.byte	0xc
 2570 12e7 0D       		.uleb128 0xd
 2571 12e8 C1060000 		.4byte	.LASF230
 2572 12ec 18       		.byte	0x18
 2573 12ed 31       		.byte	0x31
 2574 12ee 0B       		.byte	0xb
 2575 12ef 2C0D0000 		.4byte	0xd2c
 2576 12f3 0D       		.byte	0xd
 2577 12f4 00       		.byte	0
 2578 12f5 2C       		.uleb128 0x2c
 2579 12f6 7C030000 		.4byte	.LASF232
 2580 12fa 18       		.byte	0x18
 2581 12fb 4D       		.byte	0x4d
 2582 12fc 10       		.byte	0x10
 2583 12fd 1A0D0000 		.4byte	0xd1a
 2584 1301 2C       		.uleb128 0x2c
 2585 1302 54050000 		.4byte	.LASF233
 2586 1306 18       		.byte	0x18
 2587 1307 4E       		.byte	0x4e
 2588 1308 10       		.byte	0x10
 2589 1309 A6120000 		.4byte	0x12a6
 2590 130d 05       		.uleb128 0x5
 2591 130e 08       		.byte	0x8
 2592 130f 04       		.byte	0x4
 2593 1310 FF040000 		.4byte	.LASF234
 2594 1314 04       		.uleb128 0x4
 2595 1315 78050000 		.4byte	.LASF235
 2596 1319 19       		.byte	0x19
 2597 131a 96       		.byte	0x96
 2598 131b 14       		.byte	0x14
 2599 131c 9A120000 		.4byte	0x129a
 2600 1320 04       		.uleb128 0x4
 2601 1321 EC000000 		.4byte	.LASF236
 2602 1325 19       		.byte	0x19
 2603 1326 97       		.byte	0x97
 2604 1327 14       		.byte	0x14
 2605 1328 0D130000 		.4byte	0x130d
 2606 132c 2D       		.uleb128 0x2d
 2607 132d 38050000 		.4byte	.LASF237
 2608 1331 1A       		.byte	0x1a
 2609 1332 1B       		.byte	0x1b
 2610 1333 1A       		.byte	0x1a
 2611 1334 88010000 		.4byte	0x188
 2612 1338 77       		.byte	0x77
 2613 1339 2D       		.uleb128 0x2d
 2614 133a 86000000 		.4byte	.LASF238
 2615 133e 1A       		.byte	0x1a
 2616 133f 1C       		.byte	0x1c
 2617 1340 1A       		.byte	0x1a
 2618 1341 88010000 		.4byte	0x188
 2619 1345 00       		.byte	0
 2620 1346 2D       		.uleb128 0x2d
 2621 1347 8D030000 		.4byte	.LASF239
 2622 134b 1A       		.byte	0x1a
ARM GAS  /tmp/ccL77YrL.s 			page 47


 2623 134c 1D       		.byte	0x1d
 2624 134d 1A       		.byte	0x1a
 2625 134e 88010000 		.4byte	0x188
 2626 1352 06       		.byte	0x6
 2627 1353 2D       		.uleb128 0x2d
 2628 1354 1C030000 		.4byte	.LASF240
 2629 1358 1A       		.byte	0x1a
 2630 1359 1E       		.byte	0x1e
 2631 135a 1A       		.byte	0x1a
 2632 135b 88010000 		.4byte	0x188
 2633 135f 07       		.byte	0x7
 2634 1360 2D       		.uleb128 0x2d
 2635 1361 5E000000 		.4byte	.LASF241
 2636 1365 1A       		.byte	0x1a
 2637 1366 1F       		.byte	0x1f
 2638 1367 1A       		.byte	0x1a
 2639 1368 88010000 		.4byte	0x188
 2640 136c 08       		.byte	0x8
 2641 136d 2D       		.uleb128 0x2d
 2642 136e B7060000 		.4byte	.LASF242
 2643 1372 1A       		.byte	0x1a
 2644 1373 20       		.byte	0x20
 2645 1374 1A       		.byte	0x1a
 2646 1375 88010000 		.4byte	0x188
 2647 1379 0C       		.byte	0xc
 2648 137a 2D       		.uleb128 0x2d
 2649 137b 3F090000 		.4byte	.LASF243
 2650 137f 1A       		.byte	0x1a
 2651 1380 21       		.byte	0x21
 2652 1381 1A       		.byte	0x1a
 2653 1382 88010000 		.4byte	0x188
 2654 1386 0D       		.byte	0xd
 2655 1387 2D       		.uleb128 0x2d
 2656 1388 56020000 		.4byte	.LASF244
 2657 138c 1A       		.byte	0x1a
 2658 138d 22       		.byte	0x22
 2659 138e 1A       		.byte	0x1a
 2660 138f 88010000 		.4byte	0x188
 2661 1393 10       		.byte	0x10
 2662 1394 2D       		.uleb128 0x2d
 2663 1395 460B0000 		.4byte	.LASF245
 2664 1399 1A       		.byte	0x1a
 2665 139a 23       		.byte	0x23
 2666 139b 1A       		.byte	0x1a
 2667 139c 88010000 		.4byte	0x188
 2668 13a0 28       		.byte	0x28
 2669 13a1 2D       		.uleb128 0x2d
 2670 13a2 72030000 		.4byte	.LASF246
 2671 13a6 1A       		.byte	0x1a
 2672 13a7 25       		.byte	0x25
 2673 13a8 1A       		.byte	0x1a
 2674 13a9 88010000 		.4byte	0x188
 2675 13ad 09       		.byte	0x9
 2676 13ae 2D       		.uleb128 0x2d
 2677 13af A2000000 		.4byte	.LASF247
 2678 13b3 1A       		.byte	0x1a
 2679 13b4 26       		.byte	0x26
ARM GAS  /tmp/ccL77YrL.s 			page 48


 2680 13b5 1A       		.byte	0x1a
 2681 13b6 88010000 		.4byte	0x188
 2682 13ba 07       		.byte	0x7
 2683 13bb 2D       		.uleb128 0x2d
 2684 13bc 6B000000 		.4byte	.LASF248
 2685 13c0 1A       		.byte	0x1a
 2686 13c1 27       		.byte	0x27
 2687 13c2 1A       		.byte	0x1a
 2688 13c3 88010000 		.4byte	0x188
 2689 13c7 30       		.byte	0x30
 2690 13c8 2D       		.uleb128 0x2d
 2691 13c9 77060000 		.4byte	.LASF249
 2692 13cd 1A       		.byte	0x1a
 2693 13ce 28       		.byte	0x28
 2694 13cf 1A       		.byte	0x1a
 2695 13d0 88010000 		.4byte	0x188
 2696 13d4 30       		.byte	0x30
 2697 13d5 2E       		.uleb128 0x2e
 2698 13d6 30000000 		.4byte	.LASF250
 2699 13da 1A       		.byte	0x1a
 2700 13db 2A       		.byte	0x2a
 2701 13dc 18       		.byte	0x18
 2702 13dd A1120000 		.4byte	0x12a1
 2703 13e1 04       		.byte	0x4
 2704 13e2 00000049 		.4byte	0x49000000
 2705 13e6 2E       		.uleb128 0x2e
 2706 13e7 16090000 		.4byte	.LASF251
 2707 13eb 1A       		.byte	0x1a
 2708 13ec 2C       		.byte	0x2c
 2709 13ed 18       		.byte	0x18
 2710 13ee A1120000 		.4byte	0x12a1
 2711 13f2 04       		.byte	0x4
 2712 13f3 0060EA46 		.4byte	0x46ea6000
 2713 13f7 2E       		.uleb128 0x2e
 2714 13f8 B0010000 		.4byte	.LASF252
 2715 13fc 1A       		.byte	0x1a
 2716 13fd 2D       		.byte	0x2d
 2717 13fe 18       		.byte	0x18
 2718 13ff A1120000 		.4byte	0x12a1
 2719 1403 04       		.byte	0x4
 2720 1404 00D8D647 		.4byte	0x47d6d800
 2721 1408 2D       		.uleb128 0x2d
 2722 1409 E00B0000 		.4byte	.LASF253
 2723 140d 1A       		.byte	0x1a
 2724 140e 2E       		.byte	0x2e
 2725 140f 18       		.byte	0x18
 2726 1410 24000000 		.4byte	0x24
 2727 1414 08       		.byte	0x8
 2728 1415 2F       		.uleb128 0x2f
 2729 1416 59000000 		.4byte	.LASF254
 2730 141a 1A       		.byte	0x1a
 2731 141b 31       		.byte	0x31
 2732 141c 10       		.byte	0x10
 2733 141d A5010000 		.4byte	0x1a5
 2734 1421 2F       		.uleb128 0x2f
 2735 1422 FF010000 		.4byte	.LASF255
 2736 1426 1A       		.byte	0x1a
ARM GAS  /tmp/ccL77YrL.s 			page 49


 2737 1427 31       		.byte	0x31
 2738 1428 16       		.byte	0x16
 2739 1429 A5010000 		.4byte	0x1a5
 2740 142d 2F       		.uleb128 0x2f
 2741 142e 7A000000 		.4byte	.LASF256
 2742 1432 1A       		.byte	0x1a
 2743 1433 31       		.byte	0x31
 2744 1434 1C       		.byte	0x1c
 2745 1435 A5010000 		.4byte	0x1a5
 2746 1439 2F       		.uleb128 0x2f
 2747 143a 8E010000 		.4byte	.LASF257
 2748 143e 1A       		.byte	0x1a
 2749 143f 31       		.byte	0x31
 2750 1440 23       		.byte	0x23
 2751 1441 A5010000 		.4byte	0x1a5
 2752 1445 2F       		.uleb128 0x2f
 2753 1446 80000000 		.4byte	.LASF258
 2754 144a 1A       		.byte	0x1a
 2755 144b 31       		.byte	0x31
 2756 144c 2A       		.byte	0x2a
 2757 144d A5010000 		.4byte	0x1a5
 2758 1451 2F       		.uleb128 0x2f
 2759 1452 94010000 		.4byte	.LASF259
 2760 1456 1A       		.byte	0x1a
 2761 1457 31       		.byte	0x31
 2762 1458 31       		.byte	0x31
 2763 1459 A5010000 		.4byte	0x1a5
 2764 145d 2F       		.uleb128 0x2f
 2765 145e 5F020000 		.4byte	.LASF260
 2766 1462 1A       		.byte	0x1a
 2767 1463 31       		.byte	0x31
 2768 1464 38       		.byte	0x38
 2769 1465 A5010000 		.4byte	0x1a5
 2770 1469 2F       		.uleb128 0x2f
 2771 146a 65020000 		.4byte	.LASF261
 2772 146e 1A       		.byte	0x1a
 2773 146f 31       		.byte	0x31
 2774 1470 3F       		.byte	0x3f
 2775 1471 A5010000 		.4byte	0x1a5
 2776 1475 2F       		.uleb128 0x2f
 2777 1476 85050000 		.4byte	.LASF262
 2778 147a 1A       		.byte	0x1a
 2779 147b 31       		.byte	0x31
 2780 147c 46       		.byte	0x46
 2781 147d A5010000 		.4byte	0x1a5
 2782 1481 2F       		.uleb128 0x2f
 2783 1482 4C050000 		.4byte	.LASF263
 2784 1486 1A       		.byte	0x1a
 2785 1487 32       		.byte	0x32
 2786 1488 10       		.byte	0x10
 2787 1489 2C0D0000 		.4byte	0xd2c
 2788 148d 2F       		.uleb128 0x2f
 2789 148e CE000000 		.4byte	.LASF264
 2790 1492 1A       		.byte	0x1a
 2791 1493 34       		.byte	0x34
 2792 1494 10       		.byte	0x10
 2793 1495 2C0D0000 		.4byte	0xd2c
ARM GAS  /tmp/ccL77YrL.s 			page 50


 2794 1499 2F       		.uleb128 0x2f
 2795 149a DD000000 		.4byte	.LASF265
 2796 149e 1A       		.byte	0x1a
 2797 149f 35       		.byte	0x35
 2798 14a0 10       		.byte	0x10
 2799 14a1 1D000000 		.4byte	0x1d
 2800 14a5 2F       		.uleb128 0x2f
 2801 14a6 1E0D0000 		.4byte	.LASF266
 2802 14aa 1A       		.byte	0x1a
 2803 14ab 36       		.byte	0x36
 2804 14ac 10       		.byte	0x10
 2805 14ad 9A120000 		.4byte	0x129a
 2806 14b1 2F       		.uleb128 0x2f
 2807 14b2 010C0000 		.4byte	.LASF267
 2808 14b6 1A       		.byte	0x1a
 2809 14b7 37       		.byte	0x37
 2810 14b8 10       		.byte	0x10
 2811 14b9 9A120000 		.4byte	0x129a
 2812 14bd 30       		.uleb128 0x30
 2813 14be F5000000 		.4byte	.LASF296
 2814 14c2 1A       		.byte	0x1a
 2815 14c3 8E       		.byte	0x8e
 2816 14c4 06       		.byte	0x6
 2817 14c5 EB060000 		.4byte	.LASF297
 2818 14c9 FE140000 		.4byte	0x14fe
 2819 14cd 2F       		.uleb128 0x2f
 2820 14ce 42060000 		.4byte	.LASF268
 2821 14d2 1A       		.byte	0x1a
 2822 14d3 93       		.byte	0x93
 2823 14d4 0D       		.byte	0xd
 2824 14d5 7C010000 		.4byte	0x17c
 2825 14d9 2F       		.uleb128 0x2f
 2826 14da D3050000 		.4byte	.LASF269
 2827 14de 1A       		.byte	0x1a
 2828 14df 97       		.byte	0x97
 2829 14e0 0D       		.byte	0xd
 2830 14e1 FE140000 		.4byte	0x14fe
 2831 14e5 2F       		.uleb128 0x2f
 2832 14e6 F10A0000 		.4byte	.LASF270
 2833 14ea 1A       		.byte	0x1a
 2834 14eb 9B       		.byte	0x9b
 2835 14ec 0D       		.byte	0xd
 2836 14ed 7C010000 		.4byte	0x17c
 2837 14f1 2F       		.uleb128 0x2f
 2838 14f2 44000000 		.4byte	.LASF271
 2839 14f6 1A       		.byte	0x1a
 2840 14f7 9D       		.byte	0x9d
 2841 14f8 13       		.byte	0x13
 2842 14f9 88010000 		.4byte	0x188
 2843 14fd 00       		.byte	0
 2844 14fe 18       		.uleb128 0x18
 2845 14ff 7C010000 		.4byte	0x17c
 2846 1503 0E150000 		.4byte	0x150e
 2847 1507 19       		.uleb128 0x19
 2848 1508 35000000 		.4byte	0x35
 2849 150c 11       		.byte	0x11
 2850 150d 00       		.byte	0
ARM GAS  /tmp/ccL77YrL.s 			page 51


 2851 150e 31       		.uleb128 0x31
 2852 150f 90080000 		.4byte	.LASF278
 2853 1513 1A       		.byte	0x1a
 2854 1514 5D       		.byte	0x5d
 2855 1515 0D       		.byte	0xd
 2856 1516 93150000 		.4byte	0x1593
 2857 151a 32       		.uleb128 0x32
 2858 151b 63747800 		.ascii	"ctx\000"
 2859 151f 1A       		.byte	0x1a
 2860 1520 5D       		.byte	0x5d
 2861 1521 1F       		.byte	0x1f
 2862 1522 3C080000 		.4byte	0x83c
 2863 1526 2F       		.uleb128 0x2f
 2864 1527 2F0B0000 		.4byte	.LASF272
 2865 152b 1A       		.byte	0x1a
 2866 152c 62       		.byte	0x62
 2867 152d 0D       		.byte	0xd
 2868 152e 7C010000 		.4byte	0x17c
 2869 1532 33       		.uleb128 0x33
 2870 1533 72617700 		.ascii	"raw\000"
 2871 1537 1A       		.byte	0x1a
 2872 1538 66       		.byte	0x66
 2873 1539 0D       		.byte	0xd
 2874 153a 93150000 		.4byte	0x1593
 2875 153e 2F       		.uleb128 0x2f
 2876 153f 2A0B0000 		.4byte	.LASF273
 2877 1543 1A       		.byte	0x1a
 2878 1544 69       		.byte	0x69
 2879 1545 13       		.byte	0x13
 2880 1546 B1010000 		.4byte	0x1b1
 2881 154a 2F       		.uleb128 0x2f
 2882 154b 44010000 		.4byte	.LASF274
 2883 154f 1A       		.byte	0x1a
 2884 1550 6B       		.byte	0x6b
 2885 1551 13       		.byte	0x13
 2886 1552 B1010000 		.4byte	0x1b1
 2887 1556 2F       		.uleb128 0x2f
 2888 1557 C7060000 		.4byte	.LASF275
 2889 155b 1A       		.byte	0x1a
 2890 155c 6E       		.byte	0x6e
 2891 155d 11       		.byte	0x11
 2892 155e A1120000 		.4byte	0x12a1
 2893 1562 2F       		.uleb128 0x2f
 2894 1563 CD080000 		.4byte	.LASF276
 2895 1567 1A       		.byte	0x1a
 2896 1568 6F       		.byte	0x6f
 2897 1569 11       		.byte	0x11
 2898 156a A1120000 		.4byte	0x12a1
 2899 156e 2F       		.uleb128 0x2f
 2900 156f 4E090000 		.4byte	.LASF226
 2901 1573 1A       		.byte	0x1a
 2902 1574 72       		.byte	0x72
 2903 1575 11       		.byte	0x11
 2904 1576 A1120000 		.4byte	0x12a1
 2905 157a 2F       		.uleb128 0x2f
 2906 157b 3F0A0000 		.4byte	.LASF227
 2907 157f 1A       		.byte	0x1a
ARM GAS  /tmp/ccL77YrL.s 			page 52


 2908 1580 76       		.byte	0x76
 2909 1581 11       		.byte	0x11
 2910 1582 A1120000 		.4byte	0x12a1
 2911 1586 2F       		.uleb128 0x2f
 2912 1587 49010000 		.4byte	.LASF277
 2913 158b 1A       		.byte	0x1a
 2914 158c 7A       		.byte	0x7a
 2915 158d 11       		.byte	0x11
 2916 158e A1120000 		.4byte	0x12a1
 2917 1592 00       		.byte	0
 2918 1593 18       		.uleb128 0x18
 2919 1594 7C010000 		.4byte	0x17c
 2920 1598 A3150000 		.4byte	0x15a3
 2921 159c 19       		.uleb128 0x19
 2922 159d 35000000 		.4byte	0x35
 2923 15a1 05       		.byte	0x5
 2924 15a2 00       		.byte	0
 2925 15a3 31       		.uleb128 0x31
 2926 15a4 33020000 		.4byte	.LASF279
 2927 15a8 1A       		.byte	0x1a
 2928 15a9 50       		.byte	0x50
 2929 15aa 0D       		.byte	0xd
 2930 15ab BA150000 		.4byte	0x15ba
 2931 15af 32       		.uleb128 0x32
 2932 15b0 6200     		.ascii	"b\000"
 2933 15b2 1A       		.byte	0x1a
 2934 15b3 50       		.byte	0x50
 2935 15b4 30       		.byte	0x30
 2936 15b5 C00D0000 		.4byte	0xdc0
 2937 15b9 00       		.byte	0
 2938 15ba 34       		.uleb128 0x34
 2939 15bb D40B0000 		.4byte	.LASF282
 2940 15bf 1A       		.byte	0x1a
 2941 15c0 4A       		.byte	0x4a
 2942 15c1 10       		.byte	0x10
 2943 15c2 A5010000 		.4byte	0x1a5
 2944 15c6 ED150000 		.4byte	0x15ed
 2945 15ca 32       		.uleb128 0x32
 2946 15cb 7600     		.ascii	"v\000"
 2947 15cd 1A       		.byte	0x1a
 2948 15ce 4A       		.byte	0x4a
 2949 15cf 25       		.byte	0x25
 2950 15d0 B6010000 		.4byte	0x1b6
 2951 15d4 35       		.uleb128 0x35
 2952 15d5 72060000 		.4byte	.LASF280
 2953 15d9 1A       		.byte	0x1a
 2954 15da 4A       		.byte	0x4a
 2955 15db 2C       		.byte	0x2c
 2956 15dc 1D000000 		.4byte	0x1d
 2957 15e0 2F       		.uleb128 0x2f
 2958 15e1 99000000 		.4byte	.LASF281
 2959 15e5 1A       		.byte	0x1a
 2960 15e6 4C       		.byte	0x4c
 2961 15e7 14       		.byte	0x14
 2962 15e8 C7010000 		.4byte	0x1c7
 2963 15ec 00       		.byte	0
 2964 15ed 34       		.uleb128 0x34
ARM GAS  /tmp/ccL77YrL.s 			page 53


 2965 15ee 180A0000 		.4byte	.LASF283
 2966 15f2 1A       		.byte	0x1a
 2967 15f3 42       		.byte	0x42
 2968 15f4 0D       		.byte	0xd
 2969 15f5 2C0D0000 		.4byte	0xd2c
 2970 15f9 2C160000 		.4byte	0x162c
 2971 15fd 32       		.uleb128 0x32
 2972 15fe 72656700 		.ascii	"reg\000"
 2973 1602 1A       		.byte	0x1a
 2974 1603 42       		.byte	0x42
 2975 1604 23       		.byte	0x23
 2976 1605 7C010000 		.4byte	0x17c
 2977 1609 32       		.uleb128 0x32
 2978 160a 62756600 		.ascii	"buf\000"
 2979 160e 1A       		.byte	0x1a
 2980 160f 42       		.byte	0x42
 2981 1610 31       		.byte	0x31
 2982 1611 330D0000 		.4byte	0xd33
 2983 1615 32       		.uleb128 0x32
 2984 1616 6E00     		.ascii	"n\000"
 2985 1618 1A       		.byte	0x1a
 2986 1619 42       		.byte	0x42
 2987 161a 3D       		.byte	0x3d
 2988 161b 29000000 		.4byte	0x29
 2989 161f 2F       		.uleb128 0x2f
 2990 1620 1D060000 		.4byte	.LASF284
 2991 1624 1A       		.byte	0x1a
 2992 1625 45       		.byte	0x45
 2993 1626 0B       		.byte	0xb
 2994 1627 21030000 		.4byte	0x321
 2995 162b 00       		.byte	0
 2996 162c 34       		.uleb128 0x34
 2997 162d 0F010000 		.4byte	.LASF285
 2998 1631 1A       		.byte	0x1a
 2999 1632 39       		.byte	0x39
 3000 1633 0D       		.byte	0xd
 3001 1634 2C0D0000 		.4byte	0xd2c
 3002 1638 6C160000 		.4byte	0x166c
 3003 163c 32       		.uleb128 0x32
 3004 163d 72656700 		.ascii	"reg\000"
 3005 1641 1A       		.byte	0x1a
 3006 1642 39       		.byte	0x39
 3007 1643 23       		.byte	0x23
 3008 1644 7C010000 		.4byte	0x17c
 3009 1648 32       		.uleb128 0x32
 3010 1649 76616C00 		.ascii	"val\000"
 3011 164d 1A       		.byte	0x1a
 3012 164e 39       		.byte	0x39
 3013 164f 30       		.byte	0x30
 3014 1650 7C010000 		.4byte	0x17c
 3015 1654 33       		.uleb128 0x33
 3016 1655 747800   		.ascii	"tx\000"
 3017 1658 1A       		.byte	0x1a
 3018 1659 3B       		.byte	0x3b
 3019 165a 13       		.byte	0x13
 3020 165b 6C160000 		.4byte	0x166c
 3021 165f 2F       		.uleb128 0x2f
ARM GAS  /tmp/ccL77YrL.s 			page 54


 3022 1660 1D060000 		.4byte	.LASF284
 3023 1664 1A       		.byte	0x1a
 3024 1665 3D       		.byte	0x3d
 3025 1666 0B       		.byte	0xb
 3026 1667 21030000 		.4byte	0x321
 3027 166b 00       		.byte	0
 3028 166c 18       		.uleb128 0x18
 3029 166d 88010000 		.4byte	0x188
 3030 1671 7C160000 		.4byte	0x167c
 3031 1675 19       		.uleb128 0x19
 3032 1676 35000000 		.4byte	0x35
 3033 167a 01       		.byte	0x1
 3034 167b 00       		.byte	0
 3035 167c 05       		.uleb128 0x5
 3036 167d 04       		.byte	0x4
 3037 167e 07       		.byte	0x7
 3038 167f 86010000 		.4byte	.LASF286
 3039 1683 05       		.uleb128 0x5
 3040 1684 02       		.byte	0x2
 3041 1685 10       		.byte	0x10
 3042 1686 0C060000 		.4byte	.LASF287
 3043 168a 05       		.uleb128 0x5
 3044 168b 04       		.byte	0x4
 3045 168c 10       		.byte	0x10
 3046 168d 3B000000 		.4byte	.LASF288
 3047 1691 00       		.byte	0
 3048              		.section	.gnu.debuglto_.debug_abbrev,"e",%progbits
 3049              	.Ldebug_abbrev0:
 3050 0000 01       		.uleb128 0x1
 3051 0001 11       		.uleb128 0x11
 3052 0002 01       		.byte	0x1
 3053 0003 25       		.uleb128 0x25
 3054 0004 0E       		.uleb128 0xe
 3055 0005 13       		.uleb128 0x13
 3056 0006 0B       		.uleb128 0xb
 3057 0007 03       		.uleb128 0x3
 3058 0008 0E       		.uleb128 0xe
 3059 0009 1B       		.uleb128 0x1b
 3060 000a 0E       		.uleb128 0xe
 3061 000b 10       		.uleb128 0x10
 3062 000c 17       		.uleb128 0x17
 3063 000d 00       		.byte	0
 3064 000e 00       		.byte	0
 3065 000f 02       		.uleb128 0x2
 3066 0010 24       		.uleb128 0x24
 3067 0011 00       		.byte	0
 3068 0012 0B       		.uleb128 0xb
 3069 0013 0B       		.uleb128 0xb
 3070 0014 3E       		.uleb128 0x3e
 3071 0015 0B       		.uleb128 0xb
 3072 0016 03       		.uleb128 0x3
 3073 0017 08       		.uleb128 0x8
 3074 0018 00       		.byte	0
 3075 0019 00       		.byte	0
 3076 001a 03       		.uleb128 0x3
 3077 001b 26       		.uleb128 0x26
 3078 001c 00       		.byte	0
ARM GAS  /tmp/ccL77YrL.s 			page 55


 3079 001d 49       		.uleb128 0x49
 3080 001e 13       		.uleb128 0x13
 3081 001f 00       		.byte	0
 3082 0020 00       		.byte	0
 3083 0021 04       		.uleb128 0x4
 3084 0022 16       		.uleb128 0x16
 3085 0023 00       		.byte	0
 3086 0024 03       		.uleb128 0x3
 3087 0025 0E       		.uleb128 0xe
 3088 0026 3A       		.uleb128 0x3a
 3089 0027 0B       		.uleb128 0xb
 3090 0028 3B       		.uleb128 0x3b
 3091 0029 0B       		.uleb128 0xb
 3092 002a 39       		.uleb128 0x39
 3093 002b 0B       		.uleb128 0xb
 3094 002c 49       		.uleb128 0x49
 3095 002d 13       		.uleb128 0x13
 3096 002e 00       		.byte	0
 3097 002f 00       		.byte	0
 3098 0030 05       		.uleb128 0x5
 3099 0031 24       		.uleb128 0x24
 3100 0032 00       		.byte	0
 3101 0033 0B       		.uleb128 0xb
 3102 0034 0B       		.uleb128 0xb
 3103 0035 3E       		.uleb128 0x3e
 3104 0036 0B       		.uleb128 0xb
 3105 0037 03       		.uleb128 0x3
 3106 0038 0E       		.uleb128 0xe
 3107 0039 00       		.byte	0
 3108 003a 00       		.byte	0
 3109 003b 06       		.uleb128 0x6
 3110 003c 3B       		.uleb128 0x3b
 3111 003d 00       		.byte	0
 3112 003e 03       		.uleb128 0x3
 3113 003f 0E       		.uleb128 0xe
 3114 0040 00       		.byte	0
 3115 0041 00       		.byte	0
 3116 0042 07       		.uleb128 0x7
 3117 0043 35       		.uleb128 0x35
 3118 0044 00       		.byte	0
 3119 0045 49       		.uleb128 0x49
 3120 0046 13       		.uleb128 0x13
 3121 0047 00       		.byte	0
 3122 0048 00       		.byte	0
 3123 0049 08       		.uleb128 0x8
 3124 004a 13       		.uleb128 0x13
 3125 004b 01       		.byte	0x1
 3126 004c 03       		.uleb128 0x3
 3127 004d 0E       		.uleb128 0xe
 3128 004e 0B       		.uleb128 0xb
 3129 004f 0B       		.uleb128 0xb
 3130 0050 3A       		.uleb128 0x3a
 3131 0051 0B       		.uleb128 0xb
 3132 0052 3B       		.uleb128 0x3b
 3133 0053 0B       		.uleb128 0xb
 3134 0054 39       		.uleb128 0x39
 3135 0055 0B       		.uleb128 0xb
ARM GAS  /tmp/ccL77YrL.s 			page 56


 3136 0056 01       		.uleb128 0x1
 3137 0057 13       		.uleb128 0x13
 3138 0058 00       		.byte	0
 3139 0059 00       		.byte	0
 3140 005a 09       		.uleb128 0x9
 3141 005b 17       		.uleb128 0x17
 3142 005c 01       		.byte	0x1
 3143 005d 0B       		.uleb128 0xb
 3144 005e 0B       		.uleb128 0xb
 3145 005f 3A       		.uleb128 0x3a
 3146 0060 0B       		.uleb128 0xb
 3147 0061 3B       		.uleb128 0x3b
 3148 0062 0B       		.uleb128 0xb
 3149 0063 39       		.uleb128 0x39
 3150 0064 0B       		.uleb128 0xb
 3151 0065 01       		.uleb128 0x1
 3152 0066 13       		.uleb128 0x13
 3153 0067 00       		.byte	0
 3154 0068 00       		.byte	0
 3155 0069 0A       		.uleb128 0xa
 3156 006a 0D       		.uleb128 0xd
 3157 006b 00       		.byte	0
 3158 006c 03       		.uleb128 0x3
 3159 006d 0E       		.uleb128 0xe
 3160 006e 3A       		.uleb128 0x3a
 3161 006f 0B       		.uleb128 0xb
 3162 0070 3B       		.uleb128 0x3b
 3163 0071 0B       		.uleb128 0xb
 3164 0072 39       		.uleb128 0x39
 3165 0073 0B       		.uleb128 0xb
 3166 0074 49       		.uleb128 0x49
 3167 0075 13       		.uleb128 0x13
 3168 0076 00       		.byte	0
 3169 0077 00       		.byte	0
 3170 0078 0B       		.uleb128 0xb
 3171 0079 0D       		.uleb128 0xd
 3172 007a 00       		.byte	0
 3173 007b 03       		.uleb128 0x3
 3174 007c 0E       		.uleb128 0xe
 3175 007d 3A       		.uleb128 0x3a
 3176 007e 0B       		.uleb128 0xb
 3177 007f 3B       		.uleb128 0x3b
 3178 0080 05       		.uleb128 0x5
 3179 0081 39       		.uleb128 0x39
 3180 0082 0B       		.uleb128 0xb
 3181 0083 49       		.uleb128 0x49
 3182 0084 13       		.uleb128 0x13
 3183 0085 00       		.byte	0
 3184 0086 00       		.byte	0
 3185 0087 0C       		.uleb128 0xc
 3186 0088 0D       		.uleb128 0xd
 3187 0089 00       		.byte	0
 3188 008a 03       		.uleb128 0x3
 3189 008b 08       		.uleb128 0x8
 3190 008c 3A       		.uleb128 0x3a
 3191 008d 0B       		.uleb128 0xb
 3192 008e 3B       		.uleb128 0x3b
ARM GAS  /tmp/ccL77YrL.s 			page 57


 3193 008f 0B       		.uleb128 0xb
 3194 0090 39       		.uleb128 0x39
 3195 0091 0B       		.uleb128 0xb
 3196 0092 49       		.uleb128 0x49
 3197 0093 13       		.uleb128 0x13
 3198 0094 38       		.uleb128 0x38
 3199 0095 0B       		.uleb128 0xb
 3200 0096 00       		.byte	0
 3201 0097 00       		.byte	0
 3202 0098 0D       		.uleb128 0xd
 3203 0099 0D       		.uleb128 0xd
 3204 009a 00       		.byte	0
 3205 009b 03       		.uleb128 0x3
 3206 009c 0E       		.uleb128 0xe
 3207 009d 3A       		.uleb128 0x3a
 3208 009e 0B       		.uleb128 0xb
 3209 009f 3B       		.uleb128 0x3b
 3210 00a0 0B       		.uleb128 0xb
 3211 00a1 39       		.uleb128 0x39
 3212 00a2 0B       		.uleb128 0xb
 3213 00a3 49       		.uleb128 0x49
 3214 00a4 13       		.uleb128 0x13
 3215 00a5 38       		.uleb128 0x38
 3216 00a6 0B       		.uleb128 0xb
 3217 00a7 00       		.byte	0
 3218 00a8 00       		.byte	0
 3219 00a9 0E       		.uleb128 0xe
 3220 00aa 0D       		.uleb128 0xd
 3221 00ab 00       		.byte	0
 3222 00ac 03       		.uleb128 0x3
 3223 00ad 08       		.uleb128 0x8
 3224 00ae 3A       		.uleb128 0x3a
 3225 00af 0B       		.uleb128 0xb
 3226 00b0 3B       		.uleb128 0x3b
 3227 00b1 05       		.uleb128 0x5
 3228 00b2 39       		.uleb128 0x39
 3229 00b3 0B       		.uleb128 0xb
 3230 00b4 49       		.uleb128 0x49
 3231 00b5 13       		.uleb128 0x13
 3232 00b6 38       		.uleb128 0x38
 3233 00b7 0B       		.uleb128 0xb
 3234 00b8 00       		.byte	0
 3235 00b9 00       		.byte	0
 3236 00ba 0F       		.uleb128 0xf
 3237 00bb 0D       		.uleb128 0xd
 3238 00bc 00       		.byte	0
 3239 00bd 03       		.uleb128 0x3
 3240 00be 0E       		.uleb128 0xe
 3241 00bf 3A       		.uleb128 0x3a
 3242 00c0 0B       		.uleb128 0xb
 3243 00c1 3B       		.uleb128 0x3b
 3244 00c2 05       		.uleb128 0x5
 3245 00c3 39       		.uleb128 0x39
 3246 00c4 0B       		.uleb128 0xb
 3247 00c5 49       		.uleb128 0x49
 3248 00c6 13       		.uleb128 0x13
 3249 00c7 38       		.uleb128 0x38
ARM GAS  /tmp/ccL77YrL.s 			page 58


 3250 00c8 0B       		.uleb128 0xb
 3251 00c9 00       		.byte	0
 3252 00ca 00       		.byte	0
 3253 00cb 10       		.uleb128 0x10
 3254 00cc 13       		.uleb128 0x13
 3255 00cd 01       		.byte	0x1
 3256 00ce 03       		.uleb128 0x3
 3257 00cf 0E       		.uleb128 0xe
 3258 00d0 0B       		.uleb128 0xb
 3259 00d1 05       		.uleb128 0x5
 3260 00d2 3A       		.uleb128 0x3a
 3261 00d3 0B       		.uleb128 0xb
 3262 00d4 3B       		.uleb128 0x3b
 3263 00d5 05       		.uleb128 0x5
 3264 00d6 39       		.uleb128 0x39
 3265 00d7 0B       		.uleb128 0xb
 3266 00d8 01       		.uleb128 0x1
 3267 00d9 13       		.uleb128 0x13
 3268 00da 00       		.byte	0
 3269 00db 00       		.byte	0
 3270 00dc 11       		.uleb128 0x11
 3271 00dd 0F       		.uleb128 0xf
 3272 00de 00       		.byte	0
 3273 00df 0B       		.uleb128 0xb
 3274 00e0 0B       		.uleb128 0xb
 3275 00e1 49       		.uleb128 0x49
 3276 00e2 13       		.uleb128 0x13
 3277 00e3 00       		.byte	0
 3278 00e4 00       		.byte	0
 3279 00e5 12       		.uleb128 0x12
 3280 00e6 13       		.uleb128 0x13
 3281 00e7 01       		.byte	0x1
 3282 00e8 0B       		.uleb128 0xb
 3283 00e9 0B       		.uleb128 0xb
 3284 00ea 3A       		.uleb128 0x3a
 3285 00eb 0B       		.uleb128 0xb
 3286 00ec 3B       		.uleb128 0x3b
 3287 00ed 0B       		.uleb128 0xb
 3288 00ee 39       		.uleb128 0x39
 3289 00ef 0B       		.uleb128 0xb
 3290 00f0 6E       		.uleb128 0x6e
 3291 00f1 0E       		.uleb128 0xe
 3292 00f2 01       		.uleb128 0x1
 3293 00f3 13       		.uleb128 0x13
 3294 00f4 00       		.byte	0
 3295 00f5 00       		.byte	0
 3296 00f6 13       		.uleb128 0x13
 3297 00f7 13       		.uleb128 0x13
 3298 00f8 01       		.byte	0x1
 3299 00f9 0B       		.uleb128 0xb
 3300 00fa 0B       		.uleb128 0xb
 3301 00fb 3A       		.uleb128 0x3a
 3302 00fc 0B       		.uleb128 0xb
 3303 00fd 3B       		.uleb128 0x3b
 3304 00fe 0B       		.uleb128 0xb
 3305 00ff 39       		.uleb128 0x39
 3306 0100 0B       		.uleb128 0xb
ARM GAS  /tmp/ccL77YrL.s 			page 59


 3307 0101 01       		.uleb128 0x1
 3308 0102 13       		.uleb128 0x13
 3309 0103 00       		.byte	0
 3310 0104 00       		.byte	0
 3311 0105 14       		.uleb128 0x14
 3312 0106 0D       		.uleb128 0xd
 3313 0107 00       		.byte	0
 3314 0108 03       		.uleb128 0x3
 3315 0109 08       		.uleb128 0x8
 3316 010a 3A       		.uleb128 0x3a
 3317 010b 0B       		.uleb128 0xb
 3318 010c 3B       		.uleb128 0x3b
 3319 010d 0B       		.uleb128 0xb
 3320 010e 39       		.uleb128 0x39
 3321 010f 0B       		.uleb128 0xb
 3322 0110 49       		.uleb128 0x49
 3323 0111 13       		.uleb128 0x13
 3324 0112 00       		.byte	0
 3325 0113 00       		.byte	0
 3326 0114 15       		.uleb128 0x15
 3327 0115 0D       		.uleb128 0xd
 3328 0116 00       		.byte	0
 3329 0117 03       		.uleb128 0x3
 3330 0118 0E       		.uleb128 0xe
 3331 0119 3A       		.uleb128 0x3a
 3332 011a 0B       		.uleb128 0xb
 3333 011b 3B       		.uleb128 0x3b
 3334 011c 0B       		.uleb128 0xb
 3335 011d 39       		.uleb128 0x39
 3336 011e 0B       		.uleb128 0xb
 3337 011f 49       		.uleb128 0x49
 3338 0120 13       		.uleb128 0x13
 3339 0121 0B       		.uleb128 0xb
 3340 0122 0B       		.uleb128 0xb
 3341 0123 0D       		.uleb128 0xd
 3342 0124 0B       		.uleb128 0xb
 3343 0125 0C       		.uleb128 0xc
 3344 0126 0B       		.uleb128 0xb
 3345 0127 38       		.uleb128 0x38
 3346 0128 0B       		.uleb128 0xb
 3347 0129 00       		.byte	0
 3348 012a 00       		.byte	0
 3349 012b 16       		.uleb128 0x16
 3350 012c 0F       		.uleb128 0xf
 3351 012d 00       		.byte	0
 3352 012e 0B       		.uleb128 0xb
 3353 012f 0B       		.uleb128 0xb
 3354 0130 00       		.byte	0
 3355 0131 00       		.byte	0
 3356 0132 17       		.uleb128 0x17
 3357 0133 13       		.uleb128 0x13
 3358 0134 01       		.byte	0x1
 3359 0135 0B       		.uleb128 0xb
 3360 0136 05       		.uleb128 0x5
 3361 0137 3A       		.uleb128 0x3a
 3362 0138 0B       		.uleb128 0xb
 3363 0139 3B       		.uleb128 0x3b
ARM GAS  /tmp/ccL77YrL.s 			page 60


 3364 013a 0B       		.uleb128 0xb
 3365 013b 39       		.uleb128 0x39
 3366 013c 0B       		.uleb128 0xb
 3367 013d 6E       		.uleb128 0x6e
 3368 013e 0E       		.uleb128 0xe
 3369 013f 01       		.uleb128 0x1
 3370 0140 13       		.uleb128 0x13
 3371 0141 00       		.byte	0
 3372 0142 00       		.byte	0
 3373 0143 18       		.uleb128 0x18
 3374 0144 01       		.uleb128 0x1
 3375 0145 01       		.byte	0x1
 3376 0146 49       		.uleb128 0x49
 3377 0147 13       		.uleb128 0x13
 3378 0148 01       		.uleb128 0x1
 3379 0149 13       		.uleb128 0x13
 3380 014a 00       		.byte	0
 3381 014b 00       		.byte	0
 3382 014c 19       		.uleb128 0x19
 3383 014d 21       		.uleb128 0x21
 3384 014e 00       		.byte	0
 3385 014f 49       		.uleb128 0x49
 3386 0150 13       		.uleb128 0x13
 3387 0151 2F       		.uleb128 0x2f
 3388 0152 0B       		.uleb128 0xb
 3389 0153 00       		.byte	0
 3390 0154 00       		.byte	0
 3391 0155 1A       		.uleb128 0x1a
 3392 0156 13       		.uleb128 0x13
 3393 0157 01       		.byte	0x1
 3394 0158 0B       		.uleb128 0xb
 3395 0159 0B       		.uleb128 0xb
 3396 015a 3A       		.uleb128 0x3a
 3397 015b 0B       		.uleb128 0xb
 3398 015c 3B       		.uleb128 0x3b
 3399 015d 05       		.uleb128 0x5
 3400 015e 39       		.uleb128 0x39
 3401 015f 0B       		.uleb128 0xb
 3402 0160 6E       		.uleb128 0x6e
 3403 0161 0E       		.uleb128 0xe
 3404 0162 01       		.uleb128 0x1
 3405 0163 13       		.uleb128 0x13
 3406 0164 00       		.byte	0
 3407 0165 00       		.byte	0
 3408 0166 1B       		.uleb128 0x1b
 3409 0167 16       		.uleb128 0x16
 3410 0168 00       		.byte	0
 3411 0169 03       		.uleb128 0x3
 3412 016a 0E       		.uleb128 0xe
 3413 016b 3A       		.uleb128 0x3a
 3414 016c 0B       		.uleb128 0xb
 3415 016d 3B       		.uleb128 0x3b
 3416 016e 05       		.uleb128 0x5
 3417 016f 39       		.uleb128 0x39
 3418 0170 0B       		.uleb128 0xb
 3419 0171 49       		.uleb128 0x49
 3420 0172 13       		.uleb128 0x13
ARM GAS  /tmp/ccL77YrL.s 			page 61


 3421 0173 00       		.byte	0
 3422 0174 00       		.byte	0
 3423 0175 1C       		.uleb128 0x1c
 3424 0176 13       		.uleb128 0x13
 3425 0177 01       		.byte	0x1
 3426 0178 03       		.uleb128 0x3
 3427 0179 0E       		.uleb128 0xe
 3428 017a 0B       		.uleb128 0xb
 3429 017b 0B       		.uleb128 0xb
 3430 017c 3A       		.uleb128 0x3a
 3431 017d 0B       		.uleb128 0xb
 3432 017e 3B       		.uleb128 0x3b
 3433 017f 05       		.uleb128 0x5
 3434 0180 39       		.uleb128 0x39
 3435 0181 0B       		.uleb128 0xb
 3436 0182 01       		.uleb128 0x1
 3437 0183 13       		.uleb128 0x13
 3438 0184 00       		.byte	0
 3439 0185 00       		.byte	0
 3440 0186 1D       		.uleb128 0x1d
 3441 0187 04       		.uleb128 0x4
 3442 0188 01       		.byte	0x1
 3443 0189 3E       		.uleb128 0x3e
 3444 018a 0B       		.uleb128 0xb
 3445 018b 0B       		.uleb128 0xb
 3446 018c 0B       		.uleb128 0xb
 3447 018d 49       		.uleb128 0x49
 3448 018e 13       		.uleb128 0x13
 3449 018f 3A       		.uleb128 0x3a
 3450 0190 0B       		.uleb128 0xb
 3451 0191 3B       		.uleb128 0x3b
 3452 0192 0B       		.uleb128 0xb
 3453 0193 39       		.uleb128 0x39
 3454 0194 0B       		.uleb128 0xb
 3455 0195 6E       		.uleb128 0x6e
 3456 0196 0E       		.uleb128 0xe
 3457 0197 01       		.uleb128 0x1
 3458 0198 13       		.uleb128 0x13
 3459 0199 00       		.byte	0
 3460 019a 00       		.byte	0
 3461 019b 1E       		.uleb128 0x1e
 3462 019c 28       		.uleb128 0x28
 3463 019d 00       		.byte	0
 3464 019e 03       		.uleb128 0x3
 3465 019f 0E       		.uleb128 0xe
 3466 01a0 1C       		.uleb128 0x1c
 3467 01a1 0B       		.uleb128 0xb
 3468 01a2 00       		.byte	0
 3469 01a3 00       		.byte	0
 3470 01a4 1F       		.uleb128 0x1f
 3471 01a5 17       		.uleb128 0x17
 3472 01a6 01       		.byte	0x1
 3473 01a7 0B       		.uleb128 0xb
 3474 01a8 0B       		.uleb128 0xb
 3475 01a9 3A       		.uleb128 0x3a
 3476 01aa 0B       		.uleb128 0xb
 3477 01ab 3B       		.uleb128 0x3b
ARM GAS  /tmp/ccL77YrL.s 			page 62


 3478 01ac 05       		.uleb128 0x5
 3479 01ad 39       		.uleb128 0x39
 3480 01ae 0B       		.uleb128 0xb
 3481 01af 01       		.uleb128 0x1
 3482 01b0 13       		.uleb128 0x13
 3483 01b1 00       		.byte	0
 3484 01b2 00       		.byte	0
 3485 01b3 20       		.uleb128 0x20
 3486 01b4 0D       		.uleb128 0xd
 3487 01b5 00       		.byte	0
 3488 01b6 03       		.uleb128 0x3
 3489 01b7 08       		.uleb128 0x8
 3490 01b8 3A       		.uleb128 0x3a
 3491 01b9 0B       		.uleb128 0xb
 3492 01ba 3B       		.uleb128 0x3b
 3493 01bb 05       		.uleb128 0x5
 3494 01bc 39       		.uleb128 0x39
 3495 01bd 0B       		.uleb128 0xb
 3496 01be 49       		.uleb128 0x49
 3497 01bf 13       		.uleb128 0x13
 3498 01c0 00       		.byte	0
 3499 01c1 00       		.byte	0
 3500 01c2 21       		.uleb128 0x21
 3501 01c3 34       		.uleb128 0x34
 3502 01c4 00       		.byte	0
 3503 01c5 03       		.uleb128 0x3
 3504 01c6 0E       		.uleb128 0xe
 3505 01c7 3A       		.uleb128 0x3a
 3506 01c8 0B       		.uleb128 0xb
 3507 01c9 3B       		.uleb128 0x3b
 3508 01ca 05       		.uleb128 0x5
 3509 01cb 39       		.uleb128 0x39
 3510 01cc 0B       		.uleb128 0xb
 3511 01cd 49       		.uleb128 0x49
 3512 01ce 13       		.uleb128 0x13
 3513 01cf 3F       		.uleb128 0x3f
 3514 01d0 19       		.uleb128 0x19
 3515 01d1 3C       		.uleb128 0x3c
 3516 01d2 19       		.uleb128 0x19
 3517 01d3 00       		.byte	0
 3518 01d4 00       		.byte	0
 3519 01d5 22       		.uleb128 0x22
 3520 01d6 39       		.uleb128 0x39
 3521 01d7 01       		.byte	0x1
 3522 01d8 03       		.uleb128 0x3
 3523 01d9 08       		.uleb128 0x8
 3524 01da 3A       		.uleb128 0x3a
 3525 01db 0B       		.uleb128 0xb
 3526 01dc 3B       		.uleb128 0x3b
 3527 01dd 0B       		.uleb128 0xb
 3528 01de 01       		.uleb128 0x1
 3529 01df 13       		.uleb128 0x13
 3530 01e0 00       		.byte	0
 3531 01e1 00       		.byte	0
 3532 01e2 23       		.uleb128 0x23
 3533 01e3 39       		.uleb128 0x39
 3534 01e4 00       		.byte	0
ARM GAS  /tmp/ccL77YrL.s 			page 63


 3535 01e5 03       		.uleb128 0x3
 3536 01e6 0E       		.uleb128 0xe
 3537 01e7 3A       		.uleb128 0x3a
 3538 01e8 0B       		.uleb128 0xb
 3539 01e9 3B       		.uleb128 0x3b
 3540 01ea 05       		.uleb128 0x5
 3541 01eb 39       		.uleb128 0x39
 3542 01ec 0B       		.uleb128 0xb
 3543 01ed 8901     		.uleb128 0x89
 3544 01ef 19       		.uleb128 0x19
 3545 01f0 00       		.byte	0
 3546 01f1 00       		.byte	0
 3547 01f2 24       		.uleb128 0x24
 3548 01f3 3A       		.uleb128 0x3a
 3549 01f4 00       		.byte	0
 3550 01f5 3A       		.uleb128 0x3a
 3551 01f6 0B       		.uleb128 0xb
 3552 01f7 3B       		.uleb128 0x3b
 3553 01f8 05       		.uleb128 0x5
 3554 01f9 39       		.uleb128 0x39
 3555 01fa 0B       		.uleb128 0xb
 3556 01fb 18       		.uleb128 0x18
 3557 01fc 13       		.uleb128 0x13
 3558 01fd 00       		.byte	0
 3559 01fe 00       		.byte	0
 3560 01ff 25       		.uleb128 0x25
 3561 0200 08       		.uleb128 0x8
 3562 0201 00       		.byte	0
 3563 0202 3A       		.uleb128 0x3a
 3564 0203 0B       		.uleb128 0xb
 3565 0204 3B       		.uleb128 0x3b
 3566 0205 0B       		.uleb128 0xb
 3567 0206 39       		.uleb128 0x39
 3568 0207 0B       		.uleb128 0xb
 3569 0208 18       		.uleb128 0x18
 3570 0209 13       		.uleb128 0x13
 3571 020a 00       		.byte	0
 3572 020b 00       		.byte	0
 3573 020c 26       		.uleb128 0x26
 3574 020d 08       		.uleb128 0x8
 3575 020e 00       		.byte	0
 3576 020f 3A       		.uleb128 0x3a
 3577 0210 0B       		.uleb128 0xb
 3578 0211 3B       		.uleb128 0x3b
 3579 0212 05       		.uleb128 0x5
 3580 0213 39       		.uleb128 0x39
 3581 0214 0B       		.uleb128 0xb
 3582 0215 18       		.uleb128 0x18
 3583 0216 13       		.uleb128 0x13
 3584 0217 00       		.byte	0
 3585 0218 00       		.byte	0
 3586 0219 27       		.uleb128 0x27
 3587 021a 39       		.uleb128 0x39
 3588 021b 01       		.byte	0x1
 3589 021c 03       		.uleb128 0x3
 3590 021d 0E       		.uleb128 0xe
 3591 021e 3A       		.uleb128 0x3a
ARM GAS  /tmp/ccL77YrL.s 			page 64


 3592 021f 0B       		.uleb128 0xb
 3593 0220 3B       		.uleb128 0x3b
 3594 0221 05       		.uleb128 0x5
 3595 0222 39       		.uleb128 0x39
 3596 0223 0B       		.uleb128 0xb
 3597 0224 01       		.uleb128 0x1
 3598 0225 13       		.uleb128 0x13
 3599 0226 00       		.byte	0
 3600 0227 00       		.byte	0
 3601 0228 28       		.uleb128 0x28
 3602 0229 39       		.uleb128 0x39
 3603 022a 01       		.byte	0x1
 3604 022b 03       		.uleb128 0x3
 3605 022c 0E       		.uleb128 0xe
 3606 022d 3A       		.uleb128 0x3a
 3607 022e 0B       		.uleb128 0xb
 3608 022f 3B       		.uleb128 0x3b
 3609 0230 0B       		.uleb128 0xb
 3610 0231 39       		.uleb128 0x39
 3611 0232 0B       		.uleb128 0xb
 3612 0233 01       		.uleb128 0x1
 3613 0234 13       		.uleb128 0x13
 3614 0235 00       		.byte	0
 3615 0236 00       		.byte	0
 3616 0237 29       		.uleb128 0x29
 3617 0238 34       		.uleb128 0x34
 3618 0239 00       		.byte	0
 3619 023a 03       		.uleb128 0x3
 3620 023b 08       		.uleb128 0x8
 3621 023c 3A       		.uleb128 0x3a
 3622 023d 0B       		.uleb128 0xb
 3623 023e 3B       		.uleb128 0x3b
 3624 023f 0B       		.uleb128 0xb
 3625 0240 39       		.uleb128 0x39
 3626 0241 0B       		.uleb128 0xb
 3627 0242 49       		.uleb128 0x49
 3628 0243 13       		.uleb128 0x13
 3629 0244 3C       		.uleb128 0x3c
 3630 0245 19       		.uleb128 0x19
 3631 0246 1C       		.uleb128 0x1c
 3632 0247 0B       		.uleb128 0xb
 3633 0248 6C       		.uleb128 0x6c
 3634 0249 19       		.uleb128 0x19
 3635 024a 00       		.byte	0
 3636 024b 00       		.byte	0
 3637 024c 2A       		.uleb128 0x2a
 3638 024d 34       		.uleb128 0x34
 3639 024e 00       		.byte	0
 3640 024f 03       		.uleb128 0x3
 3641 0250 0E       		.uleb128 0xe
 3642 0251 3A       		.uleb128 0x3a
 3643 0252 0B       		.uleb128 0xb
 3644 0253 3B       		.uleb128 0x3b
 3645 0254 0B       		.uleb128 0xb
 3646 0255 39       		.uleb128 0x39
 3647 0256 0B       		.uleb128 0xb
 3648 0257 49       		.uleb128 0x49
ARM GAS  /tmp/ccL77YrL.s 			page 65


 3649 0258 13       		.uleb128 0x13
 3650 0259 3C       		.uleb128 0x3c
 3651 025a 19       		.uleb128 0x19
 3652 025b 1C       		.uleb128 0x1c
 3653 025c 0B       		.uleb128 0xb
 3654 025d 6C       		.uleb128 0x6c
 3655 025e 19       		.uleb128 0x19
 3656 025f 00       		.byte	0
 3657 0260 00       		.byte	0
 3658 0261 2B       		.uleb128 0x2b
 3659 0262 34       		.uleb128 0x34
 3660 0263 00       		.byte	0
 3661 0264 47       		.uleb128 0x47
 3662 0265 13       		.uleb128 0x13
 3663 0266 00       		.byte	0
 3664 0267 00       		.byte	0
 3665 0268 2C       		.uleb128 0x2c
 3666 0269 34       		.uleb128 0x34
 3667 026a 00       		.byte	0
 3668 026b 03       		.uleb128 0x3
 3669 026c 0E       		.uleb128 0xe
 3670 026d 3A       		.uleb128 0x3a
 3671 026e 0B       		.uleb128 0xb
 3672 026f 3B       		.uleb128 0x3b
 3673 0270 0B       		.uleb128 0xb
 3674 0271 39       		.uleb128 0x39
 3675 0272 0B       		.uleb128 0xb
 3676 0273 49       		.uleb128 0x49
 3677 0274 13       		.uleb128 0x13
 3678 0275 3F       		.uleb128 0x3f
 3679 0276 19       		.uleb128 0x19
 3680 0277 3C       		.uleb128 0x3c
 3681 0278 19       		.uleb128 0x19
 3682 0279 00       		.byte	0
 3683 027a 00       		.byte	0
 3684 027b 2D       		.uleb128 0x2d
 3685 027c 34       		.uleb128 0x34
 3686 027d 00       		.byte	0
 3687 027e 03       		.uleb128 0x3
 3688 027f 0E       		.uleb128 0xe
 3689 0280 3A       		.uleb128 0x3a
 3690 0281 0B       		.uleb128 0xb
 3691 0282 3B       		.uleb128 0x3b
 3692 0283 0B       		.uleb128 0xb
 3693 0284 39       		.uleb128 0x39
 3694 0285 0B       		.uleb128 0xb
 3695 0286 49       		.uleb128 0x49
 3696 0287 13       		.uleb128 0x13
 3697 0288 6C       		.uleb128 0x6c
 3698 0289 19       		.uleb128 0x19
 3699 028a 1C       		.uleb128 0x1c
 3700 028b 0B       		.uleb128 0xb
 3701 028c 00       		.byte	0
 3702 028d 00       		.byte	0
 3703 028e 2E       		.uleb128 0x2e
 3704 028f 34       		.uleb128 0x34
 3705 0290 00       		.byte	0
ARM GAS  /tmp/ccL77YrL.s 			page 66


 3706 0291 03       		.uleb128 0x3
 3707 0292 0E       		.uleb128 0xe
 3708 0293 3A       		.uleb128 0x3a
 3709 0294 0B       		.uleb128 0xb
 3710 0295 3B       		.uleb128 0x3b
 3711 0296 0B       		.uleb128 0xb
 3712 0297 39       		.uleb128 0x39
 3713 0298 0B       		.uleb128 0xb
 3714 0299 49       		.uleb128 0x49
 3715 029a 13       		.uleb128 0x13
 3716 029b 6C       		.uleb128 0x6c
 3717 029c 19       		.uleb128 0x19
 3718 029d 1C       		.uleb128 0x1c
 3719 029e 0A       		.uleb128 0xa
 3720 029f 00       		.byte	0
 3721 02a0 00       		.byte	0
 3722 02a1 2F       		.uleb128 0x2f
 3723 02a2 34       		.uleb128 0x34
 3724 02a3 00       		.byte	0
 3725 02a4 03       		.uleb128 0x3
 3726 02a5 0E       		.uleb128 0xe
 3727 02a6 3A       		.uleb128 0x3a
 3728 02a7 0B       		.uleb128 0xb
 3729 02a8 3B       		.uleb128 0x3b
 3730 02a9 0B       		.uleb128 0xb
 3731 02aa 39       		.uleb128 0x39
 3732 02ab 0B       		.uleb128 0xb
 3733 02ac 49       		.uleb128 0x49
 3734 02ad 13       		.uleb128 0x13
 3735 02ae 00       		.byte	0
 3736 02af 00       		.byte	0
 3737 02b0 30       		.uleb128 0x30
 3738 02b1 2E       		.uleb128 0x2e
 3739 02b2 01       		.byte	0x1
 3740 02b3 3F       		.uleb128 0x3f
 3741 02b4 19       		.uleb128 0x19
 3742 02b5 03       		.uleb128 0x3
 3743 02b6 0E       		.uleb128 0xe
 3744 02b7 3A       		.uleb128 0x3a
 3745 02b8 0B       		.uleb128 0xb
 3746 02b9 3B       		.uleb128 0x3b
 3747 02ba 0B       		.uleb128 0xb
 3748 02bb 39       		.uleb128 0x39
 3749 02bc 0B       		.uleb128 0xb
 3750 02bd 6E       		.uleb128 0x6e
 3751 02be 0E       		.uleb128 0xe
 3752 02bf 01       		.uleb128 0x1
 3753 02c0 13       		.uleb128 0x13
 3754 02c1 00       		.byte	0
 3755 02c2 00       		.byte	0
 3756 02c3 31       		.uleb128 0x31
 3757 02c4 2E       		.uleb128 0x2e
 3758 02c5 01       		.byte	0x1
 3759 02c6 03       		.uleb128 0x3
 3760 02c7 0E       		.uleb128 0xe
 3761 02c8 3A       		.uleb128 0x3a
 3762 02c9 0B       		.uleb128 0xb
ARM GAS  /tmp/ccL77YrL.s 			page 67


 3763 02ca 3B       		.uleb128 0x3b
 3764 02cb 0B       		.uleb128 0xb
 3765 02cc 39       		.uleb128 0x39
 3766 02cd 0B       		.uleb128 0xb
 3767 02ce 01       		.uleb128 0x1
 3768 02cf 13       		.uleb128 0x13
 3769 02d0 00       		.byte	0
 3770 02d1 00       		.byte	0
 3771 02d2 32       		.uleb128 0x32
 3772 02d3 05       		.uleb128 0x5
 3773 02d4 00       		.byte	0
 3774 02d5 03       		.uleb128 0x3
 3775 02d6 08       		.uleb128 0x8
 3776 02d7 3A       		.uleb128 0x3a
 3777 02d8 0B       		.uleb128 0xb
 3778 02d9 3B       		.uleb128 0x3b
 3779 02da 0B       		.uleb128 0xb
 3780 02db 39       		.uleb128 0x39
 3781 02dc 0B       		.uleb128 0xb
 3782 02dd 49       		.uleb128 0x49
 3783 02de 13       		.uleb128 0x13
 3784 02df 00       		.byte	0
 3785 02e0 00       		.byte	0
 3786 02e1 33       		.uleb128 0x33
 3787 02e2 34       		.uleb128 0x34
 3788 02e3 00       		.byte	0
 3789 02e4 03       		.uleb128 0x3
 3790 02e5 08       		.uleb128 0x8
 3791 02e6 3A       		.uleb128 0x3a
 3792 02e7 0B       		.uleb128 0xb
 3793 02e8 3B       		.uleb128 0x3b
 3794 02e9 0B       		.uleb128 0xb
 3795 02ea 39       		.uleb128 0x39
 3796 02eb 0B       		.uleb128 0xb
 3797 02ec 49       		.uleb128 0x49
 3798 02ed 13       		.uleb128 0x13
 3799 02ee 00       		.byte	0
 3800 02ef 00       		.byte	0
 3801 02f0 34       		.uleb128 0x34
 3802 02f1 2E       		.uleb128 0x2e
 3803 02f2 01       		.byte	0x1
 3804 02f3 03       		.uleb128 0x3
 3805 02f4 0E       		.uleb128 0xe
 3806 02f5 3A       		.uleb128 0x3a
 3807 02f6 0B       		.uleb128 0xb
 3808 02f7 3B       		.uleb128 0x3b
 3809 02f8 0B       		.uleb128 0xb
 3810 02f9 39       		.uleb128 0x39
 3811 02fa 0B       		.uleb128 0xb
 3812 02fb 49       		.uleb128 0x49
 3813 02fc 13       		.uleb128 0x13
 3814 02fd 01       		.uleb128 0x1
 3815 02fe 13       		.uleb128 0x13
 3816 02ff 00       		.byte	0
 3817 0300 00       		.byte	0
 3818 0301 35       		.uleb128 0x35
 3819 0302 05       		.uleb128 0x5
ARM GAS  /tmp/ccL77YrL.s 			page 68


 3820 0303 00       		.byte	0
 3821 0304 03       		.uleb128 0x3
 3822 0305 0E       		.uleb128 0xe
 3823 0306 3A       		.uleb128 0x3a
 3824 0307 0B       		.uleb128 0xb
 3825 0308 3B       		.uleb128 0x3b
 3826 0309 0B       		.uleb128 0xb
 3827 030a 39       		.uleb128 0x39
 3828 030b 0B       		.uleb128 0xb
 3829 030c 49       		.uleb128 0x49
 3830 030d 13       		.uleb128 0x13
 3831 030e 00       		.byte	0
 3832 030f 00       		.byte	0
 3833 0310 00       		.byte	0
 3834              		.section	.gnu.debuglto_.debug_line,"e",%progbits
 3835              	.Ldebug_line0:
 3836 0000 95040000 		.4byte	.LELT0-.LSLT0
 3837              	.LSLT0:
 3838 0004 0400     		.2byte	0x4
 3839 0006 8F040000 		.4byte	.LELTP0-.LASLTP0
 3840              	.LASLTP0:
 3841 000a 01       		.byte	0x1
 3842 000b 01       		.byte	0x1
 3843 000c 01       		.byte	0x1
 3844 000d F6       		.byte	0xf6
 3845 000e F2       		.byte	0xf2
 3846 000f 0D       		.byte	0xd
 3847 0010 00       		.byte	0
 3848 0011 01       		.byte	0x1
 3849 0012 01       		.byte	0x1
 3850 0013 01       		.byte	0x1
 3851 0014 01       		.byte	0x1
 3852 0015 00       		.byte	0
 3853 0016 00       		.byte	0
 3854 0017 00       		.byte	0
 3855 0018 01       		.byte	0x1
 3856 0019 00       		.byte	0
 3857 001a 00       		.byte	0
 3858 001b 01       		.byte	0x1
 3859 001c 74686972 		.ascii	"third_party/ChibiOS/os/common/ext/ST/STM32H7xx"
 3859      645F7061 
 3859      7274792F 
 3859      43686962 
 3859      694F532F 
 3860 004a 00       		.byte	0
 3861 004b 74686972 		.ascii	"third_party/ChibiOS/os/common/ports/ARM-common"
 3861      645F7061 
 3861      7274792F 
 3861      43686962 
 3861      694F532F 
 3862 0079 00       		.byte	0
 3863 007a 74686972 		.ascii	"third_party/ChibiOS/os/common/ports/ARMv7-M"
 3863      645F7061 
 3863      7274792F 
 3863      43686962 
 3863      694F532F 
 3864 00a5 00       		.byte	0
ARM GAS  /tmp/ccL77YrL.s 			page 69


 3865 00a6 74686972 		.ascii	"third_party/ChibiOS/os/hal/include"
 3865      645F7061 
 3865      7274792F 
 3865      43686962 
 3865      694F532F 
 3866 00c8 00       		.byte	0
 3867 00c9 74686972 		.ascii	"third_party/ChibiOS/os/hal/ports/STM32/LLD/DMAv2"
 3867      645F7061 
 3867      7274792F 
 3867      43686962 
 3867      694F532F 
 3868 00f9 00       		.byte	0
 3869 00fa 74686972 		.ascii	"third_party/ChibiOS/os/hal/ports/STM32/LLD/I2Cv3"
 3869      645F7061 
 3869      7274792F 
 3869      43686962 
 3869      694F532F 
 3870 012a 00       		.byte	0
 3871 012b 74686972 		.ascii	"third_party/ChibiOS/os/rt/include"
 3871      645F7061 
 3871      7274792F 
 3871      43686962 
 3871      694F532F 
 3872 014c 00       		.byte	0
 3873 014d 2F6F7074 		.ascii	"/opt/gcc-arm-none-eabi-10-2020-q4-major/arm-none-ea"
 3873      2F676363 
 3873      2D61726D 
 3873      2D6E6F6E 
 3873      652D6561 
 3874 0180 62692F69 		.ascii	"bi/include/c++/10.2.1/arm-none-eabi/thumb/v7e-m+dp/"
 3874      6E636C75 
 3874      64652F63 
 3874      2B2B2F31 
 3874      302E322E 
 3875 01b3 68617264 		.ascii	"hard/bits"
 3875      2F626974 
 3875      73
 3876 01bc 00       		.byte	0
 3877 01bd 2F6F7074 		.ascii	"/opt/gcc-arm-none-eabi-10-2020-q4-major/arm-none-ea"
 3877      2F676363 
 3877      2D61726D 
 3877      2D6E6F6E 
 3877      652D6561 
 3878 01f0 62692F69 		.ascii	"bi/include/c++/10.2.1"
 3878      6E636C75 
 3878      64652F63 
 3878      2B2B2F31 
 3878      302E322E 
 3879 0205 00       		.byte	0
 3880 0206 2F6F7074 		.ascii	"/opt/gcc-arm-none-eabi-10-2020-q4-major/arm-none-ea"
 3880      2F676363 
 3880      2D61726D 
 3880      2D6E6F6E 
 3880      652D6561 
 3881 0239 62692F69 		.ascii	"bi/include/machine"
 3881      6E636C75 
 3881      64652F6D 
ARM GAS  /tmp/ccL77YrL.s 			page 70


 3881      61636869 
 3881      6E65
 3882 024b 00       		.byte	0
 3883 024c 2F6F7074 		.ascii	"/opt/gcc-arm-none-eabi-10-2020-q4-major/arm-none-ea"
 3883      2F676363 
 3883      2D61726D 
 3883      2D6E6F6E 
 3883      652D6561 
 3884 027f 62692F69 		.ascii	"bi/include/sys"
 3884      6E636C75 
 3884      64652F73 
 3884      7973
 3885 028d 00       		.byte	0
 3886 028e 2F6F7074 		.ascii	"/opt/gcc-arm-none-eabi-10-2020-q4-major/arm-none-ea"
 3886      2F676363 
 3886      2D61726D 
 3886      2D6E6F6E 
 3886      652D6561 
 3887 02c1 62692F69 		.ascii	"bi/include"
 3887      6E636C75 
 3887      6465
 3888 02cb 00       		.byte	0
 3889 02cc 2F6F7074 		.ascii	"/opt/gcc-arm-none-eabi-10-2020-q4-major/lib/gcc/arm"
 3889      2F676363 
 3889      2D61726D 
 3889      2D6E6F6E 
 3889      652D6561 
 3890 02ff 2D6E6F6E 		.ascii	"-none-eabi/10.2.1/include"
 3890      652D6561 
 3890      62692F31 
 3890      302E322E 
 3890      312F696E 
 3891 0318 00       		.byte	0
 3892 0319 7372632F 		.ascii	"src/coms/Baro"
 3892      636F6D73 
 3892      2F426172 
 3892      6F
 3893 0326 00       		.byte	0
 3894 0327 737263   		.ascii	"src"
 3895 032a 00       		.byte	0
 3896 032b 00       		.byte	0
 3897 032c 73746464 		.ascii	"stddef.h\000"
 3897      65662E68 
 3897      00
 3898 0335 0D       		.uleb128 0xd
 3899 0336 00       		.uleb128 0
 3900 0337 00       		.uleb128 0
 3901 0338 5F646566 		.ascii	"_default_types.h\000"
 3901      61756C74 
 3901      5F747970 
 3901      65732E68 
 3901      00
 3902 0349 0A       		.uleb128 0xa
 3903 034a 00       		.uleb128 0
 3904 034b 00       		.uleb128 0
 3905 034c 5F737464 		.ascii	"_stdint.h\000"
 3905      696E742E 
ARM GAS  /tmp/ccL77YrL.s 			page 71


 3905      6800
 3906 0356 0B       		.uleb128 0xb
 3907 0357 00       		.uleb128 0
 3908 0358 00       		.uleb128 0
 3909 0359 73746469 		.ascii	"stdint.h\000"
 3909      6E742E68 
 3909      00
 3910 0362 0C       		.uleb128 0xc
 3911 0363 00       		.uleb128 0
 3912 0364 00       		.uleb128 0
 3913 0365 63687479 		.ascii	"chtypes.h\000"
 3913      7065732E 
 3913      6800
 3914 036f 02       		.uleb128 0x2
 3915 0370 00       		.uleb128 0
 3916 0371 00       		.uleb128 0
 3917 0372 63686561 		.ascii	"chearly.h\000"
 3917      726C792E 
 3917      6800
 3918 037c 07       		.uleb128 0x7
 3919 037d 00       		.uleb128 0
 3920 037e 00       		.uleb128 0
 3921 037f 63686F62 		.ascii	"chobjects.h\000"
 3921      6A656374 
 3921      732E6800 
 3922 038b 07       		.uleb128 0x7
 3923 038c 00       		.uleb128 0
 3924 038d 00       		.uleb128 0
 3925 038e 63687266 		.ascii	"chrfcu.h\000"
 3925      63752E68 
 3925      00
 3926 0397 07       		.uleb128 0x7
 3927 0398 00       		.uleb128 0
 3928 0399 00       		.uleb128 0
 3929 039a 63686465 		.ascii	"chdebug.h\000"
 3929      6275672E 
 3929      6800
 3930 03a4 07       		.uleb128 0x7
 3931 03a5 00       		.uleb128 0
 3932 03a6 00       		.uleb128 0
 3933 03a7 63687469 		.ascii	"chtime.h\000"
 3933      6D652E68 
 3933      00
 3934 03b0 07       		.uleb128 0x7
 3935 03b1 00       		.uleb128 0
 3936 03b2 00       		.uleb128 0
 3937 03b3 63686C69 		.ascii	"chlists.h\000"
 3937      7374732E 
 3937      6800
 3938 03bd 07       		.uleb128 0x7
 3939 03be 00       		.uleb128 0
 3940 03bf 00       		.uleb128 0
 3941 03c0 63687472 		.ascii	"chtrace.h\000"
 3941      6163652E 
 3941      6800
 3942 03ca 07       		.uleb128 0x7
 3943 03cb 00       		.uleb128 0
ARM GAS  /tmp/ccL77YrL.s 			page 72


 3944 03cc 00       		.uleb128 0
 3945 03cd 73746D33 		.ascii	"stm32h753xx.h\000"
 3945      32683735 
 3945      3378782E 
 3945      6800
 3946 03db 01       		.uleb128 0x1
 3947 03dc 00       		.uleb128 0
 3948 03dd 00       		.uleb128 0
 3949 03de 6368636F 		.ascii	"chcore.h\000"
 3949      72652E68 
 3949      00
 3950 03e7 03       		.uleb128 0x3
 3951 03e8 00       		.uleb128 0
 3952 03e9 00       		.uleb128 0
 3953 03ea 63687365 		.ascii	"chsem.h\000"
 3953      6D2E6800 
 3954 03f2 07       		.uleb128 0x7
 3955 03f3 00       		.uleb128 0
 3956 03f4 00       		.uleb128 0
 3957 03f5 63686D74 		.ascii	"chmtx.h\000"
 3957      782E6800 
 3958 03fd 07       		.uleb128 0x7
 3959 03fe 00       		.uleb128 0
 3960 03ff 00       		.uleb128 0
 3961 0400 73746D33 		.ascii	"stm32_dma.h\000"
 3961      325F646D 
 3961      612E6800 
 3962 040c 05       		.uleb128 0x5
 3963 040d 00       		.uleb128 0
 3964 040e 00       		.uleb128 0
 3965 040f 68616C5F 		.ascii	"hal_i2c.h\000"
 3965      6932632E 
 3965      6800
 3966 0419 04       		.uleb128 0x4
 3967 041a 00       		.uleb128 0
 3968 041b 00       		.uleb128 0
 3969 041c 68616C5F 		.ascii	"hal_i2c_lld.h\000"
 3969      6932635F 
 3969      6C6C642E 
 3969      6800
 3970 042a 06       		.uleb128 0x6
 3971 042b 00       		.uleb128 0
 3972 042c 00       		.uleb128 0
 3973 042d 63737464 		.ascii	"cstdint\000"
 3973      696E7400 
 3974 0435 09       		.uleb128 0x9
 3975 0436 00       		.uleb128 0
 3976 0437 00       		.uleb128 0
 3977 0438 636D6174 		.ascii	"cmath\000"
 3977      6800
 3978 043e 09       		.uleb128 0x9
 3979 043f 00       		.uleb128 0
 3980 0440 00       		.uleb128 0
 3981 0441 632B2B63 		.ascii	"c++config.h\000"
 3981      6F6E6669 
 3981      672E6800 
 3982 044d 08       		.uleb128 0x8
ARM GAS  /tmp/ccL77YrL.s 			page 73


 3983 044e 00       		.uleb128 0
 3984 044f 00       		.uleb128 0
 3985 0450 466C6967 		.ascii	"FlightState.hpp\000"
 3985      68745374 
 3985      6174652E 
 3985      68707000 
 3986 0460 0F       		.uleb128 0xf
 3987 0461 00       		.uleb128 0
 3988 0462 00       		.uleb128 0
 3989 0463 74687265 		.ascii	"threads.hpp\000"
 3989      6164732E 
 3989      68707000 
 3990 046f 0F       		.uleb128 0xf
 3991 0470 00       		.uleb128 0
 3992 0471 00       		.uleb128 0
 3993 0472 6D617468 		.ascii	"math.h\000"
 3993      2E6800
 3994 0479 0C       		.uleb128 0xc
 3995 047a 00       		.uleb128 0
 3996 047b 00       		.uleb128 0
 3997 047c 44505333 		.ascii	"DPS310.cpp\000"
 3997      31302E63 
 3997      707000
 3998 0487 0E       		.uleb128 0xe
 3999 0488 00       		.uleb128 0
 4000 0489 00       		.uleb128 0
 4001 048a 3C627569 		.ascii	"<built-in>\000"
 4001      6C742D69 
 4001      6E3E00
 4002 0495 00       		.uleb128 0
 4003 0496 00       		.uleb128 0
 4004 0497 00       		.uleb128 0
 4005 0498 00       		.byte	0
 4006              	.LELTP0:
 4007              	.LELT0:
 4008              		.section	.gnu.debuglto_.debug_str,"eMS",%progbits,1
 4009              	.LASF54:
 4010 0000 75696E74 		.ascii	"uint_fast16_t\000"
 4010      5F666173 
 4010      7431365F 
 4010      7400
 4011              	.LASF13:
 4012 000e 6C6F6E67 		.ascii	"long int\000"
 4012      20696E74 
 4012      00
 4013              	.LASF290:
 4014 0017 7372632F 		.ascii	"src/coms/Baro/DPS310.cpp\000"
 4014      636F6D73 
 4014      2F426172 
 4014      6F2F4450 
 4014      53333130 
 4015              	.LASF250:
 4016 0030 4B505F4B 		.ascii	"KP_KT_OSR1\000"
 4016      545F4F53 
 4016      523100
 4017              	.LASF288:
 4018 003b 63686172 		.ascii	"char32_t\000"
ARM GAS  /tmp/ccL77YrL.s 			page 74


 4018      33325F74 
 4018      00
 4019              	.LASF271:
 4020 0044 746D705F 		.ascii	"tmp_ext\000"
 4020      65787400 
 4021              	.LASF79:
 4022 004c 77746D74 		.ascii	"wtmtxp\000"
 4022      787000
 4023              	.LASF211:
 4024 0053 565F444F 		.ascii	"V_DOT\000"
 4024      5400
 4025              	.LASF254:
 4026 0059 735F6330 		.ascii	"s_c0\000"
 4026      00
 4027              	.LASF241:
 4028 005e 5245475F 		.ascii	"REG_MEAS_CFG\000"
 4028      4D454153 
 4028      5F434647 
 4028      00
 4029              	.LASF248:
 4030 006b 4346475F 		.ascii	"CFG_RATE8_OSR1\000"
 4030      52415445 
 4030      385F4F53 
 4030      523100
 4031              	.LASF256:
 4032 007a 735F6330 		.ascii	"s_c00\000"
 4032      3000
 4033              	.LASF258:
 4034 0080 735F6330 		.ascii	"s_c01\000"
 4034      3100
 4035              	.LASF238:
 4036 0086 5245475F 		.ascii	"REG_PRS_B2\000"
 4036      5052535F 
 4036      423200
 4037              	.LASF106:
 4038 0091 63685F72 		.ascii	"ch_rfcu\000"
 4038      66637500 
 4039              	.LASF281:
 4040 0099 7369676E 		.ascii	"sign_bit\000"
 4040      5F626974 
 4040      00
 4041              	.LASF247:
 4042 00a2 4D454153 		.ascii	"MEAS_CTRL_CONT_PT\000"
 4042      5F435452 
 4042      4C5F434F 
 4042      4E545F50 
 4042      5400
 4043              	.LASF113:
 4044 00b4 73797374 		.ascii	"systime_t\000"
 4044      696D655F 
 4044      7400
 4045              	.LASF92:
 4046 00be 7265616C 		.ascii	"realprio\000"
 4046      7072696F 
 4046      00
 4047              	.LASF137:
 4048 00c7 62756666 		.ascii	"buffer\000"
ARM GAS  /tmp/ccL77YrL.s 			page 75


 4048      657200
 4049              	.LASF264:
 4050 00ce 735F7265 		.ascii	"s_ref_captured\000"
 4050      665F6361 
 4050      70747572 
 4050      656400
 4051              	.LASF265:
 4052 00dd 735F7761 		.ascii	"s_warmup_count\000"
 4052      726D7570 
 4052      5F636F75 
 4052      6E7400
 4053              	.LASF236:
 4054 00ec 646F7562 		.ascii	"double_t\000"
 4054      6C655F74 
 4054      00
 4055              	.LASF296:
 4056 00f5 64707333 		.ascii	"dps310_init\000"
 4056      31305F69 
 4056      6E697400 
 4057              	.LASF189:
 4058 0101 4932435F 		.ascii	"I2C_ACTIVE_RX\000"
 4058      41435449 
 4058      56455F52 
 4058      5800
 4059              	.LASF285:
 4060 010f 6932635F 		.ascii	"i2c_write_reg\000"
 4060      77726974 
 4060      655F7265 
 4060      6700
 4061              	.LASF90:
 4062 011d 6570656E 		.ascii	"epending\000"
 4062      64696E67 
 4062      00
 4063              	.LASF118:
 4064 0126 6E657874 		.ascii	"next\000"
 4064      00
 4065              	.LASF196:
 4066 012b 49324344 		.ascii	"I2CDriver\000"
 4066      72697665 
 4066      7200
 4067              	.LASF180:
 4068 0135 69666372 		.ascii	"ifcr\000"
 4068      00
 4069              	.LASF207:
 4070 013a 5F5F676E 		.ascii	"__gnu_cxx\000"
 4070      755F6378 
 4070      7800
 4071              	.LASF274:
 4072 0144 74726177 		.ascii	"traw\000"
 4072      00
 4073              	.LASF277:
 4074 0149 616C745F 		.ascii	"alt_raw_m\000"
 4074      7261775F 
 4074      6D00
 4075              	.LASF39:
 4076 0153 696E746D 		.ascii	"intmax_t\000"
 4076      61785F74 
ARM GAS  /tmp/ccL77YrL.s 			page 76


 4076      00
 4077              	.LASF58:
 4078 015c 75696E74 		.ascii	"uint_fast64_t\000"
 4078      5F666173 
 4078      7436345F 
 4078      7400
 4079              	.LASF53:
 4080 016a 696E745F 		.ascii	"int_fast16_t\000"
 4080      66617374 
 4080      31365F74 
 4080      00
 4081              	.LASF12:
 4082 0177 5F5F696E 		.ascii	"__int32_t\000"
 4082      7433325F 
 4082      7400
 4083              	.LASF87:
 4084 0181 72656673 		.ascii	"refs\000"
 4084      00
 4085              	.LASF286:
 4086 0186 77636861 		.ascii	"wchar_t\000"
 4086      725F7400 
 4087              	.LASF257:
 4088 018e 735F6331 		.ascii	"s_c10\000"
 4088      3000
 4089              	.LASF259:
 4090 0194 735F6331 		.ascii	"s_c11\000"
 4090      3100
 4091              	.LASF135:
 4092 019a 73757370 		.ascii	"suspended\000"
 4092      656E6465 
 4092      6400
 4093              	.LASF28:
 4094 01a4 5F5F7569 		.ascii	"__uintmax_t\000"
 4094      6E746D61 
 4094      785F7400 
 4095              	.LASF252:
 4096 01b0 50524553 		.ascii	"PRESSURE_MAX_PA\000"
 4096      53555245 
 4096      5F4D4158 
 4096      5F504100 
 4097              	.LASF75:
 4098 01c0 77746F62 		.ascii	"wtobjp\000"
 4098      6A7000
 4099              	.LASF98:
 4100 01c7 76746C69 		.ascii	"vtlist\000"
 4100      737400
 4101              	.LASF213:
 4102 01ce 505F444F 		.ascii	"P_DOT\000"
 4102      5400
 4103              	.LASF156:
 4104 01d4 706F7274 		.ascii	"port_context\000"
 4104      5F636F6E 
 4104      74657874 
 4104      00
 4105              	.LASF167:
 4106 01e1 63685F72 		.ascii	"ch_ready_list\000"
 4106      65616479 
ARM GAS  /tmp/ccL77YrL.s 			page 77


 4106      5F6C6973 
 4106      7400
 4107              	.LASF23:
 4108 01ef 5F5F696E 		.ascii	"__int_least32_t\000"
 4108      745F6C65 
 4108      61737433 
 4108      325F7400 
 4109              	.LASF255:
 4110 01ff 735F6331 		.ascii	"s_c1\000"
 4110      00
 4111              	.LASF139:
 4112 0204 4E445452 		.ascii	"NDTR\000"
 4112      00
 4113              	.LASF160:
 4114 0209 6C617374 		.ascii	"laststamp\000"
 4114      7374616D 
 4114      7000
 4115              	.LASF80:
 4116 0213 65776D61 		.ascii	"ewmask\000"
 4116      736B00
 4117              	.LASF121:
 4118 021a 70726576 		.ascii	"prev\000"
 4118      00
 4119              	.LASF150:
 4120 021f 54494D45 		.ascii	"TIMEOUTR\000"
 4120      4F555452 
 4120      00
 4121              	.LASF29:
 4122 0228 5F5F696E 		.ascii	"__intptr_t\000"
 4122      74707472 
 4122      5F7400
 4123              	.LASF279:
 4124 0233 6465636F 		.ascii	"decode_coefficients\000"
 4124      64655F63 
 4124      6F656666 
 4124      69636965 
 4124      6E747300 
 4125              	.LASF193:
 4126 0247 68616C5F 		.ascii	"hal_i2c_config\000"
 4126      6932635F 
 4126      636F6E66 
 4126      696700
 4127              	.LASF244:
 4128 0256 5245475F 		.ascii	"REG_COEF\000"
 4128      434F4546 
 4128      00
 4129              	.LASF260:
 4130 025f 735F6332 		.ascii	"s_c20\000"
 4130      3000
 4131              	.LASF261:
 4132 0265 735F6332 		.ascii	"s_c21\000"
 4132      3100
 4133              	.LASF109:
 4134 026b 63685F73 		.ascii	"ch_system_debug\000"
 4134      79737465 
 4134      6D5F6465 
 4134      62756700 
ARM GAS  /tmp/ccL77YrL.s 			page 78


 4135              	.LASF70:
 4136 027b 6C697374 		.ascii	"list\000"
 4136      00
 4137              	.LASF57:
 4138 0280 696E745F 		.ascii	"int_fast64_t\000"
 4138      66617374 
 4138      36345F74 
 4138      00
 4139              	.LASF117:
 4140 028d 63685F6C 		.ascii	"ch_list\000"
 4140      69737400 
 4141              	.LASF144:
 4142 0295 3232444D 		.ascii	"22DMAMUX_Channel_TypeDef\000"
 4142      414D5558 
 4142      5F436861 
 4142      6E6E656C 
 4142      5F547970 
 4143              	.LASF205:
 4144 02ae 696E5F74 		.ascii	"in_transaction\000"
 4144      72616E73 
 4144      61637469 
 4144      6F6E00
 4145              	.LASF126:
 4146 02bd 63685F64 		.ascii	"ch_delta_list\000"
 4146      656C7461 
 4146      5F6C6973 
 4146      7400
 4147              	.LASF46:
 4148 02cb 75696E74 		.ascii	"uint_least16_t\000"
 4148      5F6C6561 
 4148      73743136 
 4148      5F7400
 4149              	.LASF31:
 4150 02da 696E7438 		.ascii	"int8_t\000"
 4150      5F7400
 4151              	.LASF294:
 4152 02e1 31347472 		.ascii	"14trace_buffer_t\000"
 4152      6163655F 
 4152      62756666 
 4152      65725F74 
 4152      00
 4153              	.LASF77:
 4154 02f2 73656E74 		.ascii	"sentmsg\000"
 4154      6D736700 
 4155              	.LASF201:
 4156 02fa 74786279 		.ascii	"txbytes\000"
 4156      74657300 
 4157              	.LASF188:
 4158 0302 4932435F 		.ascii	"I2C_ACTIVE_TX\000"
 4158      41435449 
 4158      56455F54 
 4158      5800
 4159              	.LASF66:
 4160 0310 6576656E 		.ascii	"eventmask_t\000"
 4160      746D6173 
 4160      6B5F7400 
 4161              	.LASF240:
ARM GAS  /tmp/ccL77YrL.s 			page 79


 4162 031c 5245475F 		.ascii	"REG_TMP_CFG\000"
 4162      544D505F 
 4162      43464700 
 4163              	.LASF134:
 4164 0328 74726163 		.ascii	"trace_event_t\000"
 4164      655F6576 
 4164      656E745F 
 4164      7400
 4165              	.LASF224:
 4166 0336 666C6F61 		.ascii	"float\000"
 4166      7400
 4167              	.LASF199:
 4168 033c 6D757465 		.ascii	"mutex\000"
 4168      7800
 4169              	.LASF181:
 4170 0342 73686966 		.ascii	"shift\000"
 4170      7400
 4171              	.LASF165:
 4172 0348 63685F73 		.ascii	"ch_semaphore\000"
 4172      656D6170 
 4172      686F7265 
 4172      00
 4173              	.LASF64:
 4174 0355 74707269 		.ascii	"tprio_t\000"
 4174      6F5F7400 
 4175              	.LASF143:
 4176 035d 3138444D 		.ascii	"18DMA_Stream_TypeDef\000"
 4176      415F5374 
 4176      7265616D 
 4176      5F547970 
 4176      65446566 
 4177              	.LASF246:
 4178 0372 52455345 		.ascii	"RESET_CMD\000"
 4178      545F434D 
 4178      4400
 4179              	.LASF232:
 4180 037c 6261726F 		.ascii	"baro_mtx\000"
 4180      5F6D7478 
 4180      00
 4181              	.LASF33:
 4182 0385 696E7431 		.ascii	"int16_t\000"
 4182      365F7400 
 4183              	.LASF239:
 4184 038d 5245475F 		.ascii	"REG_PRS_CFG\000"
 4184      5052535F 
 4184      43464700 
 4185              	.LASF40:
 4186 0399 75696E74 		.ascii	"uintmax_t\000"
 4186      6D61785F 
 4186      7400
 4187              	.LASF129:
 4188 03a3 68616C74 		.ascii	"halt\000"
 4188      00
 4189              	.LASF18:
 4190 03a8 6C6F6E67 		.ascii	"long long unsigned int\000"
 4190      206C6F6E 
 4190      6720756E 
ARM GAS  /tmp/ccL77YrL.s 			page 80


 4190      7369676E 
 4190      65642069 
 4191              	.LASF128:
 4192 03bf 72656173 		.ascii	"reason\000"
 4192      6F6E00
 4193              	.LASF183:
 4194 03c6 76656374 		.ascii	"vector\000"
 4194      6F7200
 4195              	.LASF198:
 4196 03cd 6572726F 		.ascii	"errors\000"
 4196      727300
 4197              	.LASF72:
 4198 03d4 70717565 		.ascii	"pqueue\000"
 4198      756500
 4199              	.LASF191:
 4200 03db 69326373 		.ascii	"i2cstate_t\000"
 4200      74617465 
 4200      5F7400
 4201              	.LASF10:
 4202 03e6 5F5F7569 		.ascii	"__uint16_t\000"
 4202      6E743136 
 4202      5F7400
 4203              	.LASF67:
 4204 03f1 636E745F 		.ascii	"cnt_t\000"
 4204      7400
 4205              	.LASF225:
 4206 03f7 4261726F 		.ascii	"BaroRaw\000"
 4206      52617700 
 4207              	.LASF195:
 4208 03ff 49324343 		.ascii	"I2CConfig\000"
 4208      6F6E6669 
 4208      6700
 4209              	.LASF133:
 4210 0409 74696D65 		.ascii	"time\000"
 4210      00
 4211              	.LASF50:
 4212 040e 75696E74 		.ascii	"uint_least64_t\000"
 4212      5F6C6561 
 4212      73743634 
 4212      5F7400
 4213              	.LASF229:
 4214 041d 6861735F 		.ascii	"has_new\000"
 4214      6E657700 
 4215              	.LASF82:
 4216 0425 6F776E65 		.ascii	"owner\000"
 4216      7200
 4217              	.LASF172:
 4218 042b 6D61696E 		.ascii	"mainthread_end\000"
 4218      74687265 
 4218      61645F65 
 4218      6E6400
 4219              	.LASF175:
 4220 043a 6F735F69 		.ascii	"os_instance_config_t\000"
 4220      6E737461 
 4220      6E63655F 
 4220      636F6E66 
 4220      69675F74 
ARM GAS  /tmp/ccL77YrL.s 			page 81


 4221              	.LASF91:
 4222 044f 6D74786C 		.ascii	"mtxlist\000"
 4222      69737400 
 4223              	.LASF157:
 4224 0457 63685F76 		.ascii	"ch_virtual_timers_list\000"
 4224      69727475 
 4224      616C5F74 
 4224      696D6572 
 4224      735F6C69 
 4225              	.LASF291:
 4226 046e 2F686F6D 		.ascii	"/home/bprl-dev/Documents/BPRL_flight\000"
 4226      652F6270 
 4226      726C2D64 
 4226      65762F44 
 4226      6F63756D 
 4227              	.LASF101:
 4228 0493 72666375 		.ascii	"rfcu\000"
 4228      00
 4229              	.LASF192:
 4230 0498 69326366 		.ascii	"i2cflags_t\000"
 4230      6C616773 
 4230      5F7400
 4231              	.LASF69:
 4232 04a3 74687265 		.ascii	"thread_t\000"
 4232      61645F74 
 4232      00
 4233              	.LASF220:
 4234 04ac 5941575F 		.ascii	"YAW_RATE\000"
 4234      52415445 
 4234      00
 4235              	.LASF223:
 4236 04b5 4E5F494E 		.ascii	"N_INPUTS\000"
 4236      50555453 
 4236      00
 4237              	.LASF130:
 4238 04be 75736572 		.ascii	"user\000"
 4238      00
 4239              	.LASF3:
 4240 04c3 73697A65 		.ascii	"size_t\000"
 4240      5F7400
 4241              	.LASF73:
 4242 04ca 7264796D 		.ascii	"rdymsg\000"
 4242      736700
 4243              	.LASF152:
 4244 04d1 52584452 		.ascii	"RXDR\000"
 4244      00
 4245              	.LASF43:
 4246 04d6 696E745F 		.ascii	"int_least8_t\000"
 4246      6C656173 
 4246      74385F74 
 4246      00
 4247              	.LASF37:
 4248 04e3 696E7436 		.ascii	"int64_t\000"
 4248      345F7400 
 4249              	.LASF122:
 4250 04eb 63685F70 		.ascii	"ch_priority_queue_t\000"
 4250      72696F72 
ARM GAS  /tmp/ccL77YrL.s 			page 82


 4250      6974795F 
 4250      71756575 
 4250      655F7400 
 4251              	.LASF234:
 4252 04ff 646F7562 		.ascii	"double\000"
 4252      6C6500
 4253              	.LASF44:
 4254 0506 75696E74 		.ascii	"uint_least8_t\000"
 4254      5F6C6561 
 4254      7374385F 
 4254      7400
 4255              	.LASF24:
 4256 0514 5F5F7569 		.ascii	"__uint_least32_t\000"
 4256      6E745F6C 
 4256      65617374 
 4256      33325F74 
 4256      00
 4257              	.LASF147:
 4258 0525 4F415231 		.ascii	"OAR1\000"
 4258      00
 4259              	.LASF148:
 4260 052a 4F415232 		.ascii	"OAR2\000"
 4260      00
 4261              	.LASF166:
 4262 052f 63685F6D 		.ascii	"ch_mutex\000"
 4262      75746578 
 4262      00
 4263              	.LASF237:
 4264 0538 4932435F 		.ascii	"I2C_ADDR\000"
 4264      41444452 
 4264      00
 4265              	.LASF140:
 4266 0541 4D304152 		.ascii	"M0AR\000"
 4266      00
 4267              	.LASF210:
 4268 0546 555F444F 		.ascii	"U_DOT\000"
 4268      5400
 4269              	.LASF263:
 4270 054c 735F7265 		.ascii	"s_ready\000"
 4270      61647900 
 4271              	.LASF233:
 4272 0554 675F6261 		.ascii	"g_baro\000"
 4272      726F00
 4273              	.LASF202:
 4274 055b 72786279 		.ascii	"rxbytes\000"
 4274      74657300 
 4275              	.LASF209:
 4276 0563 5A5F504F 		.ascii	"Z_POS\000"
 4276      5300
 4277              	.LASF174:
 4278 0569 69646C65 		.ascii	"idlethread_end\000"
 4278      74687265 
 4278      61645F65 
 4278      6E6400
 4279              	.LASF235:
 4280 0578 666C6F61 		.ascii	"float_t\000"
 4280      745F7400 
ARM GAS  /tmp/ccL77YrL.s 			page 83


 4281              	.LASF124:
 4282 0580 7072696F 		.ascii	"prio\000"
 4282      00
 4283              	.LASF262:
 4284 0585 735F6333 		.ascii	"s_c30\000"
 4284      3000
 4285              	.LASF111:
 4286 058b 63686172 		.ascii	"char\000"
 4286      00
 4287              	.LASF125:
 4288 0590 63685F64 		.ascii	"ch_delta_list_t\000"
 4288      656C7461 
 4288      5F6C6973 
 4288      745F7400 
 4289              	.LASF105:
 4290 05a0 72666375 		.ascii	"rfcu_mask_t\000"
 4290      5F6D6173 
 4290      6B5F7400 
 4291              	.LASF215:
 4292 05ac 525F444F 		.ascii	"R_DOT\000"
 4292      5400
 4293              	.LASF204:
 4294 05b2 7478646D 		.ascii	"txdmamode\000"
 4294      616D6F64 
 4294      6500
 4295              	.LASF84:
 4296 05bc 77616261 		.ascii	"wabase\000"
 4296      736500
 4297              	.LASF62:
 4298 05c3 74737461 		.ascii	"tstate_t\000"
 4298      74655F74 
 4298      00
 4299              	.LASF81:
 4300 05cc 72717565 		.ascii	"rqueue\000"
 4300      756500
 4301              	.LASF269:
 4302 05d3 636F6566 		.ascii	"coef\000"
 4302      00
 4303              	.LASF171:
 4304 05d8 6D61696E 		.ascii	"mainthread_base\000"
 4304      74687265 
 4304      61645F62 
 4304      61736500 
 4305              	.LASF184:
 4306 05e8 73746D33 		.ascii	"stm32_dma_stream_t\000"
 4306      325F646D 
 4306      615F7374 
 4306      7265616D 
 4306      5F7400
 4307              	.LASF17:
 4308 05fb 5F5F7569 		.ascii	"__uint64_t\000"
 4308      6E743634 
 4308      5F7400
 4309              	.LASF231:
 4310 0606 49324344 		.ascii	"I2CD2\000"
 4310      3200
 4311              	.LASF287:
ARM GAS  /tmp/ccL77YrL.s 			page 84


 4312 060c 63686172 		.ascii	"char16_t\000"
 4312      31365F74 
 4312      00
 4313              	.LASF32:
 4314 0615 75696E74 		.ascii	"uint8_t\000"
 4314      385F7400 
 4315              	.LASF284:
 4316 061d 73746174 		.ascii	"status\000"
 4316      757300
 4317              	.LASF178:
 4318 0624 31387374 		.ascii	"18stm32_dma_stream_t\000"
 4318      6D33325F 
 4318      646D615F 
 4318      73747265 
 4318      616D5F74 
 4319              	.LASF89:
 4320 0639 6D736771 		.ascii	"msgqueue\000"
 4320      75657565 
 4320      00
 4321              	.LASF268:
 4322 0642 70726F64 		.ascii	"product_id\000"
 4322      7563745F 
 4322      696400
 4323              	.LASF96:
 4324 064d 63685F6F 		.ascii	"ch_os_instance\000"
 4324      735F696E 
 4324      7374616E 
 4324      636500
 4325              	.LASF179:
 4326 065c 73747265 		.ascii	"stream\000"
 4326      616D00
 4327              	.LASF95:
 4328 0663 63685F74 		.ascii	"ch_thread\000"
 4328      68726561 
 4328      6400
 4329              	.LASF153:
 4330 066d 54584452 		.ascii	"TXDR\000"
 4330      00
 4331              	.LASF280:
 4332 0672 62697473 		.ascii	"bits\000"
 4332      00
 4333              	.LASF249:
 4334 0677 4D454153 		.ascii	"MEAS_CFG_RDY_MASK\000"
 4334      5F434647 
 4334      5F524459 
 4334      5F4D4153 
 4334      4B00
 4335              	.LASF112:
 4336 0689 73797374 		.ascii	"system_debug_t\000"
 4336      656D5F64 
 4336      65627567 
 4336      5F7400
 4337              	.LASF149:
 4338 0698 54494D49 		.ascii	"TIMINGR\000"
 4338      4E475200 
 4339              	.LASF208:
 4340 06a0 53746174 		.ascii	"StateIdx\000"
ARM GAS  /tmp/ccL77YrL.s 			page 85


 4340      65496478 
 4340      00
 4341              	.LASF1:
 4342 06a9 6C6F6E67 		.ascii	"long long int\000"
 4342      206C6F6E 
 4342      6720696E 
 4342      7400
 4343              	.LASF242:
 4344 06b7 5245475F 		.ascii	"REG_RESET\000"
 4344      52455345 
 4344      5400
 4345              	.LASF230:
 4346 06c1 76616C69 		.ascii	"valid\000"
 4346      6400
 4347              	.LASF275:
 4348 06c7 705F7363 		.ascii	"p_sc\000"
 4348      00
 4349              	.LASF185:
 4350 06cc 4932435F 		.ascii	"I2C_UNINIT\000"
 4350      554E494E 
 4350      495400
 4351              	.LASF65:
 4352 06d7 6D73675F 		.ascii	"msg_t\000"
 4352      7400
 4353              	.LASF45:
 4354 06dd 696E745F 		.ascii	"int_least16_t\000"
 4354      6C656173 
 4354      7431365F 
 4354      7400
 4355              	.LASF297:
 4356 06eb 5F5A3131 		.ascii	"_Z11dps310_initv\000"
 4356      64707333 
 4356      31305F69 
 4356      6E697476 
 4356      00
 4357              	.LASF177:
 4358 06fc 626F6F6C 		.ascii	"bool\000"
 4358      00
 4359              	.LASF206:
 4360 0701 5F5F6378 		.ascii	"__cxx11\000"
 4360      78313100 
 4361              	.LASF8:
 4362 0709 5F5F696E 		.ascii	"__int16_t\000"
 4362      7431365F 
 4362      7400
 4363              	.LASF163:
 4364 0713 72656769 		.ascii	"registry_t\000"
 4364      73747279 
 4364      5F7400
 4365              	.LASF51:
 4366 071e 696E745F 		.ascii	"int_fast8_t\000"
 4366      66617374 
 4366      385F7400 
 4367              	.LASF142:
 4368 072a 444D415F 		.ascii	"DMA_Stream_TypeDef\000"
 4368      53747265 
 4368      616D5F54 
ARM GAS  /tmp/ccL77YrL.s 			page 86


 4368      79706544 
 4368      656600
 4369              	.LASF136:
 4370 073d 73697A65 		.ascii	"size\000"
 4370      00
 4371              	.LASF21:
 4372 0742 5F5F696E 		.ascii	"__int_least16_t\000"
 4372      745F6C65 
 4372      61737431 
 4372      365F7400 
 4373              	.LASF222:
 4374 0752 494E4449 		.ascii	"INDI_STK\000"
 4374      5F53544B 
 4374      00
 4375              	.LASF151:
 4376 075b 50454352 		.ascii	"PECR\000"
 4376      00
 4377              	.LASF49:
 4378 0760 696E745F 		.ascii	"int_least64_t\000"
 4378      6C656173 
 4378      7436345F 
 4378      7400
 4379              	.LASF56:
 4380 076e 75696E74 		.ascii	"uint_fast32_t\000"
 4380      5F666173 
 4380      7433325F 
 4380      7400
 4381              	.LASF107:
 4382 077c 6D61736B 		.ascii	"mask\000"
 4382      00
 4383              	.LASF119:
 4384 0781 63685F71 		.ascii	"ch_queue_t\000"
 4384      75657565 
 4384      5F7400
 4385              	.LASF138:
 4386 078c 74726163 		.ascii	"trace_buffer_t\000"
 4386      655F6275 
 4386      66666572 
 4386      5F7400
 4387              	.LASF4:
 4388 079b 5F5F696E 		.ascii	"__int8_t\000"
 4388      74385F74 
 4388      00
 4389              	.LASF61:
 4390 07a4 746D6F64 		.ascii	"tmode_t\000"
 4390      655F7400 
 4391              	.LASF103:
 4392 07ac 6D61696E 		.ascii	"mainthread\000"
 4392      74687265 
 4392      616400
 4393              	.LASF16:
 4394 07b7 5F5F696E 		.ascii	"__int64_t\000"
 4394      7436345F 
 4394      7400
 4395              	.LASF27:
 4396 07c1 5F5F696E 		.ascii	"__intmax_t\000"
 4396      746D6178 
ARM GAS  /tmp/ccL77YrL.s 			page 87


 4396      5F7400
 4397              	.LASF2:
 4398 07cc 6C6F6E67 		.ascii	"long double\000"
 4398      20646F75 
 4398      626C6500 
 4399              	.LASF41:
 4400 07d8 696E7470 		.ascii	"intptr_t\000"
 4400      74725F74 
 4400      00
 4401              	.LASF34:
 4402 07e1 75696E74 		.ascii	"uint16_t\000"
 4402      31365F74 
 4402      00
 4403              	.LASF164:
 4404 07ea 74687265 		.ascii	"thread_reference_t\000"
 4404      61645F72 
 4404      65666572 
 4404      656E6365 
 4404      5F7400
 4405              	.LASF116:
 4406 07fd 63685F6C 		.ascii	"ch_list_t\000"
 4406      6973745F 
 4406      7400
 4407              	.LASF30:
 4408 0807 5F5F7569 		.ascii	"__uintptr_t\000"
 4408      6E747074 
 4408      725F7400 
 4409              	.LASF187:
 4410 0813 4932435F 		.ascii	"I2C_READY\000"
 4410      52454144 
 4410      5900
 4411              	.LASF25:
 4412 081d 5F5F696E 		.ascii	"__int_least64_t\000"
 4412      745F6C65 
 4412      61737436 
 4412      345F7400 
 4413              	.LASF221:
 4414 082d 464C4947 		.ascii	"FLIGHT_MODE\000"
 4414      48545F4D 
 4414      4F444500 
 4415              	.LASF102:
 4416 0839 636F6E66 		.ascii	"config\000"
 4416      696700
 4417              	.LASF20:
 4418 0840 5F5F7569 		.ascii	"__uint_least8_t\000"
 4418      6E745F6C 
 4418      65617374 
 4418      385F7400 
 4419              	.LASF55:
 4420 0850 696E745F 		.ascii	"int_fast32_t\000"
 4420      66617374 
 4420      33325F74 
 4420      00
 4421              	.LASF145:
 4422 085d 444D414D 		.ascii	"DMAMUX_Channel_TypeDef\000"
 4422      55585F43 
 4422      68616E6E 
ARM GAS  /tmp/ccL77YrL.s 			page 88


 4422      656C5F54 
 4422      79706544 
 4423              	.LASF9:
 4424 0874 73686F72 		.ascii	"short int\000"
 4424      7420696E 
 4424      7400
 4425              	.LASF212:
 4426 087e 575F444F 		.ascii	"W_DOT\000"
 4426      5400
 4427              	.LASF155:
 4428 0884 706F7274 		.ascii	"port_intctx\000"
 4428      5F696E74 
 4428      63747800 
 4429              	.LASF278:
 4430 0890 64707333 		.ascii	"dps310_poll\000"
 4430      31305F70 
 4430      6F6C6C00 
 4431              	.LASF190:
 4432 089c 4932435F 		.ascii	"I2C_LOCKED\000"
 4432      4C4F434B 
 4432      454400
 4433              	.LASF218:
 4434 08a7 524F4C4C 		.ascii	"ROLL_TGT\000"
 4434      5F544754 
 4434      00
 4435              	.LASF104:
 4436 08b0 74726163 		.ascii	"trace_buffer\000"
 4436      655F6275 
 4436      66666572 
 4436      00
 4437              	.LASF59:
 4438 08bd 706F7274 		.ascii	"port_stkalign_t\000"
 4438      5F73746B 
 4438      616C6967 
 4438      6E5F7400 
 4439              	.LASF276:
 4440 08cd 745F7363 		.ascii	"t_sc\000"
 4440      00
 4441              	.LASF293:
 4442 08d2 31337472 		.ascii	"13trace_event_t\000"
 4442      6163655F 
 4442      6576656E 
 4442      745F7400 
 4443              	.LASF170:
 4444 08e2 63685F6F 		.ascii	"ch_os_instance_config\000"
 4444      735F696E 
 4444      7374616E 
 4444      63655F63 
 4444      6F6E6669 
 4445              	.LASF158:
 4446 08f8 646C6973 		.ascii	"dlist\000"
 4446      7400
 4447              	.LASF159:
 4448 08fe 6C617374 		.ascii	"lasttime\000"
 4448      74696D65 
 4448      00
 4449              	.LASF38:
ARM GAS  /tmp/ccL77YrL.s 			page 89


 4450 0907 75696E74 		.ascii	"uint64_t\000"
 4450      36345F74 
 4450      00
 4451              	.LASF97:
 4452 0910 726C6973 		.ascii	"rlist\000"
 4452      7400
 4453              	.LASF251:
 4454 0916 50524553 		.ascii	"PRESSURE_MIN_PA\000"
 4454      53555245 
 4454      5F4D494E 
 4454      5F504100 
 4455              	.LASF219:
 4456 0926 50495443 		.ascii	"PITCH_TGT\000"
 4456      485F5447 
 4456      5400
 4457              	.LASF6:
 4458 0930 5F5F7569 		.ascii	"__uint8_t\000"
 4458      6E74385F 
 4458      7400
 4459              	.LASF83:
 4460 093a 6E616D65 		.ascii	"name\000"
 4460      00
 4461              	.LASF243:
 4462 093f 5245475F 		.ascii	"REG_PRODUCT_ID\000"
 4462      50524F44 
 4462      5543545F 
 4462      494400
 4463              	.LASF226:
 4464 094e 70726573 		.ascii	"pressure_pa\000"
 4464      73757265 
 4464      5F706100 
 4465              	.LASF0:
 4466 095a 756E7369 		.ascii	"unsigned int\000"
 4466      676E6564 
 4466      20696E74 
 4466      00
 4467              	.LASF48:
 4468 0967 75696E74 		.ascii	"uint_least32_t\000"
 4468      5F6C6561 
 4468      73743332 
 4468      5F7400
 4469              	.LASF47:
 4470 0976 696E745F 		.ascii	"int_least32_t\000"
 4470      6C656173 
 4470      7433325F 
 4470      7400
 4471              	.LASF214:
 4472 0984 515F444F 		.ascii	"Q_DOT\000"
 4472      5400
 4473              	.LASF141:
 4474 098a 4D314152 		.ascii	"M1AR\000"
 4474      00
 4475              	.LASF19:
 4476 098f 5F5F696E 		.ascii	"__int_least8_t\000"
 4476      745F6C65 
 4476      61737438 
 4476      5F7400
ARM GAS  /tmp/ccL77YrL.s 			page 90


 4477              	.LASF42:
 4478 099e 75696E74 		.ascii	"uintptr_t\000"
 4478      7074725F 
 4478      7400
 4479              	.LASF22:
 4480 09a8 5F5F7569 		.ascii	"__uint_least16_t\000"
 4480      6E745F6C 
 4480      65617374 
 4480      31365F74 
 4480      00
 4481              	.LASF63:
 4482 09b9 74726566 		.ascii	"trefs_t\000"
 4482      735F7400 
 4483              	.LASF114:
 4484 09c1 73797369 		.ascii	"sysinterval_t\000"
 4484      6E746572 
 4484      76616C5F 
 4484      7400
 4485              	.LASF15:
 4486 09cf 6C6F6E67 		.ascii	"long unsigned int\000"
 4486      20756E73 
 4486      69676E65 
 4486      6420696E 
 4486      7400
 4487              	.LASF169:
 4488 09e1 72656164 		.ascii	"ready_list_t\000"
 4488      795F6C69 
 4488      73745F74 
 4488      00
 4489              	.LASF132:
 4490 09ee 72747374 		.ascii	"rtstamp\000"
 4490      616D7000 
 4491              	.LASF71:
 4492 09f6 71756575 		.ascii	"queue\000"
 4492      6500
 4493              	.LASF35:
 4494 09fc 696E7433 		.ascii	"int32_t\000"
 4494      325F7400 
 4495              	.LASF228:
 4496 0a04 616C745F 		.ascii	"alt_m\000"
 4496      6D00
 4497              	.LASF108:
 4498 0a0a 72666375 		.ascii	"rfcu_t\000"
 4498      5F7400
 4499              	.LASF200:
 4500 0a11 74687265 		.ascii	"thread\000"
 4500      616400
 4501              	.LASF283:
 4502 0a18 6932635F 		.ascii	"i2c_read_regs\000"
 4502      72656164 
 4502      5F726567 
 4502      7300
 4503              	.LASF78:
 4504 0a26 77747365 		.ascii	"wtsemp\000"
 4504      6D7000
 4505              	.LASF123:
 4506 0a2d 63685F70 		.ascii	"ch_priority_queue\000"
ARM GAS  /tmp/ccL77YrL.s 			page 91


 4506      72696F72 
 4506      6974795F 
 4506      71756575 
 4506      6500
 4507              	.LASF227:
 4508 0a3f 74656D70 		.ascii	"temperature_c\000"
 4508      65726174 
 4508      7572655F 
 4508      6300
 4509              	.LASF186:
 4510 0a4d 4932435F 		.ascii	"I2C_STOP\000"
 4510      53544F50 
 4510      00
 4511              	.LASF120:
 4512 0a56 63685F71 		.ascii	"ch_queue\000"
 4512      75657565 
 4512      00
 4513              	.LASF176:
 4514 0a5f 6D757465 		.ascii	"mutex_t\000"
 4514      785F7400 
 4515              	.LASF131:
 4516 0a67 74797065 		.ascii	"type\000"
 4516      00
 4517              	.LASF7:
 4518 0a6c 756E7369 		.ascii	"unsigned char\000"
 4518      676E6564 
 4518      20636861 
 4518      7200
 4519              	.LASF14:
 4520 0a7a 5F5F7569 		.ascii	"__uint32_t\000"
 4520      6E743332 
 4520      5F7400
 4521              	.LASF88:
 4522 0a85 77616974 		.ascii	"waiting\000"
 4522      696E6700 
 4523              	.LASF161:
 4524 0a8d 76697274 		.ascii	"virtual_timers_list_t\000"
 4524      75616C5F 
 4524      74696D65 
 4524      72735F6C 
 4524      6973745F 
 4525              	.LASF110:
 4526 0aa3 70616E69 		.ascii	"panic_msg\000"
 4526      635F6D73 
 4526      6700
 4527              	.LASF100:
 4528 0aad 636F7265 		.ascii	"core_id\000"
 4528      5F696400 
 4529              	.LASF217:
 4530 0ab5 54485255 		.ascii	"THRUST\000"
 4530      535400
 4531              	.LASF203:
 4532 0abc 7278646D 		.ascii	"rxdmamode\000"
 4532      616D6F64 
 4532      6500
 4533              	.LASF154:
 4534 0ac6 4932435F 		.ascii	"I2C_TypeDef\000"
ARM GAS  /tmp/ccL77YrL.s 			page 92


 4534      54797065 
 4534      44656600 
 4535              	.LASF292:
 4536 0ad2 6465636C 		.ascii	"decltype(nullptr)\000"
 4536      74797065 
 4536      286E756C 
 4536      6C707472 
 4536      2900
 4537              	.LASF52:
 4538 0ae4 75696E74 		.ascii	"uint_fast8_t\000"
 4538      5F666173 
 4538      74385F74 
 4538      00
 4539              	.LASF270:
 4540 0af1 636F6566 		.ascii	"coef_srce\000"
 4540      5F737263 
 4540      6500
 4541              	.LASF26:
 4542 0afb 5F5F7569 		.ascii	"__uint_least64_t\000"
 4542      6E745F6C 
 4542      65617374 
 4542      36345F74 
 4542      00
 4543              	.LASF85:
 4544 0b0c 73746174 		.ascii	"state\000"
 4544      6500
 4545              	.LASF68:
 4546 0b12 636F7265 		.ascii	"core_id_t\000"
 4546      5F69645F 
 4546      7400
 4547              	.LASF94:
 4548 0b1c 6F735F69 		.ascii	"os_instance_t\000"
 4548      6E737461 
 4548      6E63655F 
 4548      7400
 4549              	.LASF273:
 4550 0b2a 70726177 		.ascii	"praw\000"
 4550      00
 4551              	.LASF272:
 4552 0b2f 6D656173 		.ascii	"meas_cfg\000"
 4552      5F636667 
 4552      00
 4553              	.LASF99:
 4554 0b38 7265676C 		.ascii	"reglist\000"
 4554      69737400 
 4555              	.LASF76:
 4556 0b40 77747472 		.ascii	"wttrp\000"
 4556      7000
 4557              	.LASF245:
 4558 0b46 5245475F 		.ascii	"REG_COEF_SRCE\000"
 4558      434F4546 
 4558      5F535243 
 4558      4500
 4559              	.LASF173:
 4560 0b54 69646C65 		.ascii	"idlethread_base\000"
 4560      74687265 
 4560      61645F62 
ARM GAS  /tmp/ccL77YrL.s 			page 93


 4560      61736500 
 4561              	.LASF5:
 4562 0b64 7369676E 		.ascii	"signed char\000"
 4562      65642063 
 4562      68617200 
 4563              	.LASF127:
 4564 0b70 64656C74 		.ascii	"delta\000"
 4564      6100
 4565              	.LASF11:
 4566 0b76 73686F72 		.ascii	"short unsigned int\000"
 4566      7420756E 
 4566      7369676E 
 4566      65642069 
 4566      6E7400
 4567              	.LASF295:
 4568 0b89 31306932 		.ascii	"10i2cstate_t\000"
 4568      63737461 
 4568      74655F74 
 4568      00
 4569              	.LASF162:
 4570 0b96 63685F72 		.ascii	"ch_registry\000"
 4570      65676973 
 4570      74727900 
 4571              	.LASF60:
 4572 0ba2 73746B61 		.ascii	"stkalign_t\000"
 4572      6C69676E 
 4572      5F7400
 4573              	.LASF216:
 4574 0bad 496E7075 		.ascii	"InputIdx\000"
 4574      74496478 
 4574      00
 4575              	.LASF194:
 4576 0bb6 74696D69 		.ascii	"timingr\000"
 4576      6E677200 
 4577              	.LASF168:
 4578 0bbe 63757272 		.ascii	"current\000"
 4578      656E7400 
 4579              	.LASF146:
 4580 0bc6 31314932 		.ascii	"11I2C_TypeDef\000"
 4580      435F5479 
 4580      70654465 
 4580      6600
 4581              	.LASF282:
 4582 0bd4 7369676E 		.ascii	"sign_extend\000"
 4582      5F657874 
 4582      656E6400 
 4583              	.LASF253:
 4584 0be0 5741524D 		.ascii	"WARMUP_SAMPLES\000"
 4584      55505F53 
 4584      414D504C 
 4584      455300
 4585              	.LASF115:
 4586 0bef 74696D65 		.ascii	"time_conv_t\000"
 4586      5F636F6E 
 4586      765F7400 
 4587              	.LASF86:
 4588 0bfb 666C6167 		.ascii	"flags\000"
ARM GAS  /tmp/ccL77YrL.s 			page 94


 4588      7300
 4589              	.LASF267:
 4590 0c01 735F616C 		.ascii	"s_alt_ref_m\000"
 4590      745F7265 
 4590      665F6D00 
 4591              	.LASF197:
 4592 0c0d 68616C5F 		.ascii	"hal_i2c_driver\000"
 4592      6932635F 
 4592      64726976 
 4592      657200
 4593              	.LASF36:
 4594 0c1c 75696E74 		.ascii	"uint32_t\000"
 4594      33325F74 
 4594      00
 4595              	.LASF289:
 4596 0c25 474E5520 		.ascii	"GNU C++14 10.2.1 20201103 (release) -mcpu=cortex-m7"
 4596      432B2B31 
 4596      34203130 
 4596      2E322E31 
 4596      20323032 
 4597 0c58 202D6D74 		.ascii	" -mthumb -mfloat-abi=hard -mfpu=fpv5-d16 -march=arm"
 4597      68756D62 
 4597      202D6D66 
 4597      6C6F6174 
 4597      2D616269 
 4598 0c8b 7637652D 		.ascii	"v7e-m+fp.dp -ggdb -O3 -fomit-frame-pointer -falign-"
 4598      6D2B6670 
 4598      2E647020 
 4598      2D676764 
 4598      62202D4F 
 4599 0cbe 66756E63 		.ascii	"functions=16 -ffunction-sections -fdata-sections -f"
 4599      74696F6E 
 4599      733D3136 
 4599      202D6666 
 4599      756E6374 
 4600 0cf1 6E6F2D63 		.ascii	"no-common -flto -fno-rtti\000"
 4600      6F6D6D6F 
 4600      6E202D66 
 4600      6C746F20 
 4600      2D666E6F 
 4601              	.LASF74:
 4602 0d0b 65786974 		.ascii	"exitcode\000"
 4602      636F6465 
 4602      00
 4603              	.LASF182:
 4604 0d14 73656C66 		.ascii	"selfindex\000"
 4604      696E6465 
 4604      7800
 4605              	.LASF266:
 4606 0d1e 735F7761 		.ascii	"s_warmup_sum_m\000"
 4606      726D7570 
 4606      5F73756D 
 4606      5F6D00
 4607              	.LASF93:
 4608 0d2d 6D706F6F 		.ascii	"mpool\000"
 4608      6C00
 4609              		.text
ARM GAS  /tmp/ccL77YrL.s 			page 95


 4610              		.section	.gnu.lto_.odr_types.b51e53422286af16,"e",%progbits
 4611 0000 789C8D91 		.ascii	"x\234\215\221Oh\323`\030\306\277/i\273l\243\333\034"
 4611      4F68D360 
 4611      18C6BF2F 
 4611      69BB6CA3 
 4611      DB1C
 4612 0012 1B133CEF 		.ascii	"\033\023<\357\"\314t\323\273tM\034a5\015\371\263\315"
 4612      22CC74D3 
 4612      BB744D1C 
 4612      61350DF9 
 4612      B3CD
 4613 0024 53E89F68 		.ascii	"S\350\237h\003\335Z\232t\340Q\006\365b/\226\211Qv\020"
 4613      03DD5A9A 
 4613      74E05106 
 4613      F5622F96 
 4613      89517610 
 4614 0038 513CE898 		.ascii	"Q<\350\230\242\236\206\310T\024\024\304Y\213\033\310"
 4614      A29E86C8 
 4614      541414C4 
 4614      598B1BC8 
 4615 0048 1856650C 		.ascii	"\030Ve\014D\230l'\301\367k\272\264\275-\207\037O\236"
 4615      44986C27 
 4615      C1F76BBA 
 4615      B4BD2D87 
 4615      1F4F9E
 4616 005b F77BBFEF 		.ascii	"\367{\277\357\341}\367\020B\037(T\377\3748\320\313`"
 4616      E17DF710 
 4616      421F2854 
 4616      FFFC38D0 
 4616      CB60
 4617 006d 7482C178 		.ascii	"t\202\301x\230\301T\210\301\364Y\006\373D\006\373\267"
 4617      98C15488 
 4617      C1F45906 
 4617      FB4406FB 
 4617      B7
 4618 007e 7EBF7CB0 		.ascii	"~\277|\260R\372\276Z\304\377\256\025\237}\255lW\212"
 4618      52FABE5A 
 4618      C4FFAE15 
 4618      9F7DAD6C 
 4618      578A
 4619 0090 F8517019 		.ascii	"\370Qp\031\007V1t\274\003\340u\000\365\015@\357\002"
 4619      07563174 
 4619      BC03E075 
 4619      00F50D40 
 4619      EF02
 4620 00a2 7C0700FF 		.ascii	"|\007\000\377\333\273k\213\316\307\332\213\353\370\316"
 4620      DBBB6B8B 
 4620      CEC7DA8B 
 4620      EBF8CE
 4621 00b1 BD1B8BCE 		.ascii	"\275\033\213\316\227Z\265\377)\325\361\206\202\236M"
 4621      975AB5FF 
 4621      29D5F186 
 4621      829E4D
 4622 00c0 40E70EA0 		.ascii	"@\347\016\240\353\012\315\340n\0070\360\0040\270\006"
 4622      EB0ACDE0 
 4622      6E0730F0 
 4622      0430B806 
ARM GAS  /tmp/ccL77YrL.s 			page 96


 4623 00d0 08DCBFBD 		.ascii	"\010\334\277\275\361\243v\263\274\033\375\351l\374\252"
 4623      F1A376B3 
 4623      BC1BFDE9 
 4623      6CFCAA
 4624 00df AD94DF9F 		.ascii	"\255\224\337\237\377DwlA\005\375\001\340\005\037\274"
 4624      FF44776C 
 4624      4105FD01 
 4624      E0051FBC 
 4625 00ef E500E8C7 		.ascii	"\345\000\350\307\000\337k\200\277\012\010\354/9\177"
 4625      00DF6B80 
 4625      BF0A08EC 
 4625      2F397F
 4626 00fe 6BEBE5CF 		.ascii	"k\353\345\317\342\363%g\277\266Y\336\023w|\364\001T"
 4626      E2F32567 
 4626      BFB659DE 
 4626      13777CF4 
 4626      0154
 4627 0110 D0821FFA 		.ascii	"\320\202\037\372J\000\352\352r\251Z|u\353\341\311\355"
 4627      4A00EAEA 
 4627      72A95A7C 
 4627      75EBE1C9 
 4627      ED
 4628 0121 4A20381A 		.ascii	"J 8\0322\307\222\226\035\267\015\335F\335\302XD\327"
 4628      32C79296 
 4628      1DB70DDD 
 4628      46DDC258 
 4628      44D7
 4629 0133 44411454 		.ascii	"DA\024T\324I\264\242\306$\324E\224\314\207\271\013\250"
 4629      D449B4A2 
 4629      C624D445 
 4629      94CC87B9 
 4629      0BA8
 4630 0145 87C87044 		.ascii	"\207\310pD\025\246x]\235i\373\225g\334\366h,2\311sh"
 4630      15A6785D 
 4630      9D69FB95 
 4630      67DCF668 
 4630      2C32C973 
 4631 015a 984D6767 		.ascii	"\230Mgg\0156\221\313gFR\306<\313e\223\205Yc\316\266"
 4631      0D3691CB 
 4631      674652C6 
 4631      3CCB6593 
 4631      855963CE 
 4632 016f D871498E 		.ascii	"\330qI\216\352\0273\346\245\264\215F\354\264\231O\351"
 4632      EA1733E6 
 4632      A5B48D46 
 4632      ECB4994F 
 4632      E9
 4633 0180 B978DEBE 		.ascii	"\271x\336\276\314F\322f\302\214)l\326b\323\361\014k"
 4633      CC46D266 
 4633      C28C296C 
 4633      D662D3F1 
 4633      0C6B
 4634 0192 CE253385 		.ascii	"\316%3\205\224A\264\016\031O\245\021\204-X\011/\254"
 4634      9441B40E 
 4634      194FA511 
 4634      842D5809 
 4634      2FAC
ARM GAS  /tmp/ccL77YrL.s 			page 97


 4635 01a4 A68C7B61 		.ascii	"\246\214{a\211v\303\022\345\206\015\326M>\312GT\010"
 4635      8976C312 
 4635      E5860DD6 
 4635      4D3ECA47 
 4635      5408
 4636 01b6 543FEE66 		.ascii	"T?\356fE=\365\212\246H\274\310A\351\250)\340qH\3217"
 4636      453DF58A 
 4636      A648BCC8 
 4636      41E9A829 
 4636      E07148D1 
 4637 01cb 7A1A8491 		.ascii	"z\032\204\221\013\035\006\031 \267\361R\010\002H\372"
 4637      0B1D0619 
 4637      20B7F152 
 4637      080248FA 
 4638 01db 74585005 		.ascii	"tXP\005q\302}\202\230\202H&5\324\362\3338\002v\250\315"
 4638      71C27D82 
 4638      98824826 
 4638      35D4F2DB 
 4638      380276A8 
 4639 01f0 57200DF1 		.ascii	"W \015\361\025UA\307\017\375\230\246z\015\244\320\333"
 4639      155541C7 
 4639      0FFD98A6 
 4639      7A0DA4D0 
 4639      DB
 4640 0201 5A80997B 		.ascii	"Z\200\231{\357\360\262\034\223\033#2\346a\322\220\254"
 4640      EFF0B21C 
 4640      931B2332 
 4640      E661D290 
 4640      AC
 4641 0212 AF5E9CE2 		.ascii	"\257^\234\342E8\312+\274\212\372\233F\230\343\300S\320"
 4641      4538CA2B 
 4641      BC8AFA9B 
 4641      4698E3C0 
 4641      53D0
 4642 0224 60D38AC4 		.ascii	"`\323\212\304\304s\302\204&\303H\206\232\256&\266\370"
 4642      C473C284 
 4642      26C34886 
 4642      9AAE26B6 
 4642      F8
 4643 0235 2D1734E6 		.ascii	"-\0274\346\207\2165\255\351\360$\257Im\207\324p4\012"
 4643      878E35AD 
 4643      E9F024AF 
 4643      496D87D4 
 4643      70340A
 4644 0248 7D90CB4A 		.ascii	"}\220\313J\025\274\325)\234\346\255\216hwuD\271\253"
 4644      15BCD529 
 4644      9CE6AD8E 
 4644      68777544 
 4644      B9AB
 4645 025a 3B73C48D 		.ascii	";s\304\215XF\336\364\026\363\0373\273*\372"
 4645      5846DEF4 
 4645      16F31F33 
 4645      BB2AFA
 4646              		.text
 4647              		.section	.gnu.lto_.profile.b51e53422286af16,"e",%progbits
 4648 0000 789C6362 		.ascii	"x\234cb\000\001\000\000\022\000\003"
 4648      00010000 
ARM GAS  /tmp/ccL77YrL.s 			page 98


 4648      120003
 4649              		.text
 4650              		.section	.gnu.lto_.icf.b51e53422286af16,"e",%progbits
 4651 0000 789C2B61 		.ascii	"x\234+a@\000a\206\273\247\177\036ed\\\360hN\027\027"
 4651      40006186 
 4651      BBA77F1E 
 4651      65645CF0 
 4651      684E1717 
 4652 0014 13986406 		.ascii	"\023\230d\006\223,`\222\025L\262\201Iv0\311\001&9\301"
 4652      932C6092 
 4652      154CB281 
 4652      497630C9 
 4652      012639C1 
 4653 0028 24D7C765 		.ascii	"$\327\307e\015wYy\216\\\336\366\225\207\367\325\346"
 4653      0D775979 
 4653      8E5CDEF6 
 4653      9587F7D5 
 4653      E6
 4654 0039 0F1739F8 		.ascii	"\017\0279\370\300$?XV\000\314\026\004\263E:\266t~\344"
 4654      C0243F58 
 4654      5600CC16 
 4654      04B3453A 
 4654      B6747EE4 
 4655 004d 13FDB3FA 		.ascii	"\023\375\263\372\372\031\026\006\000\327\2208\327"
 4655      FA191606 
 4655      00D79038 
 4655      D7
 4656              		.text
 4657              		.section	.gnu.lto_.ipa_sra.b51e53422286af16,"e",%progbits
 4658 0000 789CAB61 		.ascii	"x\234\253a@\000V\006F\020\305\310\305\014\346r0\260"
 4658      40005606 
 4658      4610C5C8 
 4658      C50CE672 
 4658      30B0
 4659 0012 8378CC10 		.ascii	"\203x\314\020Av\0064\300\330\310\002$\230 \034&\210"
 4659      41760634 
 4659      C0D8C802 
 4659      2498201C 
 4659      2688
 4660 0024 221E10C5 		.ascii	"\"\036\020\305\312\310\300\0101\211\201A\204\011\246"
 4660      CAC8C008 
 4660      31898141 
 4660      8409A6
 4661 0033 9C1928C4 		.ascii	"\234\031(\304\304\300(\212\220\003i\200\223\000\214"
 4661      C4C0288A 
 4661      90036980 
 4661      93008C
 4662 0042 1E0185   		.ascii	"\036\001\205"
 4663              		.text
 4664              		.section	.gnu.lto_.inline.b51e53422286af16,"e",%progbits
 4665 0000 789C854F 		.ascii	"x\234\205O;\012\0021\024\234Lv\025\277\340\017\257\341"
 4665      3B0A0231 
 4665      149C4C76 
 4665      15BFE00F 
 4665      AFE1
 4666 0012 49F610AE 		.ascii	"I\366\020\256\337[\254`a\347\202\245\330YX\331\354\015"
 4666      DF5BAC60 
ARM GAS  /tmp/ccL77YrL.s 			page 99


 4666      61E782A5 
 4666      D85958D9 
 4666      EC0D
 4667 0024 2C04C5C2 		.ascii	",\004\305\302\302B\304\312\312\302\003X\372\022\334"
 4667      C242C4CA 
 4667      CAC20358 
 4667      FA12DC
 4668 0033 153F6048 		.ascii	"\025?`H\362&\303\233y\223\241B\262\\\340\214 \010N\354"
 4668      F226C39B 
 4668      7993A142 
 4668      B25CE08C 
 4668      20084EEC 
 4669 0047 2B0535D7 		.ascii	"+\0055\327\200lg\246\204[\260\017\324\005\354\331!\010"
 4669      806C67A6 
 4669      845BB00F 
 4669      D405ECD9 
 4669      2108
 4670 0059 C3056C12 		.ascii	"\303\005l\022\016\241\015\326>\034\361\310\242$\217"
 4670      0EA10DD6 
 4670      3E1CF1C8 
 4670      A2248F
 4671 0068 237B0AA4 		.ascii	"#{\012\244\355\361\201\224\005-\243\003\230\223K!S\226"
 4671      EDF18194 
 4671      052DA303 
 4671      98934B21 
 4671      5396
 4672 007a 92366343 		.ascii	"\2226cC/\364b6\237\276c\260\231\034\330u\301\265\032"
 4672      2FF46236 
 4672      9FBE63B0 
 4672      991CD875 
 4672      C1B51A
 4673 008d 8FA21D3B 		.ascii	"\217\242\035;\277\015\236\305)\030J\034\334\"l\336\027"
 4673      BF0D9EC5 
 4673      29184A1C 
 4673      DC226CDE 
 4673      17
 4674 009e A8B222B2 		.ascii	"\250\262\"\262\253\315b\035t\353_\226\027W\253\256\020"
 4674      ABCD621D 
 4674      74EB5F96 
 4674      1757ABAE 
 4674      10
 4675 00af DD164BAB 		.ascii	"\335\026K\253nL\267\303\013\333\037j;Z\307\200I\015"
 4675      6E4CB7C3 
 4675      0BDB1F6A 
 4675      3B5AC780 
 4675      490D
 4676 00c1 BD9848A2 		.ascii	"\275\230H\242<M\2773\276\375B\316\003\327\2648\332"
 4676      3C4DBF33 
 4676      BEFD42CE 
 4676      03D7B438 
 4676      DA
 4677              		.text
 4678              		.section	.gnu.lto_.jmpfuncs.b51e53422286af16,"e",%progbits
 4679 0000 789C9D53 		.ascii	"x\234\235S\273N\303@\020\274\331\275\370\0219\020EP"
 4679      BB4EC340 
 4679      10BCD9BD 
 4679      F8113910 
ARM GAS  /tmp/ccL77YrL.s 			page 100


 4679      4550
 4680 0012 D2A74251 		.ascii	"\322\247BQ~\200\277\242\004\013\361\001\021\037\200"
 4680      7E80BFA2 
 4680      040BF101 
 4680      111F80
 4681 0021 28525052 		.ascii	"(RPR\360\022\242@\300\377P\206\002\351\270\333\265\361"
 4681      F012A240 
 4681      C0FF5086 
 4681      02E9B8DB 
 4681      B5F1
 4682 0033 23896361 		.ascii	"#\211ca\351t\366\314\354\355\336\354\372\324\232\277"
 4682      E974F6CC 
 4682      ECEDDEEC 
 4682      FAD49ABF 
 4683 0043 6760009C 		.ascii	"g`\000\234/\031C\366/\261\177#,\231\375\262\304\267"
 4683      2F1943F6 
 4683      2FB17F23 
 4683      2C99FDB2 
 4683      C4B7
 4684 0055 6C0CDE2C 		.ascii	"l\014\336,\214_?\316\271}\320\025\007\026\272\271\200"
 4684      8C5F3FCE 
 4684      B97DD015 
 4684      0716BAB9 
 4684      80
 4685 0066 ED6D92E1 		.ascii	"\355m\222\341\036xP\365\000+\245W\201\0179K\255[\323"
 4685      1E7850F5 
 4685      002BA557 
 4685      810F394B 
 4685      AD5BD3
 4686 0079 5A405851 		.ascii	"Z@XQ\030{\206\226\330C\324\206$0\302\\\340\271\004n"
 4686      187B8696 
 4686      D843D486 
 4686      2430C25C 
 4686      E0B9046E 
 4687 008d AC5CD364 		.ascii	"\254\\\323d>\203Yr\034$\330R\365vJ\214\243\243\213<"
 4687      3E835972 
 4687      1C24D852 
 4687      F5764A8C 
 4687      A3A38B3C 
 4688 00a1 BFF4F889 		.ascii	"\277\364\370\2111yxn\362\257woX\342\271H\252\241Z\335"
 4688      3179786E 
 4688      F2AF776F 
 4688      58E2B948 
 4688      AAA15ADD 
 4689 00b5 BB2E1C09 		.ascii	"\273.\034\011\033\211\262\214N\004K:\243\361T\267\352"
 4689      1B89B28C 
 4689      4E044B3A 
 4689      A3F154B7 
 4689      EA
 4690 00c6 80000ECD 		.ascii	"\200\000\016\315\013\253\343\372]\315\302#\372\367\211"
 4690      0BABE3FA 
 4690      5DCDC223 
 4690      FAF789
 4691 00d5 8425B55B 		.ascii	"\204%\265[\247\241\012\370\256\032c\033V\020\236\321"
 4691      A7A10AF8 
 4691      AE1A631B 
 4691      56109ED1 
ARM GAS  /tmp/ccL77YrL.s 			page 101


 4692 00e5 AF4F8795 		.ascii	"\257O\207\225\033\315\361\341k^\253,\350R\035\312T1"
 4692      1BCDF1E1 
 4692      6B5EAB2C 
 4692      E8521DCA 
 4692      5431
 4693 00f7 C271AB1A 		.ascii	"\302q\253\032KxE\315\327\342\360X\240X\347\215\360\201"
 4693      4B7845CD 
 4693      D7E2F058 
 4693      A058E78D 
 4693      F081
 4694 0109 DA7795E7 		.ascii	"\332w\225\347\016(\3643\335\034l\001\324\373G\370\324"
 4694      0E28F433 
 4694      DD1C6C01 
 4694      D4FB47F8 
 4694      D4
 4695 011a F859A39D 		.ascii	"\370Y\243\235S\301\246z&\374\244x\363\360\202>}mO{)"
 4695      53C1A67A 
 4695      26FCA478 
 4695      F3F0823E 
 4695      7D6D4F7B 
 4696 012f 2B8F1E0B 		.ascii	"+\217\036\013=\336\331\260!&\302N\032\205\215\004\033"
 4696      3DDED9B0 
 4696      2126C24E 
 4696      1A858D04 
 4696      1B
 4697 0140 FDABB0E2 		.ascii	"\375\253\260\342\267[\260\200\013.\034\324\2033\001"
 4697      B75BB080 
 4697      0B2E1CD4 
 4697      833301
 4698 014f B3BAD1A9 		.ascii	"\263\272\321\251@\251\346\372\005~\205\011#"
 4698      40A9E6FA 
 4698      057E8509 
 4698      23
 4699              		.text
 4700              		.section	.gnu.lto_.pureconst.b51e53422286af16,"e",%progbits
 4701 0000 789C1360 		.ascii	"x\234\023````e\230\311\3025\203\205g\006\213\310\014"
 4701      60606065 
 4701      98C9C235 
 4701      83856706 
 4701      8BC80C
 4702 0013 16D1192C 		.ascii	"\026\321\031,\000\033\231\003b"
 4702      001B9903 
 4702      62
 4703              		.text
 4704              		.section	.gnu.lto_.lto.b51e53422286af16,"e",%progbits
 4705 0000 09000200 		.ascii	"\011\000\002\000\001\000\000\000"
 4705      01000000 
 4706              		.text
 4707              		.section	.gnu.lto__ZL13i2c_write_reghh.644.b51e53422286af16,"e",%progbits
 4708 0000 789C7551 		.ascii	"x\234uQMHTQ\030\375\316\375\236:\232\225A\"\355$\030"
 4708      4D485451 
 4708      18FDCEFD 
 4708      9E3A9A95 
 4708      4122ED24 
 4709 0015 24987CE3 		.ascii	"$\230|\343L\021\255\012\021W-\244h\325Bl\0345\030\233"
 4709      4C11AD0A 
 4709      11572DA4 
ARM GAS  /tmp/ccL77YrL.s 			page 102


 4709      68D5426C 
 4709      1C35189B 
 4710 0029 61669476 		.ascii	"af\224v\336F+p\343O\0211\304 \362\010[\265)\313\262"
 4710      DE462B70 
 4710      E34F1131 
 4710      C420F208 
 4710      5BB529CB 
 4711 003e 9A824A72 		.ascii	"\232\202Jr#a\266\010\012\332$-D\20201\231\276{'\246"
 4711      2361B608 
 4711      0ADA242D 
 4711      44823031 
 4711      99BE7B27 
 4712 0053 1A10DEE3 		.ascii	"\032\020\336\343\336\357\334s\316\367\367Q\021\365\021"
 4712      DEEFDC73 
 4712      CEF7F751 
 4712      11F511
 4713 0062 915F7E30 		.ascii	"\221_~0arbT\221\326\372d\225\302\345\211\321\302W?^"
 4713      61726254 
 4713      91D6FA64 
 4713      95C2E589 
 4713      D1C2573F 
 4714 0077 C0C6A021 		.ascii	"\300\306\240!\205!\\\347Cy\255\177^\271\271\271\202"
 4714      85215CE7 
 4714      4379AD7F 
 4714      5EB9B9B9 
 4714      82
 4715 0088 EC4C1E1E 		.ascii	"\354L\036\036\023\345D\030FP,\3506\203[\251I(K\213\367"
 4715      13E54418 
 4715      46502CE8 
 4715      36835BA9 
 4715      49284B8B 
 4716 009d B566F218 		.ascii	"\265f\362\030x\200\022C\302\366\371\200a\235+\262VK"
 4716      78801243 
 4716      C2F6F980 
 4716      619D2BB2 
 4716      564B
 4717 00af AC87FFB3 		.ascii	"\254\207\377\263\026\002\326m\222=Vp\376\334\030\215"
 4717      1602D66D 
 4717      923D5670 
 4717      FEDC188D 
 4718 00bf 46DB695E 		.ascii	"F\333i^\374R\326\372\366lbA;\036;xb\345\217\2019\230"
 4718      FC52D6FA 
 4718      F66C6241 
 4718      3B1E3B78 
 4718      62E58F81 
 4719 00d5 42DA3F07 		.ascii	"B\332?\007JjUR\327\031u\217U\217\213zk\305\271e\324"
 4719      4A6A5552 
 4719      D719758F 
 4719      558F8B7A 
 4719      6BC5B965 
 4720 00ea 15786ED5 		.ascii	"\025xn\325\317\200\247E\365r\240\222\220\007\346a\272"
 4720      CF80A745 
 4720      F572A092 
 4720      9007E661 
 4720      BA
 4721 00fb 33C3914F 		.ascii	"3\303\221O\200{\357*\362\372WaL\353\017\015W[j\0250"
 4721      807BEF2A 
ARM GAS  /tmp/ccL77YrL.s 			page 103


 4721      F2FA5761 
 4721      4CEB0F0D 
 4721      575B6A15 
 4722 0110 0B077804 		.ascii	"\013\007x\004\237\024\355\324\220\031\007\215\261\031"
 4722      9F14EDD4 
 4722      9019078D 
 4722      B119
 4723 011e A176A0F3 		.ascii	"\241v\240\363D\343\254\212\301\260\004\337\240\277l"
 4723      44E3AC8A 
 4723      C1B004DF 
 4723      A0BF6C
 4724 012d D4D31A32 		.ascii	"\324\323\0322\331\273M!aW\232$\256h\246YY\270\272\204"
 4724      D9BB4D21 
 4724      61579A24 
 4724      AE68A659 
 4724      59B8BA84 
 4725 0141 062DEA58 		.ascii	"\006-\352X\315f=\255cd\352,\215@y\\\225c\224\206\343"
 4725      CD663DAD 
 4725      6364EA2C 
 4725      8D40795C 
 4725      95639486 
 4726 0156 83B959DC 		.ascii	"\203\271Y\3347\303\026\276\003\361\250\306k\340\025"
 4726      37C316BE 
 4726      03F1A8C6 
 4726      6BE015
 4727 0165 4491D1DA 		.ascii	"D\221\321\332gxo \273\364\270\306:n\031\307\254\276"
 4727      67786F20 
 4727      BBF4B8C6 
 4727      3A6E19C7 
 4727      ACBE
 4728 0177 D130CD3E 		.ascii	"\3210\315>+\336\225\223\012v\262z[f\265h\254L\366Zl"
 4728      2BDE9593 
 4728      0A76B27A 
 4728      5B66B568 
 4728      AC4CF65A 
 4729 018c 082CFDAD 		.ascii	"\010,\375\255\236\360x\267)\273\210\357\2012\307^P1"
 4729      9EF078B7 
 4729      29BB88EF 
 4729      8132C75E 
 4729      5031
 4730 019e B2471D42 		.ascii	"\262G\035B\036\357\223\364\231\25193ZImk\331.\357\216"
 4730      1EEF93F4 
 4730      99A93933 
 4730      5A496D6B 
 4730      D92EEF8E 
 4731 01b2 772C64B9 		.ascii	"w,d\271\254\220\367\377\366T0\223\035^\272\366CMs\215"
 4731      AC90F7FF 
 4731      F6543093 
 4731      1D5EBAF6 
 4731      434D738D 
 4732 01c6 989B9C8E 		.ascii	"\230\233\234\216Lj\015/?\231\345\035?(\253\246\357\310"
 4732      4C6A0D2F 
 4732      3F99E51D 
 4732      3F28ABA6 
 4732      EFC8
 4733 01d8 34CA3BD9 		.ascii	"4\312;\331E\241\270\233L\336\204~\267/\336\037u\317"
 4733      45A1B89B 
ARM GAS  /tmp/ccL77YrL.s 			page 104


 4733      4CDE847E 
 4733      B72FDE1F 
 4733      75CF
 4734 01ea 2792B1C3 		.ascii	"'\222\261\303\335\321A\267-\036\031\350\217^L\247\334"
 4734      DDD141B7 
 4734      2D1E19E8 
 4734      8F5E4CA7 
 4734      DC
 4735 01fb D68ED3A7 		.ascii	"\326\216\323\247:{b\027z\373\322t \225\214\270\221x"
 4735      3A7B6217 
 4735      7AFBD274 
 4735      20958CB8 
 4735      9178
 4736 020d BFA05DC9 		.ascii	"\277\240]\311\270\333\326q&\334\022l\216$\022\304\311"
 4736      B8DBD671 
 4736      26DC126C 
 4736      8E2412C4 
 4736      C9
 4737 021e 68EFFEBF 		.ascii	"h\357\376\277qs\350\310\261p\367\321H\230x\260+V\231"
 4737      7173E8C8 
 4737      B170F7D1 
 4737      489878B0 
 4737      2B5699
 4738 0231 4A77A507 		.ascii	"Jw\245\007R*}\3517\013h\357;"
 4738      522A7DE9 
 4738      370B68EF 
 4738      3B
 4739              		.text
 4740              		.section	.gnu.lto__ZL13i2c_read_regshPhj.645.b51e53422286af16,"e",%progbits
 4741 0000 789C7551 		.ascii	"x\234uQKh\023Q\024\275g\356d:\361\323\225\240\256\354"
 4741      4B681351 
 4741      14BD67EE 
 4741      643AF1D3 
 4741      95A0AEEC 
 4742 0014 A6163176 		.ascii	"\246\0261vj\243\270TJ\311\312EQ\\\271(\3514M\205\246"
 4742      6AA3B854 
 4742      4AC9CA45 
 4742      515CB928 
 4742      E9344D85 
 4743 0029 09F97427 		.ascii	"\011\371t'}\211U1 \375\370A\253\246%\014\322\235.\374"
 4743      7D895531 
 4743      20FDF841 
 4743      ABA6250C 
 4743      D29D2EFC 
 4744 003d B47EA385 		.ascii	"\264~\243\205\272\0204\270\026\212\272Q\027R\204\242"
 4744      BA1034B8 
 4744      168ABA51 
 4744      175284A2 
 4745 004d 0B4BBD6F 		.ascii	"\013K\275oRm\255t\361\036\357\036\316=\367\236\363N"
 4745      526DAD74 
 4745      F11EEF1E 
 4745      CE3DF79E 
 4745      F34E
 4746 005f 1B447122 		.ascii	"\033Dq\"\332-\007L\030\033-\032\244\224:Rg ?Z\\\276"
 4746      DA2D074C 
 4746      181B2D1A 
 4746      A4943A52 
ARM GAS  /tmp/ccL77YrL.s 			page 105


 4746      67203F5A 
 4747 0075 F6DEC473 		.ascii	"\366\336\304s\370\000h\320\300 .\361\236\212R?\317^"
 4747      F80068D0 
 4747      C0202EF1 
 4747      9E8A523F 
 4747      CF5E
 4748 0087 2DCEEE1A 		.ascii	"-\316\356\032\237\252\300c\242\222t\206\321\"\032t\223"
 4748      9FAAC063 
 4748      A2927486 
 4748      D1221A74 
 4748      93
 4749 0098 C16DD454 		.ascii	"\301m\324TU\252\372\372\236RL\036\003\367\361\227!e"
 4749      55AAFAFA 
 4749      9E524C1E 
 4749      03F7F197 
 4749      2165
 4750 00aa 6469AFB0 		.ascii	"di\257\260\306\330c\003\346\312\213\321\240;OR\223\210"
 4750      C6D86303 
 4750      E6CA8BD1 
 4750      A03B4F52 
 4750      9388
 4751 00bc 57BF4C2B 		.ascii	"W\277L+\025\024\252\211\031\277s\032x\010\335kF.\204"
 4751      1514AA89 
 4751      19BF731A 
 4751      7808DD6B 
 4751      462E84
 4752 00cf 34AFB3C6 		.ascii	"4\257\263\306[Z\341\005\360\370_^ r%T\333%\252\357F"
 4752      5B5AE105 
 4752      F0F85F5E 
 4752      20722554 
 4752      DB25AAEF 
 4753 00e4 31B070F1 		.ascii	"1\260p\361\323\271\372\221\274\355\261\205\247k\331"
 4753      D3B9FA91 
 4753      BCEDB185 
 4753      A76BD9
 4754 00f3 44918990 		.ascii	"D\221\211\220Ex\006\355C\347 \347\316\273@E\375Z\036"
 4754      457806ED 
 4754      43E720E7 
 4754      CEBB4045 
 4754      FD5A1E
 4755 0106 566A7EC7 		.ascii	"Vj~\307\207\273VPL<\202\011<\201%\362\226M\3326\015"
 4755      87BB5650 
 4755      4C3C8209 
 4755      3C8125F2 
 4755      964DDA36 
 4756 011b B3CE4A99 		.ascii	"\263\316J\231P\025\242\0216jE^\212\257P\037\257\317"
 4756      5015A211 
 4756      366A455E 
 4756      8AAF501F 
 4756      AFCF
 4757 012d 19B480A1 		.ascii	"\031\264\200\241\311\0234\004\303\343\272\022\303\337"
 4757      C9133404 
 4757      C3E3BA12 
 4757      C3DF
 4758 013b 49FBB5A1 		.ascii	"I\373\265\241_>nO\261\017\337\206\210\006\361\022x\001"
 4758      5F3E6E4F 
 4758      B10FDF86 
ARM GAS  /tmp/ccL77YrL.s 			page 106


 4758      8806F112 
 4758      7801
 4759 014d E9282865 		.ascii	"\351((ek\336,\344\003<\336\344K\336\360%\307\325\345"
 4759      6BDE2CE4 
 4759      033CDEE4 
 4759      4BDEF025 
 4759      C7D5E5
 4760 0160 ED65B6FC 		.ascii	"\355e\266\374\356\315%6h#\255\271uZ\257\264\226\036"
 4760      EECD2536 
 4760      6823ADB9 
 4760      755AAFB4 
 4760      961E
 4761 0172 BF053F04 		.ascii	"\277\005?\004\226m?\037\326)?\370\203\007\2002s\231"
 4761      966D3F1F 
 4761      D6293FF8 
 4761      83078032 
 4761      7399
 4762 0184 4D5D6C45 		.ascii	"M]lE\253\307\3652\26709\003\211GF\372K\334\372\317\027"
 4762      ABC7F532 
 4762      B7303903 
 4762      894746FA 
 4762      4BDCFACF 
 4763 0199 6FB8C19B 		.ascii	"o\270\301\233u\033\274]\353fB\204\276\341L\365\374\242"
 4763      751BBC5D 
 4763      EB664284 
 4763      BEE14CF5 
 4763      FCA2
 4764 01ab 51665BE4 		.ascii	"Qf[\344\365TKB\372\216B\203 \344G\214\325\210\211\032"
 4764      F5544B42 
 4764      FA8E4283 
 4764      20E4478C 
 4764      D588891A 
 4765 01bf 9DDE6422 		.ascii	"\235\336d\"\346t\245\322}\373\272c\003N{\322\315%b\375"
 4765      E674A5D2 
 4765      7DFBBA63 
 4765      034E7BD2 
 4765      CD2562FD 
 4766 01d3 D98CD3D6 		.ascii	"\331\214\323\326q\354hgO\337\251xo\226vf\322\256\343"
 4766      71EC6867 
 4766      4FDFA978 
 4766      6F967666 
 4766      D2AEE3
 4767 01e6 26138246 		.ascii	"&\023\202F\323I\247\275\343xx\177K\263\233J\021\247"
 4767      D349A7BD 
 4767      E378787F 
 4767      4BB39B4A 
 4767      11A7
 4768 01f8 63F16DAB 		.ascii	"c\361m\253us\353\201C\341\356\203n\230\270+\327\203"
 4768      7573EB81 
 4768      43E1EE83 
 4768      6E98B82B 
 4768      D783
 4769 020a 7E2B938D 		.ascii	"~+\223\215fs\231\337\236\223\330C"
 4769      667399DF 
 4769      9E93D843 
 4770              		.text
 4771              		.section	.gnu.lto__ZL19decode_coefficientsPKh.647.b51e53422286af16,"e",%progbits
ARM GAS  /tmp/ccL77YrL.s 			page 107


 4772 0000 789CB597 		.ascii	"x\234\265\227kpU\325\025\307\317:\347\346>\362\316\315"
 4772      6B7055D5 
 4772      15C7CF3A 
 4772      E7E63EF2 
 4772      CECD
 4773 0012 FB010614 		.ascii	"\373\001\006\024\001\021\002\004D\020\205a2\214\343"
 4773      01110204 
 4773      44108561 
 4773      328CE3
 4774 0021 9419792A 		.ascii	"\224\031y*\240<\362\200\004\011\301\004\220~\362Bh\322"
 4774      A03CF280 
 4774      0409C104 
 4774      907EF242 
 4774      68D2
 4775 0033 CA7448A0 		.ascii	"\312tH\240*j\324\366B-\326Z\246\355\330\202h\233*\240"
 4775      2A6AD4F6 
 4775      422DD65A 
 4775      A6EDD882 
 4775      689B2AA0 
 4776 0047 BC110810 		.ascii	"\274\021\010\020 \020\036\221\207\300@)\3120\241t\375"
 4776      20101E91 
 4776      87C04029 
 4776      CA30A174 
 4776      FD
 4777 0058 F73EFB3C 		.ascii	"\367>\373<zo;\315\2070\303b\355\265\376g\335\265\327"
 4777      7A6F3BCD 
 4777      8730C362 
 4777      EDB5FE67 
 4777      DDB5D7
 4778 006b 6FEF7B0F 		.ascii	"o\357{\0173\2634\255\\\323\264V\3224\352\251\321\332"
 4778      33B334AD 
 4778      5CD3B456 
 4778      D234EAA9 
 4778      D1DA
 4779 007d C6D7742D 		.ascii	"\306\327t-\024\012\215\365\351zm\343j\235v\020\257\362"
 4779      140A8DF5 
 4779      E97A6DE3 
 4779      6A9D7610 
 4779      AFF2
 4780 008f 3DAB1A13 		.ascii	"=\253\032\023\305\277\006\275\336\030+\362\036\366\224"
 4780      C5BF06BD 
 4780      DE182BF2 
 4780      1EF694
 4781 009e 3646AF83 		.ascii	"6F\257\203v\267\324\326\233Z/\255_\033&!\360\301\355"
 4781      76B7D4D6 
 4781      9B5A2FAD 
 4781      5F1B2621 
 4781      F0C1ED
 4782 00b1 25C57EFD 		.ascii	"%\305~\375\255\206?\366\242\003R\374v\3039\351\004\350"
 4782      AD863FF6 
 4782      A20352FC 
 4782      76C339E9 
 4782      04E8
 4783 00c3 1DA58E85 		.ascii	"\035\245\216\205k\252\343\364&\250\217H\321\273J\035"
 4783      6BAAE3F4 
 4783      26A88F48 
 4783      D1BB4A1D 
ARM GAS  /tmp/ccL77YrL.s 			page 108


 4784 00d3 4FEF2975 		.ascii	"O\357)u\002\\S\235\250\277\017u\253\024mR\352$\372P"
 4784      025C539D 
 4784      A8BF0F75 
 4784      AB146D52 
 4784      EA24FA50 
 4785 00e7 A993E19A 		.ascii	"\251\223\341\232\352\024\375\267P\237\226\242\217\224"
 4785      EA14FDB7 
 4785      509F96A2 
 4785      8F94
 4786 00f5 3A48BF53 		.ascii	":H\277S\352T\270\246:M\377\030\352\363R\364{\245N\247"
 4786      EA54B8A6 
 4786      3A4DFF18 
 4786      EAF352F4 
 4786      7BA54EA7 
 4787 0109 CD4A9D01 		.ascii	"\315J\235\001\327Tg\352[\240\276$E[\225:\213>U\352l"
 4787      D75467EA 
 4787      5BA0BE24 
 4787      455B953A 
 4787      8B3E55EA 
 4788 011e B8A63A47 		.ascii	"\270\246:G\337\006\3655)\372L\251s\351s\245\316\203"
 4788      DF06F535 
 4788      29FA4CA9 
 4788      73E973A5 
 4788      CE83
 4789 0130 6BAA7BD0 		.ascii	"k\252{\320\212\306\327\002\264UfH{U7<1^\237?\020\033"
 4789      8AC6D702 
 4789      B4556648 
 4789      7B55373C 
 4789      315E9F3F 
 4790 0146 179F9098 		.ascii	"\027\237\220\230\224\234\022LMK\317\310\314\312\316"
 4790      949C124C 
 4790      4D4BCFC8 
 4790      CCCACE
 4791 0155 C9CDEB41 		.ascii	"\311\315\353A\257\322:\243?+\357\374\344\215M\033rB"
 4791      AFD23AA3 
 4791      3F2BEFFC 
 4791      E48D4D1B 
 4791      7242
 4792 0167 9B9A69A3 		.ascii	"\233\232i\243\241i\357\361_\361\247\311\240\265\306"
 4792      A169EFF1 
 4792      5FF1A7C9 
 4792      A0B5C6
 4793 0176 4683C863 		.ascii	"F\203\310cz:\345\263g\214\323\3726\207B\007/m\011\205"
 4793      7A3AE5B3 
 4793      678CD3FA 
 4793      36874207 
 4793      2F6D0985 
 4794 018a 02DA46C3 		.ascii	"\002\332F\303\240\277\020?C\177&\372\204\317\012\007"
 4794      A0BF103F 
 4794      437F26FA 
 4794      84CF0A07 
 4795 019a 8A360FD0 		.ascii	"\2126\017\3204\257Y)\200G\246\243X\237\355\241\320\215"
 4795      34AF5929 
 4795      8047A6A3 
 4795      589FEDA1 
 4795      D08D
 4796 01ac A6DAD589 		.ascii	"\246\332\325\211\015+\374\033\015\017}\312\217\221\371"
ARM GAS  /tmp/ccL77YrL.s 			page 109


 4796      0D2BFC1B 
 4796      0D0F7DCA 
 4796      8F91F9
 4797 01bb 186DE347 		.ascii	"\030m\343G\213\332\007\260\314+\026H}Fx\314(\206\305"
 4797      8BDA07B0 
 4797      CC2B1648 
 4797      7D4678CC 
 4797      2886C5
 4798 01ce 47DE787B 		.ascii	"G\336x{\303\272\304\006n2\206>w>\373W\204\212v\343\341"
 4798      C3BAC406 
 4798      6E32863E 
 4798      773EFB57 
 4798      848A76E3 
 4799 01e3 3E906DDA 		.ascii	">\220m\332P/?C\3524['we\224\212\212!T\254}ST\364R\263"
 4799      502F3F43 
 4799      EA345B27 
 4799      7765948A 
 4799      8A2154AC 
 4800 01fd B3E2DF11 		.ascii	"\263\342\337\021*:\"*\206\234\025\245N\263u\262\242"
 4800      2A3A222A 
 4800      869C15A5 
 4800      4EB375B2 
 4800      A2
 4801 020e 97455B5A 		.ascii	"\227E[ZV\370\350\013\242\277q|+\212\375\267=k\316=\363"
 4801      56F8E80B 
 4801      A2BF717C 
 4801      2B8AFDB7 
 4801      3D6BCE3D 
 4802 0223 9C683BFB 		.ascii	"\234h;\373_\252\355\376_;@S\015M\241\346U\371\332\377"
 4802      5FAAEDFE 
 4802      5F3B4053 
 4802      0D4DA1E6 
 4802      55F9DAFF 
 4803 0237 ECE90E7A 		.ascii	"\354\351\016z\372\212hg\227{\332\305\376\327\335\322"
 4803      FA8A6867 
 4803      977BDAC5 
 4803      FED7DDD2 
 4804 0247 D396A3DC 		.ascii	"\323\226\243\334\323^\242=]\356i?\373\373\272gN\350"
 4804      D35EA23D 
 4804      5DEE693F 
 4804      FBFBBA67 
 4804      4EE8
 4805 0259 E91BA283 		.ascii	"\351\033\242\203]\356\3510\373\207\272gN\307\270\247"
 4805      5DEEE930 
 4805      FB87BA67 
 4805      4EC7B8A7 
 4806 0269 A3442D5D 		.ascii	"\243D-]\356\3518\373\307\272gN\350\351$\321\211.\367"
 4806      EEE938FB 
 4806      C7BA674E 
 4806      E8E924D1 
 4806      892EF7
 4807 027c D4C6FEA9 		.ascii	"\324\306\376\251\356\231\323)\356\251\235\350L\227{"
 4807      EE99D329 
 4807      EEA99DE8 
 4807      4C977B
 4808 028b 3AC7FED9 		.ascii	":\307\376\331\356\231\023z\352 \272\320\345\236.\262"
 4808      EE99137A 
ARM GAS  /tmp/ccL77YrL.s 			page 110


 4808      EA20BAD0 
 4808      E59E2EB2 
 4809 029b FF6DF7CC 		.ascii	"\377m\367\314\251\215{\272Bt\271\313=]e\377;\321\023"
 4809      A98D7BBA 
 4809      4274B9CB 
 4809      3D5D65FF 
 4809      3BD113
 4810 02ae 029B0FC5 		.ascii	"\002\233\017\3054\207:\357\257\011\205\016\344\234\375"
 4810      34873AEF 
 4810      AF09850E 
 4810      E49CFD
 4811 02bd DEFB63E2 		.ascii	"\336\373c\342\217\365\351l\374\006\214\007\313\030\030"
 4811      8FF5E96C 
 4811      FC068C07 
 4811      CB1818
 4812 02cc 2F963E18 		.ascii	"/\226>\030?\014~+\374\2610q\310\306\303K\200I\3042\011"
 4812      3F0C7E2B 
 4812      FCB13071 
 4812      C8C6C34B 
 4812      8049C432 
 4813 02e1 5E324C0A 		.ascii	"^2L\012\226Ax\2510i0\351\210e\300db\231\005\223\015"
 4813      964178A9 
 4813      306930E9 
 4813      8865C064 
 4813      62990593 
 4814 02f6 9303930B 		.ascii	"\223\003\223\013\223\207l\017x=a\036\200\301D|\275\340"
 4814      93876C0F 
 4814      783D611E 
 4814      80C1447C 
 4814      BDE0
 4815 0308 F5867910 		.ascii	"\365\206y\020\313\207\340\365\201y\030\313\276\360\372"
 4815      CB87E0F5 
 4815      817918CB 
 4815      BEF0FA
 4816 0317 C1F4C7F2 		.ascii	"\301\364\307\362\021x\003`\036\305r \274A0\005X\016"
 4816      11780360 
 4816      1EC57220 
 4816      BC413005 
 4816      580E
 4817 0329 86370466 		.ascii	"\2067\004f(\226\205\360\206\301\014\307\3621x#`\036"
 4817      289685F0 
 4817      86C10CC7 
 4817      F2317823 
 4817      601E
 4818 033b C77224BC 		.ascii	"\307r$\274Q0O`9\032\336\2230Oa9\006\336X\230qD[\250"
 4818      51304F60 
 4818      391ADE93 
 4818      304F6139 
 4818      06DE5898 
 4819 0353 88BDC078 		.ascii	"\210\275\300x\230\247a\236Ab\002\314D\230I0\223\221"
 4819      98A7619E 
 4819      416202CC 
 4819      44984930 
 4819      9391
 4820 0365 98023315 		.ascii	"\230\0023\025f\032b\317\301<\217\345t\230\03103\021"
 4820      661A62CF 
 4820      C13C8FE5 
ARM GAS  /tmp/ccL77YrL.s 			page 111


 4820      74981930 
 4820      3311
 4821 0377 7B01E645 		.ascii	"{\001\346E,g\301\314\206\231\203\330\\\230b,K`Ja\312"
 4821      2C67C1CC 
 4821      869983D8 
 4821      5C98622C 
 4821      4B604A61 
 4822 038c 109B0733 		.ascii	"\020\233\0073\037\313r\230\012\230\005\210\275\004\263"
 4822      1FCB7298 
 4822      0A980588 
 4822      BD04B3
 4823 039b 10CB4A98 		.ascii	"\020\313J\230E0U\210-\206y\031\313j\230\032\230%\210"
 4823      45305588 
 4823      2D867919 
 4823      CB6A981A 
 4823      982588
 4824 03ae 2D855986 		.ascii	"-\205Y\206\345+0\313a4m\215\201w\224\220\207B\315\232"
 4824      E52B30CB 
 4824      61346D8D 
 4824      81779490 
 4824      8742CD9A 
 4825 03c2 D660E872 		.ascii	"\326`\350rQ\313\213+\024:\327\262S\327\256\323\312\365"
 4825      51CB8B2B 
 4825      143AD7B2 
 4825      53D7AED3 
 4825      CAF5
 4826 03d4 ABDBBC61 		.ascii	"\253\333\274a\203\314\027\016>\243\037\340U\206\217"
 4826      83CC170E 
 4826      3EA31FE0 
 4826      55868F
 4827 03e3 666CD818 		.ascii	"fl\330\030G\327\371\374\261\250\263\276\305\010\033"
 4827      47D7F9FC 
 4827      B1A8B3BE 
 4827      C5081B
 4828 03f2 3AEB7855 		.ascii	":\353xU{\267\3566?\202\000\036\361\222G\326i\311\012"
 4828      7BB7EE36 
 4828      3F82001E 
 4828      F19247D6 
 4828      69C90A
 4829 0405 1B1EAB0E 		.ascii	"\033\036\253\016\271\352\334\024uj;\353:X\024\303:\272"
 4829      B9EADC14 
 4829      756A3BEB 
 4829      3A5814C3 
 4829      3ABA
 4830 0417 41B23085 		.ascii	"A\2620\205\015.\026\203\354\332\372\035\\\324'J{\271"
 4830      0D2E1683 
 4830      ECDAFA1D 
 4830      5CD4274A 
 4830      7BB9
 4831 0429 C795F9FC 		.ascii	"\307\225\371\374\323\316\001\351~A\362\323\342\321\375"
 4831      D3CE01E9 
 4831      7E41F2D3 
 4831      E2D1FD
 4832 0438 F94FEA7E 		.ascii	"\371O\352~A\374\023.v\262ug,\277\033C\365\313\351\374"
 4832      41FC132E 
 4832      76B27567 
 4832      2CBF1B43 
ARM GAS  /tmp/ccL77YrL.s 			page 112


 4832      F5CBE9FC 
 4833 044c D30E999F 		.ascii	"\323\016\231\237B\311\"\267M\354\262\366\215\372{\\"
 4833      42C922B7 
 4833      4DECB2F6 
 4833      8DFA7B5C 
 4834 045c 690917A3 		.ascii	"i\011\027\243\177\222v\231V]\376\362:\002R+\337\276"
 4834      7F927699 
 4834      565DFEF2 
 4834      3A02522B 
 4834      DFBE
 4835 046e 1A0C6305 		.ascii	"\032\014c\005\267\254\213\011\3613Mu\035\334\331R~\306"
 4835      B7AC8B09 
 4835      F1334D75 
 4835      1DDCD952 
 4835      7EC6
 4836 0480 ACD87EFF 		.ascii	"\254\330~\377~\222l\272\215;\\\3069\361\224\307\371"
 4836      7E926CBA 
 4836      8D3B5CC6 
 4836      39F194C7 
 4836      F9
 4837 0491 94DCD12B 		.ascii	"\224\334\321+\350\032\271\030\347\314W\266\267\3245"
 4837      E81AB918 
 4837      E7CC57B6 
 4837      B7D435
 4838 04a0 117F15E0 		.ascii	"\021\177\025\340\215Em\312t\266\313A\337x\255M\241\210"
 4838      8D456DCA 
 4838      74B6CB41 
 4838      DF78AD4D 
 4838      A188
 4839 04b2 135F17AB 		.ascii	"\023_\027\253Hgw\023\277\327}\200k\037Ow\210~ -l,\027"
 4839      48677713 
 4839      BFD77D80 
 4839      6B1F4F77 
 4839      887E202D 
 4840 04c9 DB3B2621 		.ascii	"\333;&!v\326\337\343V\375<W\311g\007O9\300\00191\277"
 4840      76D6DFE3 
 4840      56FD3C57 
 4840      C967074F 
 4840      39C00139 
 4841 04df 9C00F7C5 		.ascii	"\234\000\367\305,\002\346fz\232\360\263\303F\234\005"
 4841      2C02E666 
 4841      7A9AF0B3 
 4841      C3469C05 
 4842 04ef 4D7741EB 		.ascii	"MwA\353${G\361,\263\031%\210R\361\262\365\235\234N\220"
 4842      247B47F1 
 4842      2CB31925 
 4842      8852F1B2 
 4842      F59D9C4E 
 4843 0504 2EBFF8DC 		.ascii	".\277\370\334\"\233\317\3276\237\335\212\317.\002\201"
 4843      229BCFD7 
 4843      369FDD8A 
 4843      CF2E0281 
 4844 0514 0834555C 		.ascii	"\0104U\\\303\205\246\212n\013.wi9\317\332\0102a\236"
 4844      C385A68A 
 4844      6E0B2E77 
 4844      6939CFDA 
 4844      0832619E 
ARM GAS  /tmp/ccL77YrL.s 			page 113


 4845 0528 AB47E7A1 		.ascii	"\253G\347\241z\377\023S\006\227\017\033\213Q\342{\262"
 4845      7AFF1353 
 4845      06970F1B 
 4845      8B51E27B 
 4845      B2
 4846 0539 09BDCC31 		.ascii	"\011\275\3141A\301\027I\250\032=#\347w\023:f\022\332"
 4846      41C11749 
 4846      A81A3D23 
 4846      E777133A 
 4846      6612DA
 4847 054c A9C07CA5 		.ascii	"\251\300|\245\234].B\212\013).\3772\271\324\210\275"
 4847      9C5D2E42 
 4847      8A0B292E 
 4847      FF32B9D4 
 4847      88BD
 4848 055e B53A2F57 		.ascii	"\265:/W\2425_\3035\337\220\356\270\\I\254\263/W2\007"
 4848      A2355FC3 
 4848      35DF90EE 
 4848      B85C49AC 
 4848      B32F5732 
 4849 0573 304A5163 		.ascii	"0JQc_n\330H\261jx\\5V\252\032@\036d\235\254\321\301"
 4849      5F6ED848 
 4849      B16A785C 
 4849      3556AA1A 
 4849      401E649D 
 4850 058a 8FA47240 		.ascii	"\217\244r@^3\246v\215\257U\232\250\233*\213\356\350"
 4850      5E33A676 
 4850      8DAF559A 
 4850      A89B2A8B 
 4850      EEE8
 4851 059c 1136D2AD 		.ascii	"\0216\322\255\2421\256\242\253t\363\266\266\260(\203"
 4851      A231AEA2 
 4851      AB74F3B6 
 4851      B6B02883 
 4852 05ac 75CEDB9A 		.ascii	"u\316\333\232\311!\373$d\211\262\231rD{8\235%\335\275"
 4852      C921FB24 
 4852      6489B299 
 4852      72447B38 
 4852      9D25DDBD 
 4853 05c0 E66D4DB3 		.ascii	"\346mM\263O\303>\3734\034P\247a\277\272\255\241\374"
 4853      4FC33EFB 
 4853      341C50A7 
 4853      61BFBAAD 
 4853      A1FC
 4854 05d2 C833B180 		.ascii	"\3103\261\200\253Q\275n\237\211\005\326\231\250a\272"
 4854      AB51BD6E 
 4854      9F8905D6 
 4854      99A861BA 
 4855 05e2 DEA0C05E 		.ascii	"\336\240\300^\355\303\231\010D\236\211\003\234|\211"
 4855      EDC39908 
 4855      449E8903 
 4855      9C7C89
 4856 05f1 4BA84F68 		.ascii	"K\250Ohv\336\336\205\234\023\374c#\317F%v\201\\\234"
 4856      76DEDE85 
 4856      9C13FC63 
 4856      23CF4625 
 4856      76815C9C 
ARM GAS  /tmp/ccL77YrL.s 			page 114


 4857 0605 FB6CB49A 		.ascii	"\373l\264\232gc\217:\022{\225\263?\352\331\320\325\331"
 4857      67638F3A 
 4857      127B95B3 
 4857      3FEAD9D0 
 4857      D5D9
 4858 0617 F8992ECF 		.ascii	"\370\231.\317\306\"\261\307\223\316;\313\327/\335\276"
 4858      C622B1C7 
 4858      93CE3BCB 
 4858      D72FDDBE 
 4859 0627 B3391C90 		.ascii	"\2639\034\220sK\266\356,\223\314Q[\030m\036\252\274"
 4859      734BB6EE 
 4859      2C93CC51 
 4859      5B186D1E 
 4859      AABC
 4860 0639 B09167B1 		.ascii	"\260\221g\261\363\272\330\375\334:T\\\232\361\345\231"
 4860      F3BAD8FD 
 4860      DC3A545C 
 4860      9AF1E599 
 4861 0649 878A1FE9 		.ascii	"\207\212\037\351\311\001\272k\036\210{\374q\017\210"
 4861      C901BA6B 
 4861      1E887BFC 
 4861      710F88
 4862 0658 EAE637C1 		.ascii	"\352\3467\301>N\347[E}\256\242kt{:\275Xf\363\357-\252"
 4862      3E4EE75B 
 4862      457DAEA2 
 4862      6B747B3A 
 4862      BD5866F3 
 4863 066f F4926338 		.ascii	"\364\222c8\310\351\336\322\345W\373:\335f\177\310f\177"
 4863      C8E9DED2 
 4863      E557FB3A 
 4863      DD667FC8 
 4863      667F
 4864 0681 44B13F4C 		.ascii	"D\261?L\200\033A\275\214k\270\250\227Y\324\0271\267"
 4864      801B41BD 
 4864      8C6BB8A8 
 4864      9759D417 
 4864      31B7
 4865 0693 405080AD 		.ascii	"@P\200\255\214\005\365\370H\352G89\017%~\252\333\264"
 4865      8C05F5F8 
 4865      48EA4738 
 4865      390F257E 
 4865      AADBB4
 4866 06a6 E7734C10 		.ascii	"\347sL\020M\210\244]\216\236\221Kt\323>i\322>\250 \177"
 4866      4D88A45D 
 4866      8E9E914B 
 4866      74D33E69 
 4866      D23EA820 
 4867 06bb A39CC351 		.ascii	"\243\234\303Qi\033\212v\243I\273B\354\255\315\371M\360"
 4867      691B8A76 
 4867      A349BB42 
 4867      ECADCDF9 
 4867      4DF0
 4868 06cd A0355FBF 		.ascii	"\2405_\277k\276\353\234\337\004\017\261NB\303\001\351"
 4868      6BBEEB9C 
 4868      DF040FB1 
 4868      4E42C301 
 4868      E9
ARM GAS  /tmp/ccL77YrL.s 			page 115


 4869 06de C30109CD 		.ascii	"\303\001\011\315\374\211}\330\252\021p\325x\335\301"
 4869      FC897DD8 
 4869      AA1170D5 
 4869      78DDC1
 4870 06ed A82FCB6C 		.ascii	"\250/\313lF\375D\225\276\262\371\026N\367\223.\377W"
 4870      46FD4495 
 4870      BEB2F916 
 4870      4EF7932E 
 4870      FF57
 4871 06ff 67B583D1 		.ascii	"g\265\203\3211\233Q\253bt\334\272\237QH\315\341J\364"
 4871      319B51AB 
 4871      6274DCBA 
 4871      9F5148CD 
 4871      E14AF4
 4872 0712 A683D41C 		.ascii	"\246\203\324\034\213T\005\317<>(`\224'\200TR$\251VN"
 4872      8B5405CF 
 4872      3C3E2860 
 4872      94278054 
 4872      5224A956 
 4873 0727 CEE512EA 		.ascii	"\316\345\022\352\023:\235\367\263\230s\202Jr$\261\022"
 4873      133A9DF7 
 4873      B3987382 
 4873      4A7224B1 
 4873      12
 4874 0738 EC00B914 		.ascii	"\354\000\271\0247\2616\223X\213\002uT9\307\243\022\363"
 4874      37B13693 
 4874      588B0275 
 4874      5439C7A3 
 4874      12F3
 4875 074a 28626F99 		.ascii	"(bo\231\304J\305\036\317(b\370\371\357oM;\3265\355w"
 4875      C44AC51E 
 4875      CF2862F8 
 4875      F9EF6F4D 
 4875      3BD635ED 
 4876 075f 9CC41E61 		.ascii	"\234\304\036a\235Ml\000\007,bmL\354Q\253F\234\253\306"
 4876      9D4D6C00 
 4876      072C626D 
 4876      4CEC51AB 
 4876      469CABC6 
 4877 0773 BB0E6203 		.ascii	"\273\016b\003Yf\023\033$\252\014\224\315\237\340\364"
 4877      5966131B 
 4877      24AA0C94 
 4877      CD9FE0F4 
 4878 0783 20E99E74 		.ascii	" \351\236t\023;e\023;\255\210\265\021\220D\260\232\311"
 4878      133B6513 
 4878      3BAD88B5 
 4878      119044B0 
 4878      9AC9
 4879 0795 355CAC66 		.ascii	"5\\\254fZ\254Jy\332IA\201\243$\031\254\202\221\254N"
 4879      5AAC4A79 
 4879      DA494181 
 4879      A32419AC 
 4879      8291AC4E 
 4880 07a9 73F20594 		.ascii	"s\362\005\224X\357\270U/rLpH\215d4\013=#\227\346ft\306"
 4880      58EFB855 
 4880      2F724C70 
 4880      488D6434 
ARM GAS  /tmp/ccL77YrL.s 			page 116


 4880      0B3D2397 
 4881 07c1 647442A1 		.ascii	"dtB\2419\251\234\266\250\214b\024\243\367M"
 4881      39A99CB6 
 4881      A88C6214 
 4881      A3F74D
 4882 07d0 46B3C5DE 		.ascii	"F\263\305\336n:\031\025X\363\215w\315\367WNF\203Yg3"
 4882      6E3A1915 
 4882      58F38D77 
 4882      CDF7574E 
 4882      46835967 
 4883 07e5 1AC20117 		.ascii	"\032\302\001\027\243\241V\215\004W\215\015\016F\205"
 4883      A3A1568D 
 4883      04578D0D 
 4883      0E4685
 4884 07f4 2CB3190D 		.ascii	",\263\031\015\023U\012e\363g8=L\272\355nFgmF\347\025"
 4884      13550A65 
 4884      F367383D 
 4884      4CBAED6E 
 4884      46676D46 
 4885 080a A373D119 		.ascii	"\243s\321\031M\343\032.F\323,F\263y\332\301\240\300"
 4885      4DE31A2E 
 4885      46D32C46 
 4885      B379DAC1 
 4885      A0C0
 4886 081c 302B158C 		.ascii	"0+\025\214\322#\031\235\347\344s(\341d\364<\307\004"
 4886      D223199D 
 4886      E7E47328 
 4886      E164F43C 
 4886      C704
 4887 082e 878C4846 		.ascii	"\207\214HF\323\3213r\231nF7MFg\024\232v\345\234\213"
 4887      D3D13372 
 4887      996E4637 
 4887      4D466714 
 4887      9A76E59C 
 4888 0843 CAC8AB18 		.ascii	"\312\310\253\030\375\332d4C\354\355\226\223\321pk\276"
 4888      FDDA6434 
 4888      43ECED96 
 4888      93D1706B 
 4888      BE
 4889 0854 89AEF9FE 		.ascii	"\211\256\371\376\306\311\3501\326\331\214Fp\300\305"
 4889      C6C9E831 
 4889      D6D98C46 
 4889      70C0C5
 4890 0863 E871AB46 		.ascii	"\350q\253F\222\253\306\207\016F#Yf3\032%\252\214\224"
 4890      92ABC687 
 4890      0E462359 
 4890      66331A25 
 4890      AA8C94
 4891 0876 CD5FE0F4 		.ascii	"\315_\340\364(\351v\270\031}k3\272\244\030]\214\316"
 4891      28E976B8 
 4891      197D6B33 
 4891      BAA4185D 
 4891      8CCE
 4892 0888 6822D770 		.ascii	"h\"\327p1\232h1\232\301\323N\017\012\014\3233\300(+"
 4892      319A6831 
 4892      9AC1D34E 
 4892      0F0A0CD3 
ARM GAS  /tmp/ccL77YrL.s 			page 117


 4892      33C0282B 
 4893 089c 92D1254E 		.ascii	"\222\321%NNB\011'\243\311\034\023\034\262#\031MA\317"
 4893      4E420927 
 4893      A3C91C13 
 4893      1CB22319 
 4893      4D41CF
 4894 08af C8E5B819 		.ascii	"\310\345\270\031\3352\031]Ph:\224s1*#\237b\364\221\311"
 4894      DD32195D 
 4894      50683A94 
 4894      73312A23 
 4894      9F62F491 
 4895 08c4 68AAD8DB 		.ascii	"h\252\330\333m'\243'\254\371&\273\346\373\261\223\321"
 4895      6D27A327 
 4895      ACF926BB 
 4895      E6FBB193 
 4895      D1
 4896 08d5 68D6D98C 		.ascii	"h\326\331\214\236\344\200\213\321SV\215\024W\215\315"
 4896      9EE4808B 
 4896      D153568D 
 4896      14578DCD 
 4897 08e5 0E466358 		.ascii	"\016FcXf3\032+\252\214\221\315_\346\364X\351^q3\372"
 4897      66331A2B 
 4897      AA8C91CD 
 4897      5FE6F458 
 4897      E95E7133 
 4898 08fa CE66744D 		.ascii	"\316ftM1\272\032\235\321\004\256\341b4\301b4\225\247"
 4898      31BA1A9D 
 4898      D104AEE1 
 4898      6234C162 
 4898      3495A7
 4899 090d 9D151418 		.ascii	"\235\025\024\030\246d\203Qn$\243k\234|\006%\234\214"
 4899      A6648351 
 4899      6E24A36B 
 4899      9C7C0625 
 4899      9C8C
 4900 091f 9EE698E0 		.ascii	"\236\346\230\340\220\027\311h<zF\256\207\233\321m\223"
 4900      9017C968 
 4900      3C7A46AE 
 4900      879BD16D 
 4900      93
 4901 0930 D16585E6 		.ascii	"\321e\205\346\212r\256Fe\344W\214\376`2*\322\376\301"
 4901      8A72AE46 
 4901      65E4578C 
 4901      FE60322A 
 4901      D2FEC1
 4902 0943 657E182F 		.ascii	"e~\030/{/\342.rO\377\351j@t8>O\347\377\340\223\374\304"
 4902      7B2FE22E 
 4902      724FFFE9 
 4902      6A407438 
 4902      3E4FE7FF 
 4903 095b 95CD90F4 		.ascii	"\225\315\220\364)(\257\252,+(^\\\275p`i\331\262\202"
 4903      2928AFAA 
 4903      2C2B285E 
 4903      5CBD7060 
 4903      69D9B282 
 4904 096f A2AA92A5 		.ascii	"\242\252\222\245\225e\213\226\324\024\214{v\322\217"
 4904      95658B96 
ARM GAS  /tmp/ccL77YrL.s 			page 118


 4904      D4148C7B 
 4904      76D28F
 4905 097e 66CF5B58 		.ascii	"f\317[X1\277|\211\226]S]RPRU\311\321\271\325U\005E\317"
 4905      31BF7C89 
 4905      965D535D 
 4905      52505255 
 4905      C9D1B9D5 
 4906 0996 4E2E1C32 		.ascii	"N.\0342xP\311\342\305\032\025\247\331\253AC\207\215"
 4906      7850C9E2 
 4906      C51A15A7 
 4906      D9AB4143 
 4906      878D
 4907 09a8 282C1D5E 		.ascii	"(,\035^R\250\371k*\346/\232]\\\261\204\226y\330\326"
 4907      52A8F96B 
 4907      2AE62F9A 
 4907      5D5CB184 
 4907      9679D8D6 
 4908 09bc FC1BBD3F 		.ascii	"\374\033\275?\017\252"
 4908      0FAA
 4909              		.text
 4910              		.section	.gnu.lto__ZL11dps310_pollPv.648.b51e53422286af16,"e",%progbits
 4911 0000 789C9558 		.ascii	"x\234\225XyP\225\327\025\377\316\367\275\215\367\340"
 4911      795095D7 
 4911      15FFCEF7 
 4911      BD8DF7E0 
 4912 0010 B1E30A82 		.ascii	"\261\343\012\202k\304\005\024\227h\342\356\330\031\307"
 4912      6BC40514 
 4912      9768E2EE 
 4912      D819C7
 4913 001f 85DA99CE 		.ascii	"\205\332\231\316t\372\007\203\370\\\242D\006H\332\377"
 4913      74FA0783 
 4913      F85CA244 
 4913      0648DAFF 
 4914 002f FC048494 		.ascii	"\374\004\204\224\264\025\324\240uA\362$\316S\263\270"
 4914      B415D4A0 
 4914      7541F224 
 4914      CE53B3B8 
 4915 003f C4BAC485 		.ascii	"\304\272\304\205\210\250\245!j\032\334A\243\315tp\004"
 4915      88A8A521 
 4915      6A1ADC41 
 4915      A3CD7470 
 4915      04
 4916 0050 89295189 		.ascii	"\211)Q\211\306\236s\356\267\275\247\246-3\034\316=\367"
 4916      C69E73EE 
 4916      B7BDA7A6 
 4916      2D331CCE 
 4916      3DF7
 4917 0062 F7FB9D73 		.ascii	"\367\373\235s\357\271\337}\337#)N\222>\221$)\013$\011"
 4917      EFB9DF7D 
 4917      DF23294E 
 4917      923E9124 
 4917      290B2409 
 4918 0076 E2255857 		.ascii	"\342%XWY.K\252\252Nu\312\362\236\212\333)\320\004e\267"
 4918      592E4BAA 
 4918      AA4E75CA 
 4918      F29E8ADB 
 4918      29D00465 
ARM GAS  /tmp/ccL77YrL.s 			page 119


 4919 008b AE27DB8A 		.ascii	"\256'\333\212+=\217\267\327\366\263)\024\205{;\276\211"
 4919      2B3D8FB7 
 4919      D7F6B329 
 4919      14857B3B 
 4919      BE89
 4920 009d B795547A 		.ascii	"\267\225Tz6\334\250N\265\3310\264\037~\270\330\231j"
 4920      36DCA84E 
 4920      B5D930B4 
 4920      1F7EB8D8 
 4920      996A
 4921 00af 5B53E92D 		.ascii	"[S\351-\377xm\274\315n\242J5\224C.\253|W\206\253\200"
 4921      FF786DBC 
 4921      CD6EA24A 
 4921      3594432E 
 4921      AB7C5786 
 4922 00c5 E2C9B64D 		.ascii	"\342\311\266M8\315\216\023\376\262\316\017\234\320E"
 4922      38CD8E13 
 4922      FEB2CE0F 
 4922      9CD045
 4923 00d4 6E8A481E 		.ascii	"n\212H\036&o\256\330\237\002\255\002\264EG\273a\253"
 4923      266FAED8 
 4923      9F02AD02 
 4923      B44547BB 
 4923      61AB
 4924 00e6 8EF690AB 		.ascii	"\216\366\220\253\241\303\251\002*\2253nC4\247\214\340"
 4924      A1C3A902 
 4924      2A95336E 
 4924      4334A78C 
 4924      E0
 4925 00f7 C2B8FC6A 		.ascii	"\302\270\374j\214q\375^y;\272\034\333\215\223\034\213"
 4925      8C71FD5E 
 4925      793BBA1C 
 4925      DB8D931C 
 4925      8B
 4926 0108 9403E872 		.ascii	"\224\003\350r\202]z\246(\330\245g\212\206=\353\374\337"
 4926      825D7AA6 
 4926      28D8A567 
 4926      8A863DEB 
 4926      FCDF
 4927 011a 957FE0E0 		.ascii	"\225\177\340\340Q\014|\250O\304\222\253\225\020\007"
 4927      510C7CA8 
 4927      4FC492AB 
 4927      951007
 4928 0129 AB2BDDEC 		.ascii	"\253+\335\354\201\264JVlv\207\323\025\346\366\204Gx"
 4928      81B44A56 
 4928      6C7687D3 
 4928      15E6F684 
 4928      4778
 4929 013b 23A3A263 		.ascii	"#\243\242cb\343`\025\254W\206\"\340\321\232\252\343"
 4929      62E36015 
 4929      AC578622 
 4929      E0D19AAA 
 4929      E3
 4930 014c F5316AA0 		.ascii	"\3651j\240\016j\025I\252\306_\376\331\252\300:\245V"
 4930      0E6A1549 
 4930      AAC65FFE 
 4930      D9AAC03A 
ARM GAS  /tmp/ccL77YrL.s 			page 120


 4930      A556
 4931 015e 01B0699E 		.ascii	"\001\260i\236\014\311\350)\323\245!u\252z\341\344aU"
 4931      0CC9E829 
 4931      D3A52175 
 4931      AA7AE1E4 
 4931      6155
 4932 0170 0D936A15 		.ascii	"\015\223j\025\005\016\001r\340\257\000\007\261c\030"
 4932      050E0172 
 4932      E0AF0007 
 4932      B16318
 4933 017f 98B53995 		.ascii	"\230\2659\225\331\312o\311\016*Q\325\316\356\035\215"
 4933      D9CA6FC9 
 4933      0E2A51D5 
 4933      CEEE1D8D 
 4934 018f 7D2A56BB 		.ascii	"}*V\273j\025\033\034\261\242%iV\3510\202\372t\350\336"
 4934      6A151B1C 
 4934      B1A22569 
 4934      56E93082 
 4934      FA74E8DE 
 4935 01a3 8E3B7F52 		.ascii	"\216;\177R\243J\222\011\372Y\010\264;\225\240\005\006"
 4935      A34A9209 
 4935      FA5908B4 
 4935      3B95A005 
 4935      06
 4936 01b4 F4AE093D 		.ascii	"\364\256\011=\036\002\355`\350*\003z\323\204\236\014"
 4936      1E02ED60 
 4936      E82A037A 
 4936      D3849E0C 
 4937 01c4 81DE6668 		.ascii	"\201\336fh\011\030\330V\023\373y\010\366\022c\377``"
 4937      0918D856 
 4937      13FB7908 
 4937      F61263FF 
 4937      6060
 4938 01d6 3BAFDF29 		.ascii	";\257\337)\367\362\302\354P\037\202md\354\237M\335\253"
 4938      F7F2C2EC 
 4938      501F826D 
 4938      64EC9F4D 
 4938      DDAB
 4939 01e8 C56542D7 		.ascii	"\305eB\327\016\015!\330\023\251\306n;\214\335N'\376"
 4939      0E0D21D8 
 4939      13A9C66E 
 4939      3B8CDD4E 
 4939      27FE
 4940 01fa 7AC1AFC0 		.ascii	"z\301\257\300\\_\356\370\305^\025S9\340oL?\007pV\320"
 4940      5C5FEEF8 
 4940      C55E1553 
 4940      39E06F4C 
 4940      3F077056 
 4941 020f F773AA8D 		.ascii	"\367s\252\215\002z\001S5\326\227\252Q\2531\225\023\376"
 4941      027A0153 
 4941      35D697AA 
 4941      51AB3195 
 4941      13FE
 4942 0221 CED80C48 		.ascii	"\316\330\014Hg\344\316T\207\004_\0004\002\234\0018\015"
 4942      67E4CE54 
 4942      87045F00 
 4942      34029C01 
ARM GAS  /tmp/ccL77YrL.s 			page 121


 4942      380D
 4943 0233 700AA00E 		.ascii	"p\012\240\016\340\004\3001\200\243 \272/\223Z\215P;"
 4943      E004C031 
 4943      80A320BA 
 4943      2F935A8D 
 4943      503B
 4944 0245 8D89B716 		.ascii	"\215\211\267\026\277+\026\351\202/Q\015\264\302\341"
 4944      BF2B16E9 
 4944      822F510D 
 4944      B4C2E1
 4945 0254 3C669F75 		.ascii	"<f\237u\213\372\347\340\001M]`\232\262\213\377\320A"
 4945      8BFAE7E0 
 4945      014D5D60 
 4945      9AB28BFF 
 4945      D041
 4946 0266 E9DCBC63 		.ascii	"\351\334\274c\275\267\002\217V\030\\\264\222\277\242"
 4946      BDB7028F 
 4946      56185CB4 
 4946      92BFA2
 4947 0275 D0AC4662 		.ascii	"\320\254Fb\017\"\330\361\035e\"\211\300I&N\234Ee\217"
 4947      0F22D8F1 
 4947      1D652289 
 4947      C049264E 
 4947      9C45658F 
 4948 0289 905449B2 		.ascii	"\220TI\262x#K\272\341k\253d3\205f}\315\222\252UR\340"
 4948      78234BBA 
 4948      E16BAB64 
 4948      3385667D 
 4948      CD92AA55 
 4949 029f 24132724 		.ascii	"$\023'$\351\361yt\357b\030\\\002\370\007\306\233H\354"
 4949      E9F17974 
 4949      EF62185C 
 4949      02F807C6 
 4949      9B48EC
 4950 02b2 65AB96AC 		.ascii	"e\253\226\254\253\226p\301W\320\277\254/\370\177Z\002"
 4950      AB9670C1 
 4950      57D0BFAC 
 4950      2FF87F5A 
 4950      02
 4951 02c3 1555B155 		.ascii	"\025U\261U\255+I\226~\276\246v\254\351:\300\265\377"
 4951      AD2B4996 
 4951      7EBEA676 
 4951      ACE93AC0 
 4951      B5FF
 4952 02d5 BBA616F4 		.ascii	"\273\246\026\364opM\030pj\215\016n\361'_\331\353\324"
 4952      6F704D18 
 4952      706A8D0E 
 4952      6EF1275F 
 4952      D9EBD4
 4953 02e8 27CFD6AA 		.ascii	"'\317\326\252\352\303>\337\034v\257\000\254\305#\243"
 4953      EAC33EDF 
 4953      1C76AF00 
 4953      ACC523A3 
 4954 02f8 0957C8D8 		.ascii	"\011W\310\330\310\330\321D8\3108i\350\"\217\236\365"
 4954      C8D8D144 
 4954      38C83869 
 4954      E8228F9E 
ARM GAS  /tmp/ccL77YrL.s 			page 122


 4954      F5
 4955 0309 0837190F 		.ascii	"\0107\031\017\305\302\311\213 \343\245a$yQd\242i\030"
 4955      C5C2C98B 
 4955      20E3A561 
 4955      24795164 
 4955      A26918
 4956 031c 435E2C99 		.ascii	"C^,\23182\361\024K \257\007\231\236h\274\275\310\364"
 4956      3832F114 
 4956      4B20AF07 
 4956      999E68BC 
 4956      BDC8F4
 4957 032f 4613D987 		.ascii	"F\023\331\207\274\276\344%\222\227D^?\362h\233\"S\310"
 4957      BCBEE425 
 4957      9297445E 
 4957      3FF2689B 
 4957      2253C8
 4958 0342 EB4F6600 		.ascii	"\353Of\000\231\201d\006\221\031Lf\010\231W\0107\224"
 4958      99816406 
 4958      91194C66 
 4958      08995708 
 4958      3794
 4959 0354 BC5432C3 		.ascii	"\274T2\303\310\014'3\202&F\222\227F^:y\243\310\214&"
 4959      C80C2733 
 4959      82264692 
 4959      97465E3A 
 4959      79A3C88C 
 4960 0369 9341660C 		.ascii	"\223Af\014M\214%o\034\231\3614|\225\274\011d&\222y\215"
 4960      4D8C256F 
 4960      1C99F134 
 4960      7C95BC09 
 4960      64269279 
 4961 037e CCEB6426 		.ascii	"\314\353d&\321^M&o\012\231\251\324\306id\246\323p\006"
 4961      D15E4D26 
 4961      6F0A99A9 
 4961      D4C66964 
 4961      A6D37006 
 4962 0392 99996466 		.ascii	"\231\231df\023n\016\231\271\022n\377<\011\0330_\302"
 4962      136E0E99 
 4962      B9126EFF 
 4962      3C091B30 
 4962      5FC2
 4963 03a4 16644AD8 		.ascii	"\026dJ\330\204\005\022\266a!mD\016\231E\224\322Gf1\231"
 4963      840512B6 
 4963      61216D44 
 4963      0E994594 
 4963      D2476631 
 4964 03b9 25145B4A 		.ascii	"%\024[Jf\031\015\337 \263\234\214$\255U\350fWm\240\326"
 4964      66190DDF 
 4964      20B39C8C 
 4964      24AD55E8 
 4964      66576DA0 
 4965 03ce 49528522 		.ascii	"IR\205\"\213A1\016\356\202z\373\331\0317\236\026v+\234"
 4965      8B41310E 
 4965      EE827AFB 
 4965      D919379E 
 4965      16762B9C 
 4966 03e2 52071455 		.ascii	"R\007\024U\265\205\373\025\320\256\223(>D% \243\033"
ARM GAS  /tmp/ccL77YrL.s 			page 123


 4966      B585FB15 
 4966      D0AE9328 
 4966      3E442520 
 4966      A31B
 4967 03f4 C0877C27 		.ascii	"\300\207|'\367\035n\001\334\304\243\322\006%m\365\011"
 4967      F71D6E01 
 4967      DCC4A3D2 
 4967      06256DF5 
 4967      09
 4968 0405 7E01F580 		.ascii	"~\001\365\200\370\000\250P\224s\317\336\357\006#\303"
 4968      F800A850 
 4968      9473CFDE 
 4968      EF0623C3 
 4969 0415 0627FFA9 		.ascii	"\006'\377\251rJ\235PZ\223\345Wf\263^t\265\"K\0221\235"
 4969      724A9D50 
 4969      5A93E557 
 4969      66B35E74 
 4969      B5224B12 
 4970 042b E02AA10F 		.ascii	"\340*\241\017\"<\2401t\370\232X/\026\360\271\2143r\314"
 4970      223CA031 
 4970      74F89A58 
 4970      2F16F0B9 
 4970      8C3372CC 
 4971 043f 86DBA0E9 		.ascii	"\206\333\240\351\333\212\016W}`\352o\322\312\216\367"
 4971      DB8A0E57 
 4971      7D60EA6F 
 4971      D2CA8EF7 
 4972 044f E3A7CA17 		.ascii	"\343\247\312\027\200\203\342\2522Y\362+2\006H)\034o"
 4972      8083E2AA 
 4972      3259F22B 
 4972      32064829 
 4972      1C6F
 4973 0461 3196F935 		.ascii	"1\226\3715Jc\030\376\245+\331\317\251\237\2173\204\266"
 4973      4A6318FE 
 4973      A52BD9CF 
 4973      A99F8F33 
 4973      84B6
 4974 0473 8A42AB8D 		.ascii	"\212B\253\215B\347<W\250\244\027\032O\217\210^\250\303"
 4974      42E73C57 
 4974      A8A4171A 
 4974      4F8F885E 
 4974      A8C3
 4975 0485 5AE81CB3 		.ascii	"Z\350\034\263P\307\356\266'\003\014\371\375\\\347\205"
 4975      50C7EEB6 
 4975      27030CF9 
 4975      FD5CE785 
 4976 0495 5D0D5883 		.ascii	"]\015X\203m\264\220q\222L*\241q\352I\331S\233_\261\343"
 4976      6DB49071 
 4976      924C2AA1 
 4976      71EA49D9 
 4976      539B5FB1 
 4977 04aa 2CADA1BB 		.ascii	",\255\241\273\264\275\247_q`\200\222\270!\212\331G\332"
 4977      B4BDA75F 
 4977      71608092 
 4977      B8218AD9 
 4977      47DA
 4978 04bc F78DF22B 		.ascii	"\367\215\362+N+}\230Ao@\256\013g\005\275\013\351a\030"
ARM GAS  /tmp/ccL77YrL.s 			page 124


 4978      4E2B7D98 
 4978      416F40AE 
 4978      0B6705BD 
 4978      0BE96118 
 4979 04d0 10741705 		.ascii	"\020t\027\005\327\225\265c\0067\313\206\261^[3V\343"
 4979      D795B563 
 4979      0637CB86 
 4979      B15E5B33 
 4979      56E3
 4980 04e2 D1BAED06 		.ascii	"\321\272\355\006\331*\334\011\2062\202\360Tx\204\306"
 4980      D92ADC09 
 4980      863282F0 
 4980      547884C6 
 4981 04f2 F96D9B71 		.ascii	"\371m\233q\034\301B\341\270\264\242d\274\0071 \334K"
 4981      1CC142E1 
 4981      B8B4A264 
 4981      BC073120 
 4981      DC4B
 4982 0504 9A544F5A 		.ascii	"\232TOZ\364\235\203\245\033\000\357;\336\200#x\324\256"
 4982      F49D83A5 
 4982      1B00EF3B 
 4982      DE802378 
 4982      D4AE
 4983 0516 925B54F3 		.ascii	"\222[T\363\033\274\007\011\026A\333i\343\331\317\316"
 4983      1BBC0709 
 4983      1641DB69 
 4983      E3D9CFCE 
 4984 0526 C8A2754F 		.ascii	"\310\242uOQk\011\312\301\367 6\265\203\002\002\255\037"
 4984      516B09CA 
 4984      C1F72036 
 4984      B5830202 
 4984      AD1F
 4985 0538 3167F3A7 		.ascii	"1g\363\247?E\363\316\"ek\351\267\270\236\245H1$\037"
 4985      3F45F3CE 
 4985      22656BE9 
 4985      B7B89EA5 
 4985      4831241F 
 4986 054c 458ABA5B 		.ascii	"E\212\272[\024\277\262\014\347\230\344\262\220\304\232"
 4986      14BFB20C 
 4986      E798E4B2 
 4986      90C49A
 4987 055b DEA0AA69 		.ascii	"\336\240\252i*\314\322\251\242[\007\316\356\244\346"
 4987      2ACCD2A9 
 4987      A25B07CE 
 4987      EEA4E6
 4988 056a D2EDAEAF 		.ascii	"\322\355\256\257Is\256\350\316\031d/\347\272\017\235"
 4988      4973AEE8 
 4988      CE19642F 
 4988      E7BA0F9D 
 4989 057a 95CDBE7A 		.ascii	"\225\315\276z\255\3737<\250\257\2218k\3665\012\003\320"
 4989      ADFB373C 
 4989      A8AF9138 
 4989      6BF6350A 
 4989      03D0
 4990 058c 0EA2A71D 		.ascii	"\016\242\247\035\324\323h\243\011A\207\343!\004\265"
 4990      D4D368A3 
 4990      094187E3 
ARM GAS  /tmp/ccL77YrL.s 			page 125


 4990      2104B5
 4991 059b 37068166 		.ascii	"7\006\201f{c1\000\367\301lm\034+\307\232\255\2157T\355"
 4991      7B633100 
 4991      F7C16C6D 
 4991      1C2BC79A 
 4991      AD8D3754 
 4992 05b0 56D5C741 		.ascii	"V\325\307A\255\305S\033/4nrk{\260P\202X\3515\012\010"
 4992      ADC5531B 
 4992      2F346E72 
 4992      6B7BB050 
 4992      8258E935 
 4993 05c6 173F5C1E 		.ascii	"\027?\\\036\200\331\326\033f[[\365\266\266\000\265\355"
 4993      80D9D61B 
 4993      665B5BF5 
 4993      B6B600B5 
 4993      ED
 4994 05d7 B97E2E44 		.ascii	"\271~.D\215\240~.\204\177s\011\335\260\034;\204/\243"
 4994      8DA07E2E 
 4994      847F7309 
 4994      DDB01C3B 
 4994      842FA3
 4995 05ea 57A91D2E 		.ascii	"W\251\035.\031{\341\016\351m\002\252\373\225\034R\350"
 4995      197BE10E 
 4995      E96D02AA 
 4995      FB951C52 
 4995      E8
 4996 05fb 02B3AD8B 		.ascii	"\002\263\255\2130\306\275\363<\327V\037ULS\341Am=\244"
 4996      30C6BDF3 
 4996      3CD7561F 
 4996      554C53E1 
 4996      416D3DA4 
 4997 060f B5F59ADE 		.ascii	"\265\365\232\336\304\353\272\323\242;\247\221\275\230"
 4997      C4EBBAD3 
 4997      A23BA791 
 4997      BD98
 4998 061d CB3F2EDA 		.ascii	"\313?.\332\332Z\332\200\271zR\263\261\232\275\245Mx"
 4998      DA5ADA80 
 4998      B97A52B3 
 4998      B19ABDA5 
 4998      4D78
 4999 062f A9CCC540 		.ascii	"\251\314\305@b\221\252\226\334x\366l\212\304\227+\377"
 4999      6291AA96 
 4999      DC78F66C 
 4999      8AC4972B 
 4999      FF
 5000 0640 E07DE515 		.ascii	"\340}\345\0252\247Pf.\313\234\264\312\364\"qCf\036\006"
 5000      32A75066 
 5000      2ECB9CB4 
 5000      CAF42271 
 5000      43661E06 
 5001 0654 7E5EA60E 		.ascii	"~^\246\016e\346\261L\263\220\251j\353\347Wzk-M0\357"
 5001      65E6B14C 
 5001      B390A96A 
 5001      EBE7577A 
 5001      6B2D4D30 
 5002 0669 E684007E 		.ascii	"\346\204\000~\332\363\335\334\003~\002x\012\222H\212"
 5002      DAF3DDDC 
ARM GAS  /tmp/ccL77YrL.s 			page 126


 5002      037E0278 
 5002      0A92488A 
 5003 0679 FC3E4860 		.ascii	"\374>H`\352\343\256}x~\372Z(\262NQ\345 J\"\302D\266"
 5003      EAE3AE7D 
 5003      787EFA5A 
 5003      28B24E51 
 5003      E5204A22 
 5004 0690 F17E25C9 		.ascii	"\361~%\311BPtBQ0\001\213Jb\302\256\026\034%[\0306\235"
 5004      42507442 
 5004      5130018B 
 5004      4A62C2AE 
 5004      161C255B 
 5005 06a7 5112CC48 		.ascii	"Q\022\314HA\230\330\211\006,\260?\007\346\212~7\365"
 5005      4198D889 
 5005      062CB03F 
 5005      07E68A7E 
 5005      37F5
 5006 06b9 F62B0358 		.ascii	"\366+\003X\263\277@\320\303=\220c\032\242\035\3271\210"
 5006      B3BF40D0 
 5006      C33D9063 
 5006      1AA21DD7 
 5006      3188
 5007 06cb CB1CA869 		.ascii	"\313\034\250i\340n\016\346\230\256\201)\206\360\332"
 5007      E06E0EE6 
 5007      98AE8129 
 5007      86F0DA
 5008 06da 07735D47 		.ascii	"\007s]G~x\0379\257X\012\263\353\205\225\006\0276\024"
 5008      7E781F39 
 5008      AF580AB3 
 5008      EB859506 
 5008      173614
 5009 06ed 61A6682A 		.ascii	"a\246h*\007\346\231\242\303X7U \356Wg\372\225\341|\036"
 5009      07E699A2 
 5009      C3583755 
 5009      20EE5767 
 5009      FA95E17C 
 5010 0702 E689E563 		.ascii	"\346\211\345cI#,I\034z\222w\202\223\214D\230\330\340"
 5010      49232C49 
 5010      1C7A9277 
 5010      82938C44 
 5010      98D8E0
 5011 0715 C97E25CD 		.ascii	"\311~%\315Bp\352\204\362`B:\302D\316\026\247_\031\305"
 5011      4270EA84 
 5011      F260423A 
 5011      C244CE16 
 5011      A75F19C5 
 5012 0729 81B9E6D5 		.ascii	"\201\271\346\3257\232%G\011\304S\254;\203\353\032-\020"
 5012      379A2547 
 5012      09C453AC 
 5012      3B83EB1A 
 5012      2D10
 5013 073b 97AB17F8 		.ascii	"\227\253\027\370\225\371\\{\2068W'Pr>\237\253\026\375"
 5013      95F95C7B 
 5013      86385727 
 5013      50723E9F 
 5013      AB16FD
 5014 074e 5CE1068F 		.ascii	"\\\341\006\217\261\024\342\322\013\371cp!c\021&\322"
ARM GAS  /tmp/ccL77YrL.s 			page 127


 5014      B114E2D2 
 5014      0BF96370 
 5014      21631126 
 5014      D2
 5015 075f 346321E3 		.ascii	"4c!\3430@'\330\026zzY\222\356\303\361\026\3150]sm\260"
 5015      304027D8 
 5015      167A7A59 
 5015      92EEC3F1 
 5015      16CD305D 
 5016 0776 E6AB08D3 		.ascii	"\346\253\010\323:\215\015\233\300\001}\313q-\231\234"
 5016      3A8D0D9B 
 5016      C0017DCB 
 5016      712D999C 
 5017 0786 6782A8FC 		.ascii	"g\202\250\374\030\3423\271\362\357\260r\274M\256\317"
 5017      18E233B9 
 5017      F2EFB072 
 5017      BC4DAECF 
 5018 0796 C0A5F053 		.ascii	"\300\245\360S\224d\024\261\367.\027\301\267\313b\274"
 5018      946414B1 
 5018      F72E17C1 
 5018      B7CB62BC 
 5019 07a6 28DCAD07 		.ascii	"(\334\255\007\356\205\361%\342\363\320\005\023qx\343"
 5019      EE85F125 
 5019      E2F3D005 
 5019      137178E3 
 5020 07b6 CD1E742B 		.ascii	"\315\036t+\310(\320R\177g\355y\231_\014\204N\177C\347"
 5020      C828D052 
 5020      7F67ED79 
 5020      995F0C84 
 5020      4E7F43E7 
 5021 07ca DE255D07 		.ascii	"\336%]\007I\336"
 5021      49DE
 5022 07d0 9B679A3C 		.ascii	"\233g\232<\306gy\027\357[\361\025\336\376\211\317Qk"
 5022      C6677917 
 5022      EF5BF115 
 5022      DEFE89CF 
 5022      516B
 5023 07e2 BE6F606A 		.ascii	"\276o`j'\254\011\340\255\374\032oA\317j|\200\360\265"
 5023      27AC09E0 
 5023      ADFC1A6F 
 5023      41CF6A7C 
 5023      80F0B5
 5024 07f5 6422639F 		.ascii	"d\"c\237\230\017}\215z\377\024\301k\225^$Z]\332\205"
 5024      980F7D8D 
 5024      7AFF14C1 
 5024      6B955E24 
 5024      5A5DDA85 
 5025 0809 87F57546 		.ascii	"\207\365uF\311!;\213Zb\253\272\360)Y\240\243\222\015"
 5025      C9213B8B 
 5025      5A62ABBA 
 5025      F02959A0 
 5025      A3920D
 5026 081c D47B1F99 		.ascii	"\324{\037\231\267\307Q\\\322\002\256\366\261\336e\374"
 5026      B7C7515C 
 5026      D202AEF6 
 5026      B1DE65FC 
 5027 082c 0C9F6479 		.ascii	"\014\237dy\237s\353\357s\233\344\240\367\271I\346+L"
ARM GAS  /tmp/ccL77YrL.s 			page 128


 5027      9F73EBEF 
 5027      739BE4A0 
 5027      F7B949E6 
 5027      2B4C
 5028 083e E43B071F 		.ascii	"\344;\007\037\332\215e\377x6\\\034\364\276~e\262v\015"
 5028      DA8D65FF 
 5028      78365C1C 
 5028      F4BE7E65 
 5028      B2760D
 5029 0851 F536AFA1 		.ascii	"\3656\257\241\336\001|E`I/l\221a\263\254]\341X\310\024"
 5029      DE017C45 
 5029      60492F6C 
 5029      9161B3AC 
 5029      5DE158C8 
 5030 0866 245039C8 		.ascii	"$P9\310\356,\207\027\021\2661\001\221\234\351\251\226"
 5030      EE2C8717 
 5030      11B63101 
 5030      919CE9A9 
 5030      96
 5031 0877 A90D973C 		.ascii	"\251\015\227<U\313\324\307\314\324'\200o\036LtC\215"
 5031      55CBD4C7 
 5031      CCD42780 
 5031      6F1E4C74 
 5031      438D
 5032 0889 0CDB2D99 		.ascii	"\014\333-\231\246!\001\337\2118Q\227\362\"\202\237\011"
 5032      A62101DF 
 5032      89385197 
 5032      F222829F 
 5032      09
 5033 089a 8894B8FF 		.ascii	"\210\224\270\377xD\246\211\217H\247\266\350\250\323"
 5033      7844A689 
 5033      8F48A7B6 
 5033      E8A8D3
 5034 08a9 D77E94CD 		.ascii	"\327~\224\3157\344\263^\261\347t\357L\307\002C\373g"
 5034      37E4B35E 
 5034      B1E774EF 
 5034      4CC70243 
 5034      FB67
 5035 08bb 3DF69DE5 		.ascii	"=\366\235\345\337*\226\325E\350\253\333\251\255n:KV"
 5035      DF2A96D5 
 5035      45E8ABDB 
 5035      A9AD6E3A 
 5035      4B56
 5036 08cd 3632F841 		.ascii	"62\370A \351E\335\010p7\304;5pA\321A]x\2571\234\243"
 5036      20E945DD 
 5036      087037C4 
 5036      3B357041 
 5036      D1415D78 
 5037 08e5 31972B2F 		.ascii	"1\227+/\231\321-\2152\236\267\222\232I\022\013\366\255"
 5037      99D12D8D 
 5037      329EB792 
 5037      9A49120B 
 5037      F6AD
 5038 08f7 C6CB57FF 		.ascii	"\306\313W\377oL\242\271s\211\001,\024\007\234+\011>"
 5038      6F4CA2B9 
 5038      7389012C 
 5038      14079C2B 
ARM GAS  /tmp/ccL77YrL.s 			page 129


 5038      093E
 5039 0909 92E14319 		.ascii	"\222\341C\031\031E\374n\220\010\037\323\243P\253\364"
 5039      1945FC6E 
 5039      90081FD3 
 5039      A350ABF4 
 5040 0919 63C96D8D 		.ascii	"c\311m\215\262v\257i:\311\246Nr\000\277[\350:)\260O"
 5040      B276AF69 
 5040      3AC9A64E 
 5040      7200BF5B 
 5040      E83A29B0 
 5041 092e 86BDB294 		.ascii	"\206\275\262\224\216;\021\360\322z\367\313\333\350\177"
 5041      8E3B11F0 
 5041      D27AF7CB 
 5041      DBE87F
 5042 093d 02FA3DB3 		.ascii	"\002\372=\263\335\252\364\"\376\247!\374\203\310\007"
 5042      DDAAF422 
 5042      FEA721FC 
 5042      83C807
 5043 094c E28BA77D 		.ascii	"\342\213\247}\237\316\307\333w\306\213\366\367\220q"
 5043      9FCEC7DB 
 5043      77C68BF6 
 5043      F79071
 5044 095b DCAAE910 		.ascii	"\334\252\351\020\314\344\247c\206\350H\263\362\222\244"
 5044      CCE4A763 
 5044      86E848B3 
 5044      F292A4
 5045 096a 4742921E 		.ascii	"GB\222\036\305\2442%\235\311I\017\210\244\017\002/+"
 5045      C5A43225 
 5045      9DC9490F 
 5045      88A40F02 
 5045      2F2B
 5046 097c FA5810DF 		.ascii	"\372X\020\337\003\307\221\217\253\206\3352\363\017\376"
 5046      03C7918F 
 5046      AB86DD32 
 5046      F30FFE
 5047 098b 37FEC910 		.ascii	"7\376\311\020~\035\362m&\377\220\326\321_\032\035\265"
 5047      7E1DF26D 
 5047      26FF90D6 
 5047      D15F1A1D 
 5047      B5
 5048 099c 4B2FEB63 		.ascii	"K/\353c}H\037O\353}\354\200S\255\200_\213&\364\257\345"
 5048      7D481F4F 
 5048      EB7DEC80 
 5048      53AD805F 
 5048      8B26F4AF 
 5049 09b1 2F06346A 		.ascii	"/\0064j\344\221\203\017Q\354\356\216]\335\012\337\206"
 5049      E491830F 
 5049      51ECEE8E 
 5049      5DDD0ADF 
 5049      86
 5050 09c2 3479E49F 		.ascii	"4y\344\237\373\354A\350\260 t\234\361\345\021\337\004"
 5050      FBEC41E8 
 5050      B020749C 
 5050      F1E511DF 
 5050      04
 5051 09d3 8BA68AD7 		.ascii	"\213\246\212\327\361\265\012\210pQ\035\015\007\245-"
 5051      F1B50A88 
ARM GAS  /tmp/ccL77YrL.s 			page 130


 5051      70511D0D 
 5051      07A52D
 5052 09e2 5D99EB4B 		.ascii	"]\231\353K[\230\227\277b\304\"\337\333i3W\346\274\225"
 5052      5B9897BF 
 5052      62C422DF 
 5052      DB693357 
 5052      E6BC95
 5053 09f5 EB7BB3B0 		.ascii	"\353{\263\260 mz\346\2029Y\213W,[\262\264P\352U\220"
 5053      206D7AE6 
 5053      8239598B 
 5053      572C5BB2 
 5053      B450EA55 
 5054 0a0a 9F9396B3 		.ascii	"\237\223\226\2632\027\243\331\371+\323ff\376*cT\372"
 5054      3217A3D9 
 5054      F92BD366 
 5054      66FE2A63 
 5054      54FA
 5055 0a1c C89CBC3C 		.ascii	"\310\234\274<I\311)\374}\2349\0369z\314\370\214Ecs2"
 5055      49C929FC 
 5055      7D9C391E 
 5055      397ACCF8 
 5055      8C456373 
 5056 0a31 A4B0EC15 		.ascii	"\244\260\354\025\205Y\371\331\277\313\312\215(\364\345"
 5056      8559F9D9 
 5056      BFCBCA8D 
 5056      28F4E5
 5057 0a40 E6F9F2B3 		.ascii	"\346\371\362\263\013\337\312\367e\345x\362\362}\005"
 5057      0BDFCAF7 
 5057      65E578F2 
 5057      F27D05
 5058 0a4f 05E4E665 		.ascii	"\005\344\346e\333\012\263\012rlyd\012\021j\313C\243"
 5058      DB0AB30A 
 5058      726C7964 
 5058      0A116ACB 
 5058      43A3
 5059 0a61 E0AF2BD7 		.ascii	"\340\257+\327\227]\220\225\263x\211\253`\331\2227\263"
 5059      975D9095 
 5059      B37889AB 
 5059      60D99237 
 5059      B3
 5060 0a72 162E2B84 		.ascii	"\026.+\204\267mh\013\376\003A}\301\363"
 5060      B76D680B 
 5060      FE03417D 
 5060      C1F3
 5061              		.text
 5062              		.section	.gnu.lto__Z11dps310_initv.649.b51e53422286af16,"e",%progbits
 5063 0000 789C6554 		.ascii	"x\234eT]h\034U\024\276g\356\354\317\314\354&1\233\254"
 5063      5D681C55 
 5063      14BE67EE 
 5063      ECCFCCEC 
 5063      26319BAC 
 5064 0014 31886E95 		.ascii	"1\210n\225R#\230\215F\021\337J\351\223\370P\364Y\026"
 5064      5223988D 
 5064      4611DF4A 
 5064      E993F850 
 5064      F45916
 5065 0027 DD6C6DA0 		.ascii	"\335lm\240\351.\351V\372\326\351&\331\205\276dw\015"
ARM GAS  /tmp/ccL77YrL.s 			page 131


 5065      E92EE956 
 5065      FAD6E926 
 5065      D985BE64 
 5065      770D
 5066 0039 8B8D615B 		.ascii	"\213\215a[\327\211\244\0106\010\306\255ik\260V$Rh\213"
 5066      D789A408 
 5066      3608C6AD 
 5066      696BB056 
 5066      2452688B 
 5067 004d 0AD136FD 		.ascii	"\012\3216\375\201B#\"1\017\366\007\303z\316\275\363"
 5067      81422322 
 5067      310FF607 
 5067      C37ACEBD 
 5067      F3
 5068 005e B3CB0ECC 		.ascii	"\263\313\016\314\231{\2779\347;\337\234s\356\234\361"
 5068      997BBF39 
 5068      E73BDF9C 
 5068      73EE9CF1 
 5069 006e 31769431 		.ascii	"1v\2241\266\2167\204\031\224K'\024f\232\346\356\200"
 5069      B68E3784 
 5069      19944B27 
 5069      14669AE6 
 5069      EE80
 5070 0080 A27C52BC 		.ascii	"\242|R\274\273\003\276\203\302\355?b\352D\311xt\312"
 5070      BB03BE83 
 5070      C2ED3F62 
 5070      EA44C978 
 5070      74CA
 5071 0092 7A56E584 		.ascii	"zV\345\204\302_\237\335\351U'K\306\314\215\352\213\252"
 5071      C25F9FDD 
 5071      E955274B 
 5071      C6CC8DEA 
 5071      8BAA
 5072 00a4 8AD057D2 		.ascii	"\212\320W\322k\252\324!\274|\302K@y;\320\357A\005\033"
 5072      6BAAD421 
 5072      BC7CC24B 
 5072      40793BD0 
 5072      EF41051B 
 5073 00b8 0A78D0C7 		.ascii	"\012x\320\307\310 \260\240\207\235t0\315\303f\035L\207"
 5073      C820B0A0 
 5073      879D7430 
 5073      CDC3661D 
 5073      4C87
 5074 00ca B9720D84 		.ascii	"\271r\015\204P\203\226;\244\350\020\034/\351b\005\354"
 5074      5083963B 
 5074      A4E8101C 
 5074      2FE96205 
 5074      EC
 5075 00db 98C2559F 		.ascii	"\230\302U\237?\020\324t#\004\307\340#>\200/\036NU\252"
 5075      3F10D474 
 5075      2304C7E0 
 5075      233E802F 
 5075      1E4E55AA 
 5076 00ef 970D7361 		.ascii	"\227\015sa\005,\316X\025o\373\232\343\300\367\220\335"
 5076      052CCE58 
 5076      156FFB9A 
 5076      E3C0F790 
ARM GAS  /tmp/ccL77YrL.s 			page 132


 5076      DD
 5077 0100 F983696E 		.ascii	"\371\203in^\270w\"\274h\006-\016\3605\240\027\014\303"
 5077      5EB87722 
 5077      BC68062D 
 5077      0EF035A0 
 5077      170CC3
 5078 0113 1079BDF9 		.ascii	"\020y\275\371\317\0009&\204\343Ut\\\236/HG\005\276i"
 5078      CF003926 
 5078      84E35574 
 5078      5C9E2F48 
 5078      4705BE69 
 5079 0127 71BC478E 		.ascii	"q\274G\216enq\016\335\366J\205\"P\364\250\210.\232\346"
 5079      656E710E 
 5079      DDF64A85 
 5079      2250F4A8 
 5079      882E9AE6 
 5080 013b E2D979D3 		.ascii	"\342\331y\323\354:\036\263\270\017\226E\364\267\000"
 5080      EC3A1EB3 
 5080      B80F9645 
 5080      F4B700
 5081 014a E740C4AF 		.ascii	"\347@\304\257\211D\207\234D\213_\\\316KW\005.\264$\272"
 5081      8944879C 
 5081      448B5F5C 
 5081      CE4B5705 
 5081      2EB424BA 
 5082 015e 32E06770 		.ascii	"2\340gp\021\340<@\035`\011\354\217B\026\265\031>{\335"
 5082      11E03C40 
 5082      1D6009EC 
 5082      8F4216B5 
 5082      193E7BDD 
 5083 0172 B762FED7 		.ascii	"\267b\376\327\2306\315\306\300\235Y\343y`\026\367+d"
 5083      9836CDC6 
 5083      C09D59E3 
 5083      796016F7 
 5083      2B64
 5084 0184 3819958C 		.ascii	"8\031\225\214\206&\020&\323I&B\246\207ap\224V}d\372"
 5084      86261026 
 5084      D3492642 
 5084      A6876170 
 5084      94567D64 
 5085 0199 C93036CD 		.ascii	"\31106\315\251\336\246\012\346\012cE\256\310\315\004"
 5085      A9DEA60A 
 5085      E60A6345 
 5085      AEC8CD04 
 5086 01a9 6EFE04F3 		.ascii	"n\376\004\363\356\265U\035\347\206m\302\324\351D\215"
 5086      EEB5551D 
 5086      E7866DC2 
 5086      D4E9448D 
 5087 01b9 6B93A058 		.ascii	"k\223\240X<X\345(\211\312\240@H>4\213kl\003&7.E\321"
 5087      3C58E528 
 5087      89CAA040 
 5087      483E348B 
 5087      6B6C0326 
 5088 01d1 8BB000C8 		.ascii	"\213\260\000\310f\0249\377\251\361\351cp\031\257\353"
 5088      661439FF 
 5088      A9F1E963 
 5088      7019AFEB 
ARM GAS  /tmp/ccL77YrL.s 			page 133


 5089 01e1 C8361963 		.ascii	"\3106\031c\202J\257rER\031PD\033\022.\277\351\354o\310"
 5089      824AAF72 
 5089      45521950 
 5089      441B122E 
 5089      BFE9EC6F 
 5090 01f6 6DDDEFC0 		.ascii	"m\335\357\300\257\226\3742tmU\301\330<)\011\213\360"
 5090      AF96FC32 
 5090      746D55C1 
 5090      D83C2909 
 5090      8BF0
 5091 0208 70957347 		.ascii	"p\225sG\011\"\250\034\333GQ\250\231\320N\300\331\350"
 5091      0922A81C 
 5091      DB4751A8 
 5091      99D04EC0 
 5091      D9E8
 5092 021a 728585E1 		.ascii	"r\205\205\341\022\330\242\324\\\2752\357\211\372]d\254"
 5092      12D8A2D4 
 5092      5CBD32EF 
 5092      89FA5D64 
 5092      AC
 5093 022b 9C79A686 		.ascii	"\234y\246\206cr\021p31\227\207\032Wj\334V\320\000\242"
 5093      63721170 
 5093      33319787 
 5093      1A576ADC 
 5093      56D000A2 
 5094 023f B949348A 		.ascii	"\271I4\212D\266\035.\337\354\322\372U\346r\255\353\342"
 5094      44B61D2E 
 5094      DFECD2FA 
 5094      55E672AD 
 5094      EBE2
 5095 0251 B1A93B5A 		.ascii	"\261\251;Z;\333\264v9Z\237\240\246J\255\335\320\335"
 5095      3BDBB476 
 5095      395A9FA0 
 5095      A64AADDD 
 5095      D0DD
 5096 0263 ACB5D3D3 		.ascii	"\254\265\323\323\352\377uyy\227K\277%\352\2670\323!"
 5096      EAFF7579 
 5096      79974BBF 
 5096      25EAB730 
 5096      D321
 5097 0275 2B18A972 		.ascii	"+\030\251r\2251\301w\377i\227\320\342=\302\371\001V"
 5097      9531C177 
 5097      FF6997D0 
 5097      E23DC2F9 
 5097      0156
 5098 0287 CC2E258E 		.ascii	"\314.%\216\316\217 \300G^\031#m\322^\360\312X'&Xm)a"
 5098      CE8F20C0 
 5098      475E1923 
 5098      6DD25EF0 
 5098      CA582726 
 5099 029f C49315C8 		.ascii	"\304\223\025\310\317\314G\\Y\217e\0057v\325\360\230"
 5099      CFCC475C 
 5099      598F6505 
 5099      3776D5F0 
 5099      98
 5100 02b0 D445052B 		.ascii	"\324E\005+\205\233X\277\036\004\210\332\017&\245\317"
 5100      859B58BF 
ARM GAS  /tmp/ccL77YrL.s 			page 134


 5100      1E0488DA 
 5100      0F26A5CF 
 5101 02c0 C570086B 		.ascii	"\305p\010k\266\274\206P\"F+\3326Z~\371\030j\036\255"
 5101      B6BC8650 
 5101      22462BDA 
 5101      365A7EF9 
 5101      186A1EAD 
 5102 02d4 A8973E78 		.ascii	"\250\227>x\352\337%\315M_4(c\271\260\215\031U\244\227"
 5102      EADF25CD 
 5102      4D5F3428 
 5102      63B9B08D 
 5102      1955A497 
 5103 02e8 1987883D 		.ascii	"\031\207\210=V\343}m\344\001tk&\356\363\210\265\315"
 5103      56E37D6D 
 5103      E401746B 
 5103      26EEF388 
 5103      B5CD
 5104 02fa 8757BC03 		.ascii	"\207W\274\003P6\034\205\375m$A\270\001\315$\375\036"
 5104      50361C85 
 5104      FD6D2441 
 5104      B801CD24 
 5104      FD1E
 5105 030c 89BEF6E5 		.ascii	"\211\276\366\345i\305%\251\030v\027\354\337G/\320\317"
 5105      69C525A9 
 5105      187617EC 
 5105      DF472FD0 
 5105      CF
 5106 031d 40F0F52E 		.ascii	"@\360\365.`\351?\247#\034\200\333\000\267\200\311\323"
 5106      60E93FA7 
 5106      231C80DB 
 5106      00B780C9 
 5106      D3
 5107 032e 235B75F2 		.ascii	"#[u\362g\331\252we\263\243U\356s\222?@(':\365d\025?"
 5107      67D9AA77 
 5107      65B3A355 
 5107      EE73923F 
 5107      4028273A 
 5108 0346 153B3568 		.ascii	"\025;5h\361>\314\363\375:\215\360\033\317\241\223\275"
 5108      F13ECCF3 
 5108      FD3A8DF0 
 5108      1BCFA193 
 5108      BD
 5109 0357 3B2F763E 		.ascii	";/v>{W\267\337\221Lc\341\332\255mN:9\275<\367\313\226"
 5109      7B57B7DF 
 5109      914C63E1 
 5109      DAAD6D4E 
 5109      3A39BD3C 
 5110 036e D112ABB5 		.ascii	"\321\022\253\265\304j-\261!\367O\001[\220\333-\217\373"
 5110      C46A2DB1 
 5110      21F74F01 
 5110      5B90DB2D 
 5110      8FFB
 5111 0380 340709E7 		.ascii	"4\007\011\347Vh\2733~ =\226\212\277\237\031?\370\322"
 5111      5668BB33 
 5111      7E203D96 
 5111      8ABF9F19 
 5111      3FF8D2
ARM GAS  /tmp/ccL77YrL.s 			page 135


 5112 0393 48EAC3F8 		.ascii	"H\352\303\370\336t\362\310X\352P\366p|\317\276\267\337"
 5112      DE74F2C8 
 5112      58EA50F6 
 5112      707CCFBE 
 5112      B7DF
 5113 03a5 4AEC3F38 		.ascii	"J\354?8\372\301\201,{\352\360x2\236L\217!\372\336x:"
 5113      FAC1812C 
 5113      7BEAF078 
 5113      329E4C8F 
 5113      21FADE78 
 5114 03ba BE77DF3B 		.ascii	"\276w\337;\303/\017\015&3\031\026\310\216e\022\251\243"
 5114      C32F0F0D 
 5114      26331916 
 5114      C88E6512 
 5114      A9A3
 5115 03cc D91E0F1B 		.ascii	"\331\036\017\033|\345\325\327\207G^K\0163-\231N\355"
 5115      7CE5D5D7 
 5115      87475E4B 
 5115      0E332D99 
 5115      4EED
 5116 03de 4F606C4A 		.ascii	"O`lJ\245\225\236\031O\217\034If\023\243#\377\003\201"
 5116      A5959E19 
 5116      4F8F1C49 
 5116      6613A323 
 5116      FF0381
 5117 03f1 891AD4   		.ascii	"\211\032\324"
 5118              		.text
 5119              		.section	.gnu.lto_.symbol_nodes.b51e53422286af16,"e",%progbits
 5120 0000 789C758F 		.ascii	"x\234u\217\271N\303@\020\206g\274;9\034sH$\204S\320"
 5120      B94EC340 
 5120      108667BC 
 5120      3B391C73 
 5120      48248453 
 5121 0015 205A2A1E 		.ascii	" Z*\036\200\007cm\216\204C\0349\240\240!D\241\241\200"
 5121      8007636D 
 5121      8E84431C 
 5121      39A0A021 
 5121      44A1A180 
 5122 0029 0E01A940 		.ascii	"\016\001\251@\021\242\011\242\001D\003R\224\007\240"
 5122      11A209A2 
 5122      01440352 
 5122      9407A0
 5123 0038 0A211CC1 		.ascii	"\012!\034\301\3361\022\024;\325\367\355?\236\031O\011"
 5123      DE311214 
 5123      3BD5F7ED 
 5123      3F9E194F 
 5123      09
 5124 0049 00B0B2A4 		.ascii	"\000\260\262\244\320\365K\342\366-\200\0028w=o\006\020"
 5124      D0F54BE2 
 5124      F62D8002 
 5124      38773D6F 
 5124      0610
 5125 005b 82A296B4 		.ascii	"\202\242\226\264\3349\000AoR0\264\245dx\227\304\320"
 5125      DC390041 
 5125      6F5230B4 
 5125      A5647897 
 5125      C4D0
ARM GAS  /tmp/ccL77YrL.s 			page 136


 5126 006d 9111860F 		.ascii	"\221\021\206\017\031e\370\2241\206/\031g\370\226\266"
 5126      1965F894 
 5126      31862F19 
 5126      67F896B6 
 5127 007d 066B9994 		.ascii	"\006k\231\224e^W \230\014\216Z!\005\377\272\316J\177"
 5127      655E5720 
 5127      980C8E5A 
 5127      2105FFBA 
 5127      CE4A7F
 5128 0090 BABA32C1 		.ascii	"\272\2722\301S]r\030\026\250\207\301\243^\206E\352c"
 5128      535D7218 
 5128      16A887C1 
 5128      A35E8645 
 5128      EA63
 5129 00a2 D8220C46 		.ascii	"\330\"\014F\3226\365\353\321K\244\204\361\000k\225\224"
 5129      D236F5EB 
 5129      D14BA484 
 5129      F1006B95 
 5129      94
 5130 00b3 FC975EB8 		.ascii	"\374\227^\270\036\206!\356\220\242nX\023\272\001\202"
 5130      1E8621EE 
 5130      90A26E58 
 5130      13BA0182 
 5131 00c3 2B83148B 		.ascii	"+\203\024\213\244\"\246,O*j\312r\244b\246l\223T\334"
 5131      A422A62C 
 5131      4F2A6ACA 
 5131      72A462A6 
 5131      6C9354DC 
 5132 00d7 946D90B2 		.ascii	"\224m\220\262M\331:\251\204)[#\345\0302a\017\361\257"
 5132      4DD93AA9 
 5132      84295B23 
 5132      E5183261 
 5132      0FF1AF
 5133 00ea D7820761 		.ascii	"\327\202\007a\247\331\226<m\203lMm\216}\323=\350 6~"
 5133      A7D9963C 
 5133      6D836C4D 
 5133      6D8E7DD3 
 5133      3DE82036 
 5134 00ff CDBD9CC5 		.ascii	"\315\275\234\305F\326u\373\2053\372r]O`m^8#\217\271"
 5134      46D675FB 
 5134      8533FA72 
 5134      5D4F606D 
 5134      5E38238F 
 5135 0114 07C2CA91 		.ascii	"\007\302\312\221\337d\011gX[\363D[2\\U\321\003\222\351"
 5135      DF640967 
 5135      585BF344 
 5135      5B325C55 
 5135      D10392E9 
 5136 0128 BFC393E1 		.ascii	"\277\303\223\341\252Z&\230\227J\262]\351\243R\343\274"
 5136      AA5A2698 
 5136      974AB25D 
 5136      E9A352E3 
 5136      BC
 5137 0139 98BF4B85 		.ascii	"\230\277K\205g\224\271\323\336;}\276\003,\257i\203\373"
 5137      6794B9D3 
 5137      DE3B7DBE 
 5137      032CAF69 
ARM GAS  /tmp/ccL77YrL.s 			page 137


 5137      83FB
 5138 014b 6A751A17 		.ascii	"ju\032\027\022\376;\323&\217\313\024\017\007\260\261"
 5138      12FE3BD3 
 5138      268FCB14 
 5138      0F07B0B1 
 5139 015b C5B2DF3A 		.ascii	"\305\262\337:\215c#\317\362\332\256\373{\012Z\306\236"
 5139      8D6323CF 
 5139      F2DAAEFB 
 5139      7B0A5AC6 
 5139      9E
 5140 016c 8E4B1636 		.ascii	"\216K\0266w}\201\037\256\320\003\301"
 5140      777D811F 
 5140      AED003C1 
 5141              		.text
 5142              		.section	.gnu.lto_.refs.b51e53422286af16,"e",%progbits
 5143 0000 789C1DCE 		.ascii	"x\234\035\316\313\012Aa\024\005\340\265\367\177\216"
 5143      CB0A4161 
 5143      1405E0B5 
 5143      F77F8E
 5144 000f 73F9CFD5 		.ascii	"s\371\317\325\245x\004\031xGI\006RB\222\344\001\274"
 5144      A5780419 
 5144      78474906 
 5144      524292E4 
 5144      01BC
 5145 0021 85A9894E 		.ascii	"\205\251\211NR&&b\246\274\200X\277\301\376Z\203\325"
 5145      52262662 
 5145      A6BC8058 
 5145      BFC1FE5A 
 5145      83D5
 5146 0033 6A570022 		.ascii	"jW\000\"\210\264!\332\207\230# \336\223\370\037R[\010"
 5146      88B421DA 
 5146      87982320 
 5146      DE93F81F 
 5146      525B08
 5147 0046 24D893F0 		.ascii	"$\330\223\360@\242\253\300\304j\025j=^\200N\202\324"
 5147      40A2ABC0 
 5147      C46A156A 
 5147      3D5E804E 
 5147      82D4
 5148 0058 00E6C419 		.ascii	"\000\346\304\031\257\"\301\331\015^\210\177#\265;\011"
 5148      AF22C1D9 
 5148      0D5E887F 
 5148      23B53B09 
 5149 0068 1F445E44 		.ascii	"\037D^D\337$\373\222|\300\275|(@1b*\306\244\234\220"
 5149      DF24FB92 
 5149      7CC0BD7C 
 5149      28403162 
 5149      2AC6A49C 
 5150 007d 6C2AD0FA 		.ascii	"l*\320\372\214\2511w,Y)W.\255\035\033\307\326Uv\374"
 5150      8CA93177 
 5150      2C592957 
 5150      2EAD1D1B 
 5150      C7D65576 
 5151 0092 A5A9D6FF 		.ascii	"\245\251\326\377\377\2416\206\266$\355B\223\036\360"
 5151      FFA13686 
 5151      B624ED42 
 5151      931EF0
ARM GAS  /tmp/ccL77YrL.s 			page 138


 5152 00a1 03AE471A 		.ascii	"\003\256G\0329"
 5152      39
 5153              		.text
 5154              		.section	.gnu.lto_.decls.b51e53422286af16,"e",%progbits
 5155 0000 789C9559 		.ascii	"x\234\225YyTS\327\272?\337\331!\011a\254\320\336\336"
 5155      795453D7 
 5155      BA3FDFD9 
 5155      210961AC 
 5155      D0DEDE
 5156 0013 D55EEB73 		.ascii	"\325^\353s\3316\255\325\000\332k\273\326{\353yo\207"
 5156      D936ADD5 
 5156      00DA6BBB 
 5156      D67BEB79 
 5156      6F87
 5157 0025 DBB7AA7D 		.ascii	"\333\267\252}\256\016\177\324\267\326\313\213I4\351"
 5157      AE0E7FD4 
 5157      B7D6CB8B 
 5157      4934E9
 5158 0034 054293A0 		.ascii	"\005B\223\240\364\276?<\002\3162\250u\236p\006\245\002"
 5158      F4BE3F3C 
 5158      02CE32A8 
 5158      759E7006 
 5158      A502
 5159 0046 E2808A12 		.ascii	"\342\200\212\022g\034P\264\2508\340\000\250\340\200"
 5159      671C50B4 
 5159      A838E000 
 5159      A8E080
 5160 0055 D4011151 		.ascii	"\324\001\021Q\337\267\367>9'\201xW\037\355\227s\366"
 5160      DFB7F73E 
 5160      39278178 
 5160      571FED97 
 5160      73F6
 5161 0067 DEBF6FDC 		.ascii	"\336\277o\334\277\275\317>\307\377\376\223 \224\351"
 5161      BFBDCF3E 
 5161      C7FFFE93 
 5161      2094E9
 5162 0076 04E10E11 		.ascii	"\004\341\016\021\204\027\370\247\025\004\341\024J\004"
 5162      8417F8A7 
 5162      1504E114 
 5162      4A04
 5163 0084 CA76949D 		.ascii	"\312v\224\235(\273P*Q|(\207P\216\242\214C\031\211R\203"
 5163      28BB502A 
 5163      517C2887 
 5163      508EA28C 
 5163      43198952 
 5164 0099 F2BDC0FF 		.ascii	"\362\275\300\377\242P\352P\316\2434\243\334BiCy\202"
 5164      A250EA50 
 5164      CEA334A3 
 5164      DC426943 
 5164      7982
 5165 00ab A2034108 		.ascii	"\242\003A\010G\211Gy\015\345-\024#\312\007(\257\340"
 5165      47894779 
 5165      0DE52D14 
 5165      23CA0728 
 5165      AFE0
 5166 00bd F84ABCAE 		.ascii	"\370J\274\256F)D\331\210\262\011\245\014e\013\312v\224"
 5166      462944D9 
ARM GAS  /tmp/ccL77YrL.s 			page 139


 5166      88B209A5 
 5166      0C650BCA 
 5166      7694
 5167 00cf 9D28BB51 		.ascii	"\235(\273Q|(\373Q\016\241\034E\251A9\205\322\010B\320"
 5167      7C28FB51 
 5167      0EA11C45 
 5167      A9413985 
 5167      D20842D0 
 5168 00e3 DF196CF7 		.ascii	"\337\031l\367\301k\243\034?\275\217G\011\303\376\353"
 5168      C16BA31C 
 5168      3FBD8F47 
 5168      09C3FEEB 
 5169 00f3 C073BB81 		.ascii	"\300s\273\201\327\233(\005(\235\330n\001\236_+\360\\"
 5169      D79B2805 
 5169      289DD86E 
 5169      019E5F2B 
 5169      F05C
 5170 0105 2BE55CB5 		.ascii	"+\345\\\265\262m\215\234\023\315\203\346C\363\0029\366"
 5170      B26D8D9C 
 5170      13CD83E6 
 5170      43F30239 
 5170      F6
 5171 0116 C0BF23D8 		.ascii	"\300\277#\330\216\011\341\333_C\032\303\313|\367\364"
 5171      8E09E1DB 
 5171      5F431AC3 
 5171      CB7CF7F4 
 5172 0126 D7FC3BFC 		.ascii	"\327\374;\374\225\003\257\275#\300\027\235\267[\330"
 5172      9503AFBD 
 5172      23C0179D 
 5172      B75BD8
 5173 0135 FF39CA68 		.ascii	"\3779\312h\274\177\023\345]j[\236\327\333\330\277^\266"
 5173      BC7F13E5 
 5173      5D6A5B9E 
 5173      D7DBD8BF 
 5173      5EB6
 5174 0147 23CA73F6 		.ascii	"#\312s\366\033\235#\341\367\315A\340_\021\266\373\367"
 5174      1B9D23E1 
 5174      F7CD41E0 
 5174      5F11B6FB 
 5174      F7
 5175 0158 F04FF9F1 		.ascii	"\360O\371\361\000\373\037\242t\001\257C`<\215\0011\215"
 5175      00FB1FA2 
 5175      7401AF43 
 5175      603C8D01 
 5175      318D
 5176 016a 94E37A8A 		.ascii	"\224\343z\212c\335\240\326\251\011\345\031\250\261>"
 5176      63DDA0D6 
 5176      A909E519 
 5176      A8B13E
 5177 0179 47E98B32 		.ascii	"G\351\2132\002\373\277Fy\001<\3704\274\306\241\000\336"
 5177      02FBBF46 
 5177      79013CF8 
 5177      34BCC6A1 
 5177      00DE
 5178 018b 5FC16B18 		.ascii	"_\301k\030v7\340\365*\312e\224\213(\227\200\373\250"
 5178      7637E0F5 
 5178      2ACA6594 
ARM GAS  /tmp/ccL77YrL.s 			page 140


 5178      8B289780 
 5178      FBA8
 5179 019d 93F3A475 		.ascii	"\223\363\244u}K\346\"\345d\254\300y\345\317y\247\234"
 5179      7D4BE622 
 5179      E564ACC0 
 5179      79E5CF79 
 5179      A79C
 5180 01af A73FF7DD 		.ascii	"\247?\367\335\001\334\354\311\275\325!\370G\375\377"
 5180      01DCECC9 
 5180      BDD521F8 
 5180      47FDFF
 5181 01be 51AEC9F6 		.ascii	"Q\256\311\366\036<\320\211<wZ\003=\336\267\3229\026"
 5181      1E3CD089 
 5181      3C775A03 
 5181      3DDEB7D2 
 5181      3916
 5182 01d0 F9DC0F0C 		.ascii	"\371\334\017\014Q\003\203\310\327X\004^\353\345:E\212"
 5182      510383C8 
 5182      D758045E 
 5182      EBE53A45 
 5182      8A
 5183 01e1 7CEDBD2B 		.ascii	"|\355\275+\373\305%\314\326\032\345\347\007r~tN\351"
 5183      FBC525CC 
 5183      D61AE5E7 
 5183      07727E74 
 5183      4EE9
 5184 01f3 1AAB9379 		.ascii	"\032\253\223y\263\277G\214s\010\274\011/\200]\004\""
 5184      B3BF478C 
 5184      7308BC09 
 5184      2F805D04 
 5184      22
 5185 0204 0A4B88D8 		.ascii	"\012K\210\330\224[\322\024c\360IR\213o\337$\"\300\020"
 5185      945BD214 
 5185      63F04952 
 5185      8B6FDF24 
 5185      22C010
 5186 0217 4810601B 		.ascii	"H\020`\033\300\233\002l\005\330B\261}@\203\277\361\320"
 5186      C09B026C 
 5186      05D842B1 
 5186      7D4083BF 
 5186      F1D0
 5187 0229 0FE15772 		.ascii	"\017\341Wr\017l0D\"\274]*\330\247\201\355\000;\000*"
 5187      0F6C3044 
 5187      22BC5D2A 
 5187      D8A781ED 
 5187      003B002A 
 5188 023d E854D0FA 		.ascii	"\350T\320\372!\340\370\241\234j`\366\244\220\366\020"
 5188      21E0F8A1 
 5188      9C6A60F6 
 5188      A490F610 
 5189 024d F2F0C09A 		.ascii	"\362\360\300\2325\021\252\215]\252\215J`1~\017tc\212"
 5189      3511AA8D 
 5189      5DAA8D4A 
 5189      60317E0F 
 5189      74638A
 5190 0260 61770231 		.ascii	"aw\0021P\263s\036<\256\326\032\230\216/;\\\2205\240"
 5190      50B3731E 
ARM GAS  /tmp/ccL77YrL.s 			page 141


 5190      3CAED61A 
 5190      988E2F3B 
 5190      5C9035A0 
 5191 0274 0AE07B01 		.ascii	"\012\340{\001\366\000\354\246\201\276\203z\204]\005"
 5191      F600ECA6 
 5191      81BE837A 
 5191      845D05
 5192 0283 F28AC022 		.ascii	"\362\212\300\"\027Y\344\261hA\352\362uDQ\013w$_f\230"
 5192      1759E4B1 
 5192      6841EAF2 
 5192      7544510B 
 5192      77245F66 
 5193 0298 0007010E 		.ascii	"\000\007\001\016\240\205\375\000\357\010\260\017`/\265"
 5193      A085FD00 
 5193      EF08B00F 
 5193      602FB5
 5194 02a7 F0AEE219 		.ascii	"\360\256\342\031\313L\336\240\236OT\373:\242{{>\002"
 5194      CB4CDEA0 
 5194      9E4F54FB 
 5194      3AA27B7B 
 5194      3E02
 5195 02b9 F0AE00D5 		.ascii	"\360\256\000\325\000\207iJ\255\235\331\267c\350\352"
 5195      0087694A 
 5195      AD9DD9B7 
 5195      63E8EA
 5196 02c8 8571E0C2 		.ascii	"\205q\340\302\366\323\346-Y\342\037$\352L\212\007\207"
 5196      F6D3E62D 
 5196      59E21F24 
 5196      EA4C8A07 
 5196      87
 5197 02d9 EC4C80E3 		.ascii	"\354L\200\343\250y\214\027*;w\362e\255Z\205\343j\025"
 5197      A8798C17 
 5197      2A3B77F2 
 5197      65AD5A85 
 5197      E36A15
 5198 02ec 6A3860D9 		.ascii	"j8`\331\321\213u\341\270s\021\2721\330\000\240\376\317"
 5198      D18B75E1 
 5198      B87311BA 
 5198      31D800A0 
 5198      FECF
 5199 02fe F8631046 		.ascii	"\370c\020F\023!^\022%1\332FD\0031\020\233\241^\023c"
 5199      13215E12 
 5199      2531DA46 
 5199      44033110 
 5199      9BA15E13 
 5200 0313 7C4886EB 		.ascii	"|H\206\353Ec\214A_\270\037b\015azQl\321\331\014\306"
 5200      45638C41 
 5200      5FB81F62 
 5200      0D617A51 
 5200      6CD1D90C 
 5201 0328 2E28160B 		.ascii	".(\026\013\264\375\206K\032\333\254W[t\222\230\377U"
 5201      B4FD864B 
 5201      1ADBAC57 
 5201      5B749298 
 5201      FF55
 5202 033a FC90E1F8 		.ascii	"\374\220\341\370\333\242\253\006\033j\215\322\350c\361"
 5202      DBA2AB06 
ARM GAS  /tmp/ccL77YrL.s 			page 142


 5202      1B6A8DD2 
 5202      E863F1
 5203 0349 AE456778 		.ascii	"\256EgxH\012r\264\266\032q\332\273\230\226\301\226\024"
 5203      480A72B4 
 5203      B61A71DA 
 5203      BB9896C1 
 5203      9614
 5204 035b 8FE10FD7 		.ascii	"\217\341\017\327\353\373\366\335G\366\221j\214I\257"
 5204      EBFBF6DD 
 5204      47F6916A 
 5204      8C49AF
 5205 036a 2FDDF4AA 		.ascii	"/\335\364\252\241E\027\2036\214\266~\261\266~1\325\020"
 5205      A1451783 
 5205      368CB67E 
 5205      B1B67E31 
 5205      D510
 5206 037c 66B319E2 		.ascii	"f\263\031\342\215\002FaKJ\032.\032\320\264F_\015I\004"
 5206      8D024661 
 5206      4B4A1A2E 
 5206      1AD0B446 
 5206      5F0D4904 
 5207 0390 2293A46B 		.ascii	"\"\223\244k\267\377`\0103\204\367\355g\024\004\233\360"
 5207      B7FF6008 
 5207      3384F7ED 
 5207      6714049B 
 5207      F0
 5208 03a1 B98886C9 		.ascii	"\271\210\206\311\013\377\037\350\320\251Mm\002\030\015"
 5208      0BFF1FE8 
 5208      D0A94D6D 
 5208      02180D
 5209 03b0 629248BE 		.ascii	"b\222H\276lAj\213b?A\2204\372\310H\220\360\022n\376"
 5209      6C416A8B 
 5209      623F4190 
 5209      34FAC848 
 5209      90F0126E 
 5210 03c5 D2362AC9 		.ascii	"\3226*\311 \264\340J\022\305x\015H\"\250\232\006\255"
 5210      20B4E04A 
 5210      12C5780D 
 5210      4822A89A 
 5210      06AD
 5211 03d7 00942AFC 		.ascii	"\000\224*\374?\372\003\362\017\320&\360\007\235\337"
 5211      3FFA03F2 
 5211      0FD026F0 
 5211      079DDF
 5212 03e6 0BFFA39B 		.ascii	"\013\377\243\233\207\014\244\020\340heT\271\012\242"
 5212      870CA410 
 5212      E0686554 
 5212      B90AA2
 5213 03f5 6C47E46B 		.ascii	"lG\344k\212\253\372\235\260\241\000\343|\231\361\021"
 5213      8AABFA9D 
 5213      B0A100E3 
 5213      7C99F111 
 5214 0405 BF5DEE4D 		.ascii	"\277]\356M\321\025\224\000\005\331\223@}0K\242\020\024"
 5214      D1159400 
 5214      05D99340 
 5214      7D304BA2 
 5214      1014
ARM GAS  /tmp/ccL77YrL.s 			page 143


 5215 0417 45B0ED1E 		.ascii	"E\260\355\036!BP$\324\0065\215\274Y\261\347\334?n`\325"
 5215      21425024 
 5215      D406358D 
 5215      BC59B1E7 
 5215      DC3F6E60 
 5216 042c A487B774 		.ascii	"\244\207\267t\020\233?\\\000\362\205@\376K0I\354/\363"
 5216      109B3F5C 
 5216      00F28540 
 5216      FE4B3049 
 5216      EC2FF3
 5217 043f 7F0538C5 		.ascii	"\177\0058\305\343\230\030A~\006\241\177~\276\3249{\346"
 5217      E3981841 
 5217      7E06A17F 
 5217      7EBED439 
 5217      7BE6
 5218 0451 E1D5A653 		.ascii	"\341\325\246SYS\245Z\212\001\312T\370\025\3404O\243"
 5218      5953A55A 
 5218      8A01CA54 
 5218      F815E034 
 5218      4FA3
 5219 0463 163B4E02 		.ascii	"\026;N\002\234\200\211\271\357\023\334d\011nX\350\251"
 5219      9C8089B9 
 5219      EF13DC64 
 5219      096E58E8 
 5219      A9
 5220 0474 B4ADAA48 		.ascii	"\264\255\252H\317X\277\023\030\355\313|\327^@\010\332"
 5220      CF58BF13 
 5220      18EDCB7C 
 5220      D75E4008 
 5220      DA
 5221 0485 D7A3FE39 		.ascii	"\327\243\3769\372\314\310_(\225\026\242\227\330L\004"
 5221      FACCC85F 
 5221      289516A2 
 5221      97D84C04 
 5222 0495 69B01FCE 		.ascii	"i\260\037\316*N\316(NV\017$\371\242@\326\263\015jI\325"
 5222      2A4ECE28 
 5222      4E560F24 
 5222      F9A240D6 
 5222      B30D6A49 
 5223 04aa 8EF51AE6 		.ascii	"\216\365\032\346\304\307\2354\334i\235/\262\216J\200"
 5223      C4C79D34 
 5223      DC699D2F 
 5223      B28E4A80 
 5224 04ba 4B74F575 		.ascii	"Kt\365u\356\230\177,\234\365\340^\322\000d+U\324\036"
 5224      EE987F2C 
 5224      9CF5E05E 
 5224      D200642B 
 5224      55D41E
 5225 04cd BC3C63B1 		.ascii	"\274<c\261\370\006\000\376\037.B#dR\217\215\300\266"
 5225      F80600FE 
 5225      1F2E4223 
 5225      64528F8D 
 5225      C0B6
 5226 04df A6EC4879 		.ascii	"\246\354Hyg\272\002\330%\300U\200k\324\322\276\225\231"
 5226      67BA02D8 
 5226      25C05580 
 5226      6BD4D2BE 
ARM GAS  /tmp/ccL77YrL.s 			page 144


 5226      9599
 5227 04f1 15514A02 		.ascii	"\025QJ\002\215\240d\320\204\240\313,\203|\251t\206\232"
 5227      8DA064D0 
 5227      84A0CB2C 
 5227      837CA974 
 5227      869A
 5228 0503 4113C045 		.ascii	"A\023\300E%\203\013J\006w\007\222\235\230\301I\236\301"
 5228      25830B4A 
 5228      06770792 
 5228      9D98C149 
 5228      9EC1
 5229 0515 FD15A591 		.ascii	"\375\025\245\221\376\360h\0067:\233&\372\3337\251\333"
 5229      FEF06806 
 5229      373A9B26 
 5229      FADB37A9 
 5229      DB
 5230 0526 3B4FB714 		.ascii	";O\267\024\207\207r\213\007\023h\361\273}R!Ia\314k+"
 5230      8787728B 
 5230      071368F1 
 5230      BB7D5221 
 5230      4961CC6B 
 5231 053b C00DC5EB 		.ascii	"\300\015\305\353u\305k\361\007\244\001\275\2661\257"
 5231      75C56BF1 
 5231      07A401BD 
 5231      B631AF
 5232 054a 5377E51E 		.ascii	"Sw\345\0363\204\230\213\273\010w1\242\3549=w\211\266"
 5232      3384988B 
 5232      BB087731 
 5232      A2EC393D 
 5232      7789B6
 5233 055d FFC27CA9 		.ascii	"\377\302|\251}\371\301\037\013\351j\307A\270\243\030"
 5233      7DF9C11F 
 5233      0BE96AC7 
 5233      41B8A318 
 5234 056d BEAD18DE 		.ascii	"\276\255\030\336\375\036\351B\303\323\210@\026\021T"
 5234      FD1EE942 
 5234      C3D38840 
 5234      161154
 5235 057c D54CC95B 		.ascii	"\325L\311[{$:\316\310\0105\215\237\016\340\001\300}"
 5235      7B243ACE 
 5235      C808358D 
 5235      9F0EE001 
 5235      C07D
 5236 058e 59177B3B 		.ascii	"Y\027{;K\227\344\344\341\272\304\256\337\024\213\355"
 5236      4B97E4E4 
 5236      E1BAC4AE 
 5236      DF148BED 
 5237 059e 489D166A 		.ascii	"H\235\026j@l\276R\327\031\021\027\244\377P\325G@\361"
 5237      406CBE52 
 5237      D7191117 
 5237      A4FF50D5 
 5237      4740F1
 5238 05b1 ED87CBC3 		.ascii	"\355\207\313\303\324\355\361\221\272=v\360\355qG\333"
 5238      D4EDF191 
 5238      BA3D76F0 
 5238      ED7147DB 
 5239 05c1 A2C58455 		.ascii	"\242\305\204U\261\203W\365zVa\226.D\302\235\230\306"
ARM GAS  /tmp/ccL77YrL.s 			page 145


 5239      B18357F5 
 5239      7A566196 
 5239      2E44C29D 
 5239      98C6
 5240 05d3 63AED37C 		.ascii	"c\256\323|\361X\271\241\377BI\252\250[\261{\262\256"
 5240      F158B9A1 
 5240      FF4249AA 
 5240      A85BB17B 
 5240      B2AE
 5241 05e5 C0888370 		.ascii	"\300\210\203pO\011\357\036\273\220\002\015\305\376Z"
 5241      4F09EF1E 
 5241      BB90020D 
 5241      C5FE5A
 5242 05f4 D2719E93 		.ascii	"\322q\236\223\373(\267\237\277'\363\260\350'\342S:m"
 5242      FB28B79F 
 5242      BF27F3B0 
 5242      E827E253 
 5242      3A6D
 5243 0606 E54B171E 		.ascii	"\345K\027\036\213\3623\261\233\366\034\277\364d\267"
 5243      8BF233B1 
 5243      9BF61CBF 
 5243      F464B7
 5244 0615 DE8F7946 		.ascii	"\336\217yF{\012\253\356\256\023\375k\3449\355\231\275"
 5244      7B0AABEE 
 5244      AE13FD6B 
 5244      E439ED99 
 5244      BD
 5245 0626 60F23D8E 		.ascii	"`\362=\2169\204\353\233\366\314\270u\347\252\301\237"
 5245      3984EB9B 
 5245      F6CCB875 
 5245      E7AAC19F 
 5246 0636 8A441F59 		.ascii	"\212D\037YZ\266\360u\354\216\326(\203\354`A\335;{f\237"
 5246      5AB6F075 
 5246      EC8ED628 
 5246      83EC6041 
 5246      DD3B7B66 
 5247 064b D620F57C 		.ascii	"\326 \365|\030e\213\200\245\316\022!SD\320\351\272\323"
 5247      18658B80 
 5247      A5CE1221 
 5247      5344D0E9 
 5247      BAD3
 5248 065d 1BF44A21 		.ascii	"\033\364J!&\213J%\246\340\3762Id\2258q\341xW8\255D\373"
 5248      268B4A25 
 5248      A6E0FE32 
 5248      49649538 
 5248      71E17857 
 5249 0675 86B55372 		.ascii	"\206\265Sr%\030\205\203\320\245T\242\213W\242\2129]"
 5249      25188583 
 5249      D0A554A2 
 5249      8B57A28A 
 5249      395D
 5250 0687 36F3C07E 		.ascii	"6\363\300~-\303VN\346X\254\3324\321\217\235&2l\215F"
 5250      2DC3564E 
 5250      E658ACDA 
 5250      34D18F9D 
 5250      26326C8D 
 5251 069c 20E7519A 		.ascii	" \347Q\232\250\216fW\311\326Ca=\010\222+B\216\250\020"
ARM GAS  /tmp/ccL77YrL.s 			page 146


 5251      A88E6657 
 5251      C9D64361 
 5251      3D08922B 
 5251      428EA810 
 5252 06b0 A4A2E266 		.ascii	"\244\242\342f~\214@{f)\246f\"\311\026\204Q\2373\036"
 5252      7E8C407B 
 5252      6629A666 
 5252      22C91684 
 5252      519F331E 
 5253 06c4 3ECF8C09 		.ascii	">\317\214\011\346G\236\252N\227L\333\225y\242\312\217"
 5253      E6479EAA 
 5253      4E974CDB 
 5253      9579A2CA 
 5253      8F
 5254 06d5 7C51E1C7 		.ascii	"|Q\341\307l\236\341\226\274\2337\243YQg\213|\325\345"
 5254      6C9EE196 
 5254      BC9B37A3 
 5254      5951678B 
 5254      7CD5E5
 5255 06e8 DFAB8B0E 		.ascii	"\337\253\213\016\301\217\271X\2259\\g\355\325\3517\""
 5255      C18FB958 
 5255      95395C67 
 5255      EDD5E937 
 5255      22
 5256 06f9 68A6A517 		.ascii	"h\246\245\027\263\246\372bE\034\203\031Jt3x\242+X\200"
 5256      B3A6FA62 
 5256      451C8319 
 5256      4A743378 
 5256      A22B5880 
 5257 070d 8D459B2F 		.ascii	"\215E\233/\261\002\226\236T\240\363\024\350<\016-\012"
 5257      B102969E 
 5257      54A0F314 
 5257      E83C0E2D 
 5257      0A
 5258 071e 13C82606 		.ascii	"\023\310&\006/]r\343\250\016\243\201\2058B\312Y\337"
 5258      2F5D72E3 
 5258      A80EA381 
 5258      853842CA 
 5258      59DF
 5259 0730 AAB5CB4F 		.ascii	"\252\265\313O\323m\013\026c\004\213\350\314]\254\271"
 5259      D36D0B16 
 5259      63048BE8 
 5259      CC5DACB9 
 5260 0740 33995363 		.ascii	"3\231Sc$\013\271j\323\262J\220\333K)`z[I\255z\256\030"
 5260      240BB96A 
 5260      D3B24A90 
 5260      DB4B2960 
 5260      7A5B49AD 
 5261 0757 A9E4B01C 		.ascii	"\251\344\260\034-,\3439,?\266mRT\377\205\323\244\316"
 5261      2D2CE339 
 5261      2C3FB66D 
 5261      5254FF85 
 5261      D3A4CE
 5262 076a 8EDBF5BB 		.ascii	"\216\333\365\273>\336\233UP(\035\200B\0211\260\200\007"
 5262      3EDE9B55 
 5262      50281D80 
 5262      421131B0 
ARM GAS  /tmp/ccL77YrL.s 			page 147


 5262      8007
 5263 077c 084B10BE 		.ascii	"\010K\020\276\200\2078I\213\204\327\012=\3170d3\353"
 5263      80873849 
 5263      8B84D70A 
 5263      3DCF3064 
 5263      33EB
 5264 078e 2B7BB260 		.ascii	"+{\262`\251>\304!\005V\213\376c\312\254\216\316\315"
 5264      A93EC421 
 5264      05568BFE 
 5264      63CAAC8E 
 5264      CECD
 5265 07a0 114C6D8D 		.ascii	"\021Lm\215\010\253h\220\217.\315\235\035\343\337\337"
 5265      08AB6890 
 5265      8F2ECD9D 
 5265      1DE3DFDF 
 5266 07b0 D6D29EEE 		.ascii	"\326\322\236\356\007\2637hC\224\036wxX\307\303\336q"
 5266      07B33768 
 5266      43941E77 
 5266      7858C7C3 
 5266      DE71
 5267 07c2 A66B7A0C 		.ascii	"\246kz\014\255gg\367\203\332\203\260T\332"
 5267      AD6767F7 
 5267      83DA83B0 
 5267      54DA
 5268 07d0 27E230AC 		.ascii	"'\3420\254TJZ\300\343=\255\015\2718\257\\|\270(\"\204"
 5268      544A5AC0 
 5268      E33DAD0D 
 5268      B938AF5C 
 5268      7CB82822 
 5269 07e5 878DE861 		.ascii	"\207\215\350a\003\367\260\272.\257N\303<tu\024\224\375"
 5269      03F7B0BA 
 5269      2EAF4EC3 
 5269      3C747514 
 5269      94FD
 5270 07f7 0B16C688 		.ascii	"\013\026\306\210\303P\244x(\342\036f\351\370\321\321"
 5270      C350A478 
 5270      28E21E66 
 5270      E9F8D1D1 
 5271 0807 27B0B3A3 		.ascii	"'\260\263\243\244a\255\217\310\034\235@\346\243\254"
 5271      A461AD8F 
 5271      C81C9D40 
 5271      E6A3AC
 5272 0816 D151822F 		.ascii	"\321Q\202/>\225\273:\252\007\301\267\212\260E%xg\355"
 5272      3E95BB3A 
 5272      AA07C1B7 
 5272      8AB04525 
 5272      7867ED
 5273 0829 D3D2AD06 		.ascii	"\323\322\255\006B\273\312\025\037\233\331\336\374s\331"
 5273      42BBCA15 
 5273      1F9BD9DE 
 5273      FC73D9
 5274 0838 EDFC48B5 		.ascii	"\355\374H\265\254[T\362n\023\005\356=\201\264\241\257"
 5274      AC5B54F2 
 5274      6E1305EE 
 5274      3D81B4A1 
 5274      AF
 5275 0849 DF501EA1 		.ascii	"\337P\036\241\314\320S\237\365'\236\317\2171\322UQ\321"
ARM GAS  /tmp/ccL77YrL.s 			page 148


 5275      CCD0539F 
 5275      F5279ECF 
 5275      8F31D255 
 5275      51D1
 5276 085b B5AA0C5F 		.ascii	"\265\252\014_8`\267\010\273\024\333\370\304\011\012"
 5276      3860B708 
 5276      BB14DBF8 
 5276      C4090A
 5277 086a A752A4E3 		.ascii	"\247R\244\343\376\005\263\272\264{\215\206\255(\237"
 5277      FE05B3BA 
 5277      B47B8D86 
 5277      AD289F
 5278 0879 1FB02B08 		.ascii	"\037\260+\010\320\262\356\311\005\215\032\324\0365\250"
 5278      D0B2EEC9 
 5278      058D1AD4 
 5278      1E35A8
 5279 0888 2ACAD98B 		.ascii	"*\312\331\213z\201\334Gy\244\347\001\032\311\314p\201"
 5279      7A81DC47 
 5279      79A4E701 
 5279      1AC9CC70 
 5279      81
 5280 0899 CC0B678B 		.ascii	"\314\013g\213\361`\353\361\250\336g\344\203\242rF&\313"
 5280      F160EBF1 
 5280      A8DE67E4 
 5280      83A27246 
 5280      26CB
 5281 08ab C3B95A3F 		.ascii	"\303\271Z?R\210j\245r\353uR\201\255*\224\243\324\220"
 5281      52886AA5 
 5281      72EB7552 
 5281      81AD2A94 
 5281      A3D490
 5282 08be E660F9CC 		.ascii	"\346`\371\314\331\032\226ag\375\246\275\347\372\001"
 5282      D91A9661 
 5282      67FDA6BD 
 5282      E7FA01
 5283 08cd D48A7042 		.ascii	"\324\212pB\311\260\246G\206'E:\316\006I\026{O\2705s"
 5283      C9B0A647 
 5283      8627453A 
 5283      CE064916 
 5283      7B4FB835 
 5284 08e2 E5B41EFB 		.ascii	"\345\264\036\373\306)\025\204\200\371\227\033&\307\250"
 5284      C6291584 
 5284      80F9971B 
 5284      26C7A8
 5285 08f1 599E56B3 		.ascii	"Y\236V\263\374\225f9\213YiZ\267'/*\004\010\352D\006"
 5285      FC956639 
 5285      8B59695A 
 5285      B7272F2A 
 5285      0408EA44 
 5286 0906 63B1EBD9 		.ascii	"c\261\353\331o,'\011\220\025\006\201\2545p\316\370\004"
 5286      6F2C2709 
 5286      90150681 
 5286      AC3570CE 
 5286      F804
 5287 0918 B2119B65 		.ascii	"\262\021\233e(\333P|\324\250\306\267\271\275\252\347"
 5287      28DB507C 
 5287      D4A8C6B7 
ARM GAS  /tmp/ccL77YrL.s 			page 149


 5287      B9BDAAE7 
 5288 0928 33F39A08 		.ascii	"3\363\232\010W\003\266\304\315\333N%\012\264\347\212"
 5288      5703B6C4 
 5288      CDDB4E25 
 5288      0AB4E78A 
 5289 0938 92F265DC 		.ascii	"\222\362e\334\022;XP\323\227UN6\004\247\326\250\252"
 5289      123B5850 
 5289      D397554E 
 5289      3604A7D6 
 5289      A8AA
 5290 094a 23A0F6D6 		.ascii	"#\240\366\326\252\225\001\2515\251\2515\323\324&E H"
 5290      AA9501A9 
 5290      35A9A935 
 5290      D3D42645 
 5290      2048
 5291 095c 7FA03377 		.ascii	"\177\2403w\231~\2001n\000\305\345\355\317\315\205\374"
 5291      997E8031 
 5291      6E00C5E5 
 5291      EDCFCD85 
 5291      FC
 5292 096d 49040170 		.ascii	"I\004\001p]\204\026U\303$\320Y\244A\265\347d\341\263"
 5292      5D841655 
 5292      C324D059 
 5292      A441B5E7 
 5292      64E1B3
 5293 0980 A5A5474C 		.ascii	"\245\245GL8\220\215ah\004\270(\302Y\\d7\231\372i\200"
 5293      38908D61 
 5293      6804B828 
 5293      C2595C64 
 5293      3799FA69 
 5294 0995 56116ED0 		.ascii	"V\021n\320\205D\355\347\006\330o\350e?\221\006\335\275"
 5294      8544EDE7 
 5294      06D86FE8 
 5294      653F9106 
 5294      DDBD
 5295 09a7 F66C03C4 		.ascii	"\366l\003\304\3652\327\330\323\334\022b\330\265\274"
 5295      F532D7D8 
 5295      D3DC1262 
 5295      D8B5BC
 5296 09b6 6ABD1837 		.ascii	"j\275\0307`\200q\200\012\257\027\341\034\302\333D\270"
 5296      60807180 
 5296      0AAF17E1 
 5296      1CC2DB44 
 5296      B8
 5297 09c7 CDE07745 		.ascii	"\315\340wE\270'\302\0359\000|\306\\\315\373\233T\215"
 5297      B827C21D 
 5297      39007CC6 
 5297      5CCDFB9B 
 5297      548D
 5298 09d9 0FE3D92C 		.ascii	"\017\343\331,\202\333j\004\350EI\261\353~\266\236\202"
 5298      82DB6A04 
 5298      E84549B1 
 5298      EB7EB69E 
 5298      82
 5299 09ea 6E897089 		.ascii	"n\211p\211\201x\024\3760)\344\011\036\026o\367xV\321"
 5299      817814FE 
 5299      3029E409 
ARM GAS  /tmp/ccL77YrL.s 			page 150


 5299      1E166FF7 
 5299      7856D1
 5300 09fd 14BB1FB6 		.ascii	"\024\273\037\2663\325_E\270\320\333>K\361\371\322\334"
 5300      33D55F45 
 5300      B8D0DB3E 
 5300      4BF1F9D2 
 5300      DC
 5301 0a0e B3FAB85E 		.ascii	"\263\372\270^1\347\205\210\231L\211\020H\016\235(\261"
 5301      31E78588 
 5301      994C8910 
 5301      480E9D28 
 5301      B1
 5302 0a1f 7E49FD4E 		.ascii	"~I\375N\322{M\335\017XS\013\021\274\002\245\224*hfO"
 5302      D27B4DDD 
 5302      0F58530B 
 5302      11BC02A5 
 5302      942A6866 
 5303 0a34 3FD9D493 		.ascii	"?\331\324\223_\235\"<\026\003\317d598\231\330\325\241"
 5303      5F9D223C 
 5303      1603CF64 
 5303      35393899 
 5303      D8D5A1
 5304 0a47 E4F10809 		.ascii	"\344\361\010\011V\305<\036\251)>\036\023\274C<Q\365"
 5304      56C53C1E 
 5304      A9293E1E 
 5304      13BC433C 
 5304      51F5
 5305 0a59 29039F17 		.ascii	")\003\237\027\224G\253\004\353R\223}J\011v\004C9\211"
 5305      9447AB04 
 5305      EB52937D 
 5305      4A097604 
 5305      433989
 5306 0a6c 728A116D 		.ascii	"r\212\021m\321\202\305\307\264\006#?\200\367\370\036"
 5306      D182C5C7 
 5306      B406233F 
 5306      80F7F81E 
 5307 0a7c 20117841 		.ascii	" \021xA\317\"\0042\011\272\323c\013\236+\021=\303w<"
 5307      CF220432 
 5307      09BAD363 
 5307      0B9E2B11 
 5307      3DC3773C 
 5308 0a90 ECC10376 		.ascii	"\354\301\003v\367[x%g\321f\023\265\251\255[\177\341"
 5308      F75B7825 
 5308      67D16613 
 5308      B5A9AD5B 
 5308      7FE1
 5309 0aa2 2A708B06 		.ascii	"*p\213\006\034\376W\230JD\024f}\361\353\252\361\251"
 5309      1CFE5798 
 5309      4A441466 
 5309      7DF1EBAA 
 5309      F1A9
 5310 0ab4 E8680A81 		.ascii	"\350h\012\201\311\004\313\262\356J^\263\316\250\247"
 5310      C904CBB2 
 5310      EE4A5EB3 
 5310      CEA8A7
 5311 0ac3 E9D7AD28 		.ascii	"\351\327\255(\266\0120\235@6\361\373\312\"\002\323\276"
 5311      B60A309D 
ARM GAS  /tmp/ccL77YrL.s 			page 151


 5311      4036F1FB 
 5311      CA2202D3 
 5311      BE
 5312 0ad4 8A533895 		.ascii	"\212S8\225p\003\323\010\305\340\304\260\370H\033u\375"
 5312      7003D308 
 5312      C5E0C4B0 
 5312      F8481B75 
 5312      FD
 5313 0ae5 FEA2399B 		.ascii	"\376\2429\233nh\221|\003\342\221\177T\374\177FubKD\330"
 5313      6E68917C 
 5313      03E2917F 
 5313      54FC7F46 
 5313      75624B44 
 5314 0afa 8469AD20 		.ascii	"\204i\255 0\223\351/'\260\214\300R\202g<XL`\021\201"
 5314      3093E92F 
 5314      27B08CC0 
 5314      5282673C 
 5314      584C6011 
 5315 0b0f 85041610 		.ascii	"\205\004\026\020\230O\350\267\206\\\0029\004f\021NU"
 5315      984FE8B7 
 5315      865C0239 
 5315      0466114E 
 5315      55
 5316 0b20 9C9BCEB2 		.ascii	"\234\233\316\262\241\253WK\013}\364\225\004f0#4\036"
 5316      A1AB574B 
 5316      0B7DF495 
 5316      04663023 
 5316      341E
 5317 0b32 014A65AA 		.ascii	"\001Je\252\322\312\237,\353\274\366\2124'\001\237\024"
 5317      D2CA9F2C 
 5317      EBBCF68A 
 5317      3427019F 
 5317      14
 5318 0b43 5026528C 		.ascii	"P&R\214\177\016JE\205\254;\312~\346\353.\217@E\020h"
 5318      7F0E4A45 
 5318      85AC3BCA 
 5318      7EE6EB2E 
 5318      8F404510 
 5319 0b58 7B00EB79 		.ascii	"{\000\353y\3202\257f30\"\363\345\200\332W\224\02542"
 5319      D032AF66 
 5319      333022F3 
 5319      E580DA57 
 5319      94153432 
 5320 0b6c 4F5538CF 		.ascii	"OU8\317\"\035\015^\274\324\304\3422\033\022\031\253"
 5320      221D0D5E 
 5320      BCD4C4E2 
 5320      321B1219 
 5320      AB
 5321 0b7d 2D97D3C7 		.ascii	"-\227\323\307v\206\366\\\277\377\271\004\366\366\366"
 5321      7686F65C 
 5321      BFFFB904 
 5321      F6F6F6
 5322 0b8c 9FD8DBFD 		.ascii	"\237\330\333\375<\206E\340\317~\367\335ys\270\015\356"
 5322      3C8645E0 
 5322      CF7EF7DD 
 5322      7973B80D 
 5322      EE
ARM GAS  /tmp/ccL77YrL.s 			page 152


 5323 0b9d 7E6E28F7 		.ascii	"~n(\367\367J\220\315sU\367\373\370\232l(\311\343\252"
 5323      F74A90CD 
 5323      7355F7FB 
 5323      F89A6C28 
 5323      C9E3AA
 5324 0bb0 87443810 		.ascii	"\207D8\020\344~\277Z\311\322\363y\207\245\330\354H\012"
 5324      E47EBF5A 
 5324      C9D2F379 
 5324      87A5D8EC 
 5324      480A
 5325 0bc2 3ADC1B94 		.ascii	":\334\033\224\3100\307e\014\316\311\221 Lu\200\241j"
 5325      C830C765 
 5325      0CCEC991 
 5325      204C7580 
 5325      A16A
 5326 0bd4 1574B437 		.ascii	"\025t\2647\210\033\252\2241gD8\036\2049\246NH\351\306"
 5326      881BAA94 
 5326      31674438 
 5326      1E8439A6 
 5326      4E48E9C6 
 5327 0be8 121F03B5 		.ascii	"\022\037\003\265\213p\236\201\370N\241\356U\324R\221"
 5327      8B709E81 
 5327      F84EA1EE 
 5327      55D45291 
 5328 0bf8 6CE98108 		.ascii	"l\351\201\010\277\005Y:\253xk_vR.\300S\021\036\006\201"
 5328      BF05593A 
 5328      AB786B5F 
 5328      76522EC0 
 5328      53111E06 
 5329 0c0d 4C2A9316 		.ascii	"L*\223\026\225\344\345@\251\304\310\336-\252lS\313\313"
 5329      95E4E540 
 5329      A9C4C8DE 
 5329      2DAA6C53 
 5329      CBCB
 5330 0c1f 5EE0B03F 		.ascii	"^\340\260?\350\005\016\367\201\013\367\367\265F\304"
 5330      E8050EF7 
 5330      810BF7F7 
 5330      B546C4
 5331 0c2e F5E23DBE 		.ascii	"\365\342=\276\300\375?y\217\266\356\256\330R\035\371"
 5331      C0FD3F79 
 5331      8FB6EEAE 
 5331      D8521DF9 
 5332 0c3e 367B1129 		.ascii	"6{\021)/\014\237\326\007\012\010\374\302\266EnU\300"
 5332      2F0C9FD6 
 5332      070A08FC 
 5332      C2B6456E 
 5332      55C0
 5333 0c50 9630F141 		.ascii	"\2260\361A_\362\214\355Q\371\313\266\226\304Px\347\322"
 5333      5FF28CED 
 5333      51F9CBB6 
 5333      96C45078 
 5333      E7D2
 5334 0c62 C653E5FD 		.ascii	"\306S\345\375\346H\005_\320r\255b~\375\345ZE\204\211"
 5334      E648055F 
 5334      D072AD62 
 5334      7EFDE55A 
 5334      458489
ARM GAS  /tmp/ccL77YrL.s 			page 153


 5335 0c75 8FDE268B 		.ascii	"\217\336&\213\"\005\262\012e}$\325<\3346\375\252\241"
 5335      2205B20A 
 5335      657D24D5 
 5335      3CDC36FD 
 5335      AAA1
 5336 0c87 F7ABD33A 		.ascii	"\367\253\323:\242\274:\275-\345K\025Ks[?\362i`=\201"
 5336      A2BC3ABD 
 5336      2DE54B15 
 5336      4B735B3F 
 5336      F269603D 
 5337 0c9c B5CCA6BF 		.ascii	"\265\314\246\277pk\320\346<#)A{\025\221\002\205\326"
 5337      706BD0E6 
 5337      3C232941 
 5337      7B159102 
 5337      85D6
 5338 0cae 6EC2F771 		.ascii	"n\302\367q4\204\320\015A\320\"\204\2564\222\335\010"
 5338      3484D00D 
 5338      41D02284 
 5338      AE3492DD 
 5338      08
 5339 0cbf 3D2C432B 		.ascii	"=,C+\025\350/A\320b\204\376b$5\010='C\217)\320\322 "
 5339      15E82F41 
 5339      D06284FE 
 5339      62243508 
 5339      3D27438F 
 5340 0cd7 68094277 		.ascii	"h\011Bw\030I\003Bo\312\320\013\012\264<\010\272\031"
 5340      18490342 
 5340      6FCAD00B 
 5340      0AB43C08 
 5340      BA19
 5341 0ce9 A1078DE4 		.ascii	"\241\007\215\344.B\037\313\320V\005\272-\010\272\025"
 5341      2E421FCB 
 5341      D05605BA 
 5341      2D08BA15 
 5342 0cf9 A1A78CE4 		.ascii	"\241\247\214\344\031B\247Fqh\247\002\335\021\004\255"
 5342      1942A746 
 5342      7168A702 
 5342      DD1104AD 
 5343 0d09 40688391 		.ascii	"@h\203\221\344D\341;\232\014}\241@+\203\240\273\020"
 5343      E444E13B 
 5343      9A0C7DA1 
 5343      402B83A0 
 5343      BB10
 5344 0d1b DA6A24CB 		.ascii	"\332j$\313\020\272^\206\346\322o&\254\256UA\320=t\256"
 5344      10BA5E86 
 5344      E6D26F26 
 5344      ACAE5541 
 5344      D03D74AE 
 5345 0d2f 8CE41784 		.ascii	"\214\344\027\204\356@\250/_j\277U\353x\235n\201\373"
 5345      EE40A82F 
 5345      5F6ABF55 
 5345      EB789D6E 
 5345      81FB
 5346 0d41 18909372 		.ascii	"\030\220\223r/\201\2530q\322{d/\002\317p`\351\235-\222"
 5346      2F81AB30 
 5346      71D27B64 
 5346      2F02CF70 
ARM GAS  /tmp/ccL77YrL.s 			page 154


 5346      60E99D2D 
 5347 0d56 848B9F7E 		.ascii	"\204\213\237~/\011\200\036`\320\234\367\350\207\241"
 5347      2F09801E 
 5347      60D09CF7 
 5347      E887A1
 5348 0d65 8D930E88 		.ascii	"\215\223\016\210\177b_\356F\222f\324\354\344\321\224"
 5348      7F625FEE 
 5348      469266D4 
 5348      ECE4D194 
 5349 0d75 B6B5B1C0 		.ascii	"\266\265\261\300G\302\221\240`\252\011\034&\023\327"
 5349      47C291A0 
 5349      60AA091C 
 5349      2613D7
 5350 0d84 BE47A646 		.ascii	"\276G\246F\013dI4\307\336\345I\216\206\343A\330c\004"
 5350      0B644934 
 5350      C7DEE549 
 5350      8E86E341 
 5350      D86304
 5351 0d97 DE9FB8A8 		.ascii	"\336\237\270\250\227\227\015\250\271K\326\274\347\367"
 5351      97970DA8 
 5351      B94BD6BC 
 5351      E7F7
 5352 0da5 521BA479 		.ascii	"R\033\244y\222\300\0112\261\354=r8\232\037\027\215\344"
 5352      92C00932 
 5352      B1EC3D72 
 5352      389A1F17 
 5352      8DE4
 5353 0db7 046AD5A1 		.ascii	"\004j\325\241\\BiDiG\351F\231\034\203\324\215\3368w"
 5353      5C426944 
 5353      6947E946 
 5353      991C83D4 
 5353      8DDE3877 
 5354 0dcb F3760D7D 		.ascii	"\363v\015}\326\304\0150\372\030\365'\335\325.\316\364"
 5354      D6C40D30 
 5354      FA18F527 
 5354      DDD52ECE 
 5354      F4
 5355 0ddc 4D8AA4B9 		.ascii	"M\212\244\271\237!p\305\277v\0037\212\326-\331\022a"
 5355      9F2170C5 
 5355      BF760337 
 5355      8AD62DD9 
 5355      1261
 5356 0dee 88BA9E88 		.ascii	"\210\272\236\210_\011\333o\032\332\262\245\360H\214"
 5356      5F09DB6F 
 5356      1ADAB2A5 
 5356      F0488C
 5357 0dfd AF9E017A 		.ascii	"\257\236\001z\355\257\245W\374\200\263A\200\263\312"
 5357      EDAFA557 
 5357      FC80B341 
 5357      80B3CA
 5358 0e0c 261E7CA2 		.ascii	"&\036|\242\271\306P\230i\003N\001\201\313\004.\022\270"
 5358      B9C65098 
 5358      69034E01 
 5358      81CB042E 
 5358      12B8
 5359 0e1e 44F8E1A3 		.ascii	"D\370\341\243\364\262\337\330\271^\336\344\007\322%"
 5359      F4B2DFD8 
ARM GAS  /tmp/ccL77YrL.s 			page 155


 5359      B95EDEE4 
 5359      07D225
 5360 0e2d FA418EC0 		.ascii	"\372A\216\300\005\345\351|\236}+:\324\325Q\027\306\266"
 5360      05E5E97C 
 5360      9E7D2B3A 
 5360      D4D55117 
 5360      C6B6
 5361 0e3f 88E55947 		.ascii	"\210\345YG%\011\362\201\271\011Z\362\247\221F\223\336"
 5361      2509F281 
 5361      B9095AF2 
 5361      A7914693 
 5361      DE
 5362 0e50 41F0D6B6 		.ascii	"A\360\326\266\356\3220e\231\343\001\335\357\247\011"
 5362      EED23065 
 5362      99E301DD 
 5362      EFA709
 5363 0e5f 99628204 		.ascii	"\231b\202\004\372\201\364\320\264\"\350\303\243\377"
 5363      FA81F4D0 
 5363      B422E8C3 
 5363      A3FF
 5364 0e6d 1F785379 		.ascii	"\037xSyWl&\014E]\336\3302g\275\250@\266C(\314\363\332"
 5364      576C260C 
 5364      455DDED8 
 5364      3267BDA8 
 5364      40B64328 
 5365 0e84 ACB5015F 		.ascii	"\254\265\001_\250:\325\011\276\301\001\333N\375\342"
 5365      A83AD509 
 5365      BEC101DB 
 5365      4EFDE2
 5366 0e93 0B388F17 		.ascii	"\0138\217\027\2509\337\344\200\332\262\346Xu|\212z\234"
 5366      A839DFE4 
 5366      80DAB2E6 
 5366      58757C8A 
 5366      7A9C
 5367 0ea5 6AE1E33B 		.ascii	"j\341\343;\226/n\017x#\273\256\032h\345\200\207\335"
 5367      962F6E0F 
 5367      7823BBAE 
 5367      1A68E580 
 5367      87DD
 5368 0eb7 A737F333 		.ascii	"\2477\3633\242\357%\357]\010Z\320PT\004\252\225\365"
 5368      A2EF25EF 
 5368      5D085AD0 
 5368      505404AA 
 5368      95F5
 5369 0ec9 AA95DB68 		.ascii	"\252\225\333h\205\344\304\010\244 \206\275\000\316-"
 5369      85E4C408 
 5369      A42086BD 
 5369      00CE2D
 5370 0ed8 EAE29F51 		.ascii	"\352\342\237QG\263w\352\363\013\244#\032\376\241J\204"
 5370      47B377EA 
 5370      F30BA423 
 5370      1AFEA14A 
 5370      84
 5371 0ee9 3642BF04 		.ascii	"6B\277\004\345.\335\033\243\274e\243%\177Y\332\261,"
 5371      E52EDD1B 
 5371      A3BC65A3 
 5371      257F59DA 
ARM GAS  /tmp/ccL77YrL.s 			page 156


 5371      B12C
 5372 0efb F7D05AFF 		.ascii	"\367\320Z\377\237\027\322-tq\226N*\224\244\374\3418"
 5372      9F17D22D 
 5372      7471964E 
 5372      2A94A4FC 
 5372      E138
 5373 0f0d 0077E5E9 		.ascii	"\000w\345\351\204\337\010\334!\376O\212;\007\222b\346"
 5373      84DF08DC 
 5373      21FE4F8A 
 5373      3B079262 
 5373      E6
 5374 0f1e 75C68CB6 		.ascii	"u\306\214\266\002\022\2016/\355\305\360\324s.\201\221"
 5374      02128136 
 5374      2FEDC5F0 
 5374      D4732E81 
 5374      91
 5375 0f2f FC09B16E 		.ascii	"\374\011\261nZ\323i\276q\373^\262q\263\027\2610\204"
 5375      5AD369BE 
 5375      71FB5EB2 
 5375      71B317B1 
 5375      3084
 5376 0f41 564E2EE9 		.ascii	"VN.\351\320\204\232\374\0166\371\217\010Cj\331\242\243"
 5376      D0849AFC 
 5376      0E36F98F 
 5376      08436AD9 
 5376      A2A3
 5377 0f53 4CD8F078 		.ascii	"L\330\360xA\246\030\300\204N\002\217\011=\366\022\246"
 5377      41A618C0 
 5377      844E028F 
 5377      093DF612 
 5377      A6
 5378 0f64 C28EE1D9 		.ascii	"\302\216\341\331W\347D)\220]\020\012\363\340\311\221"
 5378      57E74429 
 5378      905D100A 
 5378      F3E0C991 
 5379 0f74 EDE16A85 		.ascii	"\355\341j\205\033U&<\345\200\342\234\342\342\000\252"
 5379      1B55263C 
 5379      E580E29C 
 5379      E2E200AA 
 5380 0f84 34A9806E 		.ascii	"4\251\200n\016\270R\324<C\027p\262V\347\350\031\007"
 5380      0EB852D4 
 5380      3C431770 
 5380      B256E7E8 
 5380      1907
 5381 0f96 54176E5A 		.ascii	"T\027nZ\021\300\245\345*W"
 5381      11C0A5E5 
 5381      2A57
 5382 0fa0 9ECB2E16 		.ascii	"\236\313.\026>]\023\020\303\\\025\360\202\003\3127\265"
 5382      3E5D1310 
 5382      C35C15F0 
 5382      8203CA37 
 5382      B5
 5383 0fb1 9F0B70D1 		.ascii	"\237\013p\321\256\002$\015\377\007\2513+\003\337\377"
 5383      AE02240D 
 5383      FF07A933 
 5383      2B03DFFF 
 5384 0fc1 0396E824 		.ascii	"\003\226\350$\215\374\312\373\012%\345\365\312#!k\234"
ARM GAS  /tmp/ccL77YrL.s 			page 157


 5384      8DFCCAFB 
 5384      0A25E5F5 
 5384      CA23216B 
 5384      9C
 5385 0fd2 A5A135CE 		.ascii	"\245\2415\316\344\237K\372\260\032\347S\376]+\256\256"
 5385      E49F4BFA 
 5385      B01AE753 
 5385      FE5D2BAE 
 5385      AE
 5386 0fe3 8E0C28F2 		.ascii	"\216\014(\362d\015d\323\257^S4L\207\275o\357-\277\024"
 5386      640D64D3 
 5386      AF5E5334 
 5386      4C87BD6F 
 5386      EF2DBF14 
 5387 0ff7 1D58E410 		.ascii	"\035X\344\020\230\2735\3357"
 5387      98BB35DD 
 5387      37
 5388 1000 02FEBDAC 		.ascii	"\002\376\275\254U\255\3414\0168\261\377\362]\242\002"
 5388      55ADE134 
 5388      0E38B1FF 
 5388      F25DA202 
 5389 1010 36AA094E 		.ascii	"6\252\011N\347\200\247\025\323\233\002\022\234\252Q"
 5389      E780A715 
 5389      D39B0212 
 5389      9CAA51
 5390 101f 003338E0 		.ascii	"\00038\340\371\226eR\3007\305z\325\305L\0168\277\247"
 5390      F9966552 
 5390      C037C57A 
 5390      D5C54C0E 
 5390      38BFA7
 5391 1032 A63900B0 		.ascii	"\2469\000\260^u1\213\256\023]\2723\325\373\221\331\253"
 5391      5E75318B 
 5391      AE135DBA 
 5391      33D5FB91 
 5391      D9AB
 5392 1044 F538FF61 		.ascii	"\3658\377a7{\303\235IV\213\315\3466{\243<?yp\310\356"
 5392      377BC39D 
 5392      49568BCD 
 5392      E6367BA3 
 5392      3C3F7970 
 5393 105a 1E6F4936 		.ascii	"\036oI6{I\342\237\205\030\213;e\3740\373\240\224\201"
 5393      7B49E29F 
 5393      85188B3B 
 5393      65FC30FB 
 5393      A09481
 5394 106d 63D306DB 		.ascii	"c\323\006\333\322\004\203\325\345\366\3323\006\245\014"
 5394      D20483D5 
 5394      E5F6DA33 
 5394      06A50C
 5395 107c 13FA9847 		.ascii	"\023\372\230G\217HL\264\245y\206$&\230\323\\\311\311"
 5395      8F484CB4 
 5395      A5798624 
 5395      2698D35C 
 5395      C9C9
 5396 108e A3C6BFEE 		.ascii	"\243\306\277\356q[MVW\212\307\364W\213\333e\372t\324"
 5396      715B4D56 
 5396      578AC7F4 
ARM GAS  /tmp/ccL77YrL.s 			page 158


 5396      578BDB65 
 5396      FA74D4
 5397 10a1 373836D8 		.ascii	"786\330\232\226f\370\333W\337\365\373d\340\300\304\241"
 5397      9A9666F8 
 5397      DB57DFF5 
 5397      FB64E0C0 
 5397      C4A1
 5398 10b3 42BCDA3B 		.ascii	"B\274\332;8i\350\260!\266\017\255C\204\210\0003o\233"
 5398      3869E8B0 
 5398      21B60FAD 
 5398      43848800 
 5398      336F9B
 5399 10c6 1CAE14BB 		.ascii	"\034\256\024\273iL\232;y\220\315>\336\364\251\313\232"
 5399      694C9A3B 
 5399      7990CD3E 
 5399      DEF4A9CB 
 5399      9A
 5400 10d7 9E624FF5 		.ascii	"\236bO\365\242\321Q_\2170\217Mv\216sx\205?\276\314\225"
 5400      A2D1515F 
 5400      8F308F4D 
 5400      768E7378 
 5400      853FBECC 
 5401 10ec F0068DEB 		.ascii	"\360\006\215\353c\233\335\352\262\331\315V\227}\354"
 5401      639BDDEA 
 5401      B2D9CD56 
 5401      977DEC
 5402 10fb 58A7D549 		.ascii	"X\247\325I\365G}\351\210\013\321\375\032\305\017\301"
 5402      F5477DE9 
 5402      880BD1FD 
 5402      1AC50FC1 
 5403 110b 1A98DD76 		.ascii	"\032\230\335v\213\015\177\306y\034\243\034?D\005\365"
 5403      8B0D7FC6 
 5403      791CA31C 
 5403      3F4405F5 
 5404 111b 68C6B85C 		.ascii	"h\306\270\\\311\361\012r\202\333\351\265\323\001\207"
 5404      C9F10A72 
 5404      82DBE9B5 
 5404      D30187
 5405 112a 232AA81D 		.ascii	"#*\250\035k\036\255\324\304\231\352\364\216\217\010"
 5405      6B1EADD4 
 5405      C499EAF4 
 5405      8E8F08
 5406 1139 6850E8D7 		.ascii	"hP\350\327\366d\273\305c\377k\272'6q\250\003\313L\325"
 5406      F664BBC5 
 5406      63FF6BBA 
 5406      273671A8 
 5406      03CB4CD5 
 5407 114d 6D6EE778 		.ascii	"mn\347x\273;:\270\371\357^\207\323m3\247Y\334\336\237"
 5407      BB3B3AB8 
 5407      F9EF5E87 
 5407      D36D33A7 
 5407      59DCDE9F 
 5408 1161 4C9F389C 		.ascii	"L\2378\234c\234\377\371\215\311\3451!\312\224\206\263"
 5408      639CFFF9 
 5408      8DC9E531 
 5408      21CA9486 
 5408      B3
ARM GAS  /tmp/ccL77YrL.s 			page 159


 5409 1172 E0317DF3 		.ascii	"\3401}\363\355\310!I\246\021#>5\375G\322'\343\207\230"
 5409      EDC82149 
 5409      A611233E 
 5409      35FD47D2 
 5409      27E38798 
 5410 1186 FCFAC9C9 		.ascii	"\374\372\311\311\266\301\016!\034;?e\226\006\375\023"
 5410      B6C10E21 
 5410      1C3B3F65 
 5410      9606FD13 
 5411 1196 4BCE546B 		.ascii	"K\316Tkr\272\315\356\327E\275\327\3612\322\342A\026"
 5411      72BACDEE 
 5411      D745BDD7 
 5411      F132D2E2 
 5411      4116
 5412 11a8 7CEBB6A4 		.ascii	"|\353\266\244zR\234\336o\235)vW\2727,\3053\316\314\222"
 5412      7A529CDE 
 5412      6F9D2976 
 5412      57BA372C 
 5412      C533CECC 
 5413 11bd F88BF5C7 		.ascii	"\370\213\365\307t\247\233&\021au\214\364f|\227\232\354"
 5413      74A79B26 
 5413      1161758C 
 5413      F4667C97 
 5413      9AEC
 5414 11cf B2FE3DFC 		.ascii	"\262\376=\374#\253\303\234\222\216\364\320\373o\336"
 5414      23ABC39C 
 5414      928EF4D0 
 5414      FB6FDE
 5415 11de 7F8967B7 		.ascii	"\177\211g\267Wqlu\244x3\320\255\216) \033\231\305\021"
 5415      57716C75 
 5415      A47833D0 
 5415      AD8E2920 
 5415      1B99C511 
 5416 11f2 684F93E6 		.ascii	"hO\223\346\2320V\203\345\032\253Kuy\035n\327\204\317"
 5416      9A305683 
 5416      E51AAB4B 
 5416      75791D6E 
 5416      D784CF
 5417 1205 4CAE34AF 		.ascii	"L\2564\257i\234\325:\010i9(\325\225j\037d\267\214q\016"
 5417      699CD53A 
 5417      08693928 
 5417      D5956A1F 
 5417      64B78C71 
 5418 121a 4A4C1894 		.ascii	"JL\030\224\224\220\2240\350\307\241\203R,?\270\334\246"
 5418      94909430 
 5418      E8C7A183 
 5418      522C3FB8 
 5418      DCA6
 5419 122c A061C555 		.ascii	"\240a\305U\212\305\353@O}q\216\206Qz\231\371\024\217"
 5419      8AC5EB40 
 5419      4F7D718E 
 5419      86517A99 
 5419      F9148F
 5420 123f 73D2641D 		.ascii	"s\322d\035\243>\037?j\374g\337\230_\3515\024\201\225"
 5420      A33E1F3F 
 5420      6AFC67DF 
 5420      985FE935 
ARM GAS  /tmp/ccL77YrL.s 			page 160


 5420      148195
 5421 1252 FCC4929C 		.ascii	"\374\304\222\234<\306b\375{\334`\223\302<\354\036\354"
 5421      3CC662FD 
 5421      7BDC6093 
 5421      C23CEC1E 
 5421      EC
 5422 1263 48A38BC2 		.ascii	"H\243\213\302\361\255\303\366M\262\335\2366\370\367"
 5422      F1ADC3F6 
 5422      4DB2DD9E 
 5422      36F8F7
 5423 1272 248CB920 		.ascii	"$\214\271 \257<\030J\030\235\243$\202\316\242\022\023"
 5423      AF3C184A 
 5423      189DA324 
 5423      82CEA212 
 5423      13
 5424 1283 F1DEFCED 		.ascii	"\361\336\374\355Oi\366O\355c#\002\356\377\355%&1\204"
 5424      4F69F64F 
 5424      ED632302 
 5424      EEFFED25 
 5424      263184
 5425 1296 1457AAC9 		.ascii	"\024W\252\311\236\341E\"p.|1,#\303\344\361\246\014I"
 5425      9EE14522 
 5425      702E7C31 
 5425      2C23C3E4 
 5425      F1A60C49 
 5426 12aa 720CFB70 		.ascii	"r\014\373pH\006-\253\350\315 \266\024K|\342G\254\337"
 5426      48062DAB 
 5426      E8CD20B6 
 5426      144B7CE2 
 5426      47ACDF
 5427 12bd 8CF7668F 		.ascii	"\214\367f\217\027\375\247\230\275}zw\275\314Y(\322}"
 5427      17FDA798 
 5427      BD7D7A77 
 5427      BDCC5928 
 5427      D27D
 5428 12cf 3AF22FE3 		.ascii	":\362/\343\223L\212\015t\366\332W=9\375\2357\301\374"
 5428      934C8A0D 
 5428      74F6DA57 
 5428      3D39FD9D 
 5428      37C1FC
 5429 12e2 99E8CE78 		.ascii	"\231\350\316x5\304\210\371\263po\006*\246\340\212\324"
 5429      35C488F9 
 5429      B3706F06 
 5429      2AA6E08A 
 5429      D4
 5430 12f3 D32D09ED 		.ascii	"\323-\011\355x\303\335\376.\235;c\314O^\273G\347\345"
 5430      78C3DDFE 
 5430      2E9D3B63 
 5430      CC4F5EBB 
 5430      47E7E5
 5431 1306 572D2F9B 		.ascii	"W-/\233\341c$\027\277\015W\356~W\331]c~\260[\275\264"
 5431      E1632417 
 5431      BF0D57EE 
 5431      7E57D95D 
 5431      637EB05B 
 5432 131c EC7AAE85 		.ascii	"\354z\256\205\025\220o\334\366\261v\267=\325\212\273"
 5432      15906FDC 
ARM GAS  /tmp/ccL77YrL.s 			page 161


 5432      F6B176B7 
 5432      3DD58ABB 
 5433 132c 6118E361 		.ascii	"a\030\343a\230kB\252\335\035\366c\272=\335\256I\305"
 5433      986B42AA 
 5433      DD1DF663 
 5433      BA3DDDAE 
 5433      49C5
 5434 133e 1A3372B3 		.ascii	"\0323r\263\246\336\177\363\301\357q\232\214\014\242"
 5434      A6DE7FF3 
 5434      C1EF719A 
 5434      8C0CA2
 5435 134d 2E0D7E2D 		.ascii	".\015~-\263W\223\346\266\217\327\332\335n\227\333c\300"
 5435      B35793E6 
 5435      B68FD7DA 
 5435      DD6E97DB 
 5435      63C0
 5436 135f 828C4DB6 		.ascii	"\202\214M\266\214\363\340nlu\245\216u\216\013\330\026"
 5436      8CF3E06E 
 5436      6C75A58E 
 5436      758E0BD8 
 5436      16
 5437 1370 78477470 		.ascii	"xGtp\223.\353O\330]\230\307k\361\332\301\252\261:,\356"
 5437      932EEB4F 
 5437      D85D98C7 
 5437      6BF1DAC1 
 5437      AAB13A2C 
 5438 1385 C8C404C4 		.ascii	"\310\304\004\304\260\036\263\327\240\336F;S\315^\272"
 5438      B01EB3D7 
 5438      A0DE463B 
 5438      53CD5EBA 
 5439 1395 8E2D56AF 		.ascii	"\216-V\257\323\225\252\037\203\273\245\031W\\\037\316"
 5439      D395AA1F 
 5439      83BBA519 
 5439      575C1FCE 
 5440 13a5 63858A48 		.ascii	"c\205\212Hc=noC=fk\202\206\376\350\344\011\361\367&"
 5440      633D6E6F 
 5440      433D666B 
 5440      8286FEE8 
 5440      E409F1F7 
 5441 13ba D2DEC470 		.ascii	"\322\336\304pl}H\207\023\302\330\257\277\235\310\332"
 5441      6C7D4887 
 5441      13C2D8AF 
 5441      BF9DC8DA 
 5442 13ca 894A3B21 		.ascii	"\211J;!\221\215+\370D\326NT\332I\014\237\244\340\223"
 5442      918D2BF8 
 5442      44D64E54 
 5442      DA490C9F 
 5442      A4E093
 5443 13dd D8789232 		.ascii	"\330x\2222>\204\215\017I\210\300\3660\017\333\207\177"
 5443      3E848D0F 
 5443      4988C0F6 
 5443      300FDB87 
 5443      7F
 5444 13ee D2C9D738 		.ascii	"\322\311\3278\272\015\017\245\215\261f\253%\315\233"
 5444      BA0D0FA5 
 5444      8DB166AB 
 5444      25CD9B
ARM GAS  /tmp/ccL77YrL.s 			page 162


 5445 13fd EEB6DBA2 		.ascii	"\356\266\333\242\203\233~\310\004\334\010\322\323\314"
 5445      839B7EC8 
 5445      04DC08D2 
 5445      D3CC
 5446 140b 9EF41473 		.ascii	"\236\364\024sJtp\263\007\304\352JO\365F\0077c\331\023"
 5446      4A7470B3 
 5446      07C4EA4A 
 5446      4FF54607 
 5446      3763D913 
 5447 141f CE63B624 		.ascii	"\316c\266${\231\365\224\210\200{\35583\255e\030>*\235"
 5447      7B99F594 
 5447      88807BED 
 5447      3833AD65 
 5447      183E2A9D 
 5448 1433 369DC3E2 		.ascii	"6\235\303\3421\247\332'\204\321\341\224(\257=%\315\356"
 5448      31A7DA27 
 5448      84D1E194 
 5448      28AF3D25 
 5448      CDEE
 5449 1445 B6D050CC 		.ascii	"\266\320P\314\326\010\234n\217\207\336\246Y\364\303"
 5449      D6089C6E 
 5449      8F87DEA6 
 5449      59F4C3
 5450 1454 E8D3EA6B 		.ascii	"\350\323\352k\313\004\235|\345\017Q\217s\\\252\031I"
 5450      CB049D7C 
 5450      E50F518F 
 5450      735CAA19 
 5450      49
 5451 1465 664FB5A5 		.ascii	"fO\265\2458#\002Zac\223]\026\357\377\001\036v\301+"
 5451      3823025A 
 5451      6163935D 
 5451      16EFFF01 
 5451      1E76C12B 
 5452              		.text
 5453              		.section	.gnu.lto_.symtab.b51e53422286af16,"e",%progbits
 5454 0000 5F5A3131 		.ascii	"_Z11dps310_initv\000"
 5454      64707333 
 5454      31305F69 
 5454      6E697476 
 5454      00
 5455 0011 00       		.ascii	"\000"
 5456 0012 00       		.ascii	"\000"
 5457 0013 00       		.ascii	"\000"
 5458 0014 00000000 		.ascii	"\000\000\000\000\000\000\000\000"
 5458      00000000 
 5459 001c EE000000 		.ascii	"\356\000\000\000"
 5460 0020 49324344 		.ascii	"I2CD2\000"
 5460      3200
 5461 0026 00       		.ascii	"\000"
 5462 0027 02       		.ascii	"\002"
 5463 0028 00       		.ascii	"\000"
 5464 0029 00000000 		.ascii	"\000\000\000\000\000\000\000\000"
 5464      00000000 
 5465 0031 A1010000 		.ascii	"\241\001\000\000"
 5466 0035 6261726F 		.ascii	"baro_mtx\000"
 5466      5F6D7478 
 5466      00
ARM GAS  /tmp/ccL77YrL.s 			page 163


 5467 003e 00       		.ascii	"\000"
 5468 003f 02       		.ascii	"\002"
 5469 0040 00       		.ascii	"\000"
 5470 0041 00000000 		.ascii	"\000\000\000\000\000\000\000\000"
 5470      00000000 
 5471 0049 A3010000 		.ascii	"\243\001\000\000"
 5472 004d 675F6261 		.ascii	"g_baro\000"
 5472      726F00
 5473 0054 00       		.ascii	"\000"
 5474 0055 02       		.ascii	"\002"
 5475 0056 00       		.ascii	"\000"
 5476 0057 00000000 		.ascii	"\000\000\000\000\000\000\000\000"
 5476      00000000 
 5477 005f E2010000 		.ascii	"\342\001\000\000"
 5478 0063 69326352 		.ascii	"i2cReleaseBus\000"
 5478      656C6561 
 5478      73654275 
 5478      7300
 5479 0071 00       		.ascii	"\000"
 5480 0072 02       		.ascii	"\002"
 5481 0073 00       		.ascii	"\000"
 5482 0074 00000000 		.ascii	"\000\000\000\000\000\000\000\000"
 5482      00000000 
 5483 007c F9000000 		.ascii	"\371\000\000\000"
 5484 0080 6932634D 		.ascii	"i2cMasterTransmitTimeout\000"
 5484      61737465 
 5484      72547261 
 5484      6E736D69 
 5484      7454696D 
 5485 0099 00       		.ascii	"\000"
 5486 009a 02       		.ascii	"\002"
 5487 009b 00       		.ascii	"\000"
 5488 009c 00000000 		.ascii	"\000\000\000\000\000\000\000\000"
 5488      00000000 
 5489 00a4 07010000 		.ascii	"\007\001\000\000"
 5490 00a8 69326341 		.ascii	"i2cAcquireBus\000"
 5490      63717569 
 5490      72654275 
 5490      7300
 5491 00b6 00       		.ascii	"\000"
 5492 00b7 02       		.ascii	"\002"
 5493 00b8 00       		.ascii	"\000"
 5494 00b9 00000000 		.ascii	"\000\000\000\000\000\000\000\000"
 5494      00000000 
 5495 00c1 09010000 		.ascii	"\011\001\000\000"
 5496 00c5 63684D74 		.ascii	"chMtxUnlock\000"
 5496      78556E6C 
 5496      6F636B00 
 5497 00d1 00       		.ascii	"\000"
 5498 00d2 02       		.ascii	"\002"
 5499 00d3 00       		.ascii	"\000"
 5500 00d4 00000000 		.ascii	"\000\000\000\000\000\000\000\000"
 5500      00000000 
 5501 00dc 14010000 		.ascii	"\024\001\000\000"
 5502 00e0 63684D74 		.ascii	"chMtxLock\000"
 5502      784C6F63 
 5502      6B00
ARM GAS  /tmp/ccL77YrL.s 			page 164


 5503 00ea 00       		.ascii	"\000"
 5504 00eb 02       		.ascii	"\002"
 5505 00ec 00       		.ascii	"\000"
 5506 00ed 00000000 		.ascii	"\000\000\000\000\000\000\000\000"
 5506      00000000 
 5507 00f5 16010000 		.ascii	"\026\001\000\000"
 5508 00f9 706F7766 		.ascii	"powf\000"
 5508      00
 5509 00fe 00       		.ascii	"\000"
 5510 00ff 02       		.ascii	"\002"
 5511 0100 00       		.ascii	"\000"
 5512 0101 00000000 		.ascii	"\000\000\000\000\000\000\000\000"
 5512      00000000 
 5513 0109 1F010000 		.ascii	"\037\001\000\000"
 5514 010d 5F5A3137 		.ascii	"_Z17bprl_i2c_registerhPFvPvES_\000"
 5514      6270726C 
 5514      5F693263 
 5514      5F726567 
 5514      69737465 
 5515 012c 00       		.ascii	"\000"
 5516 012d 02       		.ascii	"\002"
 5517 012e 00       		.ascii	"\000"
 5518 012f 00000000 		.ascii	"\000\000\000\000\000\000\000\000"
 5518      00000000 
 5519 0137 28010000 		.ascii	"(\001\000\000"
 5520 013b 63685468 		.ascii	"chThdSleep\000"
 5520      64536C65 
 5520      657000
 5521 0146 00       		.ascii	"\000"
 5522 0147 02       		.ascii	"\002"
 5523 0148 00       		.ascii	"\000"
 5524 0149 00000000 		.ascii	"\000\000\000\000\000\000\000\000"
 5524      00000000 
 5525 0151 2C010000 		.ascii	",\001\000\000"
 5526              		.text
 5527              		.section	.gnu.lto_.ext_symtab.b51e53422286af16,"e",%progbits
 5528 0000 01       		.ascii	"\001"
 5529 0001 01       		.ascii	"\001"
 5530 0002 00       		.ascii	"\000"
 5531 0003 02       		.ascii	"\002"
 5532 0004 01       		.ascii	"\001"
 5533 0005 02       		.ascii	"\002"
 5534 0006 01       		.ascii	"\001"
 5535 0007 02       		.ascii	"\002"
 5536 0008 01       		.ascii	"\001"
 5537 0009 01       		.ascii	"\001"
 5538 000a 00       		.ascii	"\000"
 5539 000b 01       		.ascii	"\001"
 5540 000c 00       		.ascii	"\000"
 5541 000d 01       		.ascii	"\001"
 5542 000e 00       		.ascii	"\000"
 5543 000f 01       		.ascii	"\001"
 5544 0010 00       		.ascii	"\000"
 5545 0011 01       		.ascii	"\001"
 5546 0012 00       		.ascii	"\000"
 5547 0013 01       		.ascii	"\001"
 5548 0014 00       		.ascii	"\000"
ARM GAS  /tmp/ccL77YrL.s 			page 165


 5549 0015 01       		.ascii	"\001"
 5550 0016 00       		.ascii	"\000"
 5551 0017 01       		.ascii	"\001"
 5552 0018 00       		.ascii	"\000"
 5553              		.text
 5554              		.section	.gnu.lto_.opts,"e",%progbits
 5555 0000 272D666E 		.ascii	"'-fno-openmp' '-fno-openacc' '-fno-pie' '-fcf-prote"
 5555      6F2D6F70 
 5555      656E6D70 
 5555      2720272D 
 5555      666E6F2D 
 5556 0033 6374696F 		.ascii	"ction=none' '-g' '-mcpu=cortex-m7' '-mthumb' '-mflo"
 5556      6E3D6E6F 
 5556      6E652720 
 5556      272D6727 
 5556      20272D6D 
 5557 0066 61742D61 		.ascii	"at-abi=hard' '-mfpu=fpv5-d16' '-march=armv7e-m+fp.d"
 5557      62693D68 
 5557      61726427 
 5557      20272D6D 
 5557      6670753D 
 5558 0099 70272027 		.ascii	"p' '-O3' '-fomit-frame-pointer' '-falign-functions="
 5558      2D4F3327 
 5558      20272D66 
 5558      6F6D6974 
 5558      2D667261 
 5559 00cc 31362720 		.ascii	"16' '-ffunction-sections' '-fdata-sections' '-fno-c"
 5559      272D6666 
 5559      756E6374 
 5559      696F6E2D 
 5559      73656374 
 5560 00ff 6F6D6D6F 		.ascii	"ommon' '-flto' '-Xassembler' '-alms=build/lst/DPS31"
 5560      6E272027 
 5560      2D666C74 
 5560      6F272027 
 5560      2D586173 
 5561 0132 302E6C73 		.ascii	"0.lst'\000"
 5561      742700
 5562              		.text
 5563              		.comm	__gnu_lto_slim,1,1
 5564              		.ident	"GCC: (GNU Arm Embedded Toolchain 10-2020-q4-major) 10.2.1 20201103 (release)"
ARM GAS  /tmp/ccL77YrL.s 			page 166


DEFINED SYMBOLS
                            *ABS*:0000000000000000 DPS310.cpp
     /tmp/ccL77YrL.s:44     .gnu.debuglto_.debug_info:0000000000000000 DPS310.cpp.2473d5c3
                            *COM*:0000000000000001 __gnu_lto_slim

NO UNDEFINED SYMBOLS
