ARM GAS  /tmp/cc6Db5sf.s 			page 1


   1              		.cpu cortex-m7
   2              		.eabi_attribute 28, 1
   3              		.eabi_attribute 20, 1
   4              		.eabi_attribute 21, 1
   5              		.eabi_attribute 23, 3
   6              		.eabi_attribute 24, 1
   7              		.eabi_attribute 25, 1
   8              		.eabi_attribute 26, 1
   9              		.eabi_attribute 30, 2
  10              		.eabi_attribute 34, 1
  11              		.eabi_attribute 18, 4
  12              		.file	"drone_config.cpp"
  13              		.file 1 "/opt/gcc-arm-none-eabi-10-2020-q4-major/arm-none-eabi/include/c++/10.2.1/cstdint"
  14              		.file 2 "/opt/gcc-arm-none-eabi-10-2020-q4-major/arm-none-eabi/include/c++/10.2.1/arm-none-eabi/th
  15              		.file 3 "/opt/gcc-arm-none-eabi-10-2020-q4-major/arm-none-eabi/include/machine/_default_types.h"
  16              		.file 4 "/opt/gcc-arm-none-eabi-10-2020-q4-major/arm-none-eabi/include/sys/_stdint.h"
  17              		.file 5 "/opt/gcc-arm-none-eabi-10-2020-q4-major/arm-none-eabi/include/stdint.h"
  18              		.file 6 "./configs/DroneConfig.hpp"
  19              		.file 7 "<built-in>"
  20              		.file 8 "configs/Drone1/drone_config.cpp"
  21              		.section	.gnu.debuglto_.debug_info,"e",%progbits
  22              	.Ldebug_info0:
  23              		.hidden	drone_config.cpp.79a9ad4b
  24              		.weak	drone_config.cpp.79a9ad4b
  25              	drone_config.cpp.79a9ad4b:
  26 0000 DD0A0000 		.4byte	0xadd
  27 0004 0400     		.2byte	0x4
  28 0006 00000000 		.4byte	.Ldebug_abbrev0
  29 000a 04       		.byte	0x4
  30 000b 01       		.uleb128 0x1
  31 000c F2050000 		.4byte	.LASF154
  32 0010 04       		.byte	0x4
  33 0011 99000000 		.4byte	.LASF155
  34 0015 4D020000 		.4byte	.LASF156
  35 0019 00000000 		.4byte	.Ldebug_line0
  36 001d 02       		.uleb128 0x2
  37 001e 73746400 		.ascii	"std\000"
  38 0022 07       		.byte	0x7
  39 0023 00       		.byte	0
  40 0024 1B010000 		.4byte	0x11b
  41 0028 03       		.uleb128 0x3
  42 0029 28050000 		.4byte	.LASF0
  43 002d 02       		.byte	0x2
  44 002e 1E01     		.2byte	0x11e
  45 0030 41       		.byte	0x41
  46 0031 04       		.uleb128 0x4
  47 0032 02       		.byte	0x2
  48 0033 1E01     		.2byte	0x11e
  49 0035 41       		.byte	0x41
  50 0036 28000000 		.4byte	0x28
  51 003a 05       		.uleb128 0x5
  52 003b 01       		.byte	0x1
  53 003c 2F       		.byte	0x2f
  54 003d 0B       		.byte	0xb
  55 003e 71020000 		.4byte	0x271
  56 0042 05       		.uleb128 0x5
  57 0043 01       		.byte	0x1
ARM GAS  /tmp/cc6Db5sf.s 			page 2


  58 0044 30       		.byte	0x30
  59 0045 0B       		.byte	0xb
  60 0046 89020000 		.4byte	0x289
  61 004a 05       		.uleb128 0x5
  62 004b 01       		.byte	0x1
  63 004c 31       		.byte	0x31
  64 004d 0B       		.byte	0xb
  65 004e A1020000 		.4byte	0x2a1
  66 0052 05       		.uleb128 0x5
  67 0053 01       		.byte	0x1
  68 0054 32       		.byte	0x32
  69 0055 0B       		.byte	0xb
  70 0056 B9020000 		.4byte	0x2b9
  71 005a 05       		.uleb128 0x5
  72 005b 01       		.byte	0x1
  73 005c 34       		.byte	0x34
  74 005d 0B       		.byte	0xb
  75 005e 61030000 		.4byte	0x361
  76 0062 05       		.uleb128 0x5
  77 0063 01       		.byte	0x1
  78 0064 35       		.byte	0x35
  79 0065 0B       		.byte	0xb
  80 0066 79030000 		.4byte	0x379
  81 006a 05       		.uleb128 0x5
  82 006b 01       		.byte	0x1
  83 006c 36       		.byte	0x36
  84 006d 0B       		.byte	0xb
  85 006e 91030000 		.4byte	0x391
  86 0072 05       		.uleb128 0x5
  87 0073 01       		.byte	0x1
  88 0074 37       		.byte	0x37
  89 0075 0B       		.byte	0xb
  90 0076 A9030000 		.4byte	0x3a9
  91 007a 05       		.uleb128 0x5
  92 007b 01       		.byte	0x1
  93 007c 39       		.byte	0x39
  94 007d 0B       		.byte	0xb
  95 007e 01030000 		.4byte	0x301
  96 0082 05       		.uleb128 0x5
  97 0083 01       		.byte	0x1
  98 0084 3A       		.byte	0x3a
  99 0085 0B       		.byte	0xb
 100 0086 19030000 		.4byte	0x319
 101 008a 05       		.uleb128 0x5
 102 008b 01       		.byte	0x1
 103 008c 3B       		.byte	0x3b
 104 008d 0B       		.byte	0xb
 105 008e 31030000 		.4byte	0x331
 106 0092 05       		.uleb128 0x5
 107 0093 01       		.byte	0x1
 108 0094 3C       		.byte	0x3c
 109 0095 0B       		.byte	0xb
 110 0096 49030000 		.4byte	0x349
 111 009a 05       		.uleb128 0x5
 112 009b 01       		.byte	0x1
 113 009c 3E       		.byte	0x3e
 114 009d 0B       		.byte	0xb
ARM GAS  /tmp/cc6Db5sf.s 			page 3


 115 009e D1020000 		.4byte	0x2d1
 116 00a2 05       		.uleb128 0x5
 117 00a3 01       		.byte	0x1
 118 00a4 3F       		.byte	0x3f
 119 00a5 0B       		.byte	0xb
 120 00a6 E9020000 		.4byte	0x2e9
 121 00aa 05       		.uleb128 0x5
 122 00ab 01       		.byte	0x1
 123 00ac 41       		.byte	0x41
 124 00ad 0B       		.byte	0xb
 125 00ae 7D020000 		.4byte	0x27d
 126 00b2 05       		.uleb128 0x5
 127 00b3 01       		.byte	0x1
 128 00b4 42       		.byte	0x42
 129 00b5 0B       		.byte	0xb
 130 00b6 95020000 		.4byte	0x295
 131 00ba 05       		.uleb128 0x5
 132 00bb 01       		.byte	0x1
 133 00bc 43       		.byte	0x43
 134 00bd 0B       		.byte	0xb
 135 00be AD020000 		.4byte	0x2ad
 136 00c2 05       		.uleb128 0x5
 137 00c3 01       		.byte	0x1
 138 00c4 44       		.byte	0x44
 139 00c5 0B       		.byte	0xb
 140 00c6 C5020000 		.4byte	0x2c5
 141 00ca 05       		.uleb128 0x5
 142 00cb 01       		.byte	0x1
 143 00cc 46       		.byte	0x46
 144 00cd 0B       		.byte	0xb
 145 00ce 6D030000 		.4byte	0x36d
 146 00d2 05       		.uleb128 0x5
 147 00d3 01       		.byte	0x1
 148 00d4 47       		.byte	0x47
 149 00d5 0B       		.byte	0xb
 150 00d6 85030000 		.4byte	0x385
 151 00da 05       		.uleb128 0x5
 152 00db 01       		.byte	0x1
 153 00dc 48       		.byte	0x48
 154 00dd 0B       		.byte	0xb
 155 00de 9D030000 		.4byte	0x39d
 156 00e2 05       		.uleb128 0x5
 157 00e3 01       		.byte	0x1
 158 00e4 49       		.byte	0x49
 159 00e5 0B       		.byte	0xb
 160 00e6 B5030000 		.4byte	0x3b5
 161 00ea 05       		.uleb128 0x5
 162 00eb 01       		.byte	0x1
 163 00ec 4B       		.byte	0x4b
 164 00ed 0B       		.byte	0xb
 165 00ee 0D030000 		.4byte	0x30d
 166 00f2 05       		.uleb128 0x5
 167 00f3 01       		.byte	0x1
 168 00f4 4C       		.byte	0x4c
 169 00f5 0B       		.byte	0xb
 170 00f6 25030000 		.4byte	0x325
 171 00fa 05       		.uleb128 0x5
ARM GAS  /tmp/cc6Db5sf.s 			page 4


 172 00fb 01       		.byte	0x1
 173 00fc 4D       		.byte	0x4d
 174 00fd 0B       		.byte	0xb
 175 00fe 3D030000 		.4byte	0x33d
 176 0102 05       		.uleb128 0x5
 177 0103 01       		.byte	0x1
 178 0104 4E       		.byte	0x4e
 179 0105 0B       		.byte	0xb
 180 0106 55030000 		.4byte	0x355
 181 010a 05       		.uleb128 0x5
 182 010b 01       		.byte	0x1
 183 010c 50       		.byte	0x50
 184 010d 0B       		.byte	0xb
 185 010e DD020000 		.4byte	0x2dd
 186 0112 05       		.uleb128 0x5
 187 0113 01       		.byte	0x1
 188 0114 51       		.byte	0x51
 189 0115 0B       		.byte	0xb
 190 0116 F5020000 		.4byte	0x2f5
 191 011a 00       		.byte	0
 192 011b 06       		.uleb128 0x6
 193 011c 37040000 		.4byte	.LASF157
 194 0120 02       		.byte	0x2
 195 0121 2001     		.2byte	0x120
 196 0123 0B       		.byte	0xb
 197 0124 3B010000 		.4byte	0x13b
 198 0128 03       		.uleb128 0x3
 199 0129 28050000 		.4byte	.LASF0
 200 012d 02       		.byte	0x2
 201 012e 2201     		.2byte	0x122
 202 0130 41       		.byte	0x41
 203 0131 04       		.uleb128 0x4
 204 0132 02       		.byte	0x2
 205 0133 2201     		.2byte	0x122
 206 0135 41       		.byte	0x41
 207 0136 28010000 		.4byte	0x128
 208 013a 00       		.byte	0
 209 013b 07       		.uleb128 0x7
 210 013c 30050000 		.4byte	.LASF1
 211 0140 03       		.byte	0x3
 212 0141 29       		.byte	0x29
 213 0142 17       		.byte	0x17
 214 0143 47010000 		.4byte	0x147
 215 0147 08       		.uleb128 0x8
 216 0148 01       		.byte	0x1
 217 0149 06       		.byte	0x6
 218 014a 41040000 		.4byte	.LASF3
 219 014e 07       		.uleb128 0x7
 220 014f 4B030000 		.4byte	.LASF2
 221 0153 03       		.byte	0x3
 222 0154 2B       		.byte	0x2b
 223 0155 18       		.byte	0x18
 224 0156 5A010000 		.4byte	0x15a
 225 015a 08       		.uleb128 0x8
 226 015b 01       		.byte	0x1
 227 015c 08       		.byte	0x8
 228 015d 08040000 		.4byte	.LASF4
ARM GAS  /tmp/cc6Db5sf.s 			page 5


 229 0161 07       		.uleb128 0x7
 230 0162 68070000 		.4byte	.LASF5
 231 0166 03       		.byte	0x3
 232 0167 37       		.byte	0x37
 233 0168 18       		.byte	0x18
 234 0169 6D010000 		.4byte	0x16d
 235 016d 08       		.uleb128 0x8
 236 016e 02       		.byte	0x2
 237 016f 05       		.byte	0x5
 238 0170 DC000000 		.4byte	.LASF6
 239 0174 07       		.uleb128 0x7
 240 0175 67010000 		.4byte	.LASF7
 241 0179 03       		.byte	0x3
 242 017a 39       		.byte	0x39
 243 017b 19       		.byte	0x19
 244 017c 80010000 		.4byte	0x180
 245 0180 08       		.uleb128 0x8
 246 0181 02       		.byte	0x2
 247 0182 07       		.byte	0x7
 248 0183 15050000 		.4byte	.LASF8
 249 0187 07       		.uleb128 0x7
 250 0188 5E070000 		.4byte	.LASF9
 251 018c 03       		.byte	0x3
 252 018d 4D       		.byte	0x4d
 253 018e 18       		.byte	0x18
 254 018f 93010000 		.4byte	0x193
 255 0193 08       		.uleb128 0x8
 256 0194 04       		.byte	0x4
 257 0195 05       		.byte	0x5
 258 0196 11030000 		.4byte	.LASF10
 259 019a 07       		.uleb128 0x7
 260 019b 45010000 		.4byte	.LASF11
 261 019f 03       		.byte	0x3
 262 01a0 4F       		.byte	0x4f
 263 01a1 19       		.byte	0x19
 264 01a2 A6010000 		.4byte	0x1a6
 265 01a6 08       		.uleb128 0x8
 266 01a7 04       		.byte	0x4
 267 01a8 07       		.byte	0x7
 268 01a9 06070000 		.4byte	.LASF12
 269 01ad 07       		.uleb128 0x7
 270 01ae 1A030000 		.4byte	.LASF13
 271 01b2 03       		.byte	0x3
 272 01b3 67       		.byte	0x67
 273 01b4 18       		.byte	0x18
 274 01b5 B9010000 		.4byte	0x1b9
 275 01b9 08       		.uleb128 0x8
 276 01ba 08       		.byte	0x8
 277 01bb 05       		.byte	0x5
 278 01bc DB020000 		.4byte	.LASF14
 279 01c0 07       		.uleb128 0x7
 280 01c1 E2050000 		.4byte	.LASF15
 281 01c5 03       		.byte	0x3
 282 01c6 69       		.byte	0x69
 283 01c7 19       		.byte	0x19
 284 01c8 CC010000 		.4byte	0x1cc
 285 01cc 08       		.uleb128 0x8
ARM GAS  /tmp/cc6Db5sf.s 			page 6


 286 01cd 08       		.byte	0x8
 287 01ce 07       		.byte	0x7
 288 01cf 4D040000 		.4byte	.LASF16
 289 01d3 07       		.uleb128 0x7
 290 01d4 43000000 		.4byte	.LASF17
 291 01d8 03       		.byte	0x3
 292 01d9 86       		.byte	0x86
 293 01da 1D       		.byte	0x1d
 294 01db 47010000 		.4byte	0x147
 295 01df 07       		.uleb128 0x7
 296 01e0 B6020000 		.4byte	.LASF18
 297 01e4 03       		.byte	0x3
 298 01e5 88       		.byte	0x88
 299 01e6 1E       		.byte	0x1e
 300 01e7 5A010000 		.4byte	0x15a
 301 01eb 07       		.uleb128 0x7
 302 01ec 2C070000 		.4byte	.LASF19
 303 01f0 03       		.byte	0x3
 304 01f1 A0       		.byte	0xa0
 305 01f2 1E       		.byte	0x1e
 306 01f3 6D010000 		.4byte	0x16d
 307 01f7 07       		.uleb128 0x7
 308 01f8 D5070000 		.4byte	.LASF20
 309 01fc 03       		.byte	0x3
 310 01fd A2       		.byte	0xa2
 311 01fe 1F       		.byte	0x1f
 312 01ff 80010000 		.4byte	0x180
 313 0203 07       		.uleb128 0x7
 314 0204 46050000 		.4byte	.LASF21
 315 0208 03       		.byte	0x3
 316 0209 B6       		.byte	0xb6
 317 020a 1E       		.byte	0x1e
 318 020b 93010000 		.4byte	0x193
 319 020f 07       		.uleb128 0x7
 320 0210 B2070000 		.4byte	.LASF22
 321 0214 03       		.byte	0x3
 322 0215 B8       		.byte	0xb8
 323 0216 1F       		.byte	0x1f
 324 0217 A6010000 		.4byte	0x1a6
 325 021b 07       		.uleb128 0x7
 326 021c 89020000 		.4byte	.LASF23
 327 0220 03       		.byte	0x3
 328 0221 C8       		.byte	0xc8
 329 0222 1E       		.byte	0x1e
 330 0223 B9010000 		.4byte	0x1b9
 331 0227 07       		.uleb128 0x7
 332 0228 F7030000 		.4byte	.LASF24
 333 022c 03       		.byte	0x3
 334 022d CA       		.byte	0xca
 335 022e 1F       		.byte	0x1f
 336 022f CC010000 		.4byte	0x1cc
 337 0233 07       		.uleb128 0x7
 338 0234 CE040000 		.4byte	.LASF25
 339 0238 03       		.byte	0x3
 340 0239 D6       		.byte	0xd6
 341 023a 19       		.byte	0x19
 342 023b B9010000 		.4byte	0x1b9
ARM GAS  /tmp/cc6Db5sf.s 			page 7


 343 023f 07       		.uleb128 0x7
 344 0240 E6000000 		.4byte	.LASF26
 345 0244 03       		.byte	0x3
 346 0245 DE       		.byte	0xde
 347 0246 1A       		.byte	0x1a
 348 0247 CC010000 		.4byte	0x1cc
 349 024b 07       		.uleb128 0x7
 350 024c FA010000 		.4byte	.LASF27
 351 0250 03       		.byte	0x3
 352 0251 E6       		.byte	0xe6
 353 0252 19       		.byte	0x19
 354 0253 57020000 		.4byte	0x257
 355 0257 09       		.uleb128 0x9
 356 0258 04       		.byte	0x4
 357 0259 05       		.byte	0x5
 358 025a 696E7400 		.ascii	"int\000"
 359 025e 07       		.uleb128 0x7
 360 025f 20070000 		.4byte	.LASF28
 361 0263 03       		.byte	0x3
 362 0264 E8       		.byte	0xe8
 363 0265 1A       		.byte	0x1a
 364 0266 6A020000 		.4byte	0x26a
 365 026a 08       		.uleb128 0x8
 366 026b 04       		.byte	0x4
 367 026c 07       		.byte	0x7
 368 026d 7F040000 		.4byte	.LASF29
 369 0271 07       		.uleb128 0x7
 370 0272 7A000000 		.4byte	.LASF30
 371 0276 04       		.byte	0x4
 372 0277 14       		.byte	0x14
 373 0278 12       		.byte	0x12
 374 0279 3B010000 		.4byte	0x13b
 375 027d 07       		.uleb128 0x7
 376 027e ED010000 		.4byte	.LASF31
 377 0282 04       		.byte	0x4
 378 0283 18       		.byte	0x18
 379 0284 13       		.byte	0x13
 380 0285 4E010000 		.4byte	0x14e
 381 0289 07       		.uleb128 0x7
 382 028a B3050000 		.4byte	.LASF32
 383 028e 04       		.byte	0x4
 384 028f 20       		.byte	0x20
 385 0290 13       		.byte	0x13
 386 0291 61010000 		.4byte	0x161
 387 0295 07       		.uleb128 0x7
 388 0296 98040000 		.4byte	.LASF33
 389 029a 04       		.byte	0x4
 390 029b 24       		.byte	0x24
 391 029c 14       		.byte	0x14
 392 029d 74010000 		.4byte	0x174
 393 02a1 07       		.uleb128 0x7
 394 02a2 80050000 		.4byte	.LASF34
 395 02a6 04       		.byte	0x4
 396 02a7 2C       		.byte	0x2c
 397 02a8 13       		.byte	0x13
 398 02a9 87010000 		.4byte	0x187
 399 02ad 07       		.uleb128 0x7
ARM GAS  /tmp/cc6Db5sf.s 			page 8


 400 02ae 71040000 		.4byte	.LASF35
 401 02b2 04       		.byte	0x4
 402 02b3 30       		.byte	0x30
 403 02b4 14       		.byte	0x14
 404 02b5 9A010000 		.4byte	0x19a
 405 02b9 07       		.uleb128 0x7
 406 02ba B4010000 		.4byte	.LASF36
 407 02be 04       		.byte	0x4
 408 02bf 38       		.byte	0x38
 409 02c0 13       		.byte	0x13
 410 02c1 AD010000 		.4byte	0x1ad
 411 02c5 07       		.uleb128 0x7
 412 02c6 B9000000 		.4byte	.LASF37
 413 02ca 04       		.byte	0x4
 414 02cb 3C       		.byte	0x3c
 415 02cc 14       		.byte	0x14
 416 02cd C0010000 		.4byte	0x1c0
 417 02d1 07       		.uleb128 0x7
 418 02d2 AB030000 		.4byte	.LASF38
 419 02d6 04       		.byte	0x4
 420 02d7 43       		.byte	0x43
 421 02d8 14       		.byte	0x14
 422 02d9 33020000 		.4byte	0x233
 423 02dd 07       		.uleb128 0x7
 424 02de D9040000 		.4byte	.LASF39
 425 02e2 04       		.byte	0x4
 426 02e3 48       		.byte	0x48
 427 02e4 15       		.byte	0x15
 428 02e5 3F020000 		.4byte	0x23f
 429 02e9 07       		.uleb128 0x7
 430 02ea 0A010000 		.4byte	.LASF40
 431 02ee 04       		.byte	0x4
 432 02ef 4D       		.byte	0x4d
 433 02f0 14       		.byte	0x14
 434 02f1 4B020000 		.4byte	0x24b
 435 02f5 07       		.uleb128 0x7
 436 02f6 24020000 		.4byte	.LASF41
 437 02fa 04       		.byte	0x4
 438 02fb 52       		.byte	0x52
 439 02fc 15       		.byte	0x15
 440 02fd 5E020000 		.4byte	0x25e
 441 0301 07       		.uleb128 0x7
 442 0302 E1060000 		.4byte	.LASF42
 443 0306 05       		.byte	0x5
 444 0307 15       		.byte	0x15
 445 0308 18       		.byte	0x18
 446 0309 D3010000 		.4byte	0x1d3
 447 030d 07       		.uleb128 0x7
 448 030e 7B020000 		.4byte	.LASF43
 449 0312 05       		.byte	0x5
 450 0313 16       		.byte	0x16
 451 0314 19       		.byte	0x19
 452 0315 DF010000 		.4byte	0x1df
 453 0319 07       		.uleb128 0x7
 454 031a F8060000 		.4byte	.LASF44
 455 031e 05       		.byte	0x5
 456 031f 1B       		.byte	0x1b
ARM GAS  /tmp/cc6Db5sf.s 			page 9


 457 0320 19       		.byte	0x19
 458 0321 EB010000 		.4byte	0x1eb
 459 0325 07       		.uleb128 0x7
 460 0326 91050000 		.4byte	.LASF45
 461 032a 05       		.byte	0x5
 462 032b 1C       		.byte	0x1c
 463 032c 1A       		.byte	0x1a
 464 032d F7010000 		.4byte	0x1f7
 465 0331 07       		.uleb128 0x7
 466 0332 16040000 		.4byte	.LASF46
 467 0336 05       		.byte	0x5
 468 0337 21       		.byte	0x21
 469 0338 19       		.byte	0x19
 470 0339 03020000 		.4byte	0x203
 471 033d 07       		.uleb128 0x7
 472 033e 56050000 		.4byte	.LASF47
 473 0342 05       		.byte	0x5
 474 0343 22       		.byte	0x22
 475 0344 1A       		.byte	0x1a
 476 0345 0F020000 		.4byte	0x20f
 477 0349 07       		.uleb128 0x7
 478 034a 34020000 		.4byte	.LASF48
 479 034e 05       		.byte	0x5
 480 034f 27       		.byte	0x27
 481 0350 19       		.byte	0x19
 482 0351 1B020000 		.4byte	0x21b
 483 0355 07       		.uleb128 0x7
 484 0356 86010000 		.4byte	.LASF49
 485 035a 05       		.byte	0x5
 486 035b 28       		.byte	0x28
 487 035c 1A       		.byte	0x1a
 488 035d 27020000 		.4byte	0x227
 489 0361 07       		.uleb128 0x7
 490 0362 33030000 		.4byte	.LASF50
 491 0366 05       		.byte	0x5
 492 0367 33       		.byte	0x33
 493 0368 1E       		.byte	0x1e
 494 0369 57020000 		.4byte	0x257
 495 036d 07       		.uleb128 0x7
 496 036e 64040000 		.4byte	.LASF51
 497 0372 05       		.byte	0x5
 498 0373 34       		.byte	0x34
 499 0374 1F       		.byte	0x1f
 500 0375 6A020000 		.4byte	0x26a
 501 0379 07       		.uleb128 0x7
 502 037a E3040000 		.4byte	.LASF52
 503 037e 05       		.byte	0x5
 504 037f 3D       		.byte	0x3d
 505 0380 1F       		.byte	0x1f
 506 0381 57020000 		.4byte	0x257
 507 0385 07       		.uleb128 0x7
 508 0386 A0050000 		.4byte	.LASF53
 509 038a 05       		.byte	0x5
 510 038b 3E       		.byte	0x3e
 511 038c 20       		.byte	0x20
 512 038d 6A020000 		.4byte	0x26a
 513 0391 07       		.uleb128 0x7
ARM GAS  /tmp/cc6Db5sf.s 			page 10


 514 0392 6A030000 		.4byte	.LASF54
 515 0396 05       		.byte	0x5
 516 0397 47       		.byte	0x47
 517 0398 1F       		.byte	0x1f
 518 0399 57020000 		.4byte	0x257
 519 039d 07       		.uleb128 0x7
 520 039e 65050000 		.4byte	.LASF55
 521 03a2 05       		.byte	0x5
 522 03a3 48       		.byte	0x48
 523 03a4 20       		.byte	0x20
 524 03a5 6A020000 		.4byte	0x26a
 525 03a9 07       		.uleb128 0x7
 526 03aa 22010000 		.4byte	.LASF56
 527 03ae 05       		.byte	0x5
 528 03af 51       		.byte	0x51
 529 03b0 1F       		.byte	0x1f
 530 03b1 B9010000 		.4byte	0x1b9
 531 03b5 07       		.uleb128 0x7
 532 03b6 95010000 		.4byte	.LASF57
 533 03ba 05       		.byte	0x5
 534 03bb 52       		.byte	0x52
 535 03bc 20       		.byte	0x20
 536 03bd CC010000 		.4byte	0x1cc
 537 03c1 0A       		.uleb128 0xa
 538 03c2 88050000 		.4byte	.LASF63
 539 03c6 1C       		.byte	0x1c
 540 03c7 06       		.byte	0x6
 541 03c8 12       		.byte	0x12
 542 03c9 08       		.byte	0x8
 543 03ca 27040000 		.4byte	0x427
 544 03ce 0B       		.uleb128 0xb
 545 03cf 6B7000   		.ascii	"kp\000"
 546 03d2 06       		.byte	0x6
 547 03d3 13       		.byte	0x13
 548 03d4 0B       		.byte	0xb
 549 03d5 27040000 		.4byte	0x427
 550 03d9 00       		.byte	0
 551 03da 0B       		.uleb128 0xb
 552 03db 6B6900   		.ascii	"ki\000"
 553 03de 06       		.byte	0x6
 554 03df 13       		.byte	0x13
 555 03e0 0F       		.byte	0xf
 556 03e1 27040000 		.4byte	0x427
 557 03e5 04       		.byte	0x4
 558 03e6 0B       		.uleb128 0xb
 559 03e7 6B6400   		.ascii	"kd\000"
 560 03ea 06       		.byte	0x6
 561 03eb 13       		.byte	0x13
 562 03ec 13       		.byte	0x13
 563 03ed 27040000 		.4byte	0x427
 564 03f1 08       		.byte	0x8
 565 03f2 0C       		.uleb128 0xc
 566 03f3 41050000 		.4byte	.LASF58
 567 03f7 06       		.byte	0x6
 568 03f8 13       		.byte	0x13
 569 03f9 17       		.byte	0x17
 570 03fa 27040000 		.4byte	0x427
ARM GAS  /tmp/cc6Db5sf.s 			page 11


 571 03fe 0C       		.byte	0xc
 572 03ff 0C       		.uleb128 0xc
 573 0400 06050000 		.4byte	.LASF59
 574 0404 06       		.byte	0x6
 575 0405 14       		.byte	0x14
 576 0406 0B       		.byte	0xb
 577 0407 27040000 		.4byte	0x427
 578 040b 10       		.byte	0x10
 579 040c 0C       		.uleb128 0xc
 580 040d 0D000000 		.4byte	.LASF60
 581 0411 06       		.byte	0x6
 582 0412 14       		.byte	0x14
 583 0413 1B       		.byte	0x1b
 584 0414 27040000 		.4byte	0x427
 585 0418 14       		.byte	0x14
 586 0419 0C       		.uleb128 0xc
 587 041a 3B010000 		.4byte	.LASF61
 588 041e 06       		.byte	0x6
 589 041f 14       		.byte	0x14
 590 0420 2A       		.byte	0x2a
 591 0421 27040000 		.4byte	0x427
 592 0425 18       		.byte	0x18
 593 0426 00       		.byte	0
 594 0427 08       		.uleb128 0x8
 595 0428 04       		.byte	0x4
 596 0429 04       		.byte	0x4
 597 042a B0020000 		.4byte	.LASF62
 598 042e 0A       		.uleb128 0xa
 599 042f C2000000 		.4byte	.LASF64
 600 0433 AC       		.byte	0xac
 601 0434 06       		.byte	0x6
 602 0435 18       		.byte	0x18
 603 0436 08       		.byte	0x8
 604 0437 97040000 		.4byte	0x497
 605 043b 0C       		.uleb128 0xc
 606 043c 27000000 		.4byte	.LASF65
 607 0440 06       		.byte	0x6
 608 0441 19       		.byte	0x19
 609 0442 0E       		.byte	0xe
 610 0443 C1030000 		.4byte	0x3c1
 611 0447 00       		.byte	0
 612 0448 0C       		.uleb128 0xc
 613 0449 99020000 		.4byte	.LASF66
 614 044d 06       		.byte	0x6
 615 044e 19       		.byte	0x19
 616 044f 18       		.byte	0x18
 617 0450 C1030000 		.4byte	0x3c1
 618 0454 1C       		.byte	0x1c
 619 0455 0C       		.uleb128 0xc
 620 0456 C8010000 		.4byte	.LASF67
 621 045a 06       		.byte	0x6
 622 045b 19       		.byte	0x19
 623 045c 23       		.byte	0x23
 624 045d C1030000 		.4byte	0x3c1
 625 0461 38       		.byte	0x38
 626 0462 0C       		.uleb128 0xc
 627 0463 72070000 		.4byte	.LASF68
ARM GAS  /tmp/cc6Db5sf.s 			page 12


 628 0467 06       		.byte	0x6
 629 0468 19       		.byte	0x19
 630 0469 2E       		.byte	0x2e
 631 046a C1030000 		.4byte	0x3c1
 632 046e 54       		.byte	0x54
 633 046f 0C       		.uleb128 0xc
 634 0470 81000000 		.4byte	.LASF69
 635 0474 06       		.byte	0x6
 636 0475 19       		.byte	0x19
 637 0476 3A       		.byte	0x3a
 638 0477 C1030000 		.4byte	0x3c1
 639 047b 70       		.byte	0x70
 640 047c 0C       		.uleb128 0xc
 641 047d D8060000 		.4byte	.LASF70
 642 0481 06       		.byte	0x6
 643 0482 19       		.byte	0x19
 644 0483 44       		.byte	0x44
 645 0484 C1030000 		.4byte	0x3c1
 646 0488 8C       		.byte	0x8c
 647 0489 0C       		.uleb128 0xc
 648 048a 5B030000 		.4byte	.LASF71
 649 048e 06       		.byte	0x6
 650 048f 1A       		.byte	0x1a
 651 0490 0E       		.byte	0xe
 652 0491 27040000 		.4byte	0x427
 653 0495 A8       		.byte	0xa8
 654 0496 00       		.byte	0
 655 0497 0A       		.uleb128 0xa
 656 0498 05020000 		.4byte	.LASF72
 657 049c C4       		.byte	0xc4
 658 049d 06       		.byte	0x6
 659 049e 1E       		.byte	0x1e
 660 049f 08       		.byte	0x8
 661 04a0 4E050000 		.4byte	0x54e
 662 04a4 0C       		.uleb128 0xc
 663 04a5 27000000 		.4byte	.LASF65
 664 04a9 06       		.byte	0x6
 665 04aa 1F       		.byte	0x1f
 666 04ab 0E       		.byte	0xe
 667 04ac C1030000 		.4byte	0x3c1
 668 04b0 00       		.byte	0
 669 04b1 0C       		.uleb128 0xc
 670 04b2 99020000 		.4byte	.LASF66
 671 04b6 06       		.byte	0x6
 672 04b7 1F       		.byte	0x1f
 673 04b8 18       		.byte	0x18
 674 04b9 C1030000 		.4byte	0x3c1
 675 04bd 1C       		.byte	0x1c
 676 04be 0C       		.uleb128 0xc
 677 04bf C8010000 		.4byte	.LASF67
 678 04c3 06       		.byte	0x6
 679 04c4 1F       		.byte	0x1f
 680 04c5 23       		.byte	0x23
 681 04c6 C1030000 		.4byte	0x3c1
 682 04ca 38       		.byte	0x38
 683 04cb 0C       		.uleb128 0xc
 684 04cc 72070000 		.4byte	.LASF68
ARM GAS  /tmp/cc6Db5sf.s 			page 13


 685 04d0 06       		.byte	0x6
 686 04d1 1F       		.byte	0x1f
 687 04d2 2E       		.byte	0x2e
 688 04d3 C1030000 		.4byte	0x3c1
 689 04d7 54       		.byte	0x54
 690 04d8 0C       		.uleb128 0xc
 691 04d9 81000000 		.4byte	.LASF69
 692 04dd 06       		.byte	0x6
 693 04de 1F       		.byte	0x1f
 694 04df 3A       		.byte	0x3a
 695 04e0 C1030000 		.4byte	0x3c1
 696 04e4 70       		.byte	0x70
 697 04e5 0C       		.uleb128 0xc
 698 04e6 D8060000 		.4byte	.LASF70
 699 04ea 06       		.byte	0x6
 700 04eb 1F       		.byte	0x1f
 701 04ec 44       		.byte	0x44
 702 04ed C1030000 		.4byte	0x3c1
 703 04f1 8C       		.byte	0x8c
 704 04f2 0C       		.uleb128 0xc
 705 04f3 C5030000 		.4byte	.LASF73
 706 04f7 06       		.byte	0x6
 707 04f8 24       		.byte	0x24
 708 04f9 0E       		.byte	0xe
 709 04fa 27040000 		.4byte	0x427
 710 04fe A8       		.byte	0xa8
 711 04ff 0C       		.uleb128 0xc
 712 0500 59010000 		.4byte	.LASF74
 713 0504 06       		.byte	0x6
 714 0505 25       		.byte	0x25
 715 0506 0E       		.byte	0xe
 716 0507 27040000 		.4byte	0x427
 717 050b AC       		.byte	0xac
 718 050c 0C       		.uleb128 0xc
 719 050d 57000000 		.4byte	.LASF75
 720 0511 06       		.byte	0x6
 721 0512 2A       		.byte	0x2a
 722 0513 0E       		.byte	0xe
 723 0514 27040000 		.4byte	0x427
 724 0518 B0       		.byte	0xb0
 725 0519 0C       		.uleb128 0xc
 726 051a 04080000 		.4byte	.LASF76
 727 051e 06       		.byte	0x6
 728 051f 2B       		.byte	0x2b
 729 0520 0E       		.byte	0xe
 730 0521 27040000 		.4byte	0x427
 731 0525 B4       		.byte	0xb4
 732 0526 0C       		.uleb128 0xc
 733 0527 C3070000 		.4byte	.LASF77
 734 052b 06       		.byte	0x6
 735 052c 2F       		.byte	0x2f
 736 052d 0E       		.byte	0xe
 737 052e 27040000 		.4byte	0x427
 738 0532 B8       		.byte	0xb8
 739 0533 0C       		.uleb128 0xc
 740 0534 9A070000 		.4byte	.LASF78
 741 0538 06       		.byte	0x6
ARM GAS  /tmp/cc6Db5sf.s 			page 14


 742 0539 30       		.byte	0x30
 743 053a 0E       		.byte	0xe
 744 053b 27040000 		.4byte	0x427
 745 053f BC       		.byte	0xbc
 746 0540 0C       		.uleb128 0xc
 747 0541 C6020000 		.4byte	.LASF79
 748 0545 06       		.byte	0x6
 749 0546 31       		.byte	0x31
 750 0547 0E       		.byte	0xe
 751 0548 27040000 		.4byte	0x427
 752 054c C0       		.byte	0xc0
 753 054d 00       		.byte	0
 754 054e 0A       		.uleb128 0xa
 755 054f F0040000 		.4byte	.LASF80
 756 0553 E8       		.byte	0xe8
 757 0554 06       		.byte	0x6
 758 0555 3E       		.byte	0x3e
 759 0556 08       		.byte	0x8
 760 0557 2C060000 		.4byte	0x62c
 761 055b 0C       		.uleb128 0xc
 762 055c 27000000 		.4byte	.LASF65
 763 0560 06       		.byte	0x6
 764 0561 3F       		.byte	0x3f
 765 0562 0E       		.byte	0xe
 766 0563 C1030000 		.4byte	0x3c1
 767 0567 00       		.byte	0
 768 0568 0C       		.uleb128 0xc
 769 0569 99020000 		.4byte	.LASF66
 770 056d 06       		.byte	0x6
 771 056e 3F       		.byte	0x3f
 772 056f 18       		.byte	0x18
 773 0570 C1030000 		.4byte	0x3c1
 774 0574 1C       		.byte	0x1c
 775 0575 0C       		.uleb128 0xc
 776 0576 C8010000 		.4byte	.LASF67
 777 057a 06       		.byte	0x6
 778 057b 3F       		.byte	0x3f
 779 057c 23       		.byte	0x23
 780 057d C1030000 		.4byte	0x3c1
 781 0581 38       		.byte	0x38
 782 0582 0C       		.uleb128 0xc
 783 0583 72070000 		.4byte	.LASF68
 784 0587 06       		.byte	0x6
 785 0588 3F       		.byte	0x3f
 786 0589 2E       		.byte	0x2e
 787 058a C1030000 		.4byte	0x3c1
 788 058e 54       		.byte	0x54
 789 058f 0C       		.uleb128 0xc
 790 0590 81000000 		.4byte	.LASF69
 791 0594 06       		.byte	0x6
 792 0595 3F       		.byte	0x3f
 793 0596 3A       		.byte	0x3a
 794 0597 C1030000 		.4byte	0x3c1
 795 059b 70       		.byte	0x70
 796 059c 0C       		.uleb128 0xc
 797 059d D8060000 		.4byte	.LASF70
 798 05a1 06       		.byte	0x6
ARM GAS  /tmp/cc6Db5sf.s 			page 15


 799 05a2 3F       		.byte	0x3f
 800 05a3 44       		.byte	0x44
 801 05a4 C1030000 		.4byte	0x3c1
 802 05a8 8C       		.byte	0x8c
 803 05a9 0C       		.uleb128 0xc
 804 05aa 8C030000 		.4byte	.LASF81
 805 05ae 06       		.byte	0x6
 806 05af 40       		.byte	0x40
 807 05b0 0E       		.byte	0xe
 808 05b1 C1030000 		.4byte	0x3c1
 809 05b5 A8       		.byte	0xa8
 810 05b6 0C       		.uleb128 0xc
 811 05b7 C5030000 		.4byte	.LASF73
 812 05bb 06       		.byte	0x6
 813 05bc 45       		.byte	0x45
 814 05bd 0E       		.byte	0xe
 815 05be 27040000 		.4byte	0x427
 816 05c2 C4       		.byte	0xc4
 817 05c3 0C       		.uleb128 0xc
 818 05c4 59010000 		.4byte	.LASF74
 819 05c8 06       		.byte	0x6
 820 05c9 46       		.byte	0x46
 821 05ca 0E       		.byte	0xe
 822 05cb 27040000 		.4byte	0x427
 823 05cf C8       		.byte	0xc8
 824 05d0 0C       		.uleb128 0xc
 825 05d1 6D000000 		.4byte	.LASF82
 826 05d5 06       		.byte	0x6
 827 05d6 4D       		.byte	0x4d
 828 05d7 0E       		.byte	0xe
 829 05d8 27040000 		.4byte	0x427
 830 05dc CC       		.byte	0xcc
 831 05dd 0C       		.uleb128 0xc
 832 05de 57000000 		.4byte	.LASF75
 833 05e2 06       		.byte	0x6
 834 05e3 4E       		.byte	0x4e
 835 05e4 0E       		.byte	0xe
 836 05e5 27040000 		.4byte	0x427
 837 05e9 D0       		.byte	0xd0
 838 05ea 0C       		.uleb128 0xc
 839 05eb 04080000 		.4byte	.LASF76
 840 05ef 06       		.byte	0x6
 841 05f0 4F       		.byte	0x4f
 842 05f1 0E       		.byte	0xe
 843 05f2 27040000 		.4byte	0x427
 844 05f6 D4       		.byte	0xd4
 845 05f7 0C       		.uleb128 0xc
 846 05f8 D7010000 		.4byte	.LASF83
 847 05fc 06       		.byte	0x6
 848 05fd 50       		.byte	0x50
 849 05fe 0E       		.byte	0xe
 850 05ff 27040000 		.4byte	0x427
 851 0603 D8       		.byte	0xd8
 852 0604 0C       		.uleb128 0xc
 853 0605 C3070000 		.4byte	.LASF77
 854 0609 06       		.byte	0x6
 855 060a 54       		.byte	0x54
ARM GAS  /tmp/cc6Db5sf.s 			page 16


 856 060b 0E       		.byte	0xe
 857 060c 27040000 		.4byte	0x427
 858 0610 DC       		.byte	0xdc
 859 0611 0C       		.uleb128 0xc
 860 0612 9A070000 		.4byte	.LASF78
 861 0616 06       		.byte	0x6
 862 0617 55       		.byte	0x55
 863 0618 0E       		.byte	0xe
 864 0619 27040000 		.4byte	0x427
 865 061d E0       		.byte	0xe0
 866 061e 0C       		.uleb128 0xc
 867 061f C6020000 		.4byte	.LASF79
 868 0623 06       		.byte	0x6
 869 0624 56       		.byte	0x56
 870 0625 0E       		.byte	0xe
 871 0626 27040000 		.4byte	0x427
 872 062a E4       		.byte	0xe4
 873 062b 00       		.byte	0
 874 062c 0A       		.uleb128 0xa
 875 062d 30000000 		.4byte	.LASF84
 876 0631 E4       		.byte	0xe4
 877 0632 06       		.byte	0x6
 878 0633 5E       		.byte	0x5e
 879 0634 08       		.byte	0x8
 880 0635 AF060000 		.4byte	0x6af
 881 0639 0C       		.uleb128 0xc
 882 063a 27000000 		.4byte	.LASF65
 883 063e 06       		.byte	0x6
 884 063f 5F       		.byte	0x5f
 885 0640 0E       		.byte	0xe
 886 0641 C1030000 		.4byte	0x3c1
 887 0645 00       		.byte	0
 888 0646 0C       		.uleb128 0xc
 889 0647 99020000 		.4byte	.LASF66
 890 064b 06       		.byte	0x6
 891 064c 5F       		.byte	0x5f
 892 064d 18       		.byte	0x18
 893 064e C1030000 		.4byte	0x3c1
 894 0652 1C       		.byte	0x1c
 895 0653 0C       		.uleb128 0xc
 896 0654 C8010000 		.4byte	.LASF67
 897 0658 06       		.byte	0x6
 898 0659 5F       		.byte	0x5f
 899 065a 23       		.byte	0x23
 900 065b C1030000 		.4byte	0x3c1
 901 065f 38       		.byte	0x38
 902 0660 0C       		.uleb128 0xc
 903 0661 72070000 		.4byte	.LASF68
 904 0665 06       		.byte	0x6
 905 0666 5F       		.byte	0x5f
 906 0667 2E       		.byte	0x2e
 907 0668 C1030000 		.4byte	0x3c1
 908 066c 54       		.byte	0x54
 909 066d 0C       		.uleb128 0xc
 910 066e 81000000 		.4byte	.LASF69
 911 0672 06       		.byte	0x6
 912 0673 5F       		.byte	0x5f
ARM GAS  /tmp/cc6Db5sf.s 			page 17


 913 0674 3A       		.byte	0x3a
 914 0675 C1030000 		.4byte	0x3c1
 915 0679 70       		.byte	0x70
 916 067a 0C       		.uleb128 0xc
 917 067b D8060000 		.4byte	.LASF70
 918 067f 06       		.byte	0x6
 919 0680 5F       		.byte	0x5f
 920 0681 44       		.byte	0x44
 921 0682 C1030000 		.4byte	0x3c1
 922 0686 8C       		.byte	0x8c
 923 0687 0C       		.uleb128 0xc
 924 0688 8C030000 		.4byte	.LASF81
 925 068c 06       		.byte	0x6
 926 068d 60       		.byte	0x60
 927 068e 0E       		.byte	0xe
 928 068f C1030000 		.4byte	0x3c1
 929 0693 A8       		.byte	0xa8
 930 0694 0C       		.uleb128 0xc
 931 0695 C2040000 		.4byte	.LASF85
 932 0699 06       		.byte	0x6
 933 069a 60       		.byte	0x60
 934 069b 1A       		.byte	0x1a
 935 069c C1030000 		.4byte	0x3c1
 936 06a0 C4       		.byte	0xc4
 937 06a1 0C       		.uleb128 0xc
 938 06a2 5B030000 		.4byte	.LASF71
 939 06a6 06       		.byte	0x6
 940 06a7 61       		.byte	0x61
 941 06a8 0E       		.byte	0xe
 942 06a9 27040000 		.4byte	0x427
 943 06ad E0       		.byte	0xe0
 944 06ae 00       		.byte	0
 945 06af 0A       		.uleb128 0xa
 946 06b0 E6070000 		.4byte	.LASF86
 947 06b4 1C       		.byte	0x1c
 948 06b5 06       		.byte	0x6
 949 06b6 65       		.byte	0x65
 950 06b7 08       		.byte	0x8
 951 06b8 CA060000 		.4byte	0x6ca
 952 06bc 0C       		.uleb128 0xc
 953 06bd A7070000 		.4byte	.LASF87
 954 06c1 06       		.byte	0x6
 955 06c2 66       		.byte	0x66
 956 06c3 0E       		.byte	0xe
 957 06c4 C1030000 		.4byte	0x3c1
 958 06c8 00       		.byte	0
 959 06c9 00       		.byte	0
 960 06ca 0A       		.uleb128 0xa
 961 06cb 20080000 		.4byte	.LASF88
 962 06cf 8C       		.byte	0x8c
 963 06d0 06       		.byte	0x6
 964 06d1 6A       		.byte	0x6a
 965 06d2 08       		.byte	0x8
 966 06d3 19070000 		.4byte	0x719
 967 06d7 0C       		.uleb128 0xc
 968 06d8 CD050000 		.4byte	.LASF89
 969 06dc 06       		.byte	0x6
ARM GAS  /tmp/cc6Db5sf.s 			page 18


 970 06dd 6B       		.byte	0x6b
 971 06de 0E       		.byte	0xe
 972 06df C1030000 		.4byte	0x3c1
 973 06e3 00       		.byte	0
 974 06e4 0C       		.uleb128 0xc
 975 06e5 2E020000 		.4byte	.LASF90
 976 06e9 06       		.byte	0x6
 977 06ea 6B       		.byte	0x6b
 978 06eb 15       		.byte	0x15
 979 06ec C1030000 		.4byte	0x3c1
 980 06f0 1C       		.byte	0x1c
 981 06f1 0C       		.uleb128 0xc
 982 06f2 55030000 		.4byte	.LASF91
 983 06f6 06       		.byte	0x6
 984 06f7 6B       		.byte	0x6b
 985 06f8 1C       		.byte	0x1c
 986 06f9 C1030000 		.4byte	0x3c1
 987 06fd 38       		.byte	0x38
 988 06fe 0C       		.uleb128 0xc
 989 06ff 42020000 		.4byte	.LASF92
 990 0703 06       		.byte	0x6
 991 0704 6B       		.byte	0x6b
 992 0705 23       		.byte	0x23
 993 0706 C1030000 		.4byte	0x3c1
 994 070a 54       		.byte	0x54
 995 070b 0C       		.uleb128 0xc
 996 070c E4030000 		.4byte	.LASF93
 997 0710 06       		.byte	0x6
 998 0711 6B       		.byte	0x6b
 999 0712 2A       		.byte	0x2a
 1000 0713 C1030000 		.4byte	0x3c1
 1001 0717 70       		.byte	0x70
 1002 0718 00       		.byte	0
 1003 0719 0A       		.uleb128 0xa
 1004 071a FB020000 		.4byte	.LASF94
 1005 071e 08       		.byte	0x8
 1006 071f 06       		.byte	0x6
 1007 0720 70       		.byte	0x70
 1008 0721 08       		.byte	0x8
 1009 0722 8F070000 		.4byte	0x78f
 1010 0726 0B       		.uleb128 0xb
 1011 0727 74687200 		.ascii	"thr\000"
 1012 072b 06       		.byte	0x6
 1013 072c 71       		.byte	0x71
 1014 072d 0D       		.byte	0xd
 1015 072e 7D020000 		.4byte	0x27d
 1016 0732 00       		.byte	0
 1017 0733 0C       		.uleb128 0xc
 1018 0734 36010000 		.4byte	.LASF95
 1019 0738 06       		.byte	0x6
 1020 0739 71       		.byte	0x71
 1021 073a 12       		.byte	0x12
 1022 073b 7D020000 		.4byte	0x27d
 1023 073f 01       		.byte	0x1
 1024 0740 0C       		.uleb128 0xc
 1025 0741 CF070000 		.4byte	.LASF96
 1026 0745 06       		.byte	0x6
ARM GAS  /tmp/cc6Db5sf.s 			page 19


 1027 0746 71       		.byte	0x71
 1028 0747 18       		.byte	0x18
 1029 0748 7D020000 		.4byte	0x27d
 1030 074c 02       		.byte	0x2
 1031 074d 0B       		.uleb128 0xb
 1032 074e 79617700 		.ascii	"yaw\000"
 1033 0752 06       		.byte	0x6
 1034 0753 71       		.byte	0x71
 1035 0754 1F       		.byte	0x1f
 1036 0755 7D020000 		.4byte	0x27d
 1037 0759 03       		.byte	0x3
 1038 075a 0B       		.uleb128 0xb
 1039 075b 61726D00 		.ascii	"arm\000"
 1040 075f 06       		.byte	0x6
 1041 0760 71       		.byte	0x71
 1042 0761 24       		.byte	0x24
 1043 0762 7D020000 		.4byte	0x27d
 1044 0766 04       		.byte	0x4
 1045 0767 0C       		.uleb128 0xc
 1046 0768 BC010000 		.4byte	.LASF97
 1047 076c 06       		.byte	0x6
 1048 076d 71       		.byte	0x71
 1049 076e 29       		.byte	0x29
 1050 076f 7D020000 		.4byte	0x27d
 1051 0773 05       		.byte	0x5
 1052 0774 0C       		.uleb128 0xc
 1053 0775 8C040000 		.4byte	.LASF98
 1054 0779 06       		.byte	0x6
 1055 077a 71       		.byte	0x71
 1056 077b 36       		.byte	0x36
 1057 077c 7D020000 		.4byte	0x27d
 1058 0780 06       		.byte	0x6
 1059 0781 0C       		.uleb128 0xc
 1060 0782 E9020000 		.4byte	.LASF99
 1061 0786 06       		.byte	0x6
 1062 0787 71       		.byte	0x71
 1063 0788 43       		.byte	0x43
 1064 0789 7D020000 		.4byte	0x27d
 1065 078d 07       		.byte	0x7
 1066 078e 00       		.byte	0
 1067 078f 0A       		.uleb128 0xa
 1068 0790 F2000000 		.4byte	.LASF100
 1069 0794 50       		.byte	0x50
 1070 0795 06       		.byte	0x6
 1071 0796 87       		.byte	0x87
 1072 0797 08       		.byte	0x8
 1073 0798 2C080000 		.4byte	0x82c
 1074 079c 0C       		.uleb128 0xc
 1075 079d 3F030000 		.4byte	.LASF101
 1076 07a1 06       		.byte	0x6
 1077 07a2 88       		.byte	0x88
 1078 07a3 0D       		.byte	0xd
 1079 07a4 2C080000 		.4byte	0x82c
 1080 07a8 00       		.byte	0
 1081 07a9 0C       		.uleb128 0xc
 1082 07aa 00000000 		.4byte	.LASF102
 1083 07ae 06       		.byte	0x6
ARM GAS  /tmp/cc6Db5sf.s 			page 20


 1084 07af 88       		.byte	0x88
 1085 07b0 1D       		.byte	0x1d
 1086 07b1 2C080000 		.4byte	0x82c
 1087 07b5 10       		.byte	0x10
 1088 07b6 0C       		.uleb128 0xc
 1089 07b7 7D070000 		.4byte	.LASF103
 1090 07bb 06       		.byte	0x6
 1091 07bc 88       		.byte	0x88
 1092 07bd 2E       		.byte	0x2e
 1093 07be 2C080000 		.4byte	0x82c
 1094 07c2 20       		.byte	0x20
 1095 07c3 0C       		.uleb128 0xc
 1096 07c4 72010000 		.4byte	.LASF104
 1097 07c8 06       		.byte	0x6
 1098 07c9 89       		.byte	0x89
 1099 07ca 0D       		.byte	0xd
 1100 07cb 3C080000 		.4byte	0x83c
 1101 07cf 30       		.byte	0x30
 1102 07d0 0C       		.uleb128 0xc
 1103 07d1 2B030000 		.4byte	.LASF105
 1104 07d5 06       		.byte	0x6
 1105 07d6 8A       		.byte	0x8a
 1106 07d7 0D       		.byte	0xd
 1107 07d8 A1020000 		.4byte	0x2a1
 1108 07dc 34       		.byte	0x34
 1109 07dd 0C       		.uleb128 0xc
 1110 07de 08030000 		.4byte	.LASF106
 1111 07e2 06       		.byte	0x6
 1112 07e3 8A       		.byte	0x8a
 1113 07e4 16       		.byte	0x16
 1114 07e5 A1020000 		.4byte	0x2a1
 1115 07e9 38       		.byte	0x38
 1116 07ea 0C       		.uleb128 0xc
 1117 07eb AD040000 		.4byte	.LASF107
 1118 07ef 06       		.byte	0x6
 1119 07f0 8A       		.byte	0x8a
 1120 07f1 20       		.byte	0x20
 1121 07f2 A1020000 		.4byte	0x2a1
 1122 07f6 3C       		.byte	0x3c
 1123 07f7 0C       		.uleb128 0xc
 1124 07f8 EE060000 		.4byte	.LASF108
 1125 07fc 06       		.byte	0x6
 1126 07fd 8B       		.byte	0x8b
 1127 07fe 0D       		.byte	0xd
 1128 07ff 27040000 		.4byte	0x427
 1129 0803 40       		.byte	0x40
 1130 0804 0C       		.uleb128 0xc
 1131 0805 D3050000 		.4byte	.LASF109
 1132 0809 06       		.byte	0x6
 1133 080a 8B       		.byte	0x8b
 1134 080b 18       		.byte	0x18
 1135 080c 27040000 		.4byte	0x427
 1136 0810 44       		.byte	0x44
 1137 0811 0C       		.uleb128 0xc
 1138 0812 24040000 		.4byte	.LASF110
 1139 0816 06       		.byte	0x6
 1140 0817 8B       		.byte	0x8b
ARM GAS  /tmp/cc6Db5sf.s 			page 21


 1141 0818 23       		.byte	0x23
 1142 0819 27040000 		.4byte	0x427
 1143 081d 48       		.byte	0x48
 1144 081e 0C       		.uleb128 0xc
 1145 081f B4030000 		.4byte	.LASF111
 1146 0823 06       		.byte	0x6
 1147 0824 8B       		.byte	0x8b
 1148 0825 32       		.byte	0x32
 1149 0826 27040000 		.4byte	0x427
 1150 082a 4C       		.byte	0x4c
 1151 082b 00       		.byte	0
 1152 082c 0D       		.uleb128 0xd
 1153 082d 27040000 		.4byte	0x427
 1154 0831 3C080000 		.4byte	0x83c
 1155 0835 0E       		.uleb128 0xe
 1156 0836 6A020000 		.4byte	0x26a
 1157 083a 03       		.byte	0x3
 1158 083b 00       		.byte	0
 1159 083c 0D       		.uleb128 0xd
 1160 083d 7D020000 		.4byte	0x27d
 1161 0841 4C080000 		.4byte	0x84c
 1162 0845 0E       		.uleb128 0xe
 1163 0846 6A020000 		.4byte	0x26a
 1164 084a 03       		.byte	0x3
 1165 084b 00       		.byte	0
 1166 084c 0A       		.uleb128 0xa
 1167 084d 50070000 		.4byte	.LASF112
 1168 0851 20       		.byte	0x20
 1169 0852 06       		.byte	0x6
 1170 0853 91       		.byte	0x91
 1171 0854 08       		.byte	0x8
 1172 0855 C2080000 		.4byte	0x8c2
 1173 0859 0C       		.uleb128 0xc
 1174 085a A3020000 		.4byte	.LASF113
 1175 085e 06       		.byte	0x6
 1176 085f 92       		.byte	0x92
 1177 0860 0B       		.byte	0xb
 1178 0861 27040000 		.4byte	0x427
 1179 0865 00       		.byte	0
 1180 0866 0C       		.uleb128 0xc
 1181 0867 D3000000 		.4byte	.LASF114
 1182 086b 06       		.byte	0x6
 1183 086c 93       		.byte	0x93
 1184 086d 0B       		.byte	0xb
 1185 086e 27040000 		.4byte	0x427
 1186 0872 04       		.byte	0x4
 1187 0873 0C       		.uleb128 0xc
 1188 0874 88070000 		.4byte	.LASF115
 1189 0878 06       		.byte	0x6
 1190 0879 93       		.byte	0x93
 1191 087a 15       		.byte	0x15
 1192 087b 27040000 		.4byte	0x427
 1193 087f 08       		.byte	0x8
 1194 0880 0C       		.uleb128 0xc
 1195 0881 91070000 		.4byte	.LASF116
 1196 0885 06       		.byte	0x6
 1197 0886 93       		.byte	0x93
ARM GAS  /tmp/cc6Db5sf.s 			page 22


 1198 0887 1F       		.byte	0x1f
 1199 0888 27040000 		.4byte	0x427
 1200 088c 0C       		.byte	0xc
 1201 088d 0C       		.uleb128 0xc
 1202 088e 50010000 		.4byte	.LASF117
 1203 0892 06       		.byte	0x6
 1204 0893 93       		.byte	0x93
 1205 0894 29       		.byte	0x29
 1206 0895 27040000 		.4byte	0x427
 1207 0899 10       		.byte	0x10
 1208 089a 0C       		.uleb128 0xc
 1209 089b EA030000 		.4byte	.LASF118
 1210 089f 06       		.byte	0x6
 1211 08a0 94       		.byte	0x94
 1212 08a1 0B       		.byte	0xb
 1213 08a2 27040000 		.4byte	0x427
 1214 08a6 14       		.byte	0x14
 1215 08a7 0C       		.uleb128 0xc
 1216 08a8 1B000000 		.4byte	.LASF119
 1217 08ac 06       		.byte	0x6
 1218 08ad 95       		.byte	0x95
 1219 08ae 0B       		.byte	0xb
 1220 08af 27040000 		.4byte	0x427
 1221 08b3 18       		.byte	0x18
 1222 08b4 0C       		.uleb128 0xc
 1223 08b5 D2030000 		.4byte	.LASF120
 1224 08b9 06       		.byte	0x6
 1225 08ba 95       		.byte	0x95
 1226 08bb 18       		.byte	0x18
 1227 08bc 27040000 		.4byte	0x427
 1228 08c0 1C       		.byte	0x1c
 1229 08c1 00       		.byte	0
 1230 08c2 0A       		.uleb128 0xa
 1231 08c3 F6070000 		.4byte	.LASF121
 1232 08c7 03       		.byte	0x3
 1233 08c8 06       		.byte	0x6
 1234 08c9 9C       		.byte	0x9c
 1235 08ca 08       		.byte	0x8
 1236 08cb F7080000 		.4byte	0x8f7
 1237 08cf 0C       		.uleb128 0xc
 1238 08d0 19010000 		.4byte	.LASF122
 1239 08d4 06       		.byte	0x6
 1240 08d5 9D       		.byte	0x9d
 1241 08d6 0A       		.byte	0xa
 1242 08d7 F7080000 		.4byte	0x8f7
 1243 08db 00       		.byte	0
 1244 08dc 0C       		.uleb128 0xc
 1245 08dd A3010000 		.4byte	.LASF123
 1246 08e1 06       		.byte	0x6
 1247 08e2 9E       		.byte	0x9e
 1248 08e3 0A       		.byte	0xa
 1249 08e4 F7080000 		.4byte	0x8f7
 1250 08e8 01       		.byte	0x1
 1251 08e9 0C       		.uleb128 0xc
 1252 08ea 8A000000 		.4byte	.LASF124
 1253 08ee 06       		.byte	0x6
 1254 08ef 9F       		.byte	0x9f
ARM GAS  /tmp/cc6Db5sf.s 			page 23


 1255 08f0 0A       		.byte	0xa
 1256 08f1 F7080000 		.4byte	0x8f7
 1257 08f5 02       		.byte	0x2
 1258 08f6 00       		.byte	0
 1259 08f7 08       		.uleb128 0x8
 1260 08f8 01       		.byte	0x1
 1261 08f9 02       		.byte	0x2
 1262 08fa 48020000 		.4byte	.LASF125
 1263 08fe 0A       		.uleb128 0xa
 1264 08ff BB050000 		.4byte	.LASF126
 1265 0903 02       		.byte	0x2
 1266 0904 06       		.byte	0x6
 1267 0905 A4       		.byte	0xa4
 1268 0906 08       		.byte	0x8
 1269 0907 26090000 		.4byte	0x926
 1270 090b 0C       		.uleb128 0xc
 1271 090c 73050000 		.4byte	.LASF127
 1272 0910 06       		.byte	0x6
 1273 0911 A5       		.byte	0xa5
 1274 0912 0A       		.byte	0xa
 1275 0913 F7080000 		.4byte	0x8f7
 1276 0917 00       		.byte	0
 1277 0918 0C       		.uleb128 0xc
 1278 0919 17020000 		.4byte	.LASF128
 1279 091d 06       		.byte	0x6
 1280 091e A6       		.byte	0xa6
 1281 091f 0A       		.byte	0xa
 1282 0920 F7080000 		.4byte	0x8f7
 1283 0924 01       		.byte	0x1
 1284 0925 00       		.byte	0
 1285 0926 0A       		.uleb128 0xa
 1286 0927 77030000 		.4byte	.LASF129
 1287 092b 0E       		.byte	0xe
 1288 092c 06       		.byte	0x6
 1289 092d AD       		.byte	0xad
 1290 092e 08       		.byte	0x8
 1291 092f EA090000 		.4byte	0x9ea
 1292 0933 0B       		.uleb128 0xb
 1293 0934 61747400 		.ascii	"att\000"
 1294 0938 06       		.byte	0x6
 1295 0939 AE       		.byte	0xae
 1296 093a 0A       		.byte	0xa
 1297 093b F7080000 		.4byte	0x8f7
 1298 093f 00       		.byte	0
 1299 0940 0B       		.uleb128 0xb
 1300 0941 6C696E00 		.ascii	"lin\000"
 1301 0945 06       		.byte	0x6
 1302 0946 AE       		.byte	0xae
 1303 0947 0F       		.byte	0xf
 1304 0948 F7080000 		.4byte	0x8f7
 1305 094c 01       		.byte	0x1
 1306 094d 0C       		.uleb128 0xc
 1307 094e 52000000 		.4byte	.LASF130
 1308 0952 06       		.byte	0x6
 1309 0953 AE       		.byte	0xae
 1310 0954 14       		.byte	0x14
 1311 0955 F7080000 		.4byte	0x8f7
ARM GAS  /tmp/cc6Db5sf.s 			page 24


 1312 0959 02       		.byte	0x2
 1313 095a 0C       		.uleb128 0xc
 1314 095b AE050000 		.4byte	.LASF131
 1315 095f 06       		.byte	0x6
 1316 0960 AE       		.byte	0xae
 1317 0961 1A       		.byte	0x1a
 1318 0962 F7080000 		.4byte	0x8f7
 1319 0966 03       		.byte	0x3
 1320 0967 0C       		.uleb128 0xc
 1321 0968 F5010000 		.4byte	.LASF132
 1322 096c 06       		.byte	0x6
 1323 096d AE       		.byte	0xae
 1324 096e 20       		.byte	0x20
 1325 096f F7080000 		.4byte	0x8f7
 1326 0973 04       		.byte	0x4
 1327 0974 0C       		.uleb128 0xc
 1328 0975 87030000 		.4byte	.LASF133
 1329 0979 06       		.byte	0x6
 1330 097a AE       		.byte	0xae
 1331 097b 26       		.byte	0x26
 1332 097c F7080000 		.4byte	0x8f7
 1333 0980 05       		.byte	0x5
 1334 0981 0C       		.uleb128 0xc
 1335 0982 7A040000 		.4byte	.LASF134
 1336 0986 06       		.byte	0x6
 1337 0987 AE       		.byte	0xae
 1338 0988 2C       		.byte	0x2c
 1339 0989 F7080000 		.4byte	0x8f7
 1340 098d 06       		.byte	0x6
 1341 098e 0C       		.uleb128 0xc
 1342 098f 1B080000 		.4byte	.LASF135
 1343 0993 06       		.byte	0x6
 1344 0994 AE       		.byte	0xae
 1345 0995 32       		.byte	0x32
 1346 0996 F7080000 		.4byte	0x8f7
 1347 099a 07       		.byte	0x7
 1348 099b 0C       		.uleb128 0xc
 1349 099c DD050000 		.4byte	.LASF136
 1350 09a0 06       		.byte	0x6
 1351 09a1 AE       		.byte	0xae
 1352 09a2 38       		.byte	0x38
 1353 09a3 F7080000 		.4byte	0x8f7
 1354 09a7 08       		.byte	0x8
 1355 09a8 0C       		.uleb128 0xc
 1356 09a9 D2010000 		.4byte	.LASF137
 1357 09ad 06       		.byte	0x6
 1358 09ae AE       		.byte	0xae
 1359 09af 3E       		.byte	0x3e
 1360 09b0 F7080000 		.4byte	0x8f7
 1361 09b4 09       		.byte	0x9
 1362 09b5 0C       		.uleb128 0xc
 1363 09b6 ED050000 		.4byte	.LASF138
 1364 09ba 06       		.byte	0x6
 1365 09bb AE       		.byte	0xae
 1366 09bc 44       		.byte	0x44
 1367 09bd F7080000 		.4byte	0x8f7
 1368 09c1 0A       		.byte	0xa
ARM GAS  /tmp/cc6Db5sf.s 			page 25


 1369 09c2 0C       		.uleb128 0xc
 1370 09c3 30080000 		.4byte	.LASF139
 1371 09c7 06       		.byte	0x6
 1372 09c8 AE       		.byte	0xae
 1373 09c9 4A       		.byte	0x4a
 1374 09ca F7080000 		.4byte	0x8f7
 1375 09ce 0B       		.byte	0xb
 1376 09cf 0C       		.uleb128 0xc
 1377 09d0 32040000 		.4byte	.LASF140
 1378 09d4 06       		.byte	0x6
 1379 09d5 AE       		.byte	0xae
 1380 09d6 50       		.byte	0x50
 1381 09d7 F7080000 		.4byte	0x8f7
 1382 09db 0C       		.byte	0xc
 1383 09dc 0C       		.uleb128 0xc
 1384 09dd 13010000 		.4byte	.LASF141
 1385 09e1 06       		.byte	0x6
 1386 09e2 AE       		.byte	0xae
 1387 09e3 56       		.byte	0x56
 1388 09e4 F7080000 		.4byte	0x8f7
 1389 09e8 0D       		.byte	0xd
 1390 09e9 00       		.byte	0
 1391 09ea 0A       		.uleb128 0xa
 1392 09eb 3C070000 		.4byte	.LASF142
 1393 09ef 14       		.byte	0x14
 1394 09f0 06       		.byte	0x6
 1395 09f1 B1       		.byte	0xb1
 1396 09f2 08       		.byte	0x8
 1397 09f3 120A0000 		.4byte	0xa12
 1398 09f7 0C       		.uleb128 0xc
 1399 09f8 A1040000 		.4byte	.LASF143
 1400 09fc 06       		.byte	0x6
 1401 09fd B2       		.byte	0xb2
 1402 09fe 15       		.byte	0x15
 1403 09ff 27040000 		.4byte	0x427
 1404 0a03 00       		.byte	0
 1405 0a04 0C       		.uleb128 0xc
 1406 0a05 2F010000 		.4byte	.LASF144
 1407 0a09 06       		.byte	0x6
 1408 0a0a B3       		.byte	0xb3
 1409 0a0b 15       		.byte	0x15
 1410 0a0c 26090000 		.4byte	0x926
 1411 0a10 04       		.byte	0x4
 1412 0a11 00       		.byte	0
 1413 0a12 0F       		.uleb128 0xf
 1414 0a13 CF020000 		.4byte	.LASF145
 1415 0a17 7804     		.2byte	0x478
 1416 0a19 06       		.byte	0x6
 1417 0a1a B6       		.byte	0xb6
 1418 0a1b 08       		.byte	0x8
 1419 0a1c C70A0000 		.4byte	0xac7
 1420 0a20 0B       		.uleb128 0xb
 1421 0a21 70696400 		.ascii	"pid\000"
 1422 0a25 06       		.byte	0x6
 1423 0a26 B7       		.byte	0xb7
 1424 0a27 17       		.byte	0x17
 1425 0a28 2E040000 		.4byte	0x42e
ARM GAS  /tmp/cc6Db5sf.s 			page 26


 1426 0a2c 00       		.byte	0
 1427 0a2d 0C       		.uleb128 0xc
 1428 0a2e D2010000 		.4byte	.LASF137
 1429 0a32 06       		.byte	0x6
 1430 0a33 B8       		.byte	0xb8
 1431 0a34 17       		.byte	0x17
 1432 0a35 97040000 		.4byte	0x497
 1433 0a39 AC       		.byte	0xac
 1434 0a3a 10       		.uleb128 0x10
 1435 0a3b 7C010000 		.4byte	.LASF146
 1436 0a3f 06       		.byte	0x6
 1437 0a40 B9       		.byte	0xb9
 1438 0a41 1B       		.byte	0x1b
 1439 0a42 4E050000 		.4byte	0x54e
 1440 0a46 7001     		.2byte	0x170
 1441 0a48 10       		.uleb128 0x10
 1442 0a49 24030000 		.4byte	.LASF147
 1443 0a4d 06       		.byte	0x6
 1444 0a4e BA       		.byte	0xba
 1445 0a4f 18       		.byte	0x18
 1446 0a50 2C060000 		.4byte	0x62c
 1447 0a54 5802     		.2byte	0x258
 1448 0a56 11       		.uleb128 0x11
 1449 0a57 616C7400 		.ascii	"alt\000"
 1450 0a5b 06       		.byte	0x6
 1451 0a5c BB       		.byte	0xbb
 1452 0a5d 17       		.byte	0x17
 1453 0a5e AF060000 		.4byte	0x6af
 1454 0a62 3C03     		.2byte	0x33c
 1455 0a64 11       		.uleb128 0x11
 1456 0a65 706F7300 		.ascii	"pos\000"
 1457 0a69 06       		.byte	0x6
 1458 0a6a BC       		.byte	0xbc
 1459 0a6b 17       		.byte	0x17
 1460 0a6c CA060000 		.4byte	0x6ca
 1461 0a70 5803     		.2byte	0x358
 1462 0a72 10       		.uleb128 0x10
 1463 0a73 03010000 		.4byte	.LASF148
 1464 0a77 06       		.byte	0x6
 1465 0a78 BD       		.byte	0xbd
 1466 0a79 17       		.byte	0x17
 1467 0a7a 19070000 		.4byte	0x719
 1468 0a7e E403     		.2byte	0x3e4
 1469 0a80 10       		.uleb128 0x10
 1470 0a81 4A070000 		.4byte	.LASF149
 1471 0a85 06       		.byte	0x6
 1472 0a86 BE       		.byte	0xbe
 1473 0a87 17       		.byte	0x17
 1474 0a88 8F070000 		.4byte	0x78f
 1475 0a8c EC03     		.2byte	0x3ec
 1476 0a8e 10       		.uleb128 0x10
 1477 0a8f A3030000 		.4byte	.LASF150
 1478 0a93 06       		.byte	0x6
 1479 0a94 BF       		.byte	0xbf
 1480 0a95 17       		.byte	0x17
 1481 0a96 4C080000 		.4byte	0x84c
 1482 0a9a 3C04     		.2byte	0x43c
ARM GAS  /tmp/cc6Db5sf.s 			page 27


 1483 0a9c 10       		.uleb128 0x10
 1484 0a9d 18070000 		.4byte	.LASF151
 1485 0aa1 06       		.byte	0x6
 1486 0aa2 C0       		.byte	0xc0
 1487 0aa3 17       		.byte	0x17
 1488 0aa4 C2080000 		.4byte	0x8c2
 1489 0aa8 5C04     		.2byte	0x45c
 1490 0aaa 10       		.uleb128 0x10
 1491 0aab 97030000 		.4byte	.LASF152
 1492 0aaf 06       		.byte	0x6
 1493 0ab0 C1       		.byte	0xc1
 1494 0ab1 17       		.byte	0x17
 1495 0ab2 FE080000 		.4byte	0x8fe
 1496 0ab6 5F04     		.2byte	0x45f
 1497 0ab8 10       		.uleb128 0x10
 1498 0ab9 39050000 		.4byte	.LASF153
 1499 0abd 06       		.byte	0x6
 1500 0abe C2       		.byte	0xc2
 1501 0abf 17       		.byte	0x17
 1502 0ac0 EA090000 		.4byte	0x9ea
 1503 0ac4 6404     		.2byte	0x464
 1504 0ac6 00       		.byte	0
 1505 0ac7 12       		.uleb128 0x12
 1506 0ac8 120A0000 		.4byte	0xa12
 1507 0acc 13       		.uleb128 0x13
 1508 0acd B5040000 		.4byte	.LASF158
 1509 0ad1 06       		.byte	0x6
 1510 0ad2 C5       		.byte	0xc5
 1511 0ad3 1A       		.byte	0x1a
 1512 0ad4 C70A0000 		.4byte	0xac7
 1513 0ad8 14       		.uleb128 0x14
 1514 0ad9 CC0A0000 		.4byte	0xacc
 1515 0add 08       		.byte	0x8
 1516 0ade 10       		.byte	0x10
 1517 0adf 13       		.byte	0x13
 1518 0ae0 00       		.byte	0
 1519              		.section	.gnu.debuglto_.debug_abbrev,"e",%progbits
 1520              	.Ldebug_abbrev0:
 1521 0000 01       		.uleb128 0x1
 1522 0001 11       		.uleb128 0x11
 1523 0002 01       		.byte	0x1
 1524 0003 25       		.uleb128 0x25
 1525 0004 0E       		.uleb128 0xe
 1526 0005 13       		.uleb128 0x13
 1527 0006 0B       		.uleb128 0xb
 1528 0007 03       		.uleb128 0x3
 1529 0008 0E       		.uleb128 0xe
 1530 0009 1B       		.uleb128 0x1b
 1531 000a 0E       		.uleb128 0xe
 1532 000b 10       		.uleb128 0x10
 1533 000c 17       		.uleb128 0x17
 1534 000d 00       		.byte	0
 1535 000e 00       		.byte	0
 1536 000f 02       		.uleb128 0x2
 1537 0010 39       		.uleb128 0x39
 1538 0011 01       		.byte	0x1
 1539 0012 03       		.uleb128 0x3
ARM GAS  /tmp/cc6Db5sf.s 			page 28


 1540 0013 08       		.uleb128 0x8
 1541 0014 3A       		.uleb128 0x3a
 1542 0015 0B       		.uleb128 0xb
 1543 0016 3B       		.uleb128 0x3b
 1544 0017 0B       		.uleb128 0xb
 1545 0018 01       		.uleb128 0x1
 1546 0019 13       		.uleb128 0x13
 1547 001a 00       		.byte	0
 1548 001b 00       		.byte	0
 1549 001c 03       		.uleb128 0x3
 1550 001d 39       		.uleb128 0x39
 1551 001e 00       		.byte	0
 1552 001f 03       		.uleb128 0x3
 1553 0020 0E       		.uleb128 0xe
 1554 0021 3A       		.uleb128 0x3a
 1555 0022 0B       		.uleb128 0xb
 1556 0023 3B       		.uleb128 0x3b
 1557 0024 05       		.uleb128 0x5
 1558 0025 39       		.uleb128 0x39
 1559 0026 0B       		.uleb128 0xb
 1560 0027 8901     		.uleb128 0x89
 1561 0029 19       		.uleb128 0x19
 1562 002a 00       		.byte	0
 1563 002b 00       		.byte	0
 1564 002c 04       		.uleb128 0x4
 1565 002d 3A       		.uleb128 0x3a
 1566 002e 00       		.byte	0
 1567 002f 3A       		.uleb128 0x3a
 1568 0030 0B       		.uleb128 0xb
 1569 0031 3B       		.uleb128 0x3b
 1570 0032 05       		.uleb128 0x5
 1571 0033 39       		.uleb128 0x39
 1572 0034 0B       		.uleb128 0xb
 1573 0035 18       		.uleb128 0x18
 1574 0036 13       		.uleb128 0x13
 1575 0037 00       		.byte	0
 1576 0038 00       		.byte	0
 1577 0039 05       		.uleb128 0x5
 1578 003a 08       		.uleb128 0x8
 1579 003b 00       		.byte	0
 1580 003c 3A       		.uleb128 0x3a
 1581 003d 0B       		.uleb128 0xb
 1582 003e 3B       		.uleb128 0x3b
 1583 003f 0B       		.uleb128 0xb
 1584 0040 39       		.uleb128 0x39
 1585 0041 0B       		.uleb128 0xb
 1586 0042 18       		.uleb128 0x18
 1587 0043 13       		.uleb128 0x13
 1588 0044 00       		.byte	0
 1589 0045 00       		.byte	0
 1590 0046 06       		.uleb128 0x6
 1591 0047 39       		.uleb128 0x39
 1592 0048 01       		.byte	0x1
 1593 0049 03       		.uleb128 0x3
 1594 004a 0E       		.uleb128 0xe
 1595 004b 3A       		.uleb128 0x3a
 1596 004c 0B       		.uleb128 0xb
ARM GAS  /tmp/cc6Db5sf.s 			page 29


 1597 004d 3B       		.uleb128 0x3b
 1598 004e 05       		.uleb128 0x5
 1599 004f 39       		.uleb128 0x39
 1600 0050 0B       		.uleb128 0xb
 1601 0051 01       		.uleb128 0x1
 1602 0052 13       		.uleb128 0x13
 1603 0053 00       		.byte	0
 1604 0054 00       		.byte	0
 1605 0055 07       		.uleb128 0x7
 1606 0056 16       		.uleb128 0x16
 1607 0057 00       		.byte	0
 1608 0058 03       		.uleb128 0x3
 1609 0059 0E       		.uleb128 0xe
 1610 005a 3A       		.uleb128 0x3a
 1611 005b 0B       		.uleb128 0xb
 1612 005c 3B       		.uleb128 0x3b
 1613 005d 0B       		.uleb128 0xb
 1614 005e 39       		.uleb128 0x39
 1615 005f 0B       		.uleb128 0xb
 1616 0060 49       		.uleb128 0x49
 1617 0061 13       		.uleb128 0x13
 1618 0062 00       		.byte	0
 1619 0063 00       		.byte	0
 1620 0064 08       		.uleb128 0x8
 1621 0065 24       		.uleb128 0x24
 1622 0066 00       		.byte	0
 1623 0067 0B       		.uleb128 0xb
 1624 0068 0B       		.uleb128 0xb
 1625 0069 3E       		.uleb128 0x3e
 1626 006a 0B       		.uleb128 0xb
 1627 006b 03       		.uleb128 0x3
 1628 006c 0E       		.uleb128 0xe
 1629 006d 00       		.byte	0
 1630 006e 00       		.byte	0
 1631 006f 09       		.uleb128 0x9
 1632 0070 24       		.uleb128 0x24
 1633 0071 00       		.byte	0
 1634 0072 0B       		.uleb128 0xb
 1635 0073 0B       		.uleb128 0xb
 1636 0074 3E       		.uleb128 0x3e
 1637 0075 0B       		.uleb128 0xb
 1638 0076 03       		.uleb128 0x3
 1639 0077 08       		.uleb128 0x8
 1640 0078 00       		.byte	0
 1641 0079 00       		.byte	0
 1642 007a 0A       		.uleb128 0xa
 1643 007b 13       		.uleb128 0x13
 1644 007c 01       		.byte	0x1
 1645 007d 03       		.uleb128 0x3
 1646 007e 0E       		.uleb128 0xe
 1647 007f 0B       		.uleb128 0xb
 1648 0080 0B       		.uleb128 0xb
 1649 0081 3A       		.uleb128 0x3a
 1650 0082 0B       		.uleb128 0xb
 1651 0083 3B       		.uleb128 0x3b
 1652 0084 0B       		.uleb128 0xb
 1653 0085 39       		.uleb128 0x39
ARM GAS  /tmp/cc6Db5sf.s 			page 30


 1654 0086 0B       		.uleb128 0xb
 1655 0087 01       		.uleb128 0x1
 1656 0088 13       		.uleb128 0x13
 1657 0089 00       		.byte	0
 1658 008a 00       		.byte	0
 1659 008b 0B       		.uleb128 0xb
 1660 008c 0D       		.uleb128 0xd
 1661 008d 00       		.byte	0
 1662 008e 03       		.uleb128 0x3
 1663 008f 08       		.uleb128 0x8
 1664 0090 3A       		.uleb128 0x3a
 1665 0091 0B       		.uleb128 0xb
 1666 0092 3B       		.uleb128 0x3b
 1667 0093 0B       		.uleb128 0xb
 1668 0094 39       		.uleb128 0x39
 1669 0095 0B       		.uleb128 0xb
 1670 0096 49       		.uleb128 0x49
 1671 0097 13       		.uleb128 0x13
 1672 0098 38       		.uleb128 0x38
 1673 0099 0B       		.uleb128 0xb
 1674 009a 00       		.byte	0
 1675 009b 00       		.byte	0
 1676 009c 0C       		.uleb128 0xc
 1677 009d 0D       		.uleb128 0xd
 1678 009e 00       		.byte	0
 1679 009f 03       		.uleb128 0x3
 1680 00a0 0E       		.uleb128 0xe
 1681 00a1 3A       		.uleb128 0x3a
 1682 00a2 0B       		.uleb128 0xb
 1683 00a3 3B       		.uleb128 0x3b
 1684 00a4 0B       		.uleb128 0xb
 1685 00a5 39       		.uleb128 0x39
 1686 00a6 0B       		.uleb128 0xb
 1687 00a7 49       		.uleb128 0x49
 1688 00a8 13       		.uleb128 0x13
 1689 00a9 38       		.uleb128 0x38
 1690 00aa 0B       		.uleb128 0xb
 1691 00ab 00       		.byte	0
 1692 00ac 00       		.byte	0
 1693 00ad 0D       		.uleb128 0xd
 1694 00ae 01       		.uleb128 0x1
 1695 00af 01       		.byte	0x1
 1696 00b0 49       		.uleb128 0x49
 1697 00b1 13       		.uleb128 0x13
 1698 00b2 01       		.uleb128 0x1
 1699 00b3 13       		.uleb128 0x13
 1700 00b4 00       		.byte	0
 1701 00b5 00       		.byte	0
 1702 00b6 0E       		.uleb128 0xe
 1703 00b7 21       		.uleb128 0x21
 1704 00b8 00       		.byte	0
 1705 00b9 49       		.uleb128 0x49
 1706 00ba 13       		.uleb128 0x13
 1707 00bb 2F       		.uleb128 0x2f
 1708 00bc 0B       		.uleb128 0xb
 1709 00bd 00       		.byte	0
 1710 00be 00       		.byte	0
ARM GAS  /tmp/cc6Db5sf.s 			page 31


 1711 00bf 0F       		.uleb128 0xf
 1712 00c0 13       		.uleb128 0x13
 1713 00c1 01       		.byte	0x1
 1714 00c2 03       		.uleb128 0x3
 1715 00c3 0E       		.uleb128 0xe
 1716 00c4 0B       		.uleb128 0xb
 1717 00c5 05       		.uleb128 0x5
 1718 00c6 3A       		.uleb128 0x3a
 1719 00c7 0B       		.uleb128 0xb
 1720 00c8 3B       		.uleb128 0x3b
 1721 00c9 0B       		.uleb128 0xb
 1722 00ca 39       		.uleb128 0x39
 1723 00cb 0B       		.uleb128 0xb
 1724 00cc 01       		.uleb128 0x1
 1725 00cd 13       		.uleb128 0x13
 1726 00ce 00       		.byte	0
 1727 00cf 00       		.byte	0
 1728 00d0 10       		.uleb128 0x10
 1729 00d1 0D       		.uleb128 0xd
 1730 00d2 00       		.byte	0
 1731 00d3 03       		.uleb128 0x3
 1732 00d4 0E       		.uleb128 0xe
 1733 00d5 3A       		.uleb128 0x3a
 1734 00d6 0B       		.uleb128 0xb
 1735 00d7 3B       		.uleb128 0x3b
 1736 00d8 0B       		.uleb128 0xb
 1737 00d9 39       		.uleb128 0x39
 1738 00da 0B       		.uleb128 0xb
 1739 00db 49       		.uleb128 0x49
 1740 00dc 13       		.uleb128 0x13
 1741 00dd 38       		.uleb128 0x38
 1742 00de 05       		.uleb128 0x5
 1743 00df 00       		.byte	0
 1744 00e0 00       		.byte	0
 1745 00e1 11       		.uleb128 0x11
 1746 00e2 0D       		.uleb128 0xd
 1747 00e3 00       		.byte	0
 1748 00e4 03       		.uleb128 0x3
 1749 00e5 08       		.uleb128 0x8
 1750 00e6 3A       		.uleb128 0x3a
 1751 00e7 0B       		.uleb128 0xb
 1752 00e8 3B       		.uleb128 0x3b
 1753 00e9 0B       		.uleb128 0xb
 1754 00ea 39       		.uleb128 0x39
 1755 00eb 0B       		.uleb128 0xb
 1756 00ec 49       		.uleb128 0x49
 1757 00ed 13       		.uleb128 0x13
 1758 00ee 38       		.uleb128 0x38
 1759 00ef 05       		.uleb128 0x5
 1760 00f0 00       		.byte	0
 1761 00f1 00       		.byte	0
 1762 00f2 12       		.uleb128 0x12
 1763 00f3 26       		.uleb128 0x26
 1764 00f4 00       		.byte	0
 1765 00f5 49       		.uleb128 0x49
 1766 00f6 13       		.uleb128 0x13
 1767 00f7 00       		.byte	0
ARM GAS  /tmp/cc6Db5sf.s 			page 32


 1768 00f8 00       		.byte	0
 1769 00f9 13       		.uleb128 0x13
 1770 00fa 34       		.uleb128 0x34
 1771 00fb 00       		.byte	0
 1772 00fc 03       		.uleb128 0x3
 1773 00fd 0E       		.uleb128 0xe
 1774 00fe 3A       		.uleb128 0x3a
 1775 00ff 0B       		.uleb128 0xb
 1776 0100 3B       		.uleb128 0x3b
 1777 0101 0B       		.uleb128 0xb
 1778 0102 39       		.uleb128 0x39
 1779 0103 0B       		.uleb128 0xb
 1780 0104 49       		.uleb128 0x49
 1781 0105 13       		.uleb128 0x13
 1782 0106 3F       		.uleb128 0x3f
 1783 0107 19       		.uleb128 0x19
 1784 0108 3C       		.uleb128 0x3c
 1785 0109 19       		.uleb128 0x19
 1786 010a 00       		.byte	0
 1787 010b 00       		.byte	0
 1788 010c 14       		.uleb128 0x14
 1789 010d 34       		.uleb128 0x34
 1790 010e 00       		.byte	0
 1791 010f 47       		.uleb128 0x47
 1792 0110 13       		.uleb128 0x13
 1793 0111 3A       		.uleb128 0x3a
 1794 0112 0B       		.uleb128 0xb
 1795 0113 3B       		.uleb128 0x3b
 1796 0114 0B       		.uleb128 0xb
 1797 0115 39       		.uleb128 0x39
 1798 0116 0B       		.uleb128 0xb
 1799 0117 00       		.byte	0
 1800 0118 00       		.byte	0
 1801 0119 00       		.byte	0
 1802              		.section	.gnu.debuglto_.debug_line,"e",%progbits
 1803              	.Ldebug_line0:
 1804 0000 2C020000 		.4byte	.LELT0-.LSLT0
 1805              	.LSLT0:
 1806 0004 0400     		.2byte	0x4
 1807 0006 26020000 		.4byte	.LELTP0-.LASLTP0
 1808              	.LASLTP0:
 1809 000a 01       		.byte	0x1
 1810 000b 01       		.byte	0x1
 1811 000c 01       		.byte	0x1
 1812 000d F6       		.byte	0xf6
 1813 000e F2       		.byte	0xf2
 1814 000f 0D       		.byte	0xd
 1815 0010 00       		.byte	0
 1816 0011 01       		.byte	0x1
 1817 0012 01       		.byte	0x1
 1818 0013 01       		.byte	0x1
 1819 0014 01       		.byte	0x1
 1820 0015 00       		.byte	0
 1821 0016 00       		.byte	0
 1822 0017 00       		.byte	0
 1823 0018 01       		.byte	0x1
 1824 0019 00       		.byte	0
ARM GAS  /tmp/cc6Db5sf.s 			page 33


 1825 001a 00       		.byte	0
 1826 001b 01       		.byte	0x1
 1827 001c 636F6E66 		.ascii	"configs/Drone1"
 1827      6967732F 
 1827      44726F6E 
 1827      6531
 1828 002a 00       		.byte	0
 1829 002b 636F6E66 		.ascii	"configs"
 1829      696773
 1830 0032 00       		.byte	0
 1831 0033 2F6F7074 		.ascii	"/opt/gcc-arm-none-eabi-10-2020-q4-major/arm-none-ea"
 1831      2F676363 
 1831      2D61726D 
 1831      2D6E6F6E 
 1831      652D6561 
 1832 0066 62692F69 		.ascii	"bi/include/c++/10.2.1/arm-none-eabi/thumb/v7e-m+dp/"
 1832      6E636C75 
 1832      64652F63 
 1832      2B2B2F31 
 1832      302E322E 
 1833 0099 68617264 		.ascii	"hard/bits"
 1833      2F626974 
 1833      73
 1834 00a2 00       		.byte	0
 1835 00a3 2F6F7074 		.ascii	"/opt/gcc-arm-none-eabi-10-2020-q4-major/arm-none-ea"
 1835      2F676363 
 1835      2D61726D 
 1835      2D6E6F6E 
 1835      652D6561 
 1836 00d6 62692F69 		.ascii	"bi/include/c++/10.2.1"
 1836      6E636C75 
 1836      64652F63 
 1836      2B2B2F31 
 1836      302E322E 
 1837 00eb 00       		.byte	0
 1838 00ec 2F6F7074 		.ascii	"/opt/gcc-arm-none-eabi-10-2020-q4-major/arm-none-ea"
 1838      2F676363 
 1838      2D61726D 
 1838      2D6E6F6E 
 1838      652D6561 
 1839 011f 62692F69 		.ascii	"bi/include/machine"
 1839      6E636C75 
 1839      64652F6D 
 1839      61636869 
 1839      6E65
 1840 0131 00       		.byte	0
 1841 0132 2F6F7074 		.ascii	"/opt/gcc-arm-none-eabi-10-2020-q4-major/arm-none-ea"
 1841      2F676363 
 1841      2D61726D 
 1841      2D6E6F6E 
 1841      652D6561 
 1842 0165 62692F69 		.ascii	"bi/include/sys"
 1842      6E636C75 
 1842      64652F73 
 1842      7973
 1843 0173 00       		.byte	0
 1844 0174 2F6F7074 		.ascii	"/opt/gcc-arm-none-eabi-10-2020-q4-major/arm-none-ea"
ARM GAS  /tmp/cc6Db5sf.s 			page 34


 1844      2F676363 
 1844      2D61726D 
 1844      2D6E6F6E 
 1844      652D6561 
 1845 01a7 62692F69 		.ascii	"bi/include"
 1845      6E636C75 
 1845      6465
 1846 01b1 00       		.byte	0
 1847 01b2 00       		.byte	0
 1848 01b3 63737464 		.ascii	"cstdint\000"
 1848      696E7400 
 1849 01bb 04       		.uleb128 0x4
 1850 01bc 00       		.uleb128 0
 1851 01bd 00       		.uleb128 0
 1852 01be 632B2B63 		.ascii	"c++config.h\000"
 1852      6F6E6669 
 1852      672E6800 
 1853 01ca 03       		.uleb128 0x3
 1854 01cb 00       		.uleb128 0
 1855 01cc 00       		.uleb128 0
 1856 01cd 5F646566 		.ascii	"_default_types.h\000"
 1856      61756C74 
 1856      5F747970 
 1856      65732E68 
 1856      00
 1857 01de 05       		.uleb128 0x5
 1858 01df 00       		.uleb128 0
 1859 01e0 00       		.uleb128 0
 1860 01e1 5F737464 		.ascii	"_stdint.h\000"
 1860      696E742E 
 1860      6800
 1861 01eb 06       		.uleb128 0x6
 1862 01ec 00       		.uleb128 0
 1863 01ed 00       		.uleb128 0
 1864 01ee 73746469 		.ascii	"stdint.h\000"
 1864      6E742E68 
 1864      00
 1865 01f7 07       		.uleb128 0x7
 1866 01f8 00       		.uleb128 0
 1867 01f9 00       		.uleb128 0
 1868 01fa 44726F6E 		.ascii	"DroneConfig.hpp\000"
 1868      65436F6E 
 1868      6669672E 
 1868      68707000 
 1869 020a 02       		.uleb128 0x2
 1870 020b 00       		.uleb128 0
 1871 020c 00       		.uleb128 0
 1872 020d 3C627569 		.ascii	"<built-in>\000"
 1872      6C742D69 
 1872      6E3E00
 1873 0218 00       		.uleb128 0
 1874 0219 00       		.uleb128 0
 1875 021a 00       		.uleb128 0
 1876 021b 64726F6E 		.ascii	"drone_config.cpp\000"
 1876      655F636F 
 1876      6E666967 
 1876      2E637070 
ARM GAS  /tmp/cc6Db5sf.s 			page 35


 1876      00
 1877 022c 01       		.uleb128 0x1
 1878 022d 00       		.uleb128 0
 1879 022e 00       		.uleb128 0
 1880 022f 00       		.byte	0
 1881              	.LELTP0:
 1882              	.LELT0:
 1883              		.section	.gnu.debuglto_.debug_str,"eMS",%progbits,1
 1884              	.LASF102:
 1885 0000 70697463 		.ascii	"pitch_factor\000"
 1885      685F6661 
 1885      63746F72 
 1885      00
 1886              	.LASF60:
 1887 000d 66696C74 		.ascii	"filt_error_hz\000"
 1887      5F657272 
 1887      6F725F68 
 1887      7A00
 1888              	.LASF119:
 1889 001b 72706D5F 		.ascii	"rpm_filt_hz\000"
 1889      66696C74 
 1889      5F687A00 
 1890              	.LASF65:
 1891 0027 726F6C6C 		.ascii	"roll_att\000"
 1891      5F617474 
 1891      00
 1892              	.LASF84:
 1893 0030 41747469 		.ascii	"AttitudePidPiGains\000"
 1893      74756465 
 1893      50696450 
 1893      69476169 
 1893      6E7300
 1894              	.LASF17:
 1895 0043 5F5F696E 		.ascii	"__int_least8_t\000"
 1895      745F6C65 
 1895      61737438 
 1895      5F7400
 1896              	.LASF130:
 1897 0052 7263696E 		.ascii	"rcin\000"
 1897      00
 1898              	.LASF75:
 1899 0057 696E6469 		.ascii	"indi_output_gain_roll\000"
 1899      5F6F7574 
 1899      7075745F 
 1899      6761696E 
 1899      5F726F6C 
 1900              	.LASF82:
 1901 006d 67325F73 		.ascii	"g2_seed_roll\000"
 1901      6565645F 
 1901      726F6C6C 
 1901      00
 1902              	.LASF30:
 1903 007a 696E7438 		.ascii	"int8_t\000"
 1903      5F7400
 1904              	.LASF69:
 1905 0081 7961775F 		.ascii	"yaw_rate\000"
 1905      72617465 
ARM GAS  /tmp/cc6Db5sf.s 			page 36


 1905      00
 1906              	.LASF124:
 1907 008a 6861735F 		.ascii	"has_mocap_link\000"
 1907      6D6F6361 
 1907      705F6C69 
 1907      6E6B00
 1908              	.LASF155:
 1909 0099 636F6E66 		.ascii	"configs/Drone1/drone_config.cpp\000"
 1909      6967732F 
 1909      44726F6E 
 1909      65312F64 
 1909      726F6E65 
 1910              	.LASF37:
 1911 00b9 75696E74 		.ascii	"uint64_t\000"
 1911      36345F74 
 1911      00
 1912              	.LASF64:
 1913 00c2 41747469 		.ascii	"AttitudePidGains\000"
 1913      74756465 
 1913      50696447 
 1913      61696E73 
 1913      00
 1914              	.LASF114:
 1915 00d3 6D6F746F 		.ascii	"motor_c0\000"
 1915      725F6330 
 1915      00
 1916              	.LASF6:
 1917 00dc 73686F72 		.ascii	"short int\000"
 1917      7420696E 
 1917      7400
 1918              	.LASF26:
 1919 00e6 5F5F7569 		.ascii	"__uintmax_t\000"
 1919      6E746D61 
 1919      785F7400 
 1920              	.LASF100:
 1921 00f2 4D6F746F 		.ascii	"MotorMixerConfig\000"
 1921      724D6978 
 1921      6572436F 
 1921      6E666967 
 1921      00
 1922              	.LASF148:
 1923 0103 72635F6D 		.ascii	"rc_map\000"
 1923      617000
 1924              	.LASF40:
 1925 010a 696E7470 		.ascii	"intptr_t\000"
 1925      74725F74 
 1925      00
 1926              	.LASF141:
 1927 0113 696E6469 		.ascii	"indij\000"
 1927      6A00
 1928              	.LASF122:
 1929 0119 6861735F 		.ascii	"has_baro\000"
 1929      6261726F 
 1929      00
 1930              	.LASF56:
 1931 0122 696E745F 		.ascii	"int_fast64_t\000"
 1931      66617374 
ARM GAS  /tmp/cc6Db5sf.s 			page 37


 1931      36345F74 
 1931      00
 1932              	.LASF144:
 1933 012f 656E6162 		.ascii	"enable\000"
 1933      6C6500
 1934              	.LASF95:
 1935 0136 726F6C6C 		.ascii	"roll\000"
 1935      00
 1936              	.LASF61:
 1937 013b 66696C74 		.ascii	"filt_d_hz\000"
 1937      5F645F68 
 1937      7A00
 1938              	.LASF11:
 1939 0145 5F5F7569 		.ascii	"__uint32_t\000"
 1939      6E743332 
 1939      5F7400
 1940              	.LASF117:
 1941 0150 6D6F746F 		.ascii	"motor_c3\000"
 1941      725F6333 
 1941      00
 1942              	.LASF74:
 1943 0159 67315F73 		.ascii	"g1_seed_pitch\000"
 1943      6565645F 
 1943      70697463 
 1943      6800
 1944              	.LASF7:
 1945 0167 5F5F7569 		.ascii	"__uint16_t\000"
 1945      6E743136 
 1945      5F7400
 1946              	.LASF104:
 1947 0172 6D6F746F 		.ascii	"motor_map\000"
 1947      725F6D61 
 1947      7000
 1948              	.LASF146:
 1949 017c 696E6469 		.ascii	"indi_jerk\000"
 1949      5F6A6572 
 1949      6B00
 1950              	.LASF49:
 1951 0186 75696E74 		.ascii	"uint_least64_t\000"
 1951      5F6C6561 
 1951      73743634 
 1951      5F7400
 1952              	.LASF57:
 1953 0195 75696E74 		.ascii	"uint_fast64_t\000"
 1953      5F666173 
 1953      7436345F 
 1953      7400
 1954              	.LASF123:
 1955 01a3 6861735F 		.ascii	"has_can_imx5_ins\000"
 1955      63616E5F 
 1955      696D7835 
 1955      5F696E73 
 1955      00
 1956              	.LASF36:
 1957 01b4 696E7436 		.ascii	"int64_t\000"
 1957      345F7400 
 1958              	.LASF97:
ARM GAS  /tmp/cc6Db5sf.s 			page 38


 1959 01bc 666C6967 		.ascii	"flight_mode\000"
 1959      68745F6D 
 1959      6F646500 
 1960              	.LASF67:
 1961 01c8 726F6C6C 		.ascii	"roll_rate\000"
 1961      5F726174 
 1961      6500
 1962              	.LASF137:
 1963 01d2 696E6469 		.ascii	"indi\000"
 1963      00
 1964              	.LASF83:
 1965 01d7 6A65726B 		.ascii	"jerk_output_gain_roll\000"
 1965      5F6F7574 
 1965      7075745F 
 1965      6761696E 
 1965      5F726F6C 
 1966              	.LASF31:
 1967 01ed 75696E74 		.ascii	"uint8_t\000"
 1967      385F7400 
 1968              	.LASF132:
 1969 01f5 72706D73 		.ascii	"rpms\000"
 1969      00
 1970              	.LASF27:
 1971 01fa 5F5F696E 		.ascii	"__intptr_t\000"
 1971      74707472 
 1971      5F7400
 1972              	.LASF72:
 1973 0205 41747469 		.ascii	"AttitudeIndiGains\000"
 1973      74756465 
 1973      496E6469 
 1973      4761696E 
 1973      7300
 1974              	.LASF128:
 1975 0217 6A65726B 		.ascii	"jerk_enabled\000"
 1975      5F656E61 
 1975      626C6564 
 1975      00
 1976              	.LASF41:
 1977 0224 75696E74 		.ascii	"uintptr_t\000"
 1977      7074725F 
 1977      7400
 1978              	.LASF90:
 1979 022e 706F735F 		.ascii	"pos_E\000"
 1979      4500
 1980              	.LASF48:
 1981 0234 696E745F 		.ascii	"int_least64_t\000"
 1981      6C656173 
 1981      7436345F 
 1981      7400
 1982              	.LASF92:
 1983 0242 76656C5F 		.ascii	"vel_N\000"
 1983      4E00
 1984              	.LASF125:
 1985 0248 626F6F6C 		.ascii	"bool\000"
 1985      00
 1986              	.LASF156:
 1987 024d 2F686F6D 		.ascii	"/home/jayaramlab/Documents/Github/BPRL_flight\000"
ARM GAS  /tmp/cc6Db5sf.s 			page 39


 1987      652F6A61 
 1987      79617261 
 1987      6D6C6162 
 1987      2F446F63 
 1988              	.LASF43:
 1989 027b 75696E74 		.ascii	"uint_least8_t\000"
 1989      5F6C6561 
 1989      7374385F 
 1989      7400
 1990              	.LASF23:
 1991 0289 5F5F696E 		.ascii	"__int_least64_t\000"
 1991      745F6C65 
 1991      61737436 
 1991      345F7400 
 1992              	.LASF66:
 1993 0299 70697463 		.ascii	"pitch_att\000"
 1993      685F6174 
 1993      7400
 1994              	.LASF113:
 1995 02a3 61726D5F 		.ascii	"arm_length_m\000"
 1995      6C656E67 
 1995      74685F6D 
 1995      00
 1996              	.LASF62:
 1997 02b0 666C6F61 		.ascii	"float\000"
 1997      7400
 1998              	.LASF18:
 1999 02b6 5F5F7569 		.ascii	"__uint_least8_t\000"
 1999      6E745F6C 
 1999      65617374 
 1999      385F7400 
 2000              	.LASF79:
 2001 02c6 7961775F 		.ascii	"yaw_gain\000"
 2001      6761696E 
 2001      00
 2002              	.LASF145:
 2003 02cf 44726F6E 		.ascii	"DroneConfig\000"
 2003      65436F6E 
 2003      66696700 
 2004              	.LASF14:
 2005 02db 6C6F6E67 		.ascii	"long long int\000"
 2005      206C6F6E 
 2005      6720696E 
 2005      7400
 2006              	.LASF99:
 2007 02e9 73747261 		.ascii	"strain_cal_switch\000"
 2007      696E5F63 
 2007      616C5F73 
 2007      77697463 
 2007      6800
 2008              	.LASF94:
 2009 02fb 52634368 		.ascii	"RcChannelMap\000"
 2009      616E6E65 
 2009      6C4D6170 
 2009      00
 2010              	.LASF106:
 2011 0308 70776D5F 		.ascii	"pwm_idle\000"
ARM GAS  /tmp/cc6Db5sf.s 			page 40


 2011      69646C65 
 2011      00
 2012              	.LASF10:
 2013 0311 6C6F6E67 		.ascii	"long int\000"
 2013      20696E74 
 2013      00
 2014              	.LASF13:
 2015 031a 5F5F696E 		.ascii	"__int64_t\000"
 2015      7436345F 
 2015      7400
 2016              	.LASF147:
 2017 0324 7069645F 		.ascii	"pid_pi\000"
 2017      706900
 2018              	.LASF105:
 2019 032b 70776D5F 		.ascii	"pwm_min\000"
 2019      6D696E00 
 2020              	.LASF50:
 2021 0333 696E745F 		.ascii	"int_fast8_t\000"
 2021      66617374 
 2021      385F7400 
 2022              	.LASF101:
 2023 033f 726F6C6C 		.ascii	"roll_factor\000"
 2023      5F666163 
 2023      746F7200 
 2024              	.LASF2:
 2025 034b 5F5F7569 		.ascii	"__uint8_t\000"
 2025      6E74385F 
 2025      7400
 2026              	.LASF91:
 2027 0355 706F735F 		.ascii	"pos_D\000"
 2027      4400
 2028              	.LASF71:
 2029 035b 7961775F 		.ascii	"yaw_stick_gain\000"
 2029      73746963 
 2029      6B5F6761 
 2029      696E00
 2030              	.LASF54:
 2031 036a 696E745F 		.ascii	"int_fast32_t\000"
 2031      66617374 
 2031      33325F74 
 2031      00
 2032              	.LASF129:
 2033 0377 4C6F6745 		.ascii	"LogEnableConfig\000"
 2033      6E61626C 
 2033      65436F6E 
 2033      66696700 
 2034              	.LASF133:
 2035 0387 7374726E 		.ascii	"strn\000"
 2035      00
 2036              	.LASF81:
 2037 038c 726F6C6C 		.ascii	"roll_accel\000"
 2037      5F616363 
 2037      656C00
 2038              	.LASF152:
 2039 0397 636F6E74 		.ascii	"controllers\000"
 2039      726F6C6C 
 2039      65727300 
ARM GAS  /tmp/cc6Db5sf.s 			page 41


 2040              	.LASF150:
 2041 03a3 756E6D69 		.ascii	"unmixer\000"
 2041      78657200 
 2042              	.LASF38:
 2043 03ab 696E746D 		.ascii	"intmax_t\000"
 2043      61785F74 
 2043      00
 2044              	.LASF111:
 2045 03b4 7961775F 		.ascii	"yaw_headroom_min\000"
 2045      68656164 
 2045      726F6F6D 
 2045      5F6D696E 
 2045      00
 2046              	.LASF73:
 2047 03c5 67315F73 		.ascii	"g1_seed_roll\000"
 2047      6565645F 
 2047      726F6C6C 
 2047      00
 2048              	.LASF120:
 2049 03d2 72706D5F 		.ascii	"rpm_filt_extra_hz\000"
 2049      66696C74 
 2049      5F657874 
 2049      72615F68 
 2049      7A00
 2050              	.LASF93:
 2051 03e4 76656C5F 		.ascii	"vel_E\000"
 2051      4500
 2052              	.LASF118:
 2053 03ea 6D61785F 		.ascii	"max_thrust_n\000"
 2053      74687275 
 2053      73745F6E 
 2053      00
 2054              	.LASF24:
 2055 03f7 5F5F7569 		.ascii	"__uint_least64_t\000"
 2055      6E745F6C 
 2055      65617374 
 2055      36345F74 
 2055      00
 2056              	.LASF4:
 2057 0408 756E7369 		.ascii	"unsigned char\000"
 2057      676E6564 
 2057      20636861 
 2057      7200
 2058              	.LASF46:
 2059 0416 696E745F 		.ascii	"int_least32_t\000"
 2059      6C656173 
 2059      7433325F 
 2059      7400
 2060              	.LASF110:
 2061 0424 6D61785F 		.ascii	"max_angle_rad\000"
 2061      616E676C 
 2061      655F7261 
 2061      6400
 2062              	.LASF140:
 2063 0432 6D6F6370 		.ascii	"mocp\000"
 2063      00
 2064              	.LASF157:
ARM GAS  /tmp/cc6Db5sf.s 			page 42


 2065 0437 5F5F676E 		.ascii	"__gnu_cxx\000"
 2065      755F6378 
 2065      7800
 2066              	.LASF3:
 2067 0441 7369676E 		.ascii	"signed char\000"
 2067      65642063 
 2067      68617200 
 2068              	.LASF16:
 2069 044d 6C6F6E67 		.ascii	"long long unsigned int\000"
 2069      206C6F6E 
 2069      6720756E 
 2069      7369676E 
 2069      65642069 
 2070              	.LASF51:
 2071 0464 75696E74 		.ascii	"uint_fast8_t\000"
 2071      5F666173 
 2071      74385F74 
 2071      00
 2072              	.LASF35:
 2073 0471 75696E74 		.ascii	"uint32_t\000"
 2073      33325F74 
 2073      00
 2074              	.LASF134:
 2075 047a 696D7531 		.ascii	"imu1\000"
 2075      00
 2076              	.LASF29:
 2077 047f 756E7369 		.ascii	"unsigned int\000"
 2077      676E6564 
 2077      20696E74 
 2077      00
 2078              	.LASF98:
 2079 048c 696E6469 		.ascii	"indi_switch\000"
 2079      5F737769 
 2079      74636800 
 2080              	.LASF33:
 2081 0498 75696E74 		.ascii	"uint16_t\000"
 2081      31365F74 
 2081      00
 2082              	.LASF143:
 2083 04a1 6C6F675F 		.ascii	"log_rate_hz\000"
 2083      72617465 
 2083      5F687A00 
 2084              	.LASF107:
 2085 04ad 70776D5F 		.ascii	"pwm_max\000"
 2085      6D617800 
 2086              	.LASF158:
 2087 04b5 6B44726F 		.ascii	"kDroneConfig\000"
 2087      6E65436F 
 2087      6E666967 
 2087      00
 2088              	.LASF85:
 2089 04c2 70697463 		.ascii	"pitch_accel\000"
 2089      685F6163 
 2089      63656C00 
 2090              	.LASF25:
 2091 04ce 5F5F696E 		.ascii	"__intmax_t\000"
 2091      746D6178 
ARM GAS  /tmp/cc6Db5sf.s 			page 43


 2091      5F7400
 2092              	.LASF39:
 2093 04d9 75696E74 		.ascii	"uintmax_t\000"
 2093      6D61785F 
 2093      7400
 2094              	.LASF52:
 2095 04e3 696E745F 		.ascii	"int_fast16_t\000"
 2095      66617374 
 2095      31365F74 
 2095      00
 2096              	.LASF80:
 2097 04f0 41747469 		.ascii	"AttitudeIndiJerkGains\000"
 2097      74756465 
 2097      496E6469 
 2097      4A65726B 
 2097      4761696E 
 2098              	.LASF59:
 2099 0506 66696C74 		.ascii	"filt_target_hz\000"
 2099      5F746172 
 2099      6765745F 
 2099      687A00
 2100              	.LASF8:
 2101 0515 73686F72 		.ascii	"short unsigned int\000"
 2101      7420756E 
 2101      7369676E 
 2101      65642069 
 2101      6E7400
 2102              	.LASF0:
 2103 0528 5F5F6378 		.ascii	"__cxx11\000"
 2103      78313100 
 2104              	.LASF1:
 2105 0530 5F5F696E 		.ascii	"__int8_t\000"
 2105      74385F74 
 2105      00
 2106              	.LASF153:
 2107 0539 6C6F6767 		.ascii	"logging\000"
 2107      696E6700 
 2108              	.LASF58:
 2109 0541 696D6178 		.ascii	"imax\000"
 2109      00
 2110              	.LASF21:
 2111 0546 5F5F696E 		.ascii	"__int_least32_t\000"
 2111      745F6C65 
 2111      61737433 
 2111      325F7400 
 2112              	.LASF47:
 2113 0556 75696E74 		.ascii	"uint_least32_t\000"
 2113      5F6C6561 
 2113      73743332 
 2113      5F7400
 2114              	.LASF55:
 2115 0565 75696E74 		.ascii	"uint_fast32_t\000"
 2115      5F666173 
 2115      7433325F 
 2115      7400
 2116              	.LASF127:
 2117 0573 696E6469 		.ascii	"indi_enabled\000"
ARM GAS  /tmp/cc6Db5sf.s 			page 44


 2117      5F656E61 
 2117      626C6564 
 2117      00
 2118              	.LASF34:
 2119 0580 696E7433 		.ascii	"int32_t\000"
 2119      325F7400 
 2120              	.LASF63:
 2121 0588 50696447 		.ascii	"PidGains\000"
 2121      61696E73 
 2121      00
 2122              	.LASF45:
 2123 0591 75696E74 		.ascii	"uint_least16_t\000"
 2123      5F6C6561 
 2123      73743136 
 2123      5F7400
 2124              	.LASF53:
 2125 05a0 75696E74 		.ascii	"uint_fast16_t\000"
 2125      5F666173 
 2125      7431365F 
 2125      7400
 2126              	.LASF131:
 2127 05ae 6F757470 		.ascii	"outp\000"
 2127      00
 2128              	.LASF32:
 2129 05b3 696E7431 		.ascii	"int16_t\000"
 2129      365F7400 
 2130              	.LASF126:
 2131 05bb 436F6E74 		.ascii	"ControllersConfig\000"
 2131      726F6C6C 
 2131      65727343 
 2131      6F6E6669 
 2131      6700
 2132              	.LASF89:
 2133 05cd 706F735F 		.ascii	"pos_N\000"
 2133      4E00
 2134              	.LASF109:
 2135 05d3 7961775F 		.ascii	"yaw_scale\000"
 2135      7363616C 
 2135      6500
 2136              	.LASF136:
 2137 05dd 696D7533 		.ascii	"imu3\000"
 2137      00
 2138              	.LASF15:
 2139 05e2 5F5F7569 		.ascii	"__uint64_t\000"
 2139      6E743634 
 2139      5F7400
 2140              	.LASF138:
 2141 05ed 6261726F 		.ascii	"baro\000"
 2141      00
 2142              	.LASF154:
 2143 05f2 474E5520 		.ascii	"GNU C++14 10.2.1 20201103 (release) -mcpu=cortex-m7"
 2143      432B2B31 
 2143      34203130 
 2143      2E322E31 
 2143      20323032 
 2144 0625 202D6D74 		.ascii	" -mthumb -mfloat-abi=hard -mfpu=fpv5-d16 -march=arm"
 2144      68756D62 
ARM GAS  /tmp/cc6Db5sf.s 			page 45


 2144      202D6D66 
 2144      6C6F6174 
 2144      2D616269 
 2145 0658 7637652D 		.ascii	"v7e-m+fp.dp -ggdb -O3 -fomit-frame-pointer -falign-"
 2145      6D2B6670 
 2145      2E647020 
 2145      2D676764 
 2145      62202D4F 
 2146 068b 66756E63 		.ascii	"functions=16 -ffunction-sections -fdata-sections -f"
 2146      74696F6E 
 2146      733D3136 
 2146      202D6666 
 2146      756E6374 
 2147 06be 6E6F2D63 		.ascii	"no-common -flto -fno-rtti\000"
 2147      6F6D6D6F 
 2147      6E202D66 
 2147      6C746F20 
 2147      2D666E6F 
 2148              	.LASF70:
 2149 06d8 7961775F 		.ascii	"yaw_hold\000"
 2149      686F6C64 
 2149      00
 2150              	.LASF42:
 2151 06e1 696E745F 		.ascii	"int_least8_t\000"
 2151      6C656173 
 2151      74385F74 
 2151      00
 2152              	.LASF108:
 2153 06ee 6174745F 		.ascii	"att_scale\000"
 2153      7363616C 
 2153      6500
 2154              	.LASF44:
 2155 06f8 696E745F 		.ascii	"int_least16_t\000"
 2155      6C656173 
 2155      7431365F 
 2155      7400
 2156              	.LASF12:
 2157 0706 6C6F6E67 		.ascii	"long unsigned int\000"
 2157      20756E73 
 2157      69676E65 
 2157      6420696E 
 2157      7400
 2158              	.LASF151:
 2159 0718 73656E73 		.ascii	"sensors\000"
 2159      6F727300 
 2160              	.LASF28:
 2161 0720 5F5F7569 		.ascii	"__uintptr_t\000"
 2161      6E747074 
 2161      725F7400 
 2162              	.LASF19:
 2163 072c 5F5F696E 		.ascii	"__int_least16_t\000"
 2163      745F6C65 
 2163      61737431 
 2163      365F7400 
 2164              	.LASF142:
 2165 073c 4C6F6767 		.ascii	"LoggingConfig\000"
 2165      696E6743 
ARM GAS  /tmp/cc6Db5sf.s 			page 46


 2165      6F6E6669 
 2165      6700
 2166              	.LASF149:
 2167 074a 6D697865 		.ascii	"mixer\000"
 2167      7200
 2168              	.LASF112:
 2169 0750 556E6D69 		.ascii	"UnmixerConfig\000"
 2169      78657243 
 2169      6F6E6669 
 2169      6700
 2170              	.LASF9:
 2171 075e 5F5F696E 		.ascii	"__int32_t\000"
 2171      7433325F 
 2171      7400
 2172              	.LASF5:
 2173 0768 5F5F696E 		.ascii	"__int16_t\000"
 2173      7431365F 
 2173      7400
 2174              	.LASF68:
 2175 0772 70697463 		.ascii	"pitch_rate\000"
 2175      685F7261 
 2175      746500
 2176              	.LASF103:
 2177 077d 7961775F 		.ascii	"yaw_factor\000"
 2177      66616374 
 2177      6F7200
 2178              	.LASF115:
 2179 0788 6D6F746F 		.ascii	"motor_c1\000"
 2179      725F6331 
 2179      00
 2180              	.LASF116:
 2181 0791 6D6F746F 		.ascii	"motor_c2\000"
 2181      725F6332 
 2181      00
 2182              	.LASF78:
 2183 079a 6E6C6D73 		.ascii	"nlms_mu_indi\000"
 2183      5F6D755F 
 2183      696E6469 
 2183      00
 2184              	.LASF87:
 2185 07a7 636C696D 		.ascii	"climb_rate\000"
 2185      625F7261 
 2185      746500
 2186              	.LASF22:
 2187 07b2 5F5F7569 		.ascii	"__uint_least32_t\000"
 2187      6E745F6C 
 2187      65617374 
 2187      33325F74 
 2187      00
 2188              	.LASF77:
 2189 07c3 6E6C6D73 		.ascii	"nlms_mu_pid\000"
 2189      5F6D755F 
 2189      70696400 
 2190              	.LASF96:
 2191 07cf 70697463 		.ascii	"pitch\000"
 2191      6800
 2192              	.LASF20:
ARM GAS  /tmp/cc6Db5sf.s 			page 47


 2193 07d5 5F5F7569 		.ascii	"__uint_least16_t\000"
 2193      6E745F6C 
 2193      65617374 
 2193      31365F74 
 2193      00
 2194              	.LASF86:
 2195 07e6 416C7443 		.ascii	"AltControlGains\000"
 2195      6F6E7472 
 2195      6F6C4761 
 2195      696E7300 
 2196              	.LASF121:
 2197 07f6 53656E73 		.ascii	"SensorsConfig\000"
 2197      6F727343 
 2197      6F6E6669 
 2197      6700
 2198              	.LASF76:
 2199 0804 696E6469 		.ascii	"indi_output_gain_pitch\000"
 2199      5F6F7574 
 2199      7075745F 
 2199      6761696E 
 2199      5F706974 
 2200              	.LASF135:
 2201 081b 696D7532 		.ascii	"imu2\000"
 2201      00
 2202              	.LASF88:
 2203 0820 506F7343 		.ascii	"PosControlGains\000"
 2203      6F6E7472 
 2203      6F6C4761 
 2203      696E7300 
 2204              	.LASF139:
 2205 0830 6374756E 		.ascii	"ctun\000"
 2205      00
 2206              		.text
 2207              		.section	.gnu.lto_.profile.278a156fcbf377a0,"e",%progbits
 2208 0000 789C6362 		.ascii	"x\234cb\000\001\000\000\022\000\003"
 2208      00010000 
 2208      120003
 2209              		.text
 2210              		.section	.gnu.lto_.icf.278a156fcbf377a0,"e",%progbits
 2211 0000 789CE360 		.ascii	"x\234\343`@\000F\206\323_f=bf\000\000\017V\003H"
 2211      40004686 
 2211      D35F663D 
 2211      62660000 
 2211      0F560348 
 2212              		.text
 2213              		.section	.gnu.lto_.ipa_sra.278a156fcbf377a0,"e",%progbits
 2214 0000 789C6362 		.ascii	"x\234cb@\006\000\000*\000\003"
 2214      40060000 
 2214      2A0003
 2215              		.text
 2216              		.section	.gnu.lto_.inline.278a156fcbf377a0,"e",%progbits
 2217 0000 789C6362 		.ascii	"x\234cb@\006\000\000*\000\003"
 2217      40060000 
 2217      2A0003
 2218              		.text
 2219              		.section	.gnu.lto_.jmpfuncs.278a156fcbf377a0,"e",%progbits
 2220 0000 789C6362 		.ascii	"x\234cb@\006\000\000*\000\003"
ARM GAS  /tmp/cc6Db5sf.s 			page 48


 2220      40060000 
 2220      2A0003
 2221              		.text
 2222              		.section	.gnu.lto_.pureconst.278a156fcbf377a0,"e",%progbits
 2223 0000 789C6364 		.ascii	"x\234cd\000\002\000\000\012\000\002"
 2223      00020000 
 2223      0A0002
 2224              		.text
 2225              		.section	.gnu.lto_.lto.278a156fcbf377a0,"e",%progbits
 2226 0000 09000200 		.ascii	"\011\000\002\000\001\000\000\000"
 2226      01000000 
 2227              		.text
 2228              		.section	.gnu.lto_kDroneConfig.0.278a156fcbf377a0,"e",%progbits
 2229 0000 789CD598 		.ascii	"x\234\325\230gT\024W\030\206\367\335\273b\357\232\252"
 2229      67541457 
 2229      1886F7DD 
 2229      BB62EF9A 
 2229      AA
 2230 0011 89A6778D 		.ascii	"\211\246w\215\251\246\231\336{\3571\211\351&1\2119'"
 2230      A9A699DE 
 2230      7BEF3189 
 2230      E9263189 
 2230      3927
 2231 0023 E7E40F20 		.ascii	"\347\344\017 \366\336E\035\033\243bE\005{CD\261\200"
 2231      F6DE451D 
 2231      1BA36245 
 2231      057B4344 
 2231      B180
 2232 0035 A2A26007 		.ascii	"\242\242`\007\013\212X\260\200\012\010\371\346\225\335"
 2232      0B8A58B0 
 2232      800A08F9 
 2232      E695DD
 2233 0044 BD59B700 		.ascii	"\275Y\267\000\3119\254\374x\317\365\336;3\317s\333\314"
 2233      C939ACFC 
 2233      78CFF5DE 
 2233      3B33CF73 
 2233      DBCC
 2234 0056 FA770B9B 		.ascii	"\372w\013\233-\304v\361o\264\302 e*\033\340*Yum\303"
 2234      2DC476F1 
 2234      6FB4C220 
 2234      652A1BE0 
 2234      2A59756D 
 2235 006b 7B84FE65 		.ascii	"{\204\376e*\030\362\3578I0\355L\305t`\256d5\226C\230"
 2235      2A18F2EF 
 2235      384930ED 
 2235      4CC57460 
 2235      AE643596 
 2236 0081 D5993598 		.ascii	"\325\2315\2305\231\265\330\2476\263\016\263\256\324"
 2236      3599B5D8 
 2236      A736B30E 
 2236      B3AED4
 2237 0090 CBED9B87 		.ascii	"\313\355\233\207\207\206F\324\263\331B\313\376\326\300"
 2237      878646D4 
 2237      B3D942CB 
 2237      FED6C0
 2238 009f 54F6B2C7 		.ascii	"T\366\262\307\3260\2252T=\314\227\356\3651\017\356j"
 2238      D6309532 
ARM GAS  /tmp/cc6Db5sf.s 			page 49


 2238      543DCC97 
 2238      EEF5310F 
 2238      EE6A
 2239 00b1 87A11AF0 		.ascii	"\207\241\032\360\276\015/\336\305\252\256c\252j\206"
 2239      BE0D2FDE 
 2239      C5AAAE63 
 2239      AA6A86
 2240 00c0 6AC4EAC6 		.ascii	"j\304\352\306\314&\332#j\270\037\221W\366\010\326\327"
 2240      CC26DA23 
 2240      6AB81F91 
 2240      57F608D6 
 2240      D7
 2241 00d1 72D78FD3 		.ascii	"r\327\217\323\353C\312\352\343s\243\262\364\372\251"
 2241      EB43CAEA 
 2241      E373A3B2 
 2241      F4FAA9
 2242 00e0 A5A5ED9C 		.ascii	"\245\245\355\234\227\234Y\322EoJ\326\232\"\023\303\264"
 2242      979C59D2 
 2242      456F4AD6 
 2242      9A2213C3 
 2242      B4
 2243 00f1 26738FBB 		.ascii	"&s\217\273)39n\204~\325)\355\252\370\244h\275\251Xk"
 2243      2933396E 
 2243      847ED529 
 2243      EDAAF8A4 
 2243      68BDA958 
 2244 0106 4A4F0AD7 		.ascii	"JO\012\327F\246\275\251B\014\325\024\011by\005VH^\211"
 2244      46A6BDA9 
 2244      420CD514 
 2244      09627905 
 2244      56485E89 
 2245 011a 78C9ABB0 		.ascii	"x\311\253\260\\\362j,\223\274\006K%\257\305\022\311"
 2245      5CF26A2C 
 2245      93BC064B 
 2245      25AFC512 
 2245      C9
 2246 012b 66580C6F 		.ascii	"fX\014ow-\212^\240?\320^V?\256G\306\034\275\276\201"
 2246      772D8A5E 
 2246      A03FD05E 
 2246      563FAE47 
 2246      C61CBDBE 
 2247 0140 7B900AF5 		.ascii	"{\220\012\365\372F\356\372\230\262zk\341TGDuWq\030\\"
 2247      FA46EEFA 
 2247      98B27A6B 
 2247      E1544744 
 2247      75577118 
 2248 0155 C536526A 		.ascii	"\3056Rji\267\233\252\206s\\\354\356\033\204j7\250\011"
 2248      69B79BAA 
 2248      86735CEC 
 2248      EE1B846A 
 2248      37A809
 2249 0168 15B0C725 		.ascii	"\025\260\307%\320Z\017_\365\326\32050e1\266\302&\240"
 2249      D05A0F5F 
 2249      F5D6D035 
 2249      306531B6 
 2249      C226A0
 2250 017b 3552818D 		.ascii	"5R\201\215\300\006 \005H\206\237G\372{PE\372k\000\333"
ARM GAS  /tmp/cc6Db5sf.s 			page 50


 2250      C0062005 
 2250      48869F47 
 2250      FA7B5045 
 2250      FA6B00DB 
 2251 018f 2C80AD04 		.ascii	",\200\255\004H#\300\226\312\002T\004L\003\330i\001\354"
 2251      4823C096 
 2251      CA025404 
 2251      4C03D869 
 2251      01EC
 2252 01a1 20C07602 		.ascii	" \300v\002d8wRGS\3256Ts\354\222\225s\035\322%\257\307"
 2252      64387752 
 2252      4753D536 
 2252      5473EC92 
 2252      95731DD2 
 2253 01b8 66C91658 		.ascii	"f\311\026X/\331\022\353$o\300Z\311\033\261F\362&$I\336"
 2253      2FD912EB 
 2253      246FC05A 
 2253      C91BB146 
 2253      F2262449 
 2254 01cd 8CD592B7 		.ascii	"\214\325\222\267`\225\344\255HtN{\035Ts\225\252\273"
 2254      6095E4AD 
 2254      48744E7B 
 2254      1D547395 
 2254      AABB
 2255 01df 4A21AE92 		.ascii	"J!\256\222\303UR\256\222\335Ur\337\305y\026\311\322"
 2255      C35552AE 
 2255      92DD5572 
 2255      DFC57916 
 2255      C9D2
 2256 01f1 AF6BA8DB 		.ascii	"\257k\250\333pP\036s;\016H\336\201\375\222wb\237\344"
 2256      70501E73 
 2256      3B0E48DE 
 2256      81FD9277 
 2256      629FE4
 2257 0204 5DC892BC 		.ascii	"]\310\222\274\033\231\222\367`\257d+\354q-}_\233\335"
 2257      1B9992F7 
 2257      60AF642B 
 2257      EC712D7D 
 2257      5F9BDD
 2258 0217 5BBD0C9E 		.ascii	"[\275\014\236\315\335\305\341\334\031\261\331\311\336"
 2258      CDDDC5E1 
 2258      DC19B1D9 
 2258      C9DE
 2259 0225 7BF89C1D 		.ascii	"{\370\234\035\207\367Yhf\252z\206j\215c\302x/\216J\266"
 2259      87F75968 
 2259      66AA7A86 
 2259      6A8D63C2 
 2259      782F8E4A 
 2260 023a 41AEE47D 		.ascii	"A\256\344}8\"y?r$\037\300a\311\007q(\250\015\362ip\206"
 2260      3822793F 
 2260      72241FC0 
 2260      61C90771 
 2260      28A80DF2 
 2261 0251 06A76970 		.ascii	"\006\247ip\212\006'i\220G\203\023~\0154\216\212\024"
 2261      8A062769 
 2261      90478313 
 2261      7E0D348E 
ARM GAS  /tmp/cc6Db5sf.s 			page 51


 2261      8A14
 2262 0263 FD6C3227 		.ascii	"\375l2'\333\005\262\025\223\255\210l\205d;O\266sd;["
 2262      DB05B215 
 2262      93AD886C 
 2262      85643B4F 
 2262      B673643B 
 2263 0278 456C5DED 		.ascii	"El]\355\026[\204\335b\353b\267\330\302\355\026[\230"
 2263      165B84DD 
 2263      62EB62B7 
 2263      D8C2ED16 
 2263      5B98
 2264 028a DD620BB5 		.ascii	"\335b\013\265[l\245U\304\326\227l}\310\326\233l\275"
 2264      5B6CA555 
 2264      C4D6976C 
 2264      7DC8D69B 
 2264      6CBD
 2265 029c C8D6936C 		.ascii	"\310\326\223l=\310\326\335yQ\023S\3257\324C\350'\325"
 2265      3DC8D6DD 
 2265      79511353 
 2265      D537D443 
 2265      E827D5
 2266 02af 0FA39B64 		.ascii	"\017\243\233d[\224\310\320>\202\002\311Gq<\340\362\015"
 2266      5B94C8D0 
 2266      3E8202C9 
 2266      47713CE0 
 2266      F20D
 2267 02c1 09B87C23 		.ascii	"\011\270|#J\334\257\255\370\354\344H\037\275\316\271"
 2267      4ADCAFAD 
 2267      F8ECE448 
 2267      1FBDCEB9 
 2268 02d1 7BE90BDD 		.ascii	"{\351\013\335\343\275\247\335@\227\036F\351\241\224"
 2268      E3BDA7DD 
 2268      40971E46 
 2268      E9A194
 2269 02e0 1E42E9C1 		.ascii	"\036B\351\301\224\036D\351\201\224\036\340\274\310a"
 2269      941E44E9 
 2269      81941EE0 
 2269      BCC861
 2270 02ef AA06867A 		.ascii	"\252\006\206z\014\303\275m\223x\3773d\365\256s\3517"
 2270      0CC3BD6D 
 2270      9378FF33 
 2270      64F5AE73 
 2270      E937
 2271 0301 8FBE4DF5 		.ascii	"\217\276M\365=\030x#k\325\231\311\221\261^\334\306\321"
 2271      3D187823 
 2271      6BD599C9 
 2271      91B15EDC 
 2271      C6D1
 2272 0313 6D2CDDC6 		.ascii	"m,\335\306\320\315\240\333h\272\215\242\333\310\340"
 2272      D0CDA0DB 
 2272      68BA8DA2 
 2272      DBC8E0
 2273 0322 428E26F2 		.ascii	"B\216&\362d\"O\"\362D\"\233D\216\"\362\004o'`^\340\321"
 2273      64224F22 
 2273      F244229B 
 2273      448E22F2 
 2273      046F2760 
ARM GAS  /tmp/cc6Db5sf.s 			page 52


 2274 0339 FFAFABC9 		.ascii	"\377\257\253\311\341\177%\315\"z\014\321g\022}\006\321"
 2274      E17F25CD 
 2274      227A0CD1 
 2274      67127D06 
 2274      D1
 2275 034a A7137D1A 		.ascii	"\247\023}\032\321\247\372]\375\036\013*\340a_\256y\210"
 2275      D1A7FA5D 
 2275      FD1E0B2A 
 2275      E0615FAE 
 2275      7988
 2276 035c 28D0BEFD 		.ascii	"(\320\276\375b\026\015\366\365\261\351\376,\324\245"
 2276      62160DF6 
 2276      F5B1E9FE 
 2276      2CD4A5
 2277 036b 16506A3E 		.ascii	"\026Pj>\245\346Qj.\245\342(\025K\2519\345\235\017_]"
 2277      A5E6516A 
 2277      2EA5E228 
 2277      154BA939 
 2277      E59D0F5F 
 2278 0380 3CBED57D 		.ascii	"<\276\325}\235\006\305\276\367\2716\232\251^,\342i\261"
 2278      9D06C5BE 
 2278      F7B9369A 
 2278      A95E2CE2 
 2278      69B1
 2279 0392 9C16CB68 		.ascii	"\234\026\313h\261\224\026Kh\261\230\026\213\202\336"
 2279      B194164B 
 2279      68B19816 
 2279      8B82DE
 2280 03a1 620D2D92 		.ascii	"b\015-\222h\261\232\026\253h\221H\213\225\264H\250\334"
 2280      68B19A16 
 2280      AB689148 
 2280      8B95B448 
 2280      A8DC
 2281 03b3 DE08B08C 		.ascii	"\336\010\260\214<\024B.\355\255s\246\222s#97\2203\205"
 2281      3C14422E 
 2281      EDAD73A6 
 2281      92732339 
 2281      37903385 
 2282 03c7 9CC9E45C 		.ascii	"\234\311\344\\O\316uA\300\231A\316trn#\347Vr\246\221"
 2282      4FCE7541 
 2282      C09941CE 
 2282      74726E23 
 2282      E75672A6 
 2283 03dc 730B3937 		.ascii	"s\01397;/\352`\252\206\206z\034\333\245\372\011l\222"
 2283      3B2FEA60 
 2283      AA86867A 
 2283      1CDBA5FA 
 2283      096C92
 2284 03ef 6C87B592 		.ascii	"l\207\265\222Ob\205\344SX(\3714fK>\203)\222\317b\274"
 2284      4F6285E4 
 2284      535828F9 
 2284      34664B3E 
 2284      832992CF 
 2285 0405 E47388AC 		.ascii	"\344s\210\254\344\253\242\320\3672\361\361\311\346:"
 2285      E4ABA2D0 
 2285      F732F1F1 
 2285      C9E63A
ARM GAS  /tmp/cc6Db5sf.s 			page 53


 2286 0414 9E2263B3 		.ascii	"\236\"c\263\365\356\307\265\337\241\243z\376\353\327"
 2286      F5EEC7B5 
 2286      DFA1A37A 
 2286      FEEBD7
 2287 0423 ABFE3BF4 		.ascii	"\253\376;\364BI\232\217\246\370\234\224D\037GQ\241\267"
 2287      42499A8F 
 2287      A6F89C94 
 2287      441F4751 
 2287      A1B7
 2288 0435 7AE1F55A 		.ascii	"z\341\365Z\357\331\277\034\037\000\336\346\333c\237"
 2288      EFD9BF1C 
 2288      1F00DEE6 
 2288      DB639F
 2289 0444 799BD923 		.ascii	"y\233\331#\234\331\034\316\354a\316\354!\316l6g\366"
 2289      9CD91CCE 
 2289      EC61CEEC 
 2289      21CE6C36 
 2289      67F6
 2290 0456 2067F640 		.ascii	" g\366@p\276EN\021\375$\321\363\210~\202\350\307\211"
 2290      70BE454E 
 2290      11FD24D1 
 2290      F3887E82 
 2290      E8C789
 2291 0469 7E8CE847 		.ascii	"~\214\350G/\267\267H!\245\316S\352\034\245\316R\252"
 2291      2FB7B748 
 2291      21A5CE53 
 2291      EA1CA5CE 
 2291      52AA
 2292 047b 8052F994 		.ascii	"\200R\371\224:\023\364\347o\270\262,\302\224e\021\252"
 2292      3A13F4E7 
 2292      6FB8B22C 
 2292      C2946511 
 2292      AA
 2293 048c 2C8B525A 		.ascii	",\213RZ\224\320\342\002-\212\203\336\242\027-z\322\242"
 2293      94D0E202 
 2293      2D8A83DE 
 2293      A2172D7A 
 2293      D2A2
 2294 049e 072DBA2B 		.ascii	"\007-\272+\313\242\233\262,\272*\313\"BUjo\374\257\247"
 2294      CBA29BB2 
 2294      2CBA2ACB 
 2294      2242556A 
 2294      6FFCAFA7 
 2295 04b2 F320720E 		.ascii	"\363 r\016$\347\000r\366'g?r\366%g\237 \340\034I\316"
 2295      24E70072 
 2295      F627673F 
 2295      72F62567 
 2295      9F20E01C 
 2296 04c8 48728E20 		.ascii	"Hr\216 \347pr\016#\347Pr\016Qe\027Y\323\331\310P\317"
 2296      E770720E 
 2296      23E75072 
 2296      0E516517 
 2296      59D3D9C8 
 2297 04de 6394D4BF 		.ascii	"c\224\324\277\200\301\222/\242\267\344K\350\"\3712\212"
 2297      80C1922F 
 2297      A2B7E44B 
 2297      E822F932 
ARM GAS  /tmp/cc6Db5sf.s 			page 54


 2297      8A
 2298 04ef 6415BD82 		.ascii	"d\025\275\202\323\222\257\"W\3625\354\227|\035\373$"
 2298      D392AF22 
 2298      57F235EC 
 2298      977C1DFB 
 2298      24
 2299 0500 DF4096E4 		.ascii	"\337@\226\344\233\310\224|\013{%\337\306\036\311w\260"
 2299      9BC8947C 
 2299      0B7B25DF 
 2299      C61EC977 
 2299      B0
 2300 0511 5BF25DEC 		.ascii	"[\362]\354\222|\017;\375\276p<\217\366\204\334(\275"
 2300      927C0F3B 
 2300      FDBE703C 
 2300      8FF684DC 
 2300      28BD
 2301 0523 C9CF4FA9 		.ascii	"\311\317O\251\212\376\007U9\337-\036\000Au\026O\345"
 2301      8AFE0755 
 2301      39DF2D1E 
 2301      00417516 
 2301      4FE5
 2302 0535 D44EE1D4 		.ascii	"\324N\341\324Fsj'sj'qj'rjM\345e\235\004\363Y<\207R\263"
 2302      46736A27 
 2302      736A2771 
 2302      6A27726A 
 2302      4DE5659D 
 2303 0550 29358B52 		.ascii	")5\213R1\224\232I\251\031\224\232^\336}Ue\247\330\""
 2303      31949A49 
 2303      A919949A 
 2303      5EDE7D55 
 2303      65A7D822 
 2304 0564 5A2CA4C5 		.ascii	"Z,\244\305\002Z\314\247\305<Z\314\245E\\\320[$\320b"
 2304      025ACCA7 
 2304      C53C5ACC 
 2304      A5455CD0 
 2304      5B24D062 
 2305 0578 052DE269 		.ascii	"\005-\342i\261\234\026\313h\261\224\026K\202\340\214"
 2305      B19C16CB 
 2305      68B19416 
 2305      4B82E08C 
 2306 0588 5B47CEB5 		.ascii	"[G\316\265\344\\C\316$r\256&\347*r&\006\001\347frn\""
 2306      E45C43CE 
 2306      2472AE26 
 2306      E72A7226 
 2306      0601E766 
 2307 059f 672A3937 		.ascii	"g*97\222s\0039S\310\231\354<\213;\233\252\261\241\336"
 2307      92730339 
 2307      53C899EC 
 2307      3C8B3B9B 
 2307      AAB1A1DE 
 2308 05b3 C716A9FE 		.ascii	"\307\026\251\376\000\353%?\304J\311\217\260X\362c\304"
 2308      00EB253F 
 2308      C44AC98F 
 2308      B058F263 
 2308      C4
 2309 05c4 4A7E8269 		.ascii	"J~\202i\222\237\"J\3623L\220\374\034\343%\277\3008\311"
 2309      929F224A 
ARM GAS  /tmp/cc6Db5sf.s 			page 55


 2309      F2334C90 
 2309      FC1CE325 
 2309      BFC038C9 
 2310 05d8 F6182BF9 		.ascii	"\366\030+\371%\306H~\005\3035\000\276\016\336\240:\334"
 2310      25C6487E 
 2310      05C33500 
 2310      BE0EDEA0 
 2310      3ADC
 2311 05ea 7671AC76 		.ascii	"vq\254vr\254vp\254\266s\25428V\351\034\253m\227\333"
 2311      72AC7670 
 2311      ACB673AC 
 2311      323856E9 
 2311      1CAB6D97 
 2312 05ff E1768052 		.ascii	"\341v\200R\373)\265\217RY\224\312\244\324^J\355\251"
 2312      FB29B58F 
 2312      525994CA 
 2312      A4D45E4A 
 2312      EDA9
 2313 0611 E4B110C8 		.ascii	"\344\261\020\310\303\352\236\347\373\267\2266Q\231Q"
 2313      C3EA9EE7 
 2313      FBB79636 
 2313      519951
 2314 0620 59F97A53 		.ascii	"Y\371zSa@\257\243\364\312\245\327\021z\345\320\3530"
 2314      6140AFA3 
 2314      F4CAA5D7 
 2314      117AE5D0 
 2314      EB30
 2315 0632 BD0ED12B 		.ascii	"\275\016\321+\273\312\275<O\277B\257\357y\335\353\014"
 2315      BBCABD3C 
 2315      4FBF42AF 
 2315      EF79DDEB 
 2315      0C
 2316 0643 BD4ED3EB 		.ascii	"\275N\323\353\024\275N\322+\217^'\350u<\010\016\226"
 2316      14BD4ED2 
 2316      2B8F5E27 
 2316      E8753C08 
 2316      0E96
 2317 0655 62721691 		.ascii	"br\026\221\263\220\234\347\311y\216\234g\311Y\020\004"
 2317      B3909CE7 
 2317      C9798E9C 
 2317      67C95910 
 2317      04
 2318 0666 9C110E8B 		.ascii	"\234\021\016\213\263\213\303\342\014wX\234a\016\213"
 2318      B38BC3E2 
 2318      0C77589C 
 2318      610E8B
 2319 0675 33D46171 		.ascii	"3\324aq\226\222\263D\271/jb\250\257\321U\032;\340\202"
 2319      9692B344 
 2319      B92F6A62 
 2319      A8AFD155 
 2319      1A3BE082 
 2320 0689 347E837C 		.ascii	"4~\203|\311oqL\362;\034\224\374\036\273%\177\300Ve]"
 2320      C96F714C 
 2320      F23B1C94 
 2320      FC1EBB25 
 2320      7FC05665 
 2321 069e D1C9544D 		.ascii	"\321\311TM\015\365#\272\311\025?!MZ:b\264\344\317\330"
ARM GAS  /tmp/cc6Db5sf.s 			page 56


 2321      0DF523BA 
 2321      C9153F21 
 2321      4D5A3A62 
 2321      B4E4CFD8 
 2322 06b2 21DF9EBF 		.ascii	"!\337\236\277`\204\344\257\350/\331\011\331r \376\206"
 2322      6084E4AF 
 2322      E82FD909 
 2322      D97220FE 
 2322      86
 2323 06c3 DD92BF63 		.ascii	"\335\222\277c\245\344\037X$\331\031\013%\377\304\002"
 2323      A5E41F58 
 2323      24D9190B 
 2323      25FFC402 
 2324 06d3 D81C36D8 		.ascii	"\330\0346\330\325?W@\356\""
 2324      D53F5740 
 2324      EE22
 2325              		.text
 2326              		.section	.gnu.lto_.symbol_nodes.278a156fcbf377a0,"e",%progbits
 2327 0000 789CE362 		.ascii	"x\234\343b\000\002V\006\206F'\020\003\000\005\027\000"
 2327      00025606 
 2327      86462710 
 2327      03000517 
 2327      00
 2328 0011 D3       		.ascii	"\323"
 2329              		.text
 2330              		.section	.gnu.lto_.refs.278a156fcbf377a0,"e",%progbits
 2331 0000 789C6364 		.ascii	"x\234cd\000\002\000\000\012\000\002"
 2331      00020000 
 2331      0A0002
 2332              		.text
 2333              		.section	.gnu.lto_.decls.278a156fcbf377a0,"e",%progbits
 2334 0000 789C9559 		.ascii	"x\234\225YipTG\222~Y\325\222ZR\003\342\260g\326f\307"
 2334      69705447 
 2334      927E59D5 
 2334      925A5203 
 2334      E2B067D6 
 2335 0016 C42E1341 		.ascii	"\304.\023A\204#\020B\3431\366\036\021\263\266\303\261"
 2335      84231042 
 2335      E331F61E 
 2335      11B3B6C3 
 2335      B1
 2336 0027 13C6E1F5 		.ascii	"\023\306\341\365\254g\366_o#\265\2456\255nE\2535f\374"
 2336      AC67F65F 
 2336      6F23B5A5 
 2336      36AD6E45 
 2336      AB3566FC 
 2337 003b AB01719F 		.ascii	"\253\001q\237\3462 s[\234\002\204\215m\001\272@\350"
 2337      E6322073 
 2337      5B9C0284 
 2337      8D6D01BA 
 2337      40E8
 2338 004d B02540DC 		.ascii	"\260%@\334B\2346\210\313\034\015\010\314\315~U\365\316"
 2338      429C3688 
 2338      CB1C0D08 
 2338      CCCD7E55 
 2338      F5CE
 2339 005f 6E6D7857 		.ascii	"nmxW\301\327\257\216\257\262\2622\263\262^=</j\332\200"
ARM GAS  /tmp/cc6Db5sf.s 			page 57


 2339      C1D7AF8E 
 2339      AFB2B232 
 2339      B3B25E3D 
 2339      3C2F6ADA 
 2340 0074 544D1BC7 		.ascii	"TM\033\3074\355\031\376\360\320\016j\316?\002\3721g"
 2340      34ED19FE 
 2340      F0D00E6A 
 2340      CE3F02FA 
 2340      3167
 2341 0086 DB4B2E4D 		.ascii	"\333K.M{\036\317f\340\016\010\243\361|\202g\033\236"
 2341      7B1ECF66 
 2341      E00E08A3 
 2341      F17C8267 
 2341      1B9E
 2342 0098 5DC00D20 		.ascii	"]\300\015 \025\365\376\300\000\224\007\3419\004\310"
 2342      15F5FEC0 
 2342      009407E1 
 2342      3904C8
 2343 00a7 02FE15F8 		.ascii	"\002\376\025\3703\340\003\202\3004\240\002\250\003\332"
 2343      33E00382 
 2343      C034A002 
 2343      A803DA
 2344 00b6 0137E6FA 		.ascii	"\0017\346\372+\306\374\204\362m\340.p\025\270\017\334"
 2344      2BC6FC84 
 2344      F26DE02E 
 2344      7015B80F 
 2344      DC
 2345 00c7 037E066E 		.ascii	"\003~\006n\0017\201+@\034\270\016\\\003z\200\247\300"
 2345      0137812B 
 2345      401CB80E 
 2345      5C037A80 
 2345      A7C0
 2346 00d9 63E07BC8 		.ascii	"c\340{\310\330\007\034\003:\201\343\300]\240\007\210"
 2346      D8071C03 
 2346      3A81E3C0 
 2346      5DA00788 
 2347 00e9 033785EE 		.ascii	"\0037\205\356\300m\340\026p\017\370\007\214\373\015"
 2347      C06DE016 
 2347      700FF807 
 2347      8CFB0D
 2348 00f8 F08FC0DF 		.ascii	"\360\217\300\337\003\177\007\274\010\014\006~\013\274"
 2348      037F07BC 
 2348      080C067E 
 2348      0BBC
 2349 0106 04BC000C 		.ascii	"\004\274\000\014\005\376\005x\035\370g\340\237\200W"
 2349      05FE0578 
 2349      1DF867E0 
 2349      9F8057
 2350 0115 805781D7 		.ascii	"\200W\201\327\200\337\003\357\003\377\011\374\027\360"
 2350      80DF03EF 
 2350      03FF09FC 
 2350      17F0
 2351 0123 1FC007C0 		.ascii	"\037\300\007\300\237\200\277\000c\000/\220\007\370\201"
 2351      9F80BF00 
 2351      63002F90 
 2351      07F881
 2352 0132 7C602C30 		.ascii	"|`,0\011\230\014L\007\306\003e\300D`\0020\003\230\002"
ARM GAS  /tmp/cc6Db5sf.s 			page 58


 2352      09980C4C 
 2352      07C60365 
 2352      C0446002 
 2352      30039802 
 2353 0146 6C043603 		.ascii	"l\0046\003[\201\225\300Z\340\013`5P\011l\002V\001k\200"
 2353      5B8195C0 
 2353      5AE00B60 
 2353      3550096C 
 2353      0256016B 
 2354 015b E5C03A60 		.ascii	"\345\300:`=\260\002\330\000\324\003\015@\023\360-P\013"
 2354      3DB002D8 
 2354      00D4030D 
 2354      4013F02D 
 2354      500B
 2355 016d D4007B81 		.ascii	"\324\000{\201\235@#\260\007\250\006v\000\273\200\003"
 2355      9D4023B0 
 2355      07A80676 
 2355      00BB8003 
 2356 017d 40077058 		.ascii	"@\007pX\370\030\330\017\354\003\016\001i\360W:@@\037"
 2356      F818D80F 
 2356      EC030E01 
 2356      69F0573A 
 2356      40401F
 2357 0190 80031EC0 		.ascii	"\200\003\036\300%b\006`@*\220\011d$\304\221\361\207"
 2357      25620660 
 2357      402A9009 
 2357      6424C491 
 2357      F187
 2358 01a2 31F3380D 		.ascii	"1\3638\015\240\373n<\006QC\213\306\373i\3311\371\367"
 2358      A0FB6E3C 
 2358      0651438B 
 2358      C6FB69D9 
 2358      31F9F7
 2359 01b5 E3AF3412 		.ascii	"\343\2574\022z\342\357\365L\331=Dr\317\271\345c\220"
 2359      7AE2EFF5 
 2359      4CD93D44 
 2359      72CFB9E5 
 2359      6390
 2360 01c7 6C5A49F2 		.ascii	"lZI\3621J6u\252\036&\233\262\370\007\032\367i<\244\225"
 2360      314A3675 
 2360      AA1E269B 
 2360      B2F8071A 
 2360      F7693CA4 
 2361 01dc F3D4A633 		.ascii	"\363\324\2463\323\227\262\027\211\360/\235Q3M\210\305"
 2361      D397B217 
 2361      89F02F9D 
 2361      51334D88 
 2361      C5
 2362 01ed 5C7834C4 		.ascii	"\\x4\304b\227ce\036\215ri\204F\215\204&\215\366\022"
 2362      62976365 
 2362      1E8D7269 
 2362      84468D84 
 2362      268DF612 
 2363 0201 35112FD1 		.ascii	"5\021/\321x\2144\276\2000\334}\347\356\221\305}\206"
 2363      788C34BE 
 2363      8030DC7D 
 2363      E7EE91C5 
ARM GAS  /tmp/cc6Db5sf.s 			page 59


 2363      7D86
 2364 0213 0E1C3614 		.ascii	"\016\0346\024\003\356/k;\266&wucs\254*\3061\200Z\210"
 2364      03EE2F6B 
 2364      3BB62677 
 2364      756373AC 
 2364      2AC63180 
 2365 0229 DA484AD0 		.ascii	"\332HJ\320(\033\310\321\240|Yl*lM\015D0;\265KJ5\321"
 2365      281BC8D1 
 2365      A07C596C 
 2365      2A6C4D0D 
 2365      44303BB5 
 2366 0241 F744C27C 		.ascii	"\367D\302|\202\021o\237\224\252\211\346\357D\217\334"
 2366      82116F9F 
 2366      94AA89E6 
 2366      EF448FDC 
 2367 0251 70ADA461 		.ascii	"p\255\244a\202\370\376\246\311\263H\027\276'Ax\256\262"
 2367      82F8FEA6 
 2367      C9B34817 
 2367      BE274178 
 2367      AEB2
 2368 0263 17974BFC 		.ascii	"\027\227K\3745\307\036\340\330\037|\012\323\370b`\025"
 2368      35C71EE0 
 2368      D81F7C0A 
 2368      D3F86260 
 2368      15
 2369 0274 B08D41E5 		.ascii	"\260\215A\345\214\206\3117+\372\015\035:t\330@\210\254"
 2369      8C86C937 
 2369      2BFA0D1D 
 2369      3A74D840 
 2369      88AC
 2370 0286 AA6D6A8E 		.ascii	"\252mj\216e\215\367\010\211\207\211\272\234\352\012"
 2370      658DF708 
 2370      898789BA 
 2370      9CEA0A
 2371 0295 42BD4538 		.ascii	"B\275E8\230@h\220ZU\325Y\214C\011\214\\\271\236\032"
 2371      98406890 
 2371      5A55D559 
 2371      8C43098C 
 2371      5CB99E1A 
 2372 02a9 B11EB41F 		.ascii	"\261\036\264\0375\327s\204l\2468@\204\350\241\023r,"
 2372      35D77384 
 2372      6CA63840 
 2372      84E8A113 
 2372      722C
 2373 02bb 4C718CA8 		.ascii	"Lq\214\250\223\350\270`\312%U+\347\015\221+\2131^\257"
 2373      93E8B860 
 2373      CA25552B 
 2373      E70D912B 
 2373      8B315EAF 
 2374 02cf 87C6AFE5 		.ascii	"\207\306\257\345\257\213\267`i'\364\266,\336\215\332"
 2374      AF8BB760 
 2374      6927F4B6 
 2374      2CDE8DDA 
 2375 02df 6DBDE6E6 		.ascii	"m\275\346\346\217P+\343\032\237\005,\002\326\000_q\230"
 2375      8F502BE3 
 2375      1A9F052C 
 2375      02D6005F 
ARM GAS  /tmp/cc6Db5sf.s 			page 60


 2375      7198
 2376 02f1 6150D7A9 		.ascii	"aP\327\251\035S\371\260\201C\365?\250S\265!E\243\033"
 2376      1D53F9B0 
 2376      8143F53F 
 2376      A853B521 
 2376      45A31B
 2377 0304 44D74C35 		.ascii	"D\327L5\1772\325tit\232\350\024\324\274N\202\0035\357"
 2377      7F32D574 
 2377      69749AE8 
 2377      14D4BC4E 
 2377      820335EF 
 2378 0318 12F510C5 		.ascii	"\022\365\020\305\211n\022\335!\272Mt\213\350\236\341"
 2378      896E12DD 
 2378      21BA4D74 
 2378      8BE89EE1 
 2379 0328 C34DDD07 		.ascii	"\303M\335\007\312i\356xN\243\351\222\034\261\203\350"
 2379      CA69EE78 
 2379      4EA3E992 
 2379      1CB183E8 
 2380 0338 1C3AE9A2 		.ascii	"\034:\351\242\370\331!\005wl\276Q\026K\367\200r9\231"
 2380      F8D92105 
 2380      776CBE51 
 2380      164BF780 
 2380      723999
 2381 034b 228325BE 		.ascii	"\"\203%\276\271\273\331\020\363\243\203s\326\344TUv"
 2381      B9BBD910 
 2381      F3A38373 
 2381      D6E45455 
 2381      76
 2382 035c EF8B6595 		.ascii	"\357\213e\225\0111\027\034\224\363\326L\361M\025\307"
 2382      0931171C 
 2382      94F3D64C 
 2382      F14D15C7 
 2383 036c 0C39DDC9 		.ascii	"\0149\335\311$)\247\243\334\320\346\212\203\221mJ\251"
 2383      2429A7A3 
 2383      DCD0E68A 
 2383      83916D4A 
 2383      A9
 2384 037d DA68CE74 		.ascii	"\332h\316t5\211\242\353;i\2771\317\017\311\372B\214"
 2384      3589A2EB 
 2384      3B69BF31 
 2384      CF0FC9FA 
 2384      428C
 2385 038f F4CBE534 		.ascii	"\364\313\3454\371\350\320\224KS\370n\256:Z5\336\002"
 2385      F9E8D094 
 2385      4B53F86E 
 2385      AE3A5A35 
 2385      DE02
 2386 03a1 0F75EAD5 		.ascii	"\017u\352\325\006\215_D5\256WG\361\207\262\224J\342"
 2386      068D5F44 
 2386      35AE5747 
 2386      F187B294 
 2386      4AE2
 2387 03b3 644A9325 		.ascii	"dJ\223%\221\017\306\361\011.\270\224\265\334\230v.#"
 2387      910FC6F1 
 2387      092EB894 
 2387      B5DC9876 
ARM GAS  /tmp/cc6Db5sf.s 			page 61


 2387      2E23
 2388 03c5 43A8116B 		.ascii	"C\250\021k(K\327\364\271i\022#\304_\031\243\211\214"
 2388      284BD7F4 
 2388      B9691223 
 2388      C45F19A3 
 2388      898C
 2389 03d7 4F772951 		.ascii	"Ow)Q#\370|\227\306\313\345\260\371W\037m\365\230\303"
 2389      23F87C97 
 2389      C6CBE5B0 
 2389      F9571F6D 
 2389      F598C3
 2390 03ea D069E83C 		.ascii	"\320i\350<\203ai\210Mp6\254]Q\353\036\240\202\341\277"
 2390      83616988 
 2390      4D7036AC 
 2390      5D51EB1E 
 2390      A082E1BF 
 2391 03fe 69B04999 		.ascii	"i\260I\231\311$M\010\035L\317H>4^!\345\2667\317j\245"
 2391      C9244D08 
 2391      1D4CCF48 
 2391      3E345E21 
 2391      E5B637CF 
 2392 0414 0C9949F6 		.ascii	"\014\231I\366\214\347z*\231\303h\260F\263\031\315b\240"
 2392      8CE77A2A 
 2392      99C368B0 
 2392      46B319CD 
 2392      62A0
 2393 0426 F47CB6F7 		.ascii	"\364|\266\367,3\305\316e\275\311\205\201\210o\226\022"
 2393      2C33C5CE 
 2393      65BDC985 
 2393      81886F96 
 2393      12
 2394 0437 975C3A37 		.ascii	"\227\\:7\313\243\350\261\225\0146\236\307\224\003\027"
 2394      CBA3E8B1 
 2394      950C369E 
 2394      C7940317 
 2395 0447 E8745E8D 		.ascii	"\350t^\215U5\001\007\201\013b\314\013_\3568\263\320"
 2395      55350107 
 2395      810B62CC 
 2395      0B5FEE38 
 2395      B3D0
 2396 0459 AD0739F2 		.ascii	"\255\0079\362\224\012\365\370\322\212)\263\245\237&"
 2396      940AF5F8 
 2396      D28A29B3 
 2396      A59F26
 2397 0468 339AC668 		.ascii	"3\232\306h\2455\363TfEMy\367!\303\233O\310NzdE\350\322"
 2397      A535F354 
 2397      66454D79 
 2397      F721C39B 
 2397      4FC84E7A 
 2398 0480 A619A6A4 		.ascii	"\246\031\246\244)\016I\343\231\031Z\255\3252\264@\231"
 2398      290E49E3 
 2398      99195AAD 
 2398      D532B440 
 2398      99
 2399 0491 904CD127 		.ascii	"\220L\321'[R\321\022\223\311\355SF\323\223UR\263-\256"
 2399      5B52D112 
 2399      93C9ED53 
ARM GAS  /tmp/cc6Db5sf.s 			page 62


 2399      46D39355 
 2399      52B32DAE 
 2400 04a5 381093B3 		.ascii	"8\020\223\263-`\264P\222\014\023X\201\034/\267\202\360"
 2400      2D60B450 
 2400      920C1358 
 2400      811C2FB7 
 2400      82F0
 2401 04b7 9943EDA7 		.ascii	"\231C\355\247\326\216(\213-\026\233\372\001\021\262"
 2401      D68E288B 
 2401      2D169BFA 
 2401      0111B2
 2402 04c6 24AD92A2 		.ascii	"$\255\222\242\260\251W3Z\316h\015\243e\214\2260*g\364"
 2402      B0A95733 
 2402      5ACE680D 
 2402      A3658C96 
 2402      302A67F4 
 2403 04da 39A30A46 		.ascii	"9\243\012F+\030-e\364\005\323w\367\034\221\3210b13R"
 2403      2B182D65 
 2403      F405D377 
 2403      F71C91D1 
 2403      30623133 
 2404 04ef C5674CD7 		.ascii	"\305gL\327\257\305\324o\221C?s\217t\234\231 \215\001"
 2404      AFC5D46F 
 2404      91433F73 
 2404      8F749C99 
 2404      208D01
 2405 0502 C67C07E3 		.ascii	"\306|\007\343\224m\005M]\306\012\036'\033^\317\036\313"
 2405      946D054D 
 2405      5DC60A1E 
 2405      271B5ECF 
 2405      1ECB
 2406 0514 8CFD1A63 		.ascii	"\214\375\032cI\213\314Qa~.M\235\236\032\277\213\200"
 2406      498BCC51 
 2406      617E2E4D 
 2406      9D9E1ABF 
 2406      8B80
 2407 0526 78EC52F1 		.ascii	"x\354R\3614\202\317NQ\245a|i\212\306\327\002\033\201"
 2407      3482CF4E 
 2407      51A5617C 
 2407      698AC6D7 
 2407      021B81
 2408 0539 2DC07660 		.ascii	"-\300v`\007P\013\264\247\210Dy\347\360\203\361\031\342"
 2408      07500BB4 
 2408      A7884479 
 2408      E7F083F1 
 2408      19E2
 2409 054b BC502124 		.ascii	"\274P!$\316\241+\023\347\253s\010\021\273\205Q\035\263"
 2409      CEA12B13 
 2409      E7AB7308 
 2409      11BB8551 
 2409      1DB3
 2410 055d A5FC1DF2 		.ascii	"\245\374\035\362P\350\230\321\250\016\00506$0j\025\343"
 2410      50E898D1 
 2410      A80E0530 
 2410      3624306A 
 2410      15E3
 2411 056f C4F6B218 		.ascii	"\304\366\262\030\227\204\315\011\204Je\313\313\023a"
ARM GAS  /tmp/cc6Db5sf.s 			page 63


 2411      9784CD09 
 2411      844A65CB 
 2411      CB1361
 2412 057e 64746C37 		.ascii	"dtl7\215\374\025\223\307\340\225\306rs\372M\011c7JJ"
 2412      8DFC1593 
 2412      C7E095C6 
 2412      7273FA4D 
 2412      0963374A 
 2413 0593 C74653F8 		.ascii	"\307FS\370\266\004B\256\354\2577\373\267&\364\037P\332"
 2413      B60442AE 
 2413      ECAF37FB 
 2413      B726F41F 
 2413      50DA
 2414 05a5 559B84AA 		.ascii	"U\233\204\252\004\202:\365:\226\231\204/\023\010\366"
 2414      04823AF5 
 2414      3A969984 
 2414      2F1308F6 
 2415 05b5 637E1D13 		.ascii	"c~\035\023\331\234\252%\005\361U\313h'\243\032F\273"
 2415      D99CAA25 
 2415      05F155CB 
 2415      6827A31A 
 2415      46BB
 2416 05c7 187DCDE8 		.ascii	"\030}\315\350[\270\215\3217\3148\352:S\345c\246zw9\347"
 2416      5BB88DD1 
 2416      37CC38EA 
 2416      3A53E563 
 2416      A67A7739 
 2417 05dc E6275254 		.ascii	"\346'RTG\\=\006\253v\342\247\341\236\363\300u\340\021"
 2417      475C3D06 
 2417      AB76E2A7 
 2417      E19EF3C0 
 2417      75E011
 2418 05ef 303D55E3 		.ascii	"0=U\343s\200y\300B`1\260:\025\356\033\360h\323\336U"
 2418      738079C0 
 2418      426031B0 
 2418      3A15EE1B 
 2418      F068D3DE 
 2419 0604 4CF79DDA 		.ascii	"L\367\235\332\373\033\221\206\2161:`\232u\277\262\367"
 2419      FB1B9186 
 2419      8E313A60 
 2419      9A75BFB2 
 2419      F7
 2420 0615 A633A7D2 		.ascii	"\2463\247\322[\361^2\232\276g\202\320\333\211e\236\021"
 2420      5BF15E32 
 2420      9ABE6782 
 2420      D0DB8965 
 2420      9E11
 2421 0627 FB1C14EB 		.ascii	"\373\034\024\353\000\250\274g\010iu0\034\207Q\235\301"
 2421      00A8BC67 
 2421      08697530 
 2421      1C87519D 
 2421      C1
 2422 0638 694F92A2 		.ascii	"iO\222\242S*\2771(\337%\2131\015\214\015\334\304h/\222"
 2422      532ABF31 
 2422      28DF258B 
 2422      310D8C0D 
 2422      DCC4682F 
ARM GAS  /tmp/cc6Db5sf.s 			page 64


 2423 064d 5F8764C1 		.ascii	"_\207d\301\300\207\030\035a\324\311\350 \243\243\214"
 2423      C087181D 
 2423      61D4C9E8 
 2423      20A3A38C 
 2424 065d 0E333AAE 		.ascii	"\0163:\256o\332\216.C\367\026\207H\353$\215o:f\314\332"
 2424      6FDA8E2E 
 2424      43F71687 
 2424      48EB248D 
 2424      6F3A66CC 
 2425 0672 966C811C 		.ascii	"\226l\201\034\215o\202U\267\001\337\002\265@#pTX\271"
 2425      8D6F8255 
 2425      B701DF02 
 2425      B5402370 
 2425      5458B9
 2426 0685 EF9ECE15 		.ascii	"\357\236\316\025s\322\206\252\327\011!\351\344\2326"
 2426      73D286AA 
 2426      D70921E9 
 2426      E49A36
 2427 0694 950720E5 		.ascii	"\225\007 \345$\243\037\230\256\250u\020\012V\227\210"
 2427      24A31F98 
 2427      AEA87510 
 2427      0A569788 
 2428 06a4 70F49D31 		.ascii	"p\364\2351]q\232\331\326\266\233Q\003\326vN\216\307"
 2428      5D719AD9 
 2428      D6B69B51 
 2428      03D6764E 
 2428      8EC7
 2429 06b6 DA7E6474 		.ascii	"\332~dt\026\271\202Q7\243\013F*:\331\330b\316t\3121"
 2429      16B98251 
 2429      37A30B46 
 2429      2A3AD9D8 
 2429      62CE74CA 
 2430 06cb 9395716A 		.ascii	"\223\225qjT\306\001\243\313\301\260e\350.\223\322\354"
 2430      54C601A3 
 2430      CBC1B065 
 2430      E82E93D2 
 2430      EC
 2431 06dc A0345A94 		.ascii	"\2404Z\2246\223r\302A\271o?\332\253Sy7\254r\005\350"
 2431      369372C2 
 2431      41B96F3F 
 2431      DAAB5379 
 2431      37AC7205 
 2432 06f1 0126A789 		.ascii	"\001&\247\211\227\354/\252o\237w\343\364\021\372\356"
 2432      97EC2FAA 
 2432      6F9F77E3 
 2432      F411FAEE 
 2433 0701 B7E97B99 		.ascii	"\267\351{\231\321\265^\364u\272\366\272$a\371?\031K"
 2433      D1B55EF4 
 2433      75BAF6BA 
 2433      2461F93F 
 2433      194B
 2434 0713 DE27CC86 		.ascii	"\336'\314\206\266\253\246\331\256\350/|\235.\371\270"
 2434      B6ABA6D9 
 2434      AEE82F7C 
 2434      9D2EF9B8 
 2435 0723 A0F6CFCA 		.ascii	"\240\366\317\312\276|Q\232\236\010\211/\323\213\015"
 2435      BE7C519A 
ARM GAS  /tmp/cc6Db5sf.s 			page 65


 2435      9E08892F 
 2435      D38B0D
 2436 0732 C42BF5E2 		.ascii	"\304+\365\342z\342\325zq*\361\3064\244<\340(p\016\270"
 2436      7AE2D57A 
 2436      712AF1C6 
 2436      34A43CE0 
 2436      28700EB8 
 2437 0746 0AF4004F 		.ascii	"\012\364\000O\200yn\254\343\371]\273\267\237\361\350"
 2437      80796EAC 
 2437      E3F95DBB 
 2437      B79FF1E8 
 2438 0756 67E9307D 		.ascii	"g\3510}7\3257\0367\327\363\010\207)O\262\213`\265\332"
 2438      37D5371E 
 2438      37D7F308 
 2438      87294FB2 
 2438      8B60B5DA 
 2439 076a 56FDB383 		.ascii	"V\375\263\203u\317:\334\352'\236\237\232\025\2337B\220"
 2439      75CF3ADC 
 2439      EA279E9F 
 2439      9A159B37 
 2439      4290
 2440 077c 1E384559 		.ascii	"\0368EY\347d\307C\323\015\017\035\034\233\247\226\233"
 2440      E764C743 
 2440      D30D0F1D 
 2440      1C9BA796 
 2440      9B
 2441 078d 94A70E8A 		.ascii	"\224\247\016\212\025\021\325&\343\211\203a\217\316\357"
 2441      1511D526 
 2441      E3898361 
 2441      8FCEEF
 2442 079c 1A5B8C43 		.ascii	"\032[\214C\350\216$\031\333\341\266\245r\235p\005\272"
 2442      E88E2419 
 2442      DBE1B6A5 
 2442      729D7005 
 2442      BA
 2443 07ad 908C7557 		.ascii	"\220\214uW<\263Gp\234\321M\270p*\027\034\270p\022^\023"
 2443      3CB34770 
 2443      9CD14DB8 
 2443      702A171C 
 2443      B870125E 
 2444 07c2 384DE704 		.ascii	"8M\347\004\251e\234&r\232\300i\006\247"
 2444      A9659C26 
 2444      729AC069 
 2444      06A7
 2445 07d0 295C776D 		.ascii	")\\wm\375\371C\246\235\036;4\263b\025\306\334o\222\356"
 2445      FDF943A6 
 2445      9D1E3B34 
 2445      B36215C6 
 2445      DC6F92EE 
 2446 07e4 3A483DCC 		.ascii	":H=\314\026\212q\246^6U04\364\345\025n\215o\005\252"
 2446      168A71A6 
 2446      5E365530 
 2446      34F4E515 
 2446      6E8D6F05 
 2447 07f9 DD7AB410 		.ascii	"\335z\264\020oB\365\240^\355 ~\011\325\247z\265\225"
 2447      6F42F5A0 
 2447      5EED207E 
ARM GAS  /tmp/cc6Db5sf.s 			page 66


 2447      09D5A77A 
 2447      B595
 2448 080b F882745C 		.ascii	"\370\202t\\\234\200\255@\015p$\035Q0tQM\363S2\336\250"
 2448      9C80AD40 
 2448      0D70241D 
 2448      51307451 
 2448      4DF35332 
 2449 0821 8CFBC330 		.ascii	"\214\373\3030\031\014+,\223-\342Ta\231l!\267\336\242"
 2449      190C2B2C 
 2449      932DE254 
 2449      61996C21 
 2449      B7DEA2
 2450 0834 379F37DE 		.ascii	"7\2377\336\242?uplf}V3\311-\022\221\212\251\212\336"
 2450      A23F7570 
 2450      6C667D56 
 2450      33C92D12 
 2450      918AA98A 
 2451 0849 636A9935 		.ascii	"cj\2315\331\022\207\240\305\266\311\246\256i\220\223"
 2451      D91287A0 
 2451      C5B6C9A6 
 2451      AE699093 
 2452 0859 A9B8ABE8 		.ascii	"\251\270\253\350-\356\252\226\233\012}\226\254\264\256"
 2452      2DEEAA96 
 2452      9B0A7D96 
 2452      ACB4AE
 2453 0868 D0E266D3 		.ascii	"\320\342f\323\344\017\234\032Y\241\251;}6'\\\267h\213"
 2453      E40F9C1A 
 2453      59A1A93B 
 2453      7D36275C 
 2453      B7688B
 2454 087b 9405A76F 		.ascii	"\224\005\247o\344\264\231\323VN+9\255\345\364\005\247"
 2454      E4B499D3 
 2454      564E2B39 
 2454      ADE5F405 
 2454      A7
 2455 088c D59C2A39 		.ascii	"\325\234*9m\342\264\212\323\032N\3139\255\343\264\236"
 2455      6DE2B48A 
 2455      D31A4ECB 
 2455      39ADE3B4 
 2455      9E
 2456 089d D30A4E1B 		.ascii	"\323\012N\033\364Hp\206yEoa\036_o\031`\201C\361y\246"
 2456      F4487086 
 2456      79456F61 
 2456      1E5F6F19 
 2456      608143F1 
 2457 08b3 E25595E6 		.ascii	"\342U\225\346\332\346'St\033m19s\223\035\242s\236\331"
 2457      DAE62753 
 2457      741B6D31 
 2457      3973931D 
 2457      A2739ED9 
 2458 08c7 B754452F 		.ascii	"\267TE/[\252j\266)ei\2627\024e\226I)wPz\254\211\342"
 2458      5BAA6AB6 
 2458      296569B2 
 2458      37146596 
 2458      49297750 
 2459 08df CFE26586 		.ascii	"\317\342e\206\353\2378f\262o\315\2478\302\321\265\314"
 2459      EB9F3866 
ARM GAS  /tmp/cc6Db5sf.s 			page 67


 2459      B26FCDA7 
 2459      38C2D1B5 
 2459      CC
 2460 08f0 DC759F73 		.ascii	"\334u\237s5x\221\0317\217\035\203\365\335#\003{\257"
 2460      35789119 
 2460      378F1D83 
 2460      F5DD2303 
 2460      7BAF
 2461 0902 9E1D3DFC 		.ascii	"\236\035=\374j\272\236\264I>\252\210\337D\224O\314@"
 2461      6ABA9EB4 
 2461      493EAA88 
 2461      DF44944F 
 2461      CC40
 2462 0914 94FFE674 		.ascii	"\224\377\346tO\317\345>V\224\2337\207zGh\326\365\036"
 2462      4FCFE53E 
 2462      56949B37 
 2462      877A4768 
 2462      D6F51E
 2463 0927 9A676B8C 		.ascii	"\232gk\214\203\024V\257\263\026\372\225e\213\313\306"
 2463      831456AF 
 2463      B316FA95 
 2463      658BCBC6 
 2464 0937 69FC6932 		.ascii	"i\374i2C\267\371>\203\262\324A\271gs\313\025\2032\327"
 2464      43B7F93E 
 2464      83B2D441 
 2464      B96773CB 
 2464      158332D7 
 2465 094b 41E9B125 		.ascii	"A\351\261%Ug\344\326\375\037\222j]o\321\246\007\367"
 2465      5567E4D6 
 2465      FD1F926A 
 2465      5D6FD1A6 
 2465      07F7
 2466 095d 364E5508 		.ascii	"6NU\010\356\335r:\004w=\247\006\3209}\313\251\226S\015"
 2466      EEDD723A 
 2466      04773DA7 
 2466      06D0397D 
 2466      CBA99653 
 2467 0972 A7BD9C76 		.ascii	"\247\275\234vrj\344\264\007\004\250\304i\227\021\323"
 2467      726AE4B4 
 2467      0704A8C4 
 2467      699711D3 
 2468 0982 8EBC5CF7 		.ascii	"\216\274\\\367\213y\271\256w\347\327\301\371\350\372"
 2468      8B79B9AE 
 2468      77E7D7C1 
 2468      F9E8FA
 2469 0991 C674FED7 		.ascii	"\306t\376\327\312\371'M\243/r\030c\273\315\244\346;"
 2469      CAF9274D 
 2469      A32F7218 
 2469      63BBCDA4 
 2469      E63B
 2470 09a3 D067C914 		.ascii	"\320g\311\024\345\227v\203Q\236lt\335\242\216 \253\353"
 2470      E5977683 
 2470      519E6C74 
 2470      DDA28E20 
 2470      ABEB
 2471 09b5 3DC82AF5 		.ascii	"=\310*\365W\330\014\2760C\343K\200J\021V\003\026\226"
 2471      57D80CBE 
ARM GAS  /tmp/cc6Db5sf.s 			page 68


 2471      3043E34B 
 2471      804A1156 
 2471      031696
 2472 09c8 6DE8EAA7 		.ascii	"m\350\352\247\322\3460\025P;\034\001\325\336k@\351\306"
 2472      D2E63015 
 2472      503B1C01 
 2472      D5DE6B40 
 2472      E9C6
 2473 09da 6FE1D40C 		.ascii	"o\341\324\014\343\037\344\202\006\343\037\340\324\301"
 2473      E31FE482 
 2473      06E31FE0 
 2473      D4C1
 2474 09e8 E930A736 		.ascii	"\3510\2476N\3739\355\343t\3100\365L+\357=pJ\375\337"
 2474      4EFB39ED 
 2474      E374C830 
 2474      F54C2BEF 
 2474      3D704AFD 
 2475 09fd BCDEFECB 		.ascii	"\274\336\376\313Gi\373/\272\254\275w\227U\303e\350\372"
 2475      4769FB2F 
 2475      BAACBD77 
 2475      9755C365 
 2475      E8FA
 2476 0a0f DE74D977 		.ascii	"\336t\331w\312e;M\227\335\221c{\261\366\016\207\265"
 2476      CA653B4D 
 2476      97DD9163 
 2476      7BB1F60E 
 2476      87B5
 2477 0a21 DB93ACCD 		.ascii	"\333\223\254\315ka\3336\340x\206\262|_i\370\270\306"
 2477      6B61DB36 
 2477      E07886B2 
 2477      7C5F69F8 
 2477      B8C6
 2478 0a33 CFA2F122 		.ascii	"\317\242\361\"p\015\270\005\334\003\036\001\261L\215"
 2478      700DB805 
 2478      DC031E01 
 2478      B14C8D
 2479 0a42 4F02A603 		.ascii	"O\002\246\003s\200\005\300\022`9\260\032X\013Tg\302"
 2479      738005C0 
 2479      126039B0 
 2479      1A580B54 
 2479      67C2
 2480 0a54 5943E6AC 		.ascii	"YC\346\254\376\354X\206~\274\231\207]\003\224:\323\264"
 2480      FEEC5886 
 2480      7EBC9987 
 2480      5D03943A 
 2480      D3B4
 2481 0a66 C2FC10F9 		.ascii	"\302\374\020\371%\247;\\\277\376\310\027eu\303\332\251"
 2481      25A73B5C 
 2481      BFFEC817 
 2481      6575C3DA 
 2481      A9
 2482 0a77 EE47209C 		.ascii	"\356G \234\267\021l7\254\245&\341b\002A~x\354X\337h"
 2482      B7116C37 
 2482      ACA526E1 
 2482      6202417E 
 2482      78EC58DF 
 2483 0a8c 7E563C99 		.ascii	"~V<\2318\205~\311\\jQN%R\016(\313\237\0267u\364\\6M"
ARM GAS  /tmp/cc6Db5sf.s 			page 69


 2483      38857EC9 
 2483      5C6A514E 
 2483      25520E28 
 2483      CB9F1637 
 2484 0aa5 7F89CB4B 		.ascii	"\177\211\313K\344\231I\313\315%\234I\034\2544\230i\211"
 2484      E49949CB 
 2484      CD259C49 
 2484      1CAC3498 
 2484      6989
 2485 0ab7 3F9DC8D0 		.ascii	"?\235\310\320o\201W\315E\234MX\204~\313]a\022\272\023"
 2485      6F8157CD 
 2485      459C4D58 
 2485      847ECB5D 
 2485      6112BA13 
 2486 0acb 08B94660 		.ascii	"\010\271F`\343~\330\311\3518\002\373\206\244\210W]N"
 2486      E37ED8C9 
 2486      E93802FB 
 2486      86A48857 
 2486      5D4E
 2487 0add B739DDE5 		.ascii	"\2679\335\345t\225\323}N\3678\375\314\351\026\247\233"
 2487      7495D37D 
 2487      4EF738FD 
 2487      CCE916A7 
 2487      9B
 2488 0aee 9CAE708A 		.ascii	"\234\256p\212s\272\316\351\032\247\036\021\355b\226"
 2488      73BACEE9 
 2488      1AA71E11 
 2488      ED6296
 2489 0afd 2D96A65D 		.ascii	"-\226\246]\211\232V\252\033q\245\251\310\205\004E\364"
 2489      899A56AA 
 2489      1B71A5A9 
 2489      C8850445 
 2489      F4
 2490 0b0e A5EC3709 		.ascii	"\245\3547\011?$\020t\011\247L\302\271\004\202~\351n"
 2490      3F241074 
 2490      09A74CC2 
 2490      B904827E 
 2490      E96E
 2491 0b20 35093F26 		.ascii	"5\011?&\020\340/\336\212\260:\002\\\020\241\345>\262"
 2491      10E02FDE 
 2491      8AB03A02 
 2491      5C10A1E5 
 2491      3EB2
 2492 0b32 6DF24286 		.ascii	"m\362B\206\210\222w\202\237*\332\324\247\037\014:\301"
 2492      88927782 
 2492      9F2ADAD4 
 2492      A71F0C3A 
 2492      C1
 2493 0b43 E909D70D 		.ascii	"\351\011\327\015b\277\022\352)\240\206h\027\014\366"
 2493      62BF12EA 
 2493      29A08668 
 2493      170CF6
 2494 0b52 4CB260A9 		.ascii	"L\262`\251\247\234\036\353{\276\352\252\371y\362\201"
 2494      A79C1EEB 
 2494      7BBEEAAA 
 2494      F979F281 
 2495 0b62 EC4EBE9D 		.ascii	"\354N\276\235^\021\321\200\236Gf4<\024\037\203\007\257"
ARM GAS  /tmp/cc6Db5sf.s 			page 70


 2495      5E11D180 
 2495      9E476634 
 2495      3C141F83 
 2495      07AF
 2496 0b74 5CBBB89C 		.ascii	"\\\273\270\234\214@\037h|\020\216?\355\326oq+\221!\210"
 2496      8C401F68 
 2496      7C108E3F 
 2496      EDD66F71 
 2496      2B912188 
 2497 0b88 A6BAF4EF 		.ascii	"\246\272\364\357E\032\375l\333\334\017\272\365\327Q"
 2497      451AFD6C 
 2497      DBDC0FBA 
 2497      F5D751
 2498 0b97 9CB773B8 		.ascii	"\234\267s\270`\2517 \215f\332^\240\014Q7\020nR\224\372"
 2498      60A93720 
 2498      8D66DA5E 
 2498      A00C5137 
 2498      106E5294 
 2499 0bac 9EACD149 		.ascii	"\236\254\321IKT\325\243\012\225\265p\271\271\304\004"
 2499      4B54D5A3 
 2499      0A95B570 
 2499      B9B9C404 
 2500 0bbc C9D8EC17 		.ascii	"\311\330\354\027mg\336\023A\202\263\353\030\255\227"
 2500      6D67DE13 
 2500      4182B3EB 
 2500      18AD97
 2501 0bcb 24F59141 		.ascii	"$\365\221A\243\265\266\327\210\033b\245\350;j\256\364"
 2501      A3B5B6D7 
 2501      881B62A5 
 2501      E83B6AAE 
 2501      F4
 2502 0bdc 884A3953 		.ascii	"\210J9S/\351\266\356\"\274\361\012\212\372\376\2163"
 2502      2FE9B6EE 
 2502      22BCF10A 
 2502      8AFAFE8E 
 2502      33
 2503 0bed C5A6C84D 		.ascii	"\305\246\310M]\021\344\233V\271$\225z\035\2274\371\001"
 2503      5D11E49B 
 2503      56B92495 
 2503      7A1D9734 
 2503      F901
 2504 0bff ED1BA2AF 		.ascii	"\355\033\242\257\3057V\227 \301\037S\\4\315E\343]4\313"
 2504      C5375697 
 2504      20C11F53 
 2504      5C34CD45 
 2504      E35D34CB 
 2505 0c13 45135D34 		.ascii	"E\023]4\323Ee.\212\271h\202\213&\273h\206\213\246\273"
 2505      D345652E 
 2505      8AB96882 
 2505      8B26BB68 
 2505      868BA6BB 
 2506 0c27 746FDDD7 		.ascii	"to\335\327\247\300\001\362\245\234B\035\255\316\363"
 2506      A7C001F2 
 2506      A59C421D 
 2506      ADCEF3
 2507 0c36 7DFA3A45 		.ascii	"}\372:E\202\317\216I\222\362\277F;m\312N[\247\014\322"
 2507      82CF8E49 
ARM GAS  /tmp/cc6Db5sf.s 			page 71


 2507      92F2BF46 
 2507      3B6DCA4E 
 2507      5BA70CD2 
 2508 0c4a 46B45BAE 		.ascii	"F\264[\256H\375\347\212\276\242ZEz\254O\207\213\353"
 2508      48FDE78A 
 2508      BEA25A45 
 2508      7AAC4F87 
 2508      8BEB
 2509 0c5c 1E693575 		.ascii	"\036i5u\273\326\250\336\312\265\017'\351\236\304\225"
 2509      BBD6A8DE 
 2509      CAB50F27 
 2509      E99EC495 
 2510 0c6c E29624A9 		.ascii	"\342\226$\251\013\014v\246\"\225s\266\361\363\371\303"
 2510      0B0C76A6 
 2510      229573B6 
 2510      F1F3F9C3 
 2511 0c7c 078AF537 		.ascii	"\007\212\3657\330\327\177\224\377\277\326\0179\273\226"
 2511      D8D77F94 
 2511      FFBFD60F 
 2511      39BB96
 2512 0c8b 37BFFCDB 		.ascii	"7\277\374\333\317\347\306\356\037\251\037\337\2351>"
 2512      CFE7C6EE 
 2512      1FA91FDF 
 2512      9D313E
 2513 0c9a D680B071 		.ascii	"\326\200\260q\321v\371_\013J\250&j\241\327;\237\323"
 2513      D176F95F 
 2513      0B4AA826 
 2513      6AA1D73B 
 2513      9FD3
 2514 0cac 3C63DF8C 		.ascii	"<c\337\214\204C\3767\302\241\017\003\005/\345\311GI"
 2514      8443FE37 
 2514      C2A10F03 
 2514      052FE5C9 
 2514      4749
 2515 0cbe B66CCBC9 		.ascii	"\266l\313\311\316\027\017\257j\034\236W\\\234\361\366"
 2515      CE170FAF 
 2515      6A1C9E57 
 2515      5C9CF1F6 
 2516 0cce BB1F0C79 		.ascii	"\273\037\014y\343\345\227s~\247\275\220\3307\374\325"
 2516      E3E59773 
 2516      7EA7BD90 
 2516      D837FCD5 
 2517 0cde D77CAFF9 		.ascii	"\327|\257\371\362\1777F\313Dc4\022\016\006\375\221\022"
 2517      F27F3746 
 2517      CB446334 
 2517      120E06FD 
 2517      9112
 2518 0cf0 CF47FEC8 		.ascii	"\317G\376\310X\257?\344\033\023\364\347\273\306\204"
 2518      58AF3FE4 
 2518      1B13F4E7 
 2518      BBC684
 2519 0cff C3414F20 		.ascii	"\303AO \224\0370Z\006\346\274\372\206EVJ\364Oj\031\236"
 2519      941F305A 
 2519      06E6BCFA 
 2519      8645564A 
 2519      F44F6A19 
 2520 0d14 5D182EF2 		.ascii	"]\030.\362g\177\344\373\233/\342+\012\372\306d\277\031"
ARM GAS  /tmp/cc6Db5sf.s 			page 72


 2520      677FE4FB 
 2520      9B2FE22B 
 2520      0AFAC664 
 2520      BF19
 2521 0d26 CE2B2DF2 		.ascii	"\316+-\362\207\242%\331o\007\242\205\245c\262\377\355"
 2521      87A225D9 
 2521      6F07A285 
 2521      A563B2FF 
 2521      ED
 2522 0d37 BDF7DFF1 		.ascii	"\275\367\337\361~\030\014\024\024F\265\027\206g;\326"
 2522      7E180C14 
 2522      1446B517 
 2522      86673BD6 
 2523 0d47 A10B292C 		.ascii	"\241\013),.\326\322J\374\241\222p\244\244o\241\257\304"
 2523      2ED6D24A 
 2523      FCA19270 
 2523      A4A46FA1 
 2523      AFC4
 2524 0d59 5B14CEF3 		.ascii	"[\024\316\363\025{\203\201\320\330,Q\315\363\205\274"
 2524      157B8381 
 2524      D0D82C51 
 2524      CDF385BC 
 2525 0d69 81A271AF 		.ascii	"\201\242q\257x\003\241\022\267h\030\343\213\204\373"
 2525      7803A112 
 2525      B76818E3 
 2525      8B84FB
 2526 0d78 E5E4FE49 		.ascii	"\345\344\376I\015QR\3728ji\245\241\242\3008\177\244"
 2526      0D5152FA 
 2526      386A69A5 
 2526      A1A2C038 
 2526      7FA4
 2527 0d8a 7FA4B8C8 		.ascii	"\177\244\270\310\373a \030\365\372\307E#>o\341'\231"
 2527      FB612018 
 2527      F5FAC745 
 2527      233E6FE1 
 2527      2799
 2528 0d9c 664BE127 		.ascii	"fK\341'\236\"\3378o\2640RZ\022\365\206\334E\341h8\342"
 2528      9E22DF38 
 2528      6FB43052 
 2528      5A12F586 
 2528      DC45E168 
 2529 0db2 CDCB350A 		.ascii	"\315\3135\012#\215B\216Q\030\341\361E\212\274A\177\250"
 2529      238D428E 
 2529      5118E1F1 
 2529      458ABC41 
 2529      7FA8
 2530 0dc4 205AE82D 		.ascii	" Z\350-\202\006\037\250Yt\015\034\265\024Y\316\372\233"
 2530      82061FA8 
 2530      59740D1C 
 2530      B51459CE 
 2530      FA9B
 2531 0dd6 EF636FA1 		.ascii	"\357co\241\337\007\237\204\213\274E\201P\0371\245/T"
 2531      DF079F84 
 2531      8BBC4581 
 2531      501F31A5 
 2531      2F54
 2532 0de8 10F47B23 		.ascii	"\020\364{#\276\374t\321]\222\347\013\372\323}\321\250"
ARM GAS  /tmp/cc6Db5sf.s 			page 73


 2532      BEFC74D1 
 2532      5D92E70B 
 2532      FAD37DD1 
 2532      A8
 2533 0df9 2AA5157F 		.ascii	"*\245\025\177\014\246o\\Z \024\315\035\351\215\272E"
 2533      0CA66F5C 
 2533      5A2014CD 
 2533      1DE98DBA 
 2533      45
 2534 0e0a 3D906F74 		.ascii	"=\220ot\004B\351J\233\"_qZ)8\243\274\321\014!\346C_"
 2534      0442E94A 
 2534      9B225F71 
 2534      5A2938A3 
 2534      BCD10C21 
 2535 0e21 1E9A3DC5 		.ascii	"\036\232=\305\201h^\241^\311\024\316\322\313\003r~?"
 2535      81685EA1 
 2535      5EC914CE 
 2535      D2CB0372 
 2535      7E3F
 2536 0e33 5A8C1B6D 		.ascii	"Z\214\033m\251\230\225\330\220\032\311\023b\373\227"
 2536      A99895D8 
 2536      901AC913 
 2536      62FB97
 2537 0e42 C0548110 		.ascii	"\300T\201\020\354\036\364\226|,\344e\312\320\320\313"
 2537      EC1EF496 
 2537      7C2CE465 
 2537      CAD0D0CB 
 2538 0e52 CA997052 		.ascii	"\312\231pR\276\237\303\036\034\223\247\310Y]b:\016{"
 2538      BE9FC31E 
 2538      1C93A7C8 
 2538      595D623A 
 2538      0E7B
 2539 0e64 F6CD19F9 		.ascii	"\366\315\031\371~\336\033\205\276P\310\037\034\355+"
 2539      7EDE1B85 
 2539      BE50C81F 
 2539      1CED2B
 2540 0e73 F6D82BBC 		.ascii	"\366\330+\2748\\\222\362W\177\320\373V\272\364B>\374"
 2540      385C92F2 
 2540      577FD0FB 
 2540      56BAF442 
 2540      3EFC
 2541 0e85 D0477928 		.ascii	"\320Gy(\022\301\262\012?\351+kQ_\244\300/\234\344\012"
 2541      12C1B20A 
 2541      3FE92B6B 
 2541      515FA4C0 
 2541      2F9CE40A 
 2542 0e99 C0186C6C 		.ascii	"\300\030ll>\033\033`c\213\323G\275\027\310\177\333'"
 2542      3E1B1B60 
 2542      638BD347 
 2542      BD17C87F 
 2542      DB27
 2543 0eab 22C12848 		.ascii	"\"\301(Hi\357\246@\256\367M\371\373\226\374}\267\177"
 2543      69EFA640 
 2543      AEF74DF9 
 2543      FB96FC7D 
 2543      B77F
 2544 0ebd CE2BEF85 		.ascii	"\316+\357\205K\364\230\225\314~\011u\356\013F3\362\202"
ARM GAS  /tmp/cc6Db5sf.s 			page 74


 2544      4BF49895 
 2544      CC7E0975 
 2544      EE0B4633 
 2544      F282
 2545 0ecf 81A23170 		.ascii	"\201\2421pF\324\217\001\177\010F\035\003\022\352\251"
 2545      46D48F01 
 2545      7F08461D 
 2545      0312EAA9 
 2546 0edf C5817C6F 		.ascii	"\305\201|oq\240\257t[4\2207\326[\200\346Les_^\236?\230"
 2546      71A0AF74 
 2546      5B349037 
 2546      D65B80E6 
 2546      4C65735F 
 2547 0ef7 214D2E8B 		.ascii	"!M.\213n\351\373p0_\026\304\004\031\212(\212\351\222"
 2547      6EE9FB70 
 2547      305F16C4 
 2547      04198A28 
 2547      8AE992
 2548 0f0a 274BFAE8 		.ascii	"'K\372\350h\324\255\306F\243\203rF\375!\032\015DK\363"
 2548      68D4ADC6 
 2548      46A38372 
 2548      46FD211A 
 2548      0D444BF3 
 2549 0f1e FD58E47B 		.ascii	"\375X\344{\0019\367\200\344\246t\351\026\261\221\345"
 2549      0139F780 
 2549      E4A674E9 
 2549      16B191E5 
 2550 0f2e 1442174F 		.ascii	"\024B\027O(X\204\015T\352\025]\231F\005j?'\367{\270"
 2550      2858840D 
 2550      54EA155D 
 2550      9946056A 
 2550      3F27F77B 
 2551 0f43 345A5C1A 		.ascii	"4Z\\\032\225L\257\230\355y)\301\336*\265y.\251Y\220"
 2551      954CAF98 
 2551      ED7929C1 
 2551      DE2AB579 
 2551      2EA95990 
 2552 0f57 3D0523BD 		.ascii	"=\005#\275%~\177\276\254\364)\310Q\0259\300c\324D\327"
 2552      257E7FBE 
 2552      ACF429C8 
 2552      511539C0 
 2552      63D444D7 
 2553 0f6b AF46E618 		.ascii	"\257F\346\030\272\376;\344\374\021\023Ku\237\353\265"
 2553      BAFE3BE4 
 2553      FC11134B 
 2553      759FEBB5 
 2554 0f7b D525E642 		.ascii	"\325%\346B\272\261w\312\216\376I-\034\353@\034\333\014"
 2554      BAB177CA 
 2554      8EFE492D 
 2554      1CEB401C 
 2554      DB0C
 2555 0f8d 219BB312 		.ascii	"!\233\263\022\033\372\344\344\330\362K\246\255\234\026"
 2555      1BFAE4E4 
 2555      D8F24BA6 
 2555      AD9C16
 2556 0f9c 0C171404 		.ascii	"\014\027\024\004"
 2557 0fa0 4205A92A 		.ascii	"B\005\251*\315\245\210\271?r!\337\024\273\362\242\245"
ARM GAS  /tmp/cc6Db5sf.s 			page 75


 2557      CDA588B9 
 2557      3F7221DF 
 2557      14BBF2A2 
 2557      A5
 2558 0fb1 2197C82C 		.ascii	"!\227\310,\010\270\322\\\3613R\374\344\270\260\033B"
 2558      08B8D25C 
 2558      F13352FC 
 2558      E4B8B01B 
 2558      42
 2559 0fc2 2E648D12 		.ascii	".d\215\022\2270\210+\222\027\010q\344&\016G!b\336\011"
 2559      9730882B 
 2559      92170871 
 2559      E4260E47 
 2559      2162DE09 
 2560 0fd6 17BC2565 		.ascii	"\027\274%e\251\011\372%\32431\241t3\"\031\011\343\035"
 2560      A909FA25 
 2560      D43331A1 
 2560      74332219 
 2560      09E31D
 2561 0fe9 35BD9E30 		.ascii	"5\275\2360\034\265!\277\220\342\265\377\001\370`\365"
 2561      1CB521BF 
 2561      90E2B5FF 
 2561      01F860F5 
 2562 0ff9 0D       		.ascii	"\015"
 2563              		.text
 2564              		.section	.gnu.lto_.symtab.278a156fcbf377a0,"e",%progbits
 2565 0000 6B44726F 		.ascii	"kDroneConfig\000"
 2565      6E65436F 
 2565      6E666967 
 2565      00
 2566 000d 00       		.ascii	"\000"
 2567 000e 00       		.ascii	"\000"
 2568 000f 00       		.ascii	"\000"
 2569 0010 00000000 		.ascii	"\000\000\000\000\000\000\000\000"
 2569      00000000 
 2570 0018 0F020000 		.ascii	"\017\002\000\000"
 2571              		.text
 2572              		.section	.gnu.lto_.ext_symtab.278a156fcbf377a0,"e",%progbits
 2573 0000 01       		.ascii	"\001"
 2574 0001 02       		.ascii	"\002"
 2575 0002 00       		.ascii	"\000"
 2576              		.text
 2577              		.section	.gnu.lto_.opts,"e",%progbits
 2578 0000 272D666E 		.ascii	"'-fno-openmp' '-fno-openacc' '-fno-pie' '-fcf-prote"
 2578      6F2D6F70 
 2578      656E6D70 
 2578      2720272D 
 2578      666E6F2D 
 2579 0033 6374696F 		.ascii	"ction=none' '-g' '-mcpu=cortex-m7' '-mthumb' '-mflo"
 2579      6E3D6E6F 
 2579      6E652720 
 2579      272D6727 
 2579      20272D6D 
 2580 0066 61742D61 		.ascii	"at-abi=hard' '-mfpu=fpv5-d16' '-march=armv7e-m+fp.d"
 2580      62693D68 
 2580      61726427 
 2580      20272D6D 
ARM GAS  /tmp/cc6Db5sf.s 			page 76


 2580      6670753D 
 2581 0099 70272027 		.ascii	"p' '-O3' '-fomit-frame-pointer' '-falign-functions="
 2581      2D4F3327 
 2581      20272D66 
 2581      6F6D6974 
 2581      2D667261 
 2582 00cc 31362720 		.ascii	"16' '-ffunction-sections' '-fdata-sections' '-fno-c"
 2582      272D6666 
 2582      756E6374 
 2582      696F6E2D 
 2582      73656374 
 2583 00ff 6F6D6D6F 		.ascii	"ommon' '-flto' '-Xassembler' '-alms=build/lst/drone"
 2583      6E272027 
 2583      2D666C74 
 2583      6F272027 
 2583      2D586173 
 2584 0132 5F636F6E 		.ascii	"_config.lst'\000"
 2584      6669672E 
 2584      6C737427 
 2584      00
 2585              		.text
 2586              		.comm	__gnu_lto_slim,1,1
 2587              		.ident	"GCC: (GNU Arm Embedded Toolchain 10-2020-q4-major) 10.2.1 20201103 (release)"
ARM GAS  /tmp/cc6Db5sf.s 			page 77


DEFINED SYMBOLS
                            *ABS*:0000000000000000 drone_config.cpp
     /tmp/cc6Db5sf.s:25     .gnu.debuglto_.debug_info:0000000000000000 drone_config.cpp.79a9ad4b
                            *COM*:0000000000000001 __gnu_lto_slim

NO UNDEFINED SYMBOLS
