ARM GAS  /tmp/cchzpbfw.s 			page 1


   1              		.cpu cortex-m7
   2              		.eabi_attribute 28, 1
   3              		.eabi_attribute 20, 1
   4              		.eabi_attribute 21, 1
   5              		.eabi_attribute 23, 3
   6              		.eabi_attribute 24, 1
   7              		.eabi_attribute 25, 1
   8              		.eabi_attribute 26, 1
   9              		.eabi_attribute 30, 2
  10              		.eabi_attribute 34, 1
  11              		.eabi_attribute 18, 4
  12              		.file	"EncoderRPM.cpp"
  13              		.file 1 "/opt/gcc-arm-none-eabi-10-2020-q4-major/lib/gcc/arm-none-eabi/10.2.1/include/stddef.h"
  14              		.file 2 "/opt/gcc-arm-none-eabi-10-2020-q4-major/arm-none-eabi/include/machine/_default_types.h"
  15              		.file 3 "/opt/gcc-arm-none-eabi-10-2020-q4-major/arm-none-eabi/include/sys/_stdint.h"
  16              		.file 4 "/opt/gcc-arm-none-eabi-10-2020-q4-major/arm-none-eabi/include/stdint.h"
  17              		.file 5 "third_party/ChibiOS/os/common/ports/ARM-common/chtypes.h"
  18              		.file 6 "third_party/ChibiOS/os/rt/include/chearly.h"
  19              		.file 7 "third_party/ChibiOS/os/rt/include/chobjects.h"
  20              		.file 8 "third_party/ChibiOS/os/rt/include/chrfcu.h"
  21              		.file 9 "third_party/ChibiOS/os/rt/include/chdebug.h"
  22              		.file 10 "third_party/ChibiOS/os/rt/include/chtime.h"
  23              		.file 11 "third_party/ChibiOS/os/rt/include/chlists.h"
  24              		.file 12 "third_party/ChibiOS/os/rt/include/chtrace.h"
  25              		.file 13 "third_party/ChibiOS/os/common/ports/ARMv7-M/chcore.h"
  26              		.file 14 "third_party/ChibiOS/os/rt/include/chsem.h"
  27              		.file 15 "third_party/ChibiOS/os/rt/include/chmtx.h"
  28              		.file 16 "./src/sensors/EncoderRPM.hpp"
  29              		.file 17 "./src/coms/CAN.hpp"
  30              		.file 18 "/opt/gcc-arm-none-eabi-10-2020-q4-major/arm-none-eabi/include/c++/10.2.1/cstdint"
  31              		.file 19 "/opt/gcc-arm-none-eabi-10-2020-q4-major/arm-none-eabi/include/c++/10.2.1/cstring"
  32              		.file 20 "/opt/gcc-arm-none-eabi-10-2020-q4-major/arm-none-eabi/include/c++/10.2.1/arm-none-eabi/t
  33              		.file 21 "/opt/gcc-arm-none-eabi-10-2020-q4-major/arm-none-eabi/include/string.h"
  34              		.file 22 "src/sensors/EncoderRPM.cpp"
  35              		.file 23 "<built-in>"
  36              		.section	.gnu.debuglto_.debug_info,"e",%progbits
  37              	.Ldebug_info0:
  38              		.hidden	EncoderRPM.cpp.7846dbf7
  39              		.weak	EncoderRPM.cpp.7846dbf7
  40              	EncoderRPM.cpp.7846dbf7:
  41 0000 2A100000 		.4byte	0x102a
  42 0004 0400     		.2byte	0x4
  43 0006 00000000 		.4byte	.Ldebug_abbrev0
  44 000a 04       		.byte	0x4
  45 000b 01       		.uleb128 0x1
  46 000c 84040000 		.4byte	.LASF183
  47 0010 04       		.byte	0x4
  48 0011 66030000 		.4byte	.LASF184
  49 0015 76010000 		.4byte	.LASF185
  50 0019 00000000 		.4byte	.Ldebug_line0
  51 001d 02       		.uleb128 0x2
  52 001e 04       		.byte	0x4
  53 001f 05       		.byte	0x5
  54 0020 696E7400 		.ascii	"int\000"
  55 0024 03       		.uleb128 0x3
  56 0025 1D000000 		.4byte	0x1d
  57 0029 04       		.uleb128 0x4
ARM GAS  /tmp/cchzpbfw.s 			page 2


  58 002a 1E000000 		.4byte	.LASF3
  59 002e 01       		.byte	0x1
  60 002f D1       		.byte	0xd1
  61 0030 17       		.byte	0x17
  62 0031 35000000 		.4byte	0x35
  63 0035 05       		.uleb128 0x5
  64 0036 04       		.byte	0x4
  65 0037 07       		.byte	0x7
  66 0038 51060000 		.4byte	.LASF0
  67 003c 05       		.uleb128 0x5
  68 003d 08       		.byte	0x8
  69 003e 05       		.byte	0x5
  70 003f 0D010000 		.4byte	.LASF1
  71 0043 05       		.uleb128 0x5
  72 0044 08       		.byte	0x8
  73 0045 04       		.byte	0x4
  74 0046 30070000 		.4byte	.LASF2
  75 004a 06       		.uleb128 0x6
  76 004b B1030000 		.4byte	.LASF186
  77 004f 04       		.uleb128 0x4
  78 0050 C2060000 		.4byte	.LASF4
  79 0054 02       		.byte	0x2
  80 0055 29       		.byte	0x29
  81 0056 17       		.byte	0x17
  82 0057 5B000000 		.4byte	0x5b
  83 005b 05       		.uleb128 0x5
  84 005c 01       		.byte	0x1
  85 005d 06       		.byte	0x6
  86 005e 1B010000 		.4byte	.LASF5
  87 0062 04       		.uleb128 0x4
  88 0063 49000000 		.4byte	.LASF6
  89 0067 02       		.byte	0x2
  90 0068 2B       		.byte	0x2b
  91 0069 18       		.byte	0x18
  92 006a 6E000000 		.4byte	0x6e
  93 006e 05       		.uleb128 0x5
  94 006f 01       		.byte	0x1
  95 0070 08       		.byte	0x8
  96 0071 3E060000 		.4byte	.LASF7
  97 0075 04       		.uleb128 0x4
  98 0076 35020000 		.4byte	.LASF8
  99 007a 02       		.byte	0x2
 100 007b 37       		.byte	0x37
 101 007c 18       		.byte	0x18
 102 007d 81000000 		.4byte	0x81
 103 0081 05       		.uleb128 0x5
 104 0082 02       		.byte	0x2
 105 0083 05       		.byte	0x5
 106 0084 65060000 		.4byte	.LASF9
 107 0088 04       		.uleb128 0x4
 108 0089 52070000 		.4byte	.LASF10
 109 008d 02       		.byte	0x2
 110 008e 39       		.byte	0x39
 111 008f 19       		.byte	0x19
 112 0090 94000000 		.4byte	0x94
 113 0094 05       		.uleb128 0x5
 114 0095 02       		.byte	0x2
ARM GAS  /tmp/cchzpbfw.s 			page 3


 115 0096 07       		.byte	0x7
 116 0097 07030000 		.4byte	.LASF11
 117 009b 04       		.uleb128 0x4
 118 009c A7030000 		.4byte	.LASF12
 119 00a0 02       		.byte	0x2
 120 00a1 4D       		.byte	0x4d
 121 00a2 18       		.byte	0x18
 122 00a3 A7000000 		.4byte	0xa7
 123 00a7 05       		.uleb128 0x5
 124 00a8 04       		.byte	0x4
 125 00a9 05       		.byte	0x5
 126 00aa A9010000 		.4byte	.LASF13
 127 00ae 04       		.uleb128 0x4
 128 00af 0A020000 		.4byte	.LASF14
 129 00b3 02       		.byte	0x2
 130 00b4 4F       		.byte	0x4f
 131 00b5 19       		.byte	0x19
 132 00b6 BA000000 		.4byte	0xba
 133 00ba 05       		.uleb128 0x5
 134 00bb 04       		.byte	0x4
 135 00bc 07       		.byte	0x7
 136 00bd 31010000 		.4byte	.LASF15
 137 00c1 04       		.uleb128 0x4
 138 00c2 F2000000 		.4byte	.LASF16
 139 00c6 02       		.byte	0x2
 140 00c7 67       		.byte	0x67
 141 00c8 18       		.byte	0x18
 142 00c9 3C000000 		.4byte	0x3c
 143 00cd 04       		.uleb128 0x4
 144 00ce C3050000 		.4byte	.LASF17
 145 00d2 02       		.byte	0x2
 146 00d3 69       		.byte	0x69
 147 00d4 19       		.byte	0x19
 148 00d5 D9000000 		.4byte	0xd9
 149 00d9 05       		.uleb128 0x5
 150 00da 08       		.byte	0x8
 151 00db 07       		.byte	0x7
 152 00dc 51010000 		.4byte	.LASF18
 153 00e0 04       		.uleb128 0x4
 154 00e1 6A080000 		.4byte	.LASF19
 155 00e5 02       		.byte	0x2
 156 00e6 86       		.byte	0x86
 157 00e7 1D       		.byte	0x1d
 158 00e8 5B000000 		.4byte	0x5b
 159 00ec 04       		.uleb128 0x4
 160 00ed 25020000 		.4byte	.LASF20
 161 00f1 02       		.byte	0x2
 162 00f2 88       		.byte	0x88
 163 00f3 1E       		.byte	0x1e
 164 00f4 6E000000 		.4byte	0x6e
 165 00f8 04       		.uleb128 0x4
 166 00f9 74020000 		.4byte	.LASF21
 167 00fd 02       		.byte	0x2
 168 00fe A0       		.byte	0xa0
 169 00ff 1E       		.byte	0x1e
 170 0100 81000000 		.4byte	0x81
 171 0104 04       		.uleb128 0x4
ARM GAS  /tmp/cchzpbfw.s 			page 4


 172 0105 01080000 		.4byte	.LASF22
 173 0109 02       		.byte	0x2
 174 010a A2       		.byte	0xa2
 175 010b 1F       		.byte	0x1f
 176 010c 94000000 		.4byte	0x94
 177 0110 04       		.uleb128 0x4
 178 0111 D3070000 		.4byte	.LASF23
 179 0115 02       		.byte	0x2
 180 0116 B6       		.byte	0xb6
 181 0117 1E       		.byte	0x1e
 182 0118 A7000000 		.4byte	0xa7
 183 011c 04       		.uleb128 0x4
 184 011d A1020000 		.4byte	.LASF24
 185 0121 02       		.byte	0x2
 186 0122 B8       		.byte	0xb8
 187 0123 1F       		.byte	0x1f
 188 0124 BA000000 		.4byte	0xba
 189 0128 04       		.uleb128 0x4
 190 0129 E2000000 		.4byte	.LASF25
 191 012d 02       		.byte	0x2
 192 012e C8       		.byte	0xc8
 193 012f 1E       		.byte	0x1e
 194 0130 3C000000 		.4byte	0x3c
 195 0134 04       		.uleb128 0x4
 196 0135 1C060000 		.4byte	.LASF26
 197 0139 02       		.byte	0x2
 198 013a CA       		.byte	0xca
 199 013b 1F       		.byte	0x1f
 200 013c D9000000 		.4byte	0xd9
 201 0140 04       		.uleb128 0x4
 202 0141 35030000 		.4byte	.LASF27
 203 0145 02       		.byte	0x2
 204 0146 D6       		.byte	0xd6
 205 0147 19       		.byte	0x19
 206 0148 3C000000 		.4byte	0x3c
 207 014c 04       		.uleb128 0x4
 208 014d B8070000 		.4byte	.LASF28
 209 0151 02       		.byte	0x2
 210 0152 DE       		.byte	0xde
 211 0153 1A       		.byte	0x1a
 212 0154 D9000000 		.4byte	0xd9
 213 0158 04       		.uleb128 0x4
 214 0159 1A020000 		.4byte	.LASF29
 215 015d 02       		.byte	0x2
 216 015e E6       		.byte	0xe6
 217 015f 19       		.byte	0x19
 218 0160 1D000000 		.4byte	0x1d
 219 0164 04       		.uleb128 0x4
 220 0165 AE060000 		.4byte	.LASF30
 221 0169 02       		.byte	0x2
 222 016a E8       		.byte	0xe8
 223 016b 1A       		.byte	0x1a
 224 016c 35000000 		.4byte	0x35
 225 0170 04       		.uleb128 0x4
 226 0171 31080000 		.4byte	.LASF31
 227 0175 03       		.byte	0x3
 228 0176 14       		.byte	0x14
ARM GAS  /tmp/cchzpbfw.s 			page 5


 229 0177 12       		.byte	0x12
 230 0178 4F000000 		.4byte	0x4f
 231 017c 04       		.uleb128 0x4
 232 017d 7F080000 		.4byte	.LASF32
 233 0181 03       		.byte	0x3
 234 0182 18       		.byte	0x18
 235 0183 13       		.byte	0x13
 236 0184 62000000 		.4byte	0x62
 237 0188 04       		.uleb128 0x4
 238 0189 05010000 		.4byte	.LASF33
 239 018d 03       		.byte	0x3
 240 018e 20       		.byte	0x20
 241 018f 13       		.byte	0x13
 242 0190 75000000 		.4byte	0x75
 243 0194 04       		.uleb128 0x4
 244 0195 D6010000 		.4byte	.LASF34
 245 0199 03       		.byte	0x3
 246 019a 24       		.byte	0x24
 247 019b 14       		.byte	0x14
 248 019c 88000000 		.4byte	0x88
 249 01a0 04       		.uleb128 0x4
 250 01a1 36060000 		.4byte	.LASF35
 251 01a5 03       		.byte	0x3
 252 01a6 2C       		.byte	0x2c
 253 01a7 13       		.byte	0x13
 254 01a8 9B000000 		.4byte	0x9b
 255 01ac 04       		.uleb128 0x4
 256 01ad 0B070000 		.4byte	.LASF36
 257 01b1 03       		.byte	0x3
 258 01b2 30       		.byte	0x30
 259 01b3 14       		.byte	0x14
 260 01b4 AE000000 		.4byte	0xae
 261 01b8 04       		.uleb128 0x4
 262 01b9 C9080000 		.4byte	.LASF37
 263 01bd 03       		.byte	0x3
 264 01be 38       		.byte	0x38
 265 01bf 13       		.byte	0x13
 266 01c0 C1000000 		.4byte	0xc1
 267 01c4 04       		.uleb128 0x4
 268 01c5 6A050000 		.4byte	.LASF38
 269 01c9 03       		.byte	0x3
 270 01ca 3C       		.byte	0x3c
 271 01cb 14       		.byte	0x14
 272 01cc CD000000 		.4byte	0xcd
 273 01d0 07       		.uleb128 0x7
 274 01d1 C4010000 		.4byte	0x1c4
 275 01d5 04       		.uleb128 0x4
 276 01d6 96050000 		.4byte	.LASF39
 277 01da 03       		.byte	0x3
 278 01db 43       		.byte	0x43
 279 01dc 14       		.byte	0x14
 280 01dd 40010000 		.4byte	0x140
 281 01e1 04       		.uleb128 0x4
 282 01e2 27010000 		.4byte	.LASF40
 283 01e6 03       		.byte	0x3
 284 01e7 48       		.byte	0x48
 285 01e8 15       		.byte	0x15
ARM GAS  /tmp/cchzpbfw.s 			page 6


 286 01e9 4C010000 		.4byte	0x14c
 287 01ed 04       		.uleb128 0x4
 288 01ee FC000000 		.4byte	.LASF41
 289 01f2 03       		.byte	0x3
 290 01f3 4D       		.byte	0x4d
 291 01f4 14       		.byte	0x14
 292 01f5 58010000 		.4byte	0x158
 293 01f9 04       		.uleb128 0x4
 294 01fa B1050000 		.4byte	.LASF42
 295 01fe 03       		.byte	0x3
 296 01ff 52       		.byte	0x52
 297 0200 15       		.byte	0x15
 298 0201 64010000 		.4byte	0x164
 299 0205 04       		.uleb128 0x4
 300 0206 1E040000 		.4byte	.LASF43
 301 020a 04       		.byte	0x4
 302 020b 15       		.byte	0x15
 303 020c 18       		.byte	0x18
 304 020d E0000000 		.4byte	0xe0
 305 0211 04       		.uleb128 0x4
 306 0212 66070000 		.4byte	.LASF44
 307 0216 04       		.byte	0x4
 308 0217 16       		.byte	0x16
 309 0218 19       		.byte	0x19
 310 0219 EC000000 		.4byte	0xec
 311 021d 04       		.uleb128 0x4
 312 021e D2060000 		.4byte	.LASF45
 313 0222 04       		.byte	0x4
 314 0223 1B       		.byte	0x1b
 315 0224 19       		.byte	0x19
 316 0225 F8000000 		.4byte	0xf8
 317 0229 04       		.uleb128 0x4
 318 022a 84070000 		.4byte	.LASF46
 319 022e 04       		.byte	0x4
 320 022f 1C       		.byte	0x1c
 321 0230 1A       		.byte	0x1a
 322 0231 04010000 		.4byte	0x104
 323 0235 04       		.uleb128 0x4
 324 0236 C8010000 		.4byte	.LASF47
 325 023a 04       		.byte	0x4
 326 023b 21       		.byte	0x21
 327 023c 19       		.byte	0x19
 328 023d 10010000 		.4byte	0x110
 329 0241 04       		.uleb128 0x4
 330 0242 4D020000 		.4byte	.LASF48
 331 0246 04       		.byte	0x4
 332 0247 22       		.byte	0x22
 333 0248 1A       		.byte	0x1a
 334 0249 1C010000 		.4byte	0x11c
 335 024d 04       		.uleb128 0x4
 336 024e 66040000 		.4byte	.LASF49
 337 0252 04       		.byte	0x4
 338 0253 27       		.byte	0x27
 339 0254 19       		.byte	0x19
 340 0255 28010000 		.4byte	0x128
 341 0259 04       		.uleb128 0x4
 342 025a DE050000 		.4byte	.LASF50
ARM GAS  /tmp/cchzpbfw.s 			page 7


 343 025e 04       		.byte	0x4
 344 025f 28       		.byte	0x28
 345 0260 1A       		.byte	0x1a
 346 0261 34010000 		.4byte	0x134
 347 0265 04       		.uleb128 0x4
 348 0266 53000000 		.4byte	.LASF51
 349 026a 04       		.byte	0x4
 350 026b 33       		.byte	0x33
 351 026c 1E       		.byte	0x1e
 352 026d 1D000000 		.4byte	0x1d
 353 0271 04       		.uleb128 0x4
 354 0272 A1060000 		.4byte	.LASF52
 355 0276 04       		.byte	0x4
 356 0277 34       		.byte	0x34
 357 0278 1F       		.byte	0x1f
 358 0279 35000000 		.4byte	0x35
 359 027d 04       		.uleb128 0x4
 360 027e ED060000 		.4byte	.LASF53
 361 0282 04       		.byte	0x4
 362 0283 3D       		.byte	0x3d
 363 0284 1F       		.byte	0x1f
 364 0285 1D000000 		.4byte	0x1d
 365 0289 04       		.uleb128 0x4
 366 028a ED050000 		.4byte	.LASF54
 367 028e 04       		.byte	0x4
 368 028f 3E       		.byte	0x3e
 369 0290 20       		.byte	0x20
 370 0291 35000000 		.4byte	0x35
 371 0295 04       		.uleb128 0x4
 372 0296 59040000 		.4byte	.LASF55
 373 029a 04       		.byte	0x4
 374 029b 47       		.byte	0x47
 375 029c 1F       		.byte	0x1f
 376 029d 1D000000 		.4byte	0x1d
 377 02a1 04       		.uleb128 0x4
 378 02a2 CD000000 		.4byte	.LASF56
 379 02a6 04       		.byte	0x4
 380 02a7 48       		.byte	0x48
 381 02a8 20       		.byte	0x20
 382 02a9 35000000 		.4byte	0x35
 383 02ad 04       		.uleb128 0x4
 384 02ae 12080000 		.4byte	.LASF57
 385 02b2 04       		.byte	0x4
 386 02b3 51       		.byte	0x51
 387 02b4 1F       		.byte	0x1f
 388 02b5 3C000000 		.4byte	0x3c
 389 02b9 04       		.uleb128 0x4
 390 02ba 3F020000 		.4byte	.LASF58
 391 02be 04       		.byte	0x4
 392 02bf 52       		.byte	0x52
 393 02c0 20       		.byte	0x20
 394 02c1 D9000000 		.4byte	0xd9
 395 02c5 04       		.uleb128 0x4
 396 02c6 1B070000 		.4byte	.LASF59
 397 02ca 05       		.byte	0x5
 398 02cb 48       		.byte	0x48
 399 02cc 1D       		.byte	0x1d
ARM GAS  /tmp/cchzpbfw.s 			page 8


 400 02cd C4010000 		.4byte	0x1c4
 401 02d1 04       		.uleb128 0x4
 402 02d2 D9030000 		.4byte	.LASF60
 403 02d6 06       		.byte	0x6
 404 02d7 50       		.byte	0x50
 405 02d8 19       		.byte	0x19
 406 02d9 C5020000 		.4byte	0x2c5
 407 02dd 04       		.uleb128 0x4
 408 02de 5E030000 		.4byte	.LASF61
 409 02e2 06       		.byte	0x6
 410 02e3 53       		.byte	0x53
 411 02e4 19       		.byte	0x19
 412 02e5 7C010000 		.4byte	0x17c
 413 02e9 04       		.uleb128 0x4
 414 02ea B9010000 		.4byte	.LASF62
 415 02ee 06       		.byte	0x6
 416 02ef 54       		.byte	0x54
 417 02f0 19       		.byte	0x19
 418 02f1 7C010000 		.4byte	0x17c
 419 02f5 04       		.uleb128 0x4
 420 02f6 62080000 		.4byte	.LASF63
 421 02fa 06       		.byte	0x6
 422 02fb 55       		.byte	0x55
 423 02fc 19       		.byte	0x19
 424 02fd 7C010000 		.4byte	0x17c
 425 0301 04       		.uleb128 0x4
 426 0302 14060000 		.4byte	.LASF64
 427 0306 06       		.byte	0x6
 428 0307 57       		.byte	0x57
 429 0308 19       		.byte	0x19
 430 0309 AC010000 		.4byte	0x1ac
 431 030d 04       		.uleb128 0x4
 432 030e 48030000 		.4byte	.LASF65
 433 0312 06       		.byte	0x6
 434 0313 58       		.byte	0x58
 435 0314 19       		.byte	0x19
 436 0315 A0010000 		.4byte	0x1a0
 437 0319 04       		.uleb128 0x4
 438 031a 9B030000 		.4byte	.LASF66
 439 031e 06       		.byte	0x6
 440 031f 5A       		.byte	0x5a
 441 0320 19       		.byte	0x19
 442 0321 AC010000 		.4byte	0x1ac
 443 0325 04       		.uleb128 0x4
 444 0326 92020000 		.4byte	.LASF67
 445 032a 06       		.byte	0x6
 446 032b 5C       		.byte	0x5c
 447 032c 19       		.byte	0x19
 448 032d A0010000 		.4byte	0x1a0
 449 0331 04       		.uleb128 0x4
 450 0332 D4050000 		.4byte	.LASF68
 451 0336 06       		.byte	0x6
 452 0337 80       		.byte	0x80
 453 0338 12       		.byte	0x12
 454 0339 35000000 		.4byte	0x35
 455 033d 04       		.uleb128 0x4
 456 033e 5D070000 		.4byte	.LASF69
ARM GAS  /tmp/cchzpbfw.s 			page 9


 457 0342 06       		.byte	0x6
 458 0343 85       		.byte	0x85
 459 0344 1A       		.byte	0x1a
 460 0345 49030000 		.4byte	0x349
 461 0349 08       		.uleb128 0x8
 462 034a 2B030000 		.4byte	.LASF95
 463 034e 48       		.byte	0x48
 464 034f 07       		.byte	0x7
 465 0350 9C       		.byte	0x9c
 466 0351 08       		.byte	0x8
 467 0352 CA040000 		.4byte	0x4ca
 468 0356 09       		.uleb128 0x9
 469 0357 0C       		.byte	0xc
 470 0358 07       		.byte	0x7
 471 0359 A0       		.byte	0xa0
 472 035a 09       		.byte	0x9
 473 035b 84030000 		.4byte	0x384
 474 035f 0A       		.uleb128 0xa
 475 0360 E1080000 		.4byte	.LASF70
 476 0364 07       		.byte	0x7
 477 0365 A4       		.byte	0xa4
 478 0366 21       		.byte	0x21
 479 0367 ED050000 		.4byte	0x5ed
 480 036b 0A       		.uleb128 0xa
 481 036c F6020000 		.4byte	.LASF71
 482 0370 07       		.byte	0x7
 483 0371 A8       		.byte	0xa8
 484 0372 21       		.byte	0x21
 485 0373 1A060000 		.4byte	0x61a
 486 0377 0A       		.uleb128 0xa
 487 0378 B1070000 		.4byte	.LASF72
 488 037c 07       		.byte	0x7
 489 037d AC       		.byte	0xac
 490 037e 21       		.byte	0x21
 491 037f 54060000 		.4byte	0x654
 492 0383 00       		.byte	0
 493 0384 09       		.uleb128 0x9
 494 0385 04       		.byte	0x4
 495 0386 07       		.byte	0x7
 496 0387 EB       		.byte	0xeb
 497 0388 09       		.byte	0x9
 498 0389 F4030000 		.4byte	0x3f4
 499 038d 0A       		.uleb128 0xa
 500 038e 35000000 		.4byte	.LASF73
 501 0392 07       		.byte	0x7
 502 0393 F2       		.byte	0xf2
 503 0394 21       		.byte	0x21
 504 0395 0D030000 		.4byte	0x30d
 505 0399 0A       		.uleb128 0xa
 506 039a 01020000 		.4byte	.LASF74
 507 039e 07       		.byte	0x7
 508 039f F9       		.byte	0xf9
 509 03a0 21       		.byte	0x21
 510 03a1 0D030000 		.4byte	0x30d
 511 03a5 0B       		.uleb128 0xb
 512 03a6 8E060000 		.4byte	.LASF75
 513 03aa 07       		.byte	0x7
ARM GAS  /tmp/cchzpbfw.s 			page 10


 514 03ab 0001     		.2byte	0x100
 515 03ad 22       		.byte	0x22
 516 03ae 1C080000 		.4byte	0x81c
 517 03b2 0B       		.uleb128 0xb
 518 03b3 80060000 		.4byte	.LASF76
 519 03b7 07       		.byte	0x7
 520 03b8 0701     		.2byte	0x107
 521 03ba 22       		.byte	0x22
 522 03bb 9B0A0000 		.4byte	0xa9b
 523 03bf 0B       		.uleb128 0xb
 524 03c0 BF000000 		.4byte	.LASF77
 525 03c4 07       		.byte	0x7
 526 03c5 0C01     		.2byte	0x10c
 527 03c7 21       		.byte	0x21
 528 03c8 0D030000 		.4byte	0x30d
 529 03cc 0B       		.uleb128 0xb
 530 03cd C2020000 		.4byte	.LASF78
 531 03d1 07       		.byte	0x7
 532 03d2 1501     		.2byte	0x115
 533 03d4 22       		.byte	0x22
 534 03d5 C90A0000 		.4byte	0xac9
 535 03d9 0B       		.uleb128 0xb
 536 03da 14070000 		.4byte	.LASF79
 537 03de 07       		.byte	0x7
 538 03df 1E01     		.2byte	0x11e
 539 03e1 22       		.byte	0x22
 540 03e2 040B0000 		.4byte	0xb04
 541 03e6 0B       		.uleb128 0xb
 542 03e7 95060000 		.4byte	.LASF80
 543 03eb 07       		.byte	0x7
 544 03ec 2601     		.2byte	0x126
 545 03ee 21       		.byte	0x21
 546 03ef 19030000 		.4byte	0x319
 547 03f3 00       		.byte	0
 548 03f4 0C       		.uleb128 0xc
 549 03f5 68647200 		.ascii	"hdr\000"
 550 03f9 07       		.byte	0x7
 551 03fa AD       		.byte	0xad
 552 03fb 05       		.byte	0x5
 553 03fc 56030000 		.4byte	0x356
 554 0400 00       		.byte	0
 555 0401 0C       		.uleb128 0xc
 556 0402 63747800 		.ascii	"ctx\000"
 557 0406 07       		.byte	0x7
 558 0407 B1       		.byte	0xb1
 559 0408 21       		.byte	0x21
 560 0409 050A0000 		.4byte	0xa05
 561 040d 0C       		.byte	0xc
 562 040e 0D       		.uleb128 0xd
 563 040f DF020000 		.4byte	.LASF81
 564 0413 07       		.byte	0x7
 565 0414 B6       		.byte	0xb6
 566 0415 21       		.byte	0x21
 567 0416 1A060000 		.4byte	0x61a
 568 041a 10       		.byte	0x10
 569 041b 0D       		.uleb128 0xd
 570 041c C2010000 		.4byte	.LASF82
ARM GAS  /tmp/cchzpbfw.s 			page 11


 571 0420 07       		.byte	0x7
 572 0421 BB       		.byte	0xbb
 573 0422 22       		.byte	0x22
 574 0423 0A0B0000 		.4byte	0xb0a
 575 0427 18       		.byte	0x18
 576 0428 0D       		.uleb128 0xd
 577 0429 F1020000 		.4byte	.LASF83
 578 042d 07       		.byte	0x7
 579 042e C0       		.byte	0xc0
 580 042f 22       		.byte	0x22
 581 0430 B2050000 		.4byte	0x5b2
 582 0434 1C       		.byte	0x1c
 583 0435 0D       		.uleb128 0xd
 584 0436 3C070000 		.4byte	.LASF84
 585 043a 07       		.byte	0x7
 586 043b C9       		.byte	0xc9
 587 043c 22       		.byte	0x22
 588 043d 100B0000 		.4byte	0xb10
 589 0441 20       		.byte	0x20
 590 0442 0D       		.uleb128 0xd
 591 0443 A3010000 		.4byte	.LASF85
 592 0447 07       		.byte	0x7
 593 0448 CE       		.byte	0xce
 594 0449 21       		.byte	0x21
 595 044a E9020000 		.4byte	0x2e9
 596 044e 24       		.byte	0x24
 597 044f 0D       		.uleb128 0xd
 598 0450 87080000 		.4byte	.LASF86
 599 0454 07       		.byte	0x7
 600 0455 D2       		.byte	0xd2
 601 0456 21       		.byte	0x21
 602 0457 DD020000 		.4byte	0x2dd
 603 045b 25       		.byte	0x25
 604 045c 0D       		.uleb128 0xd
 605 045d FB050000 		.4byte	.LASF87
 606 0461 07       		.byte	0x7
 607 0462 D7       		.byte	0xd7
 608 0463 21       		.byte	0x21
 609 0464 F5020000 		.4byte	0x2f5
 610 0468 26       		.byte	0x26
 611 0469 0E       		.uleb128 0xe
 612 046a 7500     		.ascii	"u\000"
 613 046c 07       		.byte	0x7
 614 046d 2801     		.2byte	0x128
 615 046f 21       		.byte	0x21
 616 0470 84030000 		.4byte	0x384
 617 0474 28       		.byte	0x28
 618 0475 0F       		.uleb128 0xf
 619 0476 86060000 		.4byte	.LASF88
 620 047a 07       		.byte	0x7
 621 047b 2D01     		.2byte	0x12d
 622 047d 21       		.byte	0x21
 623 047e ED050000 		.4byte	0x5ed
 624 0482 2C       		.byte	0x2c
 625 0483 0F       		.uleb128 0xf
 626 0484 98020000 		.4byte	.LASF89
 627 0488 07       		.byte	0x7
ARM GAS  /tmp/cchzpbfw.s 			page 12


 628 0489 3301     		.2byte	0x133
 629 048b 21       		.byte	0x21
 630 048c 1A060000 		.4byte	0x61a
 631 0490 30       		.byte	0x30
 632 0491 0F       		.uleb128 0xf
 633 0492 4E030000 		.4byte	.LASF90
 634 0496 07       		.byte	0x7
 635 0497 3901     		.2byte	0x139
 636 0499 21       		.byte	0x21
 637 049a 19030000 		.4byte	0x319
 638 049e 38       		.byte	0x38
 639 049f 0F       		.uleb128 0xf
 640 04a0 FE080000 		.4byte	.LASF91
 641 04a4 07       		.byte	0x7
 642 04a5 4001     		.2byte	0x140
 643 04a7 22       		.byte	0x22
 644 04a8 040B0000 		.4byte	0xb04
 645 04ac 3C       		.byte	0x3c
 646 04ad 0F       		.uleb128 0xf
 647 04ae FB030000 		.4byte	.LASF92
 648 04b2 07       		.byte	0x7
 649 04b3 4401     		.2byte	0x144
 650 04b5 21       		.byte	0x21
 651 04b6 01030000 		.4byte	0x301
 652 04ba 40       		.byte	0x40
 653 04bb 0F       		.uleb128 0xf
 654 04bc FC020000 		.4byte	.LASF93
 655 04c0 07       		.byte	0x7
 656 04c1 4B01     		.2byte	0x14b
 657 04c3 22       		.byte	0x22
 658 04c4 1C080000 		.4byte	0x81c
 659 04c8 44       		.byte	0x44
 660 04c9 00       		.byte	0
 661 04ca 04       		.uleb128 0x4
 662 04cb 68010000 		.4byte	.LASF94
 663 04cf 06       		.byte	0x6
 664 04d0 8A       		.byte	0x8a
 665 04d1 1F       		.byte	0x1f
 666 04d2 D6040000 		.4byte	0x4d6
 667 04d6 10       		.uleb128 0x10
 668 04d7 C4070000 		.4byte	.LASF96
 669 04db 9008     		.2byte	0x890
 670 04dd 07       		.byte	0x7
 671 04de 8A01     		.2byte	0x18a
 672 04e0 08       		.byte	0x8
 673 04e1 64050000 		.4byte	0x564
 674 04e5 0F       		.uleb128 0xf
 675 04e6 79080000 		.4byte	.LASF97
 676 04ea 07       		.byte	0x7
 677 04eb 8E01     		.2byte	0x18e
 678 04ed 21       		.byte	0x21
 679 04ee 410B0000 		.4byte	0xb41
 680 04f2 00       		.byte	0
 681 04f3 0F       		.uleb128 0xf
 682 04f4 70000000 		.4byte	.LASF98
 683 04f8 07       		.byte	0x7
 684 04f9 9201     		.2byte	0x192
ARM GAS  /tmp/cchzpbfw.s 			page 13


 685 04fb 21       		.byte	0x21
 686 04fc 5C0A0000 		.4byte	0xa5c
 687 0500 10       		.byte	0x10
 688 0501 0F       		.uleb128 0xf
 689 0502 F9070000 		.4byte	.LASF99
 690 0506 07       		.byte	0x7
 691 0507 9901     		.2byte	0x199
 692 0509 21       		.byte	0x21
 693 050a 830A0000 		.4byte	0xa83
 694 050e 28       		.byte	0x28
 695 050f 0F       		.uleb128 0xf
 696 0510 BA060000 		.4byte	.LASF100
 697 0514 07       		.byte	0x7
 698 0515 9E01     		.2byte	0x19e
 699 0517 21       		.byte	0x21
 700 0518 31030000 		.4byte	0x331
 701 051c 30       		.byte	0x30
 702 051d 0F       		.uleb128 0xf
 703 051e 44000000 		.4byte	.LASF101
 704 0522 07       		.byte	0x7
 705 0523 A401     		.2byte	0x1a4
 706 0525 21       		.byte	0x21
 707 0526 8B050000 		.4byte	0x58b
 708 052a 34       		.byte	0x34
 709 052b 0F       		.uleb128 0xf
 710 052c C9020000 		.4byte	.LASF102
 711 0530 07       		.byte	0x7
 712 0531 A901     		.2byte	0x1a9
 713 0533 22       		.byte	0x22
 714 0534 B50B0000 		.4byte	0xbb5
 715 0538 38       		.byte	0x38
 716 0539 0F       		.uleb128 0xf
 717 053a B4000000 		.4byte	.LASF103
 718 053e 07       		.byte	0x7
 719 053f AD01     		.2byte	0x1ad
 720 0541 21       		.byte	0x21
 721 0542 3D030000 		.4byte	0x33d
 722 0546 3C       		.byte	0x3c
 723 0547 0E       		.uleb128 0xe
 724 0548 64626700 		.ascii	"dbg\000"
 725 054c 07       		.byte	0x7
 726 054d B101     		.2byte	0x1b1
 727 054f 21       		.byte	0x21
 728 0550 C9050000 		.4byte	0x5c9
 729 0554 84       		.byte	0x84
 730 0555 0F       		.uleb128 0xf
 731 0556 BC080000 		.4byte	.LASF104
 732 055a 07       		.byte	0x7
 733 055b B601     		.2byte	0x1b6
 734 055d 21       		.byte	0x21
 735 055e 83080000 		.4byte	0x883
 736 0562 88       		.byte	0x88
 737 0563 00       		.byte	0
 738 0564 04       		.uleb128 0x4
 739 0565 12040000 		.4byte	.LASF105
 740 0569 08       		.byte	0x8
 741 056a 3F       		.byte	0x3f
ARM GAS  /tmp/cchzpbfw.s 			page 14


 742 056b 12       		.byte	0x12
 743 056c AC010000 		.4byte	0x1ac
 744 0570 08       		.uleb128 0x8
 745 0571 40030000 		.4byte	.LASF106
 746 0575 04       		.byte	0x4
 747 0576 08       		.byte	0x8
 748 0577 44       		.byte	0x44
 749 0578 10       		.byte	0x10
 750 0579 8B050000 		.4byte	0x58b
 751 057d 0D       		.uleb128 0xd
 752 057e 15020000 		.4byte	.LASF107
 753 0582 08       		.byte	0x8
 754 0583 48       		.byte	0x48
 755 0584 21       		.byte	0x21
 756 0585 64050000 		.4byte	0x564
 757 0589 00       		.byte	0
 758 058a 00       		.byte	0
 759 058b 04       		.uleb128 0x4
 760 058c 5E060000 		.4byte	.LASF108
 761 0590 08       		.byte	0x8
 762 0591 49       		.byte	0x49
 763 0592 03       		.byte	0x3
 764 0593 70050000 		.4byte	0x570
 765 0597 08       		.uleb128 0x8
 766 0598 D1080000 		.4byte	.LASF109
 767 059c 04       		.byte	0x4
 768 059d 09       		.byte	0x9
 769 059e 3E       		.byte	0x3e
 770 059f 10       		.byte	0x10
 771 05a0 B2050000 		.4byte	0x5b2
 772 05a4 0D       		.uleb128 0xd
 773 05a5 A7070000 		.4byte	.LASF110
 774 05a9 09       		.byte	0x9
 775 05aa 46       		.byte	0x46
 776 05ab 24       		.byte	0x24
 777 05ac B8050000 		.4byte	0x5b8
 778 05b0 00       		.byte	0
 779 05b1 00       		.byte	0
 780 05b2 11       		.uleb128 0x11
 781 05b3 04       		.byte	0x4
 782 05b4 C4050000 		.4byte	0x5c4
 783 05b8 07       		.uleb128 0x7
 784 05b9 B2050000 		.4byte	0x5b2
 785 05bd 05       		.uleb128 0x5
 786 05be 01       		.byte	0x1
 787 05bf 08       		.byte	0x8
 788 05c0 43070000 		.4byte	.LASF111
 789 05c4 03       		.uleb128 0x3
 790 05c5 BD050000 		.4byte	0x5bd
 791 05c9 04       		.uleb128 0x4
 792 05ca D0020000 		.4byte	.LASF112
 793 05ce 09       		.byte	0x9
 794 05cf 51       		.byte	0x51
 795 05d0 03       		.byte	0x3
 796 05d1 97050000 		.4byte	0x597
 797 05d5 04       		.uleb128 0x4
 798 05d6 7A070000 		.4byte	.LASF113
ARM GAS  /tmp/cchzpbfw.s 			page 15


 799 05da 0A       		.byte	0xa
 800 05db 6D       		.byte	0x6d
 801 05dc 12       		.byte	0x12
 802 05dd AC010000 		.4byte	0x1ac
 803 05e1 04       		.uleb128 0x4
 804 05e2 84020000 		.4byte	.LASF114
 805 05e6 0A       		.byte	0xa
 806 05e7 79       		.byte	0x79
 807 05e8 12       		.byte	0x12
 808 05e9 AC010000 		.4byte	0x1ac
 809 05ed 04       		.uleb128 0x4
 810 05ee 48070000 		.4byte	.LASF115
 811 05f2 0B       		.byte	0xb
 812 05f3 32       		.byte	0x32
 813 05f4 18       		.byte	0x18
 814 05f5 F9050000 		.4byte	0x5f9
 815 05f9 08       		.uleb128 0x8
 816 05fa 9B010000 		.4byte	.LASF116
 817 05fe 04       		.byte	0x4
 818 05ff 0B       		.byte	0xb
 819 0600 38       		.byte	0x38
 820 0601 08       		.byte	0x8
 821 0602 14060000 		.4byte	0x614
 822 0606 0D       		.uleb128 0xd
 823 0607 25000000 		.4byte	.LASF117
 824 060b 0B       		.byte	0xb
 825 060c 39       		.byte	0x39
 826 060d 1A       		.byte	0x1a
 827 060e 14060000 		.4byte	0x614
 828 0612 00       		.byte	0
 829 0613 00       		.byte	0
 830 0614 11       		.uleb128 0x11
 831 0615 04       		.byte	0x4
 832 0616 ED050000 		.4byte	0x5ed
 833 061a 04       		.uleb128 0x4
 834 061b E6020000 		.4byte	.LASF118
 835 061f 0B       		.byte	0xb
 836 0620 3F       		.byte	0x3f
 837 0621 19       		.byte	0x19
 838 0622 26060000 		.4byte	0x626
 839 0626 08       		.uleb128 0x8
 840 0627 2D060000 		.4byte	.LASF119
 841 062b 08       		.byte	0x8
 842 062c 0B       		.byte	0xb
 843 062d 45       		.byte	0x45
 844 062e 08       		.byte	0x8
 845 062f 4E060000 		.4byte	0x64e
 846 0633 0D       		.uleb128 0xd
 847 0634 25000000 		.4byte	.LASF117
 848 0638 0B       		.byte	0xb
 849 0639 46       		.byte	0x46
 850 063a 1A       		.byte	0x1a
 851 063b 4E060000 		.4byte	0x64e
 852 063f 00       		.byte	0
 853 0640 0D       		.uleb128 0xd
 854 0641 5F000000 		.4byte	.LASF120
 855 0645 0B       		.byte	0xb
ARM GAS  /tmp/cchzpbfw.s 			page 16


 856 0646 47       		.byte	0x47
 857 0647 1A       		.byte	0x1a
 858 0648 4E060000 		.4byte	0x64e
 859 064c 04       		.byte	0x4
 860 064d 00       		.byte	0
 861 064e 11       		.uleb128 0x11
 862 064f 04       		.byte	0x4
 863 0650 1A060000 		.4byte	0x61a
 864 0654 04       		.uleb128 0x4
 865 0655 93070000 		.4byte	.LASF121
 866 0659 0B       		.byte	0xb
 867 065a 4E       		.byte	0x4e
 868 065b 22       		.byte	0x22
 869 065c 60060000 		.4byte	0x660
 870 0660 08       		.uleb128 0x8
 871 0661 1F080000 		.4byte	.LASF122
 872 0665 0C       		.byte	0xc
 873 0666 0B       		.byte	0xb
 874 0667 55       		.byte	0x55
 875 0668 08       		.byte	0x8
 876 0669 95060000 		.4byte	0x695
 877 066d 0D       		.uleb128 0xd
 878 066e 25000000 		.4byte	.LASF117
 879 0672 0B       		.byte	0xb
 880 0673 56       		.byte	0x56
 881 0674 1A       		.byte	0x1a
 882 0675 95060000 		.4byte	0x695
 883 0679 00       		.byte	0
 884 067a 0D       		.uleb128 0xd
 885 067b 5F000000 		.4byte	.LASF120
 886 067f 0B       		.byte	0xb
 887 0680 57       		.byte	0x57
 888 0681 1A       		.byte	0x1a
 889 0682 95060000 		.4byte	0x695
 890 0686 04       		.byte	0x4
 891 0687 0D       		.uleb128 0xd
 892 0688 AC050000 		.4byte	.LASF123
 893 068c 0B       		.byte	0xb
 894 068d 58       		.byte	0x58
 895 068e 19       		.byte	0x19
 896 068f 01030000 		.4byte	0x301
 897 0693 08       		.byte	0x8
 898 0694 00       		.byte	0
 899 0695 11       		.uleb128 0x11
 900 0696 04       		.byte	0x4
 901 0697 54060000 		.4byte	0x654
 902 069b 04       		.uleb128 0x4
 903 069c 38080000 		.4byte	.LASF124
 904 06a0 0B       		.byte	0xb
 905 06a1 5F       		.byte	0x5f
 906 06a2 1E       		.byte	0x1e
 907 06a3 A7060000 		.4byte	0x6a7
 908 06a7 08       		.uleb128 0x8
 909 06a8 43010000 		.4byte	.LASF125
 910 06ac 0C       		.byte	0xc
 911 06ad 0B       		.byte	0xb
 912 06ae 64       		.byte	0x64
ARM GAS  /tmp/cchzpbfw.s 			page 17


 913 06af 08       		.byte	0x8
 914 06b0 DC060000 		.4byte	0x6dc
 915 06b4 0D       		.uleb128 0xd
 916 06b5 25000000 		.4byte	.LASF117
 917 06b9 0B       		.byte	0xb
 918 06ba 65       		.byte	0x65
 919 06bb 1A       		.byte	0x1a
 920 06bc DC060000 		.4byte	0x6dc
 921 06c0 00       		.byte	0
 922 06c1 0D       		.uleb128 0xd
 923 06c2 5F000000 		.4byte	.LASF120
 924 06c6 0B       		.byte	0xb
 925 06c7 66       		.byte	0x66
 926 06c8 1A       		.byte	0x1a
 927 06c9 DC060000 		.4byte	0x6dc
 928 06cd 04       		.byte	0x4
 929 06ce 0D       		.uleb128 0xd
 930 06cf C7000000 		.4byte	.LASF126
 931 06d3 0B       		.byte	0xb
 932 06d4 67       		.byte	0x67
 933 06d5 19       		.byte	0x19
 934 06d6 E1050000 		.4byte	0x5e1
 935 06da 08       		.byte	0x8
 936 06db 00       		.byte	0
 937 06dc 11       		.uleb128 0x11
 938 06dd 04       		.byte	0x4
 939 06de 9B060000 		.4byte	0x69b
 940 06e2 12       		.uleb128 0x12
 941 06e3 10       		.byte	0x10
 942 06e4 0C       		.byte	0xc
 943 06e5 6C       		.byte	0x6c
 944 06e6 10       		.byte	0x10
 945 06e7 A4000000 		.4byte	.LASF187
 946 06eb 16080000 		.4byte	0x816
 947 06ef 09       		.uleb128 0x9
 948 06f0 08       		.byte	0x8
 949 06f1 0C       		.byte	0xc
 950 06f2 7F       		.byte	0x7f
 951 06f3 09       		.byte	0x9
 952 06f4 CD070000 		.4byte	0x7cd
 953 06f8 13       		.uleb128 0x13
 954 06f9 08       		.byte	0x8
 955 06fa 0C       		.byte	0xc
 956 06fb 83       		.byte	0x83
 957 06fc 0C       		.byte	0xc
 958 06fd 1C070000 		.4byte	0x71c
 959 0701 0C       		.uleb128 0xc
 960 0702 6E747000 		.ascii	"ntp\000"
 961 0706 0C       		.byte	0xc
 962 0707 87       		.byte	0x87
 963 0708 1E       		.byte	0x1e
 964 0709 16080000 		.4byte	0x816
 965 070d 00       		.byte	0
 966 070e 0D       		.uleb128 0xd
 967 070f 8E060000 		.4byte	.LASF75
 968 0713 0C       		.byte	0xc
 969 0714 8B       		.byte	0x8b
ARM GAS  /tmp/cchzpbfw.s 			page 18


 970 0715 1E       		.byte	0x1e
 971 0716 1C080000 		.4byte	0x81c
 972 071a 04       		.byte	0x4
 973 071b 00       		.byte	0
 974 071c 13       		.uleb128 0x13
 975 071d 08       		.byte	0x8
 976 071e 0C       		.byte	0xc
 977 071f 90       		.byte	0x90
 978 0720 0C       		.byte	0xc
 979 0721 3F070000 		.4byte	0x73f
 980 0725 0C       		.uleb128 0xc
 981 0726 747000   		.ascii	"tp\000"
 982 0729 0C       		.byte	0xc
 983 072a 94       		.byte	0x94
 984 072b 1E       		.byte	0x1e
 985 072c 16080000 		.4byte	0x816
 986 0730 00       		.byte	0
 987 0731 0C       		.uleb128 0xc
 988 0732 6D736700 		.ascii	"msg\000"
 989 0736 0C       		.byte	0xc
 990 0737 98       		.byte	0x98
 991 0738 1D       		.byte	0x1d
 992 0739 0D030000 		.4byte	0x30d
 993 073d 04       		.byte	0x4
 994 073e 00       		.byte	0
 995 073f 13       		.uleb128 0x13
 996 0740 04       		.byte	0x4
 997 0741 0C       		.byte	0xc
 998 0742 9D       		.byte	0x9d
 999 0743 0C       		.byte	0xc
 1000 0744 56070000 		.4byte	0x756
 1001 0748 0D       		.uleb128 0xd
 1002 0749 F1020000 		.4byte	.LASF83
 1003 074d 0C       		.byte	0xc
 1004 074e A1       		.byte	0xa1
 1005 074f 1E       		.byte	0x1e
 1006 0750 B2050000 		.4byte	0x5b2
 1007 0754 00       		.byte	0
 1008 0755 00       		.byte	0
 1009 0756 13       		.uleb128 0x13
 1010 0757 04       		.byte	0x4
 1011 0758 0C       		.byte	0xc
 1012 0759 A6       		.byte	0xa6
 1013 075a 0C       		.byte	0xc
 1014 075b 6D070000 		.4byte	0x76d
 1015 075f 0D       		.uleb128 0xd
 1016 0760 CB060000 		.4byte	.LASF127
 1017 0764 0C       		.byte	0xc
 1018 0765 AA       		.byte	0xaa
 1019 0766 1E       		.byte	0x1e
 1020 0767 B2050000 		.4byte	0x5b2
 1021 076b 00       		.byte	0
 1022 076c 00       		.byte	0
 1023 076d 13       		.uleb128 0x13
 1024 076e 08       		.byte	0x8
 1025 076f 0C       		.byte	0xc
 1026 0770 AF       		.byte	0xaf
ARM GAS  /tmp/cchzpbfw.s 			page 19


 1027 0771 0C       		.byte	0xc
 1028 0772 91070000 		.4byte	0x791
 1029 0776 0C       		.uleb128 0xc
 1030 0777 75703100 		.ascii	"up1\000"
 1031 077b 0C       		.byte	0xc
 1032 077c B3       		.byte	0xb3
 1033 077d 1E       		.byte	0x1e
 1034 077e 1C080000 		.4byte	0x81c
 1035 0782 00       		.byte	0
 1036 0783 0C       		.uleb128 0xc
 1037 0784 75703200 		.ascii	"up2\000"
 1038 0788 0C       		.byte	0xc
 1039 0789 B7       		.byte	0xb7
 1040 078a 1E       		.byte	0x1e
 1041 078b 1C080000 		.4byte	0x81c
 1042 078f 04       		.byte	0x4
 1043 0790 00       		.byte	0
 1044 0791 14       		.uleb128 0x14
 1045 0792 737700   		.ascii	"sw\000"
 1046 0795 0C       		.byte	0xc
 1047 0796 8C       		.byte	0x8c
 1048 0797 07       		.byte	0x7
 1049 0798 F8060000 		.4byte	0x6f8
 1050 079c 14       		.uleb128 0x14
 1051 079d 72647900 		.ascii	"rdy\000"
 1052 07a1 0C       		.byte	0xc
 1053 07a2 99       		.byte	0x99
 1054 07a3 07       		.byte	0x7
 1055 07a4 1C070000 		.4byte	0x71c
 1056 07a8 14       		.uleb128 0x14
 1057 07a9 69737200 		.ascii	"isr\000"
 1058 07ad 0C       		.byte	0xc
 1059 07ae A2       		.byte	0xa2
 1060 07af 07       		.byte	0x7
 1061 07b0 3F070000 		.4byte	0x73f
 1062 07b4 0A       		.uleb128 0xa
 1063 07b5 9F000000 		.4byte	.LASF128
 1064 07b9 0C       		.byte	0xc
 1065 07ba AB       		.byte	0xab
 1066 07bb 07       		.byte	0x7
 1067 07bc 56070000 		.4byte	0x756
 1068 07c0 0A       		.uleb128 0xa
 1069 07c1 0F060000 		.4byte	.LASF129
 1070 07c5 0C       		.byte	0xc
 1071 07c6 B8       		.byte	0xb8
 1072 07c7 07       		.byte	0x7
 1073 07c8 6D070000 		.4byte	0x76d
 1074 07cc 00       		.byte	0
 1075 07cd 15       		.uleb128 0x15
 1076 07ce 77000000 		.4byte	.LASF130
 1077 07d2 0C       		.byte	0xc
 1078 07d3 70       		.byte	0x70
 1079 07d4 19       		.byte	0x19
 1080 07d5 AC010000 		.4byte	0x1ac
 1081 07d9 04       		.byte	0x4
 1082 07da 03       		.byte	0x3
 1083 07db 1D       		.byte	0x1d
ARM GAS  /tmp/cchzpbfw.s 			page 20


 1084 07dc 00       		.byte	0
 1085 07dd 15       		.uleb128 0x15
 1086 07de A3010000 		.4byte	.LASF85
 1087 07e2 0C       		.byte	0xc
 1088 07e3 74       		.byte	0x74
 1089 07e4 19       		.byte	0x19
 1090 07e5 AC010000 		.4byte	0x1ac
 1091 07e9 04       		.byte	0x4
 1092 07ea 05       		.byte	0x5
 1093 07eb 18       		.byte	0x18
 1094 07ec 00       		.byte	0
 1095 07ed 15       		.uleb128 0x15
 1096 07ee E4030000 		.4byte	.LASF131
 1097 07f2 0C       		.byte	0xc
 1098 07f3 7A       		.byte	0x7a
 1099 07f4 19       		.byte	0x19
 1100 07f5 AC010000 		.4byte	0x1ac
 1101 07f9 04       		.byte	0x4
 1102 07fa 18       		.byte	0x18
 1103 07fb 00       		.byte	0
 1104 07fc 00       		.byte	0
 1105 07fd 0D       		.uleb128 0xd
 1106 07fe A7050000 		.4byte	.LASF132
 1107 0802 0C       		.byte	0xc
 1108 0803 7E       		.byte	0x7e
 1109 0804 19       		.byte	0x19
 1110 0805 D5050000 		.4byte	0x5d5
 1111 0809 04       		.byte	0x4
 1112 080a 0C       		.uleb128 0xc
 1113 080b 7500     		.ascii	"u\000"
 1114 080d 0C       		.byte	0xc
 1115 080e B9       		.byte	0xb9
 1116 080f 05       		.byte	0x5
 1117 0810 EF060000 		.4byte	0x6ef
 1118 0814 08       		.byte	0x8
 1119 0815 00       		.byte	0
 1120 0816 11       		.uleb128 0x11
 1121 0817 04       		.byte	0x4
 1122 0818 3D030000 		.4byte	0x33d
 1123 081c 16       		.uleb128 0x16
 1124 081d 04       		.byte	0x4
 1125 081e 04       		.uleb128 0x4
 1126 081f 7C000000 		.4byte	.LASF133
 1127 0823 0C       		.byte	0xc
 1128 0824 BA       		.byte	0xba
 1129 0825 03       		.byte	0x3
 1130 0826 E2060000 		.4byte	0x6e2
 1131 082a 17       		.uleb128 0x17
 1132 082b 0808     		.2byte	0x808
 1133 082d 0C       		.byte	0xc
 1134 082e C0       		.byte	0xc0
 1135 082f 10       		.byte	0x10
 1136 0830 1A030000 		.4byte	.LASF188
 1137 0834 6D080000 		.4byte	0x86d
 1138 0838 0D       		.uleb128 0xd
 1139 0839 7A040000 		.4byte	.LASF134
 1140 083d 0C       		.byte	0xc
ARM GAS  /tmp/cchzpbfw.s 			page 21


 1141 083e C4       		.byte	0xc4
 1142 083f 19       		.byte	0x19
 1143 0840 94010000 		.4byte	0x194
 1144 0844 00       		.byte	0
 1145 0845 0D       		.uleb128 0xd
 1146 0846 02030000 		.4byte	.LASF135
 1147 084a 0C       		.byte	0xc
 1148 084b C8       		.byte	0xc8
 1149 084c 19       		.byte	0x19
 1150 084d 94010000 		.4byte	0x194
 1151 0851 02       		.byte	0x2
 1152 0852 0C       		.uleb128 0xc
 1153 0853 70747200 		.ascii	"ptr\000"
 1154 0857 0C       		.byte	0xc
 1155 0858 CC       		.byte	0xcc
 1156 0859 1A       		.byte	0x1a
 1157 085a 6D080000 		.4byte	0x86d
 1158 085e 04       		.byte	0x4
 1159 085f 0D       		.uleb128 0xd
 1160 0860 FA010000 		.4byte	.LASF136
 1161 0864 0C       		.byte	0xc
 1162 0865 D0       		.byte	0xd0
 1163 0866 19       		.byte	0x19
 1164 0867 73080000 		.4byte	0x873
 1165 086b 08       		.byte	0x8
 1166 086c 00       		.byte	0
 1167 086d 11       		.uleb128 0x11
 1168 086e 04       		.byte	0x4
 1169 086f 1E080000 		.4byte	0x81e
 1170 0873 18       		.uleb128 0x18
 1171 0874 1E080000 		.4byte	0x81e
 1172 0878 83080000 		.4byte	0x883
 1173 087c 19       		.uleb128 0x19
 1174 087d 35000000 		.4byte	0x35
 1175 0881 7F       		.byte	0x7f
 1176 0882 00       		.byte	0
 1177 0883 04       		.uleb128 0x4
 1178 0884 DF010000 		.4byte	.LASF137
 1179 0888 0C       		.byte	0xc
 1180 0889 D1       		.byte	0xd1
 1181 088a 03       		.byte	0x3
 1182 088b 2A080000 		.4byte	0x82a
 1183 088f 18       		.uleb128 0x18
 1184 0890 AC010000 		.4byte	0x1ac
 1185 0894 9F080000 		.4byte	0x89f
 1186 0898 19       		.uleb128 0x19
 1187 0899 35000000 		.4byte	0x35
 1188 089d 01       		.byte	0x1
 1189 089e 00       		.byte	0
 1190 089f 1A       		.uleb128 0x1a
 1191 08a0 64000000 		.4byte	.LASF138
 1192 08a4 64       		.byte	0x64
 1193 08a5 0D       		.byte	0xd
 1194 08a6 E001     		.2byte	0x1e0
 1195 08a8 08       		.byte	0x8
 1196 08a9 050A0000 		.4byte	0xa05
 1197 08ad 0E       		.uleb128 0xe
ARM GAS  /tmp/cchzpbfw.s 			page 22


 1198 08ae 73313600 		.ascii	"s16\000"
 1199 08b2 0D       		.byte	0xd
 1200 08b3 E801     		.2byte	0x1e8
 1201 08b5 11       		.byte	0x11
 1202 08b6 AC010000 		.4byte	0x1ac
 1203 08ba 00       		.byte	0
 1204 08bb 0E       		.uleb128 0xe
 1205 08bc 73313700 		.ascii	"s17\000"
 1206 08c0 0D       		.byte	0xd
 1207 08c1 E901     		.2byte	0x1e9
 1208 08c3 11       		.byte	0x11
 1209 08c4 AC010000 		.4byte	0x1ac
 1210 08c8 04       		.byte	0x4
 1211 08c9 0E       		.uleb128 0xe
 1212 08ca 73313800 		.ascii	"s18\000"
 1213 08ce 0D       		.byte	0xd
 1214 08cf EA01     		.2byte	0x1ea
 1215 08d1 11       		.byte	0x11
 1216 08d2 AC010000 		.4byte	0x1ac
 1217 08d6 08       		.byte	0x8
 1218 08d7 0E       		.uleb128 0xe
 1219 08d8 73313900 		.ascii	"s19\000"
 1220 08dc 0D       		.byte	0xd
 1221 08dd EB01     		.2byte	0x1eb
 1222 08df 11       		.byte	0x11
 1223 08e0 AC010000 		.4byte	0x1ac
 1224 08e4 0C       		.byte	0xc
 1225 08e5 0E       		.uleb128 0xe
 1226 08e6 73323000 		.ascii	"s20\000"
 1227 08ea 0D       		.byte	0xd
 1228 08eb EC01     		.2byte	0x1ec
 1229 08ed 11       		.byte	0x11
 1230 08ee AC010000 		.4byte	0x1ac
 1231 08f2 10       		.byte	0x10
 1232 08f3 0E       		.uleb128 0xe
 1233 08f4 73323100 		.ascii	"s21\000"
 1234 08f8 0D       		.byte	0xd
 1235 08f9 ED01     		.2byte	0x1ed
 1236 08fb 11       		.byte	0x11
 1237 08fc AC010000 		.4byte	0x1ac
 1238 0900 14       		.byte	0x14
 1239 0901 0E       		.uleb128 0xe
 1240 0902 73323200 		.ascii	"s22\000"
 1241 0906 0D       		.byte	0xd
 1242 0907 EE01     		.2byte	0x1ee
 1243 0909 11       		.byte	0x11
 1244 090a AC010000 		.4byte	0x1ac
 1245 090e 18       		.byte	0x18
 1246 090f 0E       		.uleb128 0xe
 1247 0910 73323300 		.ascii	"s23\000"
 1248 0914 0D       		.byte	0xd
 1249 0915 EF01     		.2byte	0x1ef
 1250 0917 11       		.byte	0x11
 1251 0918 AC010000 		.4byte	0x1ac
 1252 091c 1C       		.byte	0x1c
 1253 091d 0E       		.uleb128 0xe
 1254 091e 73323400 		.ascii	"s24\000"
ARM GAS  /tmp/cchzpbfw.s 			page 23


 1255 0922 0D       		.byte	0xd
 1256 0923 F001     		.2byte	0x1f0
 1257 0925 11       		.byte	0x11
 1258 0926 AC010000 		.4byte	0x1ac
 1259 092a 20       		.byte	0x20
 1260 092b 0E       		.uleb128 0xe
 1261 092c 73323500 		.ascii	"s25\000"
 1262 0930 0D       		.byte	0xd
 1263 0931 F101     		.2byte	0x1f1
 1264 0933 11       		.byte	0x11
 1265 0934 AC010000 		.4byte	0x1ac
 1266 0938 24       		.byte	0x24
 1267 0939 0E       		.uleb128 0xe
 1268 093a 73323600 		.ascii	"s26\000"
 1269 093e 0D       		.byte	0xd
 1270 093f F201     		.2byte	0x1f2
 1271 0941 11       		.byte	0x11
 1272 0942 AC010000 		.4byte	0x1ac
 1273 0946 28       		.byte	0x28
 1274 0947 0E       		.uleb128 0xe
 1275 0948 73323700 		.ascii	"s27\000"
 1276 094c 0D       		.byte	0xd
 1277 094d F301     		.2byte	0x1f3
 1278 094f 11       		.byte	0x11
 1279 0950 AC010000 		.4byte	0x1ac
 1280 0954 2C       		.byte	0x2c
 1281 0955 0E       		.uleb128 0xe
 1282 0956 73323800 		.ascii	"s28\000"
 1283 095a 0D       		.byte	0xd
 1284 095b F401     		.2byte	0x1f4
 1285 095d 11       		.byte	0x11
 1286 095e AC010000 		.4byte	0x1ac
 1287 0962 30       		.byte	0x30
 1288 0963 0E       		.uleb128 0xe
 1289 0964 73323900 		.ascii	"s29\000"
 1290 0968 0D       		.byte	0xd
 1291 0969 F501     		.2byte	0x1f5
 1292 096b 11       		.byte	0x11
 1293 096c AC010000 		.4byte	0x1ac
 1294 0970 34       		.byte	0x34
 1295 0971 0E       		.uleb128 0xe
 1296 0972 73333000 		.ascii	"s30\000"
 1297 0976 0D       		.byte	0xd
 1298 0977 F601     		.2byte	0x1f6
 1299 0979 11       		.byte	0x11
 1300 097a AC010000 		.4byte	0x1ac
 1301 097e 38       		.byte	0x38
 1302 097f 0E       		.uleb128 0xe
 1303 0980 73333100 		.ascii	"s31\000"
 1304 0984 0D       		.byte	0xd
 1305 0985 F701     		.2byte	0x1f7
 1306 0987 11       		.byte	0x11
 1307 0988 AC010000 		.4byte	0x1ac
 1308 098c 3C       		.byte	0x3c
 1309 098d 0E       		.uleb128 0xe
 1310 098e 723400   		.ascii	"r4\000"
 1311 0991 0D       		.byte	0xd
ARM GAS  /tmp/cchzpbfw.s 			page 24


 1312 0992 F901     		.2byte	0x1f9
 1313 0994 11       		.byte	0x11
 1314 0995 AC010000 		.4byte	0x1ac
 1315 0999 40       		.byte	0x40
 1316 099a 0E       		.uleb128 0xe
 1317 099b 723500   		.ascii	"r5\000"
 1318 099e 0D       		.byte	0xd
 1319 099f FA01     		.2byte	0x1fa
 1320 09a1 11       		.byte	0x11
 1321 09a2 AC010000 		.4byte	0x1ac
 1322 09a6 44       		.byte	0x44
 1323 09a7 0E       		.uleb128 0xe
 1324 09a8 723600   		.ascii	"r6\000"
 1325 09ab 0D       		.byte	0xd
 1326 09ac FB01     		.2byte	0x1fb
 1327 09ae 11       		.byte	0x11
 1328 09af AC010000 		.4byte	0x1ac
 1329 09b3 48       		.byte	0x48
 1330 09b4 0E       		.uleb128 0xe
 1331 09b5 723700   		.ascii	"r7\000"
 1332 09b8 0D       		.byte	0xd
 1333 09b9 FC01     		.2byte	0x1fc
 1334 09bb 11       		.byte	0x11
 1335 09bc AC010000 		.4byte	0x1ac
 1336 09c0 4C       		.byte	0x4c
 1337 09c1 0E       		.uleb128 0xe
 1338 09c2 723800   		.ascii	"r8\000"
 1339 09c5 0D       		.byte	0xd
 1340 09c6 FD01     		.2byte	0x1fd
 1341 09c8 11       		.byte	0x11
 1342 09c9 AC010000 		.4byte	0x1ac
 1343 09cd 50       		.byte	0x50
 1344 09ce 0E       		.uleb128 0xe
 1345 09cf 723900   		.ascii	"r9\000"
 1346 09d2 0D       		.byte	0xd
 1347 09d3 FE01     		.2byte	0x1fe
 1348 09d5 11       		.byte	0x11
 1349 09d6 AC010000 		.4byte	0x1ac
 1350 09da 54       		.byte	0x54
 1351 09db 0E       		.uleb128 0xe
 1352 09dc 72313000 		.ascii	"r10\000"
 1353 09e0 0D       		.byte	0xd
 1354 09e1 FF01     		.2byte	0x1ff
 1355 09e3 11       		.byte	0x11
 1356 09e4 AC010000 		.4byte	0x1ac
 1357 09e8 58       		.byte	0x58
 1358 09e9 0E       		.uleb128 0xe
 1359 09ea 72313100 		.ascii	"r11\000"
 1360 09ee 0D       		.byte	0xd
 1361 09ef 0002     		.2byte	0x200
 1362 09f1 11       		.byte	0x11
 1363 09f2 AC010000 		.4byte	0x1ac
 1364 09f6 5C       		.byte	0x5c
 1365 09f7 0E       		.uleb128 0xe
 1366 09f8 6C7200   		.ascii	"lr\000"
 1367 09fb 0D       		.byte	0xd
 1368 09fc 0102     		.2byte	0x201
ARM GAS  /tmp/cchzpbfw.s 			page 25


 1369 09fe 11       		.byte	0x11
 1370 09ff AC010000 		.4byte	0x1ac
 1371 0a03 60       		.byte	0x60
 1372 0a04 00       		.byte	0
 1373 0a05 1A       		.uleb128 0x1a
 1374 0a06 89050000 		.4byte	.LASF139
 1375 0a0a 04       		.byte	0x4
 1376 0a0b 0D       		.byte	0xd
 1377 0a0c 0A02     		.2byte	0x20a
 1378 0a0e 08       		.byte	0x8
 1379 0a0f 210A0000 		.4byte	0xa21
 1380 0a13 0E       		.uleb128 0xe
 1381 0a14 737000   		.ascii	"sp\000"
 1382 0a17 0D       		.byte	0xd
 1383 0a18 0B02     		.2byte	0x20b
 1384 0a1a 1A       		.byte	0x1a
 1385 0a1b 210A0000 		.4byte	0xa21
 1386 0a1f 00       		.byte	0
 1387 0a20 00       		.byte	0
 1388 0a21 11       		.uleb128 0x11
 1389 0a22 04       		.byte	0x4
 1390 0a23 9F080000 		.4byte	0x89f
 1391 0a27 08       		.uleb128 0x8
 1392 0a28 39040000 		.4byte	.LASF140
 1393 0a2c 18       		.byte	0x18
 1394 0a2d 07       		.byte	0x7
 1395 0a2e 64       		.byte	0x64
 1396 0a2f 10       		.byte	0x10
 1397 0a30 5C0A0000 		.4byte	0xa5c
 1398 0a34 0D       		.uleb128 0xd
 1399 0a35 74070000 		.4byte	.LASF141
 1400 0a39 07       		.byte	0x7
 1401 0a3a 68       		.byte	0x68
 1402 0a3b 21       		.byte	0x21
 1403 0a3c 9B060000 		.4byte	0x69b
 1404 0a40 00       		.byte	0
 1405 0a41 0D       		.uleb128 0xd
 1406 0a42 77060000 		.4byte	.LASF142
 1407 0a46 07       		.byte	0x7
 1408 0a47 73       		.byte	0x73
 1409 0a48 21       		.byte	0x21
 1410 0a49 D5050000 		.4byte	0x5d5
 1411 0a4d 0C       		.byte	0xc
 1412 0a4e 0D       		.uleb128 0xd
 1413 0a4f EC030000 		.4byte	.LASF143
 1414 0a53 07       		.byte	0x7
 1415 0a54 79       		.byte	0x79
 1416 0a55 21       		.byte	0x21
 1417 0a56 D0010000 		.4byte	0x1d0
 1418 0a5a 10       		.byte	0x10
 1419 0a5b 00       		.byte	0
 1420 0a5c 04       		.uleb128 0x4
 1421 0a5d C3030000 		.4byte	.LASF144
 1422 0a61 07       		.byte	0x7
 1423 0a62 7B       		.byte	0x7b
 1424 0a63 03       		.byte	0x3
 1425 0a64 270A0000 		.4byte	0xa27
ARM GAS  /tmp/cchzpbfw.s 			page 26


 1426 0a68 08       		.uleb128 0x8
 1427 0a69 EE010000 		.4byte	.LASF145
 1428 0a6d 08       		.byte	0x8
 1429 0a6e 07       		.byte	0x7
 1430 0a6f 80       		.byte	0x80
 1431 0a70 10       		.byte	0x10
 1432 0a71 830A0000 		.4byte	0xa83
 1433 0a75 0D       		.uleb128 0xd
 1434 0a76 F6020000 		.4byte	.LASF71
 1435 0a7a 07       		.byte	0x7
 1436 0a7b 84       		.byte	0x84
 1437 0a7c 21       		.byte	0x21
 1438 0a7d 1A060000 		.4byte	0x61a
 1439 0a81 00       		.byte	0
 1440 0a82 00       		.byte	0
 1441 0a83 04       		.uleb128 0x4
 1442 0a84 FA060000 		.4byte	.LASF146
 1443 0a88 07       		.byte	0x7
 1444 0a89 85       		.byte	0x85
 1445 0a8a 03       		.byte	0x3
 1446 0a8b 680A0000 		.4byte	0xa68
 1447 0a8f 04       		.uleb128 0x4
 1448 0a90 8D080000 		.4byte	.LASF147
 1449 0a94 07       		.byte	0x7
 1450 0a95 8A       		.byte	0x8a
 1451 0a96 14       		.byte	0x14
 1452 0a97 16080000 		.4byte	0x816
 1453 0a9b 11       		.uleb128 0x11
 1454 0a9c 04       		.byte	0x4
 1455 0a9d 8F0A0000 		.4byte	0xa8f
 1456 0aa1 08       		.uleb128 0x8
 1457 0aa2 E0060000 		.4byte	.LASF148
 1458 0aa6 0C       		.byte	0xc
 1459 0aa7 0E       		.byte	0xe
 1460 0aa8 34       		.byte	0x34
 1461 0aa9 10       		.byte	0x10
 1462 0aaa C90A0000 		.4byte	0xac9
 1463 0aae 0D       		.uleb128 0xd
 1464 0aaf F6020000 		.4byte	.LASF71
 1465 0ab3 0E       		.byte	0xe
 1466 0ab4 35       		.byte	0x35
 1467 0ab5 19       		.byte	0x19
 1468 0ab6 1A060000 		.4byte	0x61a
 1469 0aba 00       		.byte	0
 1470 0abb 0C       		.uleb128 0xc
 1471 0abc 636E7400 		.ascii	"cnt\000"
 1472 0ac0 0E       		.byte	0xe
 1473 0ac1 37       		.byte	0x37
 1474 0ac2 19       		.byte	0x19
 1475 0ac3 25030000 		.4byte	0x325
 1476 0ac7 08       		.byte	0x8
 1477 0ac8 00       		.byte	0
 1478 0ac9 11       		.uleb128 0x11
 1479 0aca 04       		.byte	0x4
 1480 0acb A10A0000 		.4byte	0xaa1
 1481 0acf 08       		.uleb128 0x8
 1482 0ad0 A0080000 		.4byte	.LASF149
ARM GAS  /tmp/cchzpbfw.s 			page 27


 1483 0ad4 10       		.byte	0x10
 1484 0ad5 0F       		.byte	0xf
 1485 0ad6 39       		.byte	0x39
 1486 0ad7 08       		.byte	0x8
 1487 0ad8 040B0000 		.4byte	0xb04
 1488 0adc 0D       		.uleb128 0xd
 1489 0add F6020000 		.4byte	.LASF71
 1490 0ae1 0F       		.byte	0xf
 1491 0ae2 3A       		.byte	0x3a
 1492 0ae3 19       		.byte	0x19
 1493 0ae4 1A060000 		.4byte	0x61a
 1494 0ae8 00       		.byte	0
 1495 0ae9 0D       		.uleb128 0xd
 1496 0aea C2010000 		.4byte	.LASF82
 1497 0aee 0F       		.byte	0xf
 1498 0aef 3C       		.byte	0x3c
 1499 0af0 1A       		.byte	0x1a
 1500 0af1 16080000 		.4byte	0x816
 1501 0af5 08       		.byte	0x8
 1502 0af6 0D       		.uleb128 0xd
 1503 0af7 25000000 		.4byte	.LASF117
 1504 0afb 0F       		.byte	0xf
 1505 0afc 3E       		.byte	0x3e
 1506 0afd 1A       		.byte	0x1a
 1507 0afe C70B0000 		.4byte	0xbc7
 1508 0b02 0C       		.byte	0xc
 1509 0b03 00       		.byte	0
 1510 0b04 11       		.uleb128 0x11
 1511 0b05 04       		.byte	0x4
 1512 0b06 CF0A0000 		.4byte	0xacf
 1513 0b0a 11       		.uleb128 0x11
 1514 0b0b 04       		.byte	0x4
 1515 0b0c CA040000 		.4byte	0x4ca
 1516 0b10 11       		.uleb128 0x11
 1517 0b11 04       		.byte	0x4
 1518 0b12 D1020000 		.4byte	0x2d1
 1519 0b16 1A       		.uleb128 0x1a
 1520 0b17 8D030000 		.4byte	.LASF150
 1521 0b1b 10       		.byte	0x10
 1522 0b1c 07       		.byte	0x7
 1523 0b1d 5C01     		.2byte	0x15c
 1524 0b1f 10       		.byte	0x10
 1525 0b20 410B0000 		.4byte	0xb41
 1526 0b24 0F       		.uleb128 0xf
 1527 0b25 B1070000 		.4byte	.LASF72
 1528 0b29 07       		.byte	0x7
 1529 0b2a 6101     		.2byte	0x161
 1530 0b2c 21       		.byte	0x21
 1531 0b2d 54060000 		.4byte	0x654
 1532 0b31 00       		.byte	0
 1533 0b32 0F       		.uleb128 0xf
 1534 0b33 BB050000 		.4byte	.LASF151
 1535 0b37 07       		.byte	0x7
 1536 0b38 6501     		.2byte	0x165
 1537 0b3a 22       		.byte	0x22
 1538 0b3b 16080000 		.4byte	0x816
 1539 0b3f 0C       		.byte	0xc
ARM GAS  /tmp/cchzpbfw.s 			page 28


 1540 0b40 00       		.byte	0
 1541 0b41 1B       		.uleb128 0x1b
 1542 0b42 00000000 		.4byte	.LASF152
 1543 0b46 07       		.byte	0x7
 1544 0b47 6601     		.2byte	0x166
 1545 0b49 03       		.byte	0x3
 1546 0b4a 160B0000 		.4byte	0xb16
 1547 0b4e 1A       		.uleb128 0x1a
 1548 0b4f 73050000 		.4byte	.LASF153
 1549 0b53 14       		.byte	0x14
 1550 0b54 07       		.byte	0x7
 1551 0b55 6B01     		.2byte	0x16b
 1552 0b57 10       		.byte	0x10
 1553 0b58 A30B0000 		.4byte	0xba3
 1554 0b5c 0F       		.uleb128 0xf
 1555 0b5d F1020000 		.4byte	.LASF83
 1556 0b61 07       		.byte	0x7
 1557 0b62 6F01     		.2byte	0x16f
 1558 0b64 22       		.byte	0x22
 1559 0b65 B2050000 		.4byte	0x5b2
 1560 0b69 00       		.byte	0
 1561 0b6a 0F       		.uleb128 0xf
 1562 0b6b 5C020000 		.4byte	.LASF154
 1563 0b6f 07       		.byte	0x7
 1564 0b70 7501     		.2byte	0x175
 1565 0b72 22       		.byte	0x22
 1566 0b73 100B0000 		.4byte	0xb10
 1567 0b77 04       		.byte	0x4
 1568 0b78 0F       		.uleb128 0xf
 1569 0b79 48080000 		.4byte	.LASF155
 1570 0b7d 07       		.byte	0x7
 1571 0b7e 7901     		.2byte	0x179
 1572 0b80 22       		.byte	0x22
 1573 0b81 100B0000 		.4byte	0xb10
 1574 0b85 08       		.byte	0x8
 1575 0b86 0F       		.uleb128 0xf
 1576 0b87 B2020000 		.4byte	.LASF156
 1577 0b8b 07       		.byte	0x7
 1578 0b8c 7F01     		.2byte	0x17f
 1579 0b8e 22       		.byte	0x22
 1580 0b8f 100B0000 		.4byte	0xb10
 1581 0b93 0C       		.byte	0xc
 1582 0b94 0F       		.uleb128 0xf
 1583 0b95 EF080000 		.4byte	.LASF157
 1584 0b99 07       		.byte	0x7
 1585 0b9a 8301     		.2byte	0x183
 1586 0b9c 22       		.byte	0x22
 1587 0b9d 100B0000 		.4byte	0xb10
 1588 0ba1 10       		.byte	0x10
 1589 0ba2 00       		.byte	0
 1590 0ba3 1B       		.uleb128 0x1b
 1591 0ba4 8A000000 		.4byte	.LASF158
 1592 0ba8 07       		.byte	0x7
 1593 0ba9 8501     		.2byte	0x185
 1594 0bab 03       		.byte	0x3
 1595 0bac 4E0B0000 		.4byte	0xb4e
 1596 0bb0 03       		.uleb128 0x3
ARM GAS  /tmp/cchzpbfw.s 			page 29


 1597 0bb1 A30B0000 		.4byte	0xba3
 1598 0bb5 11       		.uleb128 0x11
 1599 0bb6 04       		.byte	0x4
 1600 0bb7 B00B0000 		.4byte	0xbb0
 1601 0bbb 04       		.uleb128 0x4
 1602 0bbc 6C020000 		.4byte	.LASF159
 1603 0bc0 0F       		.byte	0xf
 1604 0bc1 34       		.byte	0x34
 1605 0bc2 19       		.byte	0x19
 1606 0bc3 CF0A0000 		.4byte	0xacf
 1607 0bc7 11       		.uleb128 0x11
 1608 0bc8 04       		.byte	0x4
 1609 0bc9 BB0B0000 		.4byte	0xbbb
 1610 0bcd 05       		.uleb128 0x5
 1611 0bce 01       		.byte	0x1
 1612 0bcf 02       		.byte	0x2
 1613 0bd0 81030000 		.4byte	.LASF160
 1614 0bd4 18       		.uleb128 0x18
 1615 0bd5 7C010000 		.4byte	0x17c
 1616 0bd9 E40B0000 		.4byte	0xbe4
 1617 0bdd 19       		.uleb128 0x19
 1618 0bde 35000000 		.4byte	0x35
 1619 0be2 07       		.byte	0x7
 1620 0be3 00       		.byte	0
 1621 0be4 08       		.uleb128 0x8
 1622 0be5 2B040000 		.4byte	.LASF161
 1623 0be9 08       		.byte	0x8
 1624 0bea 10       		.byte	0x10
 1625 0beb 16       		.byte	0x16
 1626 0bec 08       		.byte	0x8
 1627 0bed 260C0000 		.4byte	0xc26
 1628 0bf1 0C       		.uleb128 0xc
 1629 0bf2 72706D00 		.ascii	"rpm\000"
 1630 0bf6 10       		.byte	0x10
 1631 0bf7 17       		.byte	0x17
 1632 0bf8 0E       		.byte	0xe
 1633 0bf9 260C0000 		.4byte	0xc26
 1634 0bfd 00       		.byte	0
 1635 0bfe 0D       		.uleb128 0xd
 1636 0bff 06090000 		.4byte	.LASF162
 1637 0c03 10       		.byte	0x10
 1638 0c04 18       		.byte	0x18
 1639 0c05 0E       		.byte	0xe
 1640 0c06 94010000 		.4byte	0x194
 1641 0c0a 04       		.byte	0x4
 1642 0c0b 0D       		.uleb128 0xd
 1643 0c0c 57080000 		.4byte	.LASF163
 1644 0c10 10       		.byte	0x10
 1645 0c11 19       		.byte	0x19
 1646 0c12 0E       		.byte	0xe
 1647 0c13 7C010000 		.4byte	0x17c
 1648 0c17 06       		.byte	0x6
 1649 0c18 0D       		.uleb128 0xd
 1650 0c19 05070000 		.4byte	.LASF164
 1651 0c1d 10       		.byte	0x10
 1652 0c1e 1A       		.byte	0x1a
 1653 0c1f 0E       		.byte	0xe
ARM GAS  /tmp/cchzpbfw.s 			page 30


 1654 0c20 CD0B0000 		.4byte	0xbcd
 1655 0c24 07       		.byte	0x7
 1656 0c25 00       		.byte	0
 1657 0c26 05       		.uleb128 0x5
 1658 0c27 04       		.byte	0x4
 1659 0c28 04       		.byte	0x4
 1660 0c29 CE050000 		.4byte	.LASF165
 1661 0c2d 1C       		.uleb128 0x1c
 1662 0c2e 00060000 		.4byte	.LASF166
 1663 0c32 10       		.byte	0x10
 1664 0c33 1D       		.byte	0x1d
 1665 0c34 16       		.byte	0x16
 1666 0c35 BB0B0000 		.4byte	0xbbb
 1667 0c39 18       		.uleb128 0x18
 1668 0c3a E40B0000 		.4byte	0xbe4
 1669 0c3e 490C0000 		.4byte	0xc49
 1670 0c42 19       		.uleb128 0x19
 1671 0c43 35000000 		.4byte	0x35
 1672 0c47 01       		.byte	0x1
 1673 0c48 00       		.byte	0
 1674 0c49 1C       		.uleb128 0x1c
 1675 0c4a 04040000 		.4byte	.LASF167
 1676 0c4e 10       		.byte	0x10
 1677 0c4f 1E       		.byte	0x1e
 1678 0c50 16       		.byte	0x16
 1679 0c51 390C0000 		.4byte	0xc39
 1680 0c55 08       		.uleb128 0x8
 1681 0c56 2A000000 		.4byte	.LASF168
 1682 0c5a 10       		.byte	0x10
 1683 0c5b 11       		.byte	0x11
 1684 0c5c 0F       		.byte	0xf
 1685 0c5d 08       		.byte	0x8
 1686 0c5e F40D0000 		.4byte	0xdf4
 1687 0c62 09       		.uleb128 0x9
 1688 0c63 08       		.byte	0x8
 1689 0c64 11       		.byte	0x11
 1690 0c65 10       		.byte	0x10
 1691 0c66 0B       		.byte	0xb
 1692 0c67 B90D0000 		.4byte	0xdb9
 1693 0c6b 13       		.uleb128 0x13
 1694 0c6c 08       		.byte	0x8
 1695 0c6d 11       		.byte	0x11
 1696 0c6e 11       		.byte	0x11
 1697 0c6f 10       		.byte	0x10
 1698 0c70 A70D0000 		.4byte	0xda7
 1699 0c74 09       		.uleb128 0x9
 1700 0c75 04       		.byte	0x4
 1701 0c76 11       		.byte	0x11
 1702 0c77 12       		.byte	0x12
 1703 0c78 13       		.byte	0x13
 1704 0c79 300D0000 		.4byte	0xd30
 1705 0c7d 13       		.uleb128 0x13
 1706 0c7e 04       		.byte	0x4
 1707 0c7f 11       		.byte	0x11
 1708 0c80 13       		.byte	0x13
 1709 0c81 18       		.byte	0x18
 1710 0c82 970C0000 		.4byte	0xc97
ARM GAS  /tmp/cchzpbfw.s 			page 31


 1711 0c86 1D       		.uleb128 0x1d
 1712 0c87 45494400 		.ascii	"EID\000"
 1713 0c8b 11       		.byte	0x11
 1714 0c8c 13       		.byte	0x13
 1715 0c8d 23       		.byte	0x23
 1716 0c8e AC010000 		.4byte	0x1ac
 1717 0c92 04       		.byte	0x4
 1718 0c93 1D       		.byte	0x1d
 1719 0c94 03       		.byte	0x3
 1720 0c95 00       		.byte	0
 1721 0c96 00       		.byte	0
 1722 0c97 13       		.uleb128 0x13
 1723 0c98 04       		.byte	0x4
 1724 0c99 11       		.byte	0x11
 1725 0c9a 14       		.byte	0x14
 1726 0c9b 18       		.byte	0x18
 1727 0c9c C10C0000 		.4byte	0xcc1
 1728 0ca0 1D       		.uleb128 0x1d
 1729 0ca1 5F523100 		.ascii	"_R1\000"
 1730 0ca5 11       		.byte	0x11
 1731 0ca6 14       		.byte	0x14
 1732 0ca7 23       		.byte	0x23
 1733 0ca8 AC010000 		.4byte	0x1ac
 1734 0cac 04       		.byte	0x4
 1735 0cad 12       		.byte	0x12
 1736 0cae 0E       		.byte	0xe
 1737 0caf 00       		.byte	0
 1738 0cb0 1D       		.uleb128 0x1d
 1739 0cb1 53494400 		.ascii	"SID\000"
 1740 0cb5 11       		.byte	0x11
 1741 0cb6 14       		.byte	0x14
 1742 0cb7 34       		.byte	0x34
 1743 0cb8 AC010000 		.4byte	0x1ac
 1744 0cbc 04       		.byte	0x4
 1745 0cbd 0B       		.byte	0xb
 1746 0cbe 03       		.byte	0x3
 1747 0cbf 00       		.byte	0
 1748 0cc0 00       		.byte	0
 1749 0cc1 13       		.uleb128 0x13
 1750 0cc2 04       		.byte	0x4
 1751 0cc3 11       		.byte	0x11
 1752 0cc4 15       		.byte	0x15
 1753 0cc5 18       		.byte	0x18
 1754 0cc6 0B0D0000 		.4byte	0xd0b
 1755 0cca 1D       		.uleb128 0x1d
 1756 0ccb 5F523100 		.ascii	"_R1\000"
 1757 0ccf 11       		.byte	0x11
 1758 0cd0 15       		.byte	0x15
 1759 0cd1 23       		.byte	0x23
 1760 0cd2 AC010000 		.4byte	0x1ac
 1761 0cd6 04       		.byte	0x4
 1762 0cd7 1D       		.byte	0x1d
 1763 0cd8 03       		.byte	0x3
 1764 0cd9 00       		.byte	0
 1765 0cda 1D       		.uleb128 0x1d
 1766 0cdb 52545200 		.ascii	"RTR\000"
 1767 0cdf 11       		.byte	0x11
ARM GAS  /tmp/cchzpbfw.s 			page 32


 1768 0ce0 15       		.byte	0x15
 1769 0ce1 34       		.byte	0x34
 1770 0ce2 AC010000 		.4byte	0x1ac
 1771 0ce6 04       		.byte	0x4
 1772 0ce7 01       		.byte	0x1
 1773 0ce8 02       		.byte	0x2
 1774 0ce9 00       		.byte	0
 1775 0cea 1D       		.uleb128 0x1d
 1776 0ceb 58544400 		.ascii	"XTD\000"
 1777 0cef 11       		.byte	0x11
 1778 0cf0 15       		.byte	0x15
 1779 0cf1 44       		.byte	0x44
 1780 0cf2 AC010000 		.4byte	0x1ac
 1781 0cf6 04       		.byte	0x4
 1782 0cf7 01       		.byte	0x1
 1783 0cf8 01       		.byte	0x1
 1784 0cf9 00       		.byte	0
 1785 0cfa 1D       		.uleb128 0x1d
 1786 0cfb 45534900 		.ascii	"ESI\000"
 1787 0cff 11       		.byte	0x11
 1788 0d00 15       		.byte	0x15
 1789 0d01 54       		.byte	0x54
 1790 0d02 AC010000 		.4byte	0x1ac
 1791 0d06 04       		.byte	0x4
 1792 0d07 01       		.byte	0x1
 1793 0d08 00       		.byte	0
 1794 0d09 00       		.byte	0
 1795 0d0a 00       		.byte	0
 1796 0d0b 14       		.uleb128 0x14
 1797 0d0c 65787400 		.ascii	"ext\000"
 1798 0d10 11       		.byte	0x11
 1799 0d11 13       		.byte	0x13
 1800 0d12 2D       		.byte	0x2d
 1801 0d13 7D0C0000 		.4byte	0xc7d
 1802 0d17 14       		.uleb128 0x14
 1803 0d18 73746400 		.ascii	"std\000"
 1804 0d1c 11       		.byte	0x11
 1805 0d1d 14       		.byte	0x14
 1806 0d1e 3E       		.byte	0x3e
 1807 0d1f 970C0000 		.4byte	0xc97
 1808 0d23 0A       		.uleb128 0xa
 1809 0d24 57030000 		.4byte	.LASF169
 1810 0d28 11       		.byte	0x11
 1811 0d29 15       		.byte	0x15
 1812 0d2a 5D       		.byte	0x5d
 1813 0d2b C10C0000 		.4byte	0xcc1
 1814 0d2f 00       		.byte	0
 1815 0d30 1E       		.uleb128 0x1e
 1816 0d31 740C0000 		.4byte	0xc74
 1817 0d35 00       		.byte	0
 1818 0d36 15       		.uleb128 0x15
 1819 0d37 2B070000 		.4byte	.LASF170
 1820 0d3b 11       		.byte	0x11
 1821 0d3c 17       		.byte	0x17
 1822 0d3d 16       		.byte	0x16
 1823 0d3e AC010000 		.4byte	0x1ac
 1824 0d42 04       		.byte	0x4
ARM GAS  /tmp/cchzpbfw.s 			page 33


 1825 0d43 10       		.byte	0x10
 1826 0d44 10       		.byte	0x10
 1827 0d45 04       		.byte	0x4
 1828 0d46 1D       		.uleb128 0x1d
 1829 0d47 444C4300 		.ascii	"DLC\000"
 1830 0d4b 11       		.byte	0x11
 1831 0d4c 18       		.byte	0x18
 1832 0d4d 16       		.byte	0x16
 1833 0d4e AC010000 		.4byte	0x1ac
 1834 0d52 04       		.byte	0x4
 1835 0d53 04       		.byte	0x4
 1836 0d54 0C       		.byte	0xc
 1837 0d55 04       		.byte	0x4
 1838 0d56 1D       		.uleb128 0x1d
 1839 0d57 42525300 		.ascii	"BRS\000"
 1840 0d5b 11       		.byte	0x11
 1841 0d5c 19       		.byte	0x19
 1842 0d5d 16       		.byte	0x16
 1843 0d5e AC010000 		.4byte	0x1ac
 1844 0d62 04       		.byte	0x4
 1845 0d63 01       		.byte	0x1
 1846 0d64 0B       		.byte	0xb
 1847 0d65 04       		.byte	0x4
 1848 0d66 1D       		.uleb128 0x1d
 1849 0d67 46444600 		.ascii	"FDF\000"
 1850 0d6b 11       		.byte	0x11
 1851 0d6c 1A       		.byte	0x1a
 1852 0d6d 16       		.byte	0x16
 1853 0d6e AC010000 		.4byte	0x1ac
 1854 0d72 04       		.byte	0x4
 1855 0d73 01       		.byte	0x1
 1856 0d74 0A       		.byte	0xa
 1857 0d75 04       		.byte	0x4
 1858 0d76 1D       		.uleb128 0x1d
 1859 0d77 5F523200 		.ascii	"_R2\000"
 1860 0d7b 11       		.byte	0x11
 1861 0d7c 1B       		.byte	0x1b
 1862 0d7d 16       		.byte	0x16
 1863 0d7e AC010000 		.4byte	0x1ac
 1864 0d82 04       		.byte	0x4
 1865 0d83 02       		.byte	0x2
 1866 0d84 08       		.byte	0x8
 1867 0d85 04       		.byte	0x4
 1868 0d86 15       		.uleb128 0x15
 1869 0d87 9C060000 		.4byte	.LASF171
 1870 0d8b 11       		.byte	0x11
 1871 0d8c 1C       		.byte	0x1c
 1872 0d8d 16       		.byte	0x16
 1873 0d8e AC010000 		.4byte	0x1ac
 1874 0d92 04       		.byte	0x4
 1875 0d93 07       		.byte	0x7
 1876 0d94 01       		.byte	0x1
 1877 0d95 04       		.byte	0x4
 1878 0d96 15       		.uleb128 0x15
 1879 0d97 F6030000 		.4byte	.LASF172
 1880 0d9b 11       		.byte	0x11
 1881 0d9c 1D       		.byte	0x1d
ARM GAS  /tmp/cchzpbfw.s 			page 34


 1882 0d9d 16       		.byte	0x16
 1883 0d9e AC010000 		.4byte	0x1ac
 1884 0da2 04       		.byte	0x4
 1885 0da3 01       		.byte	0x1
 1886 0da4 00       		.byte	0
 1887 0da5 04       		.byte	0x4
 1888 0da6 00       		.byte	0
 1889 0da7 1F       		.uleb128 0x1f
 1890 0da8 6B0C0000 		.4byte	0xc6b
 1891 0dac 0A       		.uleb128 0xa
 1892 0dad 50040000 		.4byte	.LASF173
 1893 0db1 11       		.byte	0x11
 1894 0db2 1F       		.byte	0x1f
 1895 0db3 12       		.byte	0x12
 1896 0db4 8F080000 		.4byte	0x88f
 1897 0db8 00       		.byte	0
 1898 0db9 09       		.uleb128 0x9
 1899 0dba 08       		.byte	0x8
 1900 0dbb 11       		.byte	0x11
 1901 0dbc 21       		.byte	0x21
 1902 0dbd 0B       		.byte	0xb
 1903 0dbe E70D0000 		.4byte	0xde7
 1904 0dc2 0A       		.uleb128 0xa
 1905 0dc3 74040000 		.4byte	.LASF174
 1906 0dc7 11       		.byte	0x11
 1907 0dc8 22       		.byte	0x22
 1908 0dc9 12       		.byte	0x12
 1909 0dca D40B0000 		.4byte	0xbd4
 1910 0dce 0A       		.uleb128 0xa
 1911 0dcf 86030000 		.4byte	.LASF175
 1912 0dd3 11       		.byte	0x11
 1913 0dd4 23       		.byte	0x23
 1914 0dd5 12       		.byte	0x12
 1915 0dd6 F90D0000 		.4byte	0xdf9
 1916 0dda 0A       		.uleb128 0xa
 1917 0ddb DB000000 		.4byte	.LASF176
 1918 0ddf 11       		.byte	0x11
 1919 0de0 24       		.byte	0x24
 1920 0de1 12       		.byte	0x12
 1921 0de2 8F080000 		.4byte	0x88f
 1922 0de6 00       		.byte	0
 1923 0de7 1E       		.uleb128 0x1e
 1924 0de8 620C0000 		.4byte	0xc62
 1925 0dec 00       		.byte	0
 1926 0ded 1E       		.uleb128 0x1e
 1927 0dee B90D0000 		.4byte	0xdb9
 1928 0df2 08       		.byte	0x8
 1929 0df3 00       		.byte	0
 1930 0df4 03       		.uleb128 0x3
 1931 0df5 550C0000 		.4byte	0xc55
 1932 0df9 18       		.uleb128 0x18
 1933 0dfa 94010000 		.4byte	0x194
 1934 0dfe 090E0000 		.4byte	0xe09
 1935 0e02 19       		.uleb128 0x19
 1936 0e03 35000000 		.4byte	0x35
 1937 0e07 03       		.byte	0x3
 1938 0e08 00       		.byte	0
ARM GAS  /tmp/cchzpbfw.s 			page 35


 1939 0e09 20       		.uleb128 0x20
 1940 0e0a 04       		.byte	0x4
 1941 0e0b F40D0000 		.4byte	0xdf4
 1942 0e0f 21       		.uleb128 0x21
 1943 0e10 73746400 		.ascii	"std\000"
 1944 0e14 17       		.byte	0x17
 1945 0e15 00       		.byte	0
 1946 0e16 2D0F0000 		.4byte	0xf2d
 1947 0e1a 22       		.uleb128 0x22
 1948 0e1b 3C000000 		.4byte	.LASF177
 1949 0e1f 14       		.byte	0x14
 1950 0e20 1E01     		.2byte	0x11e
 1951 0e22 41       		.byte	0x41
 1952 0e23 23       		.uleb128 0x23
 1953 0e24 14       		.byte	0x14
 1954 0e25 1E01     		.2byte	0x11e
 1955 0e27 41       		.byte	0x41
 1956 0e28 1A0E0000 		.4byte	0xe1a
 1957 0e2c 24       		.uleb128 0x24
 1958 0e2d 12       		.byte	0x12
 1959 0e2e 2F       		.byte	0x2f
 1960 0e2f 0B       		.byte	0xb
 1961 0e30 70010000 		.4byte	0x170
 1962 0e34 24       		.uleb128 0x24
 1963 0e35 12       		.byte	0x12
 1964 0e36 30       		.byte	0x30
 1965 0e37 0B       		.byte	0xb
 1966 0e38 88010000 		.4byte	0x188
 1967 0e3c 24       		.uleb128 0x24
 1968 0e3d 12       		.byte	0x12
 1969 0e3e 31       		.byte	0x31
 1970 0e3f 0B       		.byte	0xb
 1971 0e40 A0010000 		.4byte	0x1a0
 1972 0e44 24       		.uleb128 0x24
 1973 0e45 12       		.byte	0x12
 1974 0e46 32       		.byte	0x32
 1975 0e47 0B       		.byte	0xb
 1976 0e48 B8010000 		.4byte	0x1b8
 1977 0e4c 24       		.uleb128 0x24
 1978 0e4d 12       		.byte	0x12
 1979 0e4e 34       		.byte	0x34
 1980 0e4f 0B       		.byte	0xb
 1981 0e50 65020000 		.4byte	0x265
 1982 0e54 24       		.uleb128 0x24
 1983 0e55 12       		.byte	0x12
 1984 0e56 35       		.byte	0x35
 1985 0e57 0B       		.byte	0xb
 1986 0e58 7D020000 		.4byte	0x27d
 1987 0e5c 24       		.uleb128 0x24
 1988 0e5d 12       		.byte	0x12
 1989 0e5e 36       		.byte	0x36
 1990 0e5f 0B       		.byte	0xb
 1991 0e60 95020000 		.4byte	0x295
 1992 0e64 24       		.uleb128 0x24
 1993 0e65 12       		.byte	0x12
 1994 0e66 37       		.byte	0x37
 1995 0e67 0B       		.byte	0xb
ARM GAS  /tmp/cchzpbfw.s 			page 36


 1996 0e68 AD020000 		.4byte	0x2ad
 1997 0e6c 24       		.uleb128 0x24
 1998 0e6d 12       		.byte	0x12
 1999 0e6e 39       		.byte	0x39
 2000 0e6f 0B       		.byte	0xb
 2001 0e70 05020000 		.4byte	0x205
 2002 0e74 24       		.uleb128 0x24
 2003 0e75 12       		.byte	0x12
 2004 0e76 3A       		.byte	0x3a
 2005 0e77 0B       		.byte	0xb
 2006 0e78 1D020000 		.4byte	0x21d
 2007 0e7c 24       		.uleb128 0x24
 2008 0e7d 12       		.byte	0x12
 2009 0e7e 3B       		.byte	0x3b
 2010 0e7f 0B       		.byte	0xb
 2011 0e80 35020000 		.4byte	0x235
 2012 0e84 24       		.uleb128 0x24
 2013 0e85 12       		.byte	0x12
 2014 0e86 3C       		.byte	0x3c
 2015 0e87 0B       		.byte	0xb
 2016 0e88 4D020000 		.4byte	0x24d
 2017 0e8c 24       		.uleb128 0x24
 2018 0e8d 12       		.byte	0x12
 2019 0e8e 3E       		.byte	0x3e
 2020 0e8f 0B       		.byte	0xb
 2021 0e90 D5010000 		.4byte	0x1d5
 2022 0e94 24       		.uleb128 0x24
 2023 0e95 12       		.byte	0x12
 2024 0e96 3F       		.byte	0x3f
 2025 0e97 0B       		.byte	0xb
 2026 0e98 ED010000 		.4byte	0x1ed
 2027 0e9c 24       		.uleb128 0x24
 2028 0e9d 12       		.byte	0x12
 2029 0e9e 41       		.byte	0x41
 2030 0e9f 0B       		.byte	0xb
 2031 0ea0 7C010000 		.4byte	0x17c
 2032 0ea4 24       		.uleb128 0x24
 2033 0ea5 12       		.byte	0x12
 2034 0ea6 42       		.byte	0x42
 2035 0ea7 0B       		.byte	0xb
 2036 0ea8 94010000 		.4byte	0x194
 2037 0eac 24       		.uleb128 0x24
 2038 0ead 12       		.byte	0x12
 2039 0eae 43       		.byte	0x43
 2040 0eaf 0B       		.byte	0xb
 2041 0eb0 AC010000 		.4byte	0x1ac
 2042 0eb4 24       		.uleb128 0x24
 2043 0eb5 12       		.byte	0x12
 2044 0eb6 44       		.byte	0x44
 2045 0eb7 0B       		.byte	0xb
 2046 0eb8 C4010000 		.4byte	0x1c4
 2047 0ebc 24       		.uleb128 0x24
 2048 0ebd 12       		.byte	0x12
 2049 0ebe 46       		.byte	0x46
 2050 0ebf 0B       		.byte	0xb
 2051 0ec0 71020000 		.4byte	0x271
 2052 0ec4 24       		.uleb128 0x24
ARM GAS  /tmp/cchzpbfw.s 			page 37


 2053 0ec5 12       		.byte	0x12
 2054 0ec6 47       		.byte	0x47
 2055 0ec7 0B       		.byte	0xb
 2056 0ec8 89020000 		.4byte	0x289
 2057 0ecc 24       		.uleb128 0x24
 2058 0ecd 12       		.byte	0x12
 2059 0ece 48       		.byte	0x48
 2060 0ecf 0B       		.byte	0xb
 2061 0ed0 A1020000 		.4byte	0x2a1
 2062 0ed4 24       		.uleb128 0x24
 2063 0ed5 12       		.byte	0x12
 2064 0ed6 49       		.byte	0x49
 2065 0ed7 0B       		.byte	0xb
 2066 0ed8 B9020000 		.4byte	0x2b9
 2067 0edc 24       		.uleb128 0x24
 2068 0edd 12       		.byte	0x12
 2069 0ede 4B       		.byte	0x4b
 2070 0edf 0B       		.byte	0xb
 2071 0ee0 11020000 		.4byte	0x211
 2072 0ee4 24       		.uleb128 0x24
 2073 0ee5 12       		.byte	0x12
 2074 0ee6 4C       		.byte	0x4c
 2075 0ee7 0B       		.byte	0xb
 2076 0ee8 29020000 		.4byte	0x229
 2077 0eec 24       		.uleb128 0x24
 2078 0eed 12       		.byte	0x12
 2079 0eee 4D       		.byte	0x4d
 2080 0eef 0B       		.byte	0xb
 2081 0ef0 41020000 		.4byte	0x241
 2082 0ef4 24       		.uleb128 0x24
 2083 0ef5 12       		.byte	0x12
 2084 0ef6 4E       		.byte	0x4e
 2085 0ef7 0B       		.byte	0xb
 2086 0ef8 59020000 		.4byte	0x259
 2087 0efc 24       		.uleb128 0x24
 2088 0efd 12       		.byte	0x12
 2089 0efe 50       		.byte	0x50
 2090 0eff 0B       		.byte	0xb
 2091 0f00 E1010000 		.4byte	0x1e1
 2092 0f04 24       		.uleb128 0x24
 2093 0f05 12       		.byte	0x12
 2094 0f06 51       		.byte	0x51
 2095 0f07 0B       		.byte	0xb
 2096 0f08 F9010000 		.4byte	0x1f9
 2097 0f0c 24       		.uleb128 0x24
 2098 0f0d 13       		.byte	0x13
 2099 0f0e 54       		.byte	0x54
 2100 0f0f 0B       		.byte	0xb
 2101 0f10 530F0000 		.4byte	0xf53
 2102 0f14 24       		.uleb128 0x24
 2103 0f15 13       		.byte	0x13
 2104 0f16 57       		.byte	0x57
 2105 0f17 0B       		.byte	0xb
 2106 0f18 6E0F0000 		.4byte	0xf6e
 2107 0f1c 24       		.uleb128 0x24
 2108 0f1d 13       		.byte	0x13
 2109 0f1e 5D       		.byte	0x5d
ARM GAS  /tmp/cchzpbfw.s 			page 38


 2110 0f1f 0B       		.byte	0xb
 2111 0f20 840F0000 		.4byte	0xf84
 2112 0f24 24       		.uleb128 0x24
 2113 0f25 13       		.byte	0x13
 2114 0f26 5E       		.byte	0x5e
 2115 0f27 0B       		.byte	0xb
 2116 0f28 9F0F0000 		.4byte	0xf9f
 2117 0f2c 00       		.byte	0
 2118 0f2d 25       		.uleb128 0x25
 2119 0f2e 10090000 		.4byte	.LASF189
 2120 0f32 14       		.byte	0x14
 2121 0f33 2001     		.2byte	0x120
 2122 0f35 0B       		.byte	0xb
 2123 0f36 4D0F0000 		.4byte	0xf4d
 2124 0f3a 22       		.uleb128 0x22
 2125 0f3b 3C000000 		.4byte	.LASF177
 2126 0f3f 14       		.byte	0x14
 2127 0f40 2201     		.2byte	0x122
 2128 0f42 41       		.byte	0x41
 2129 0f43 23       		.uleb128 0x23
 2130 0f44 14       		.byte	0x14
 2131 0f45 2201     		.2byte	0x122
 2132 0f47 41       		.byte	0x41
 2133 0f48 3A0F0000 		.4byte	0xf3a
 2134 0f4c 00       		.byte	0
 2135 0f4d 11       		.uleb128 0x11
 2136 0f4e 04       		.byte	0x4
 2137 0f4f BD050000 		.4byte	0x5bd
 2138 0f53 26       		.uleb128 0x26
 2139 0f54 9F050000 		.4byte	.LASF178
 2140 0f58 15       		.byte	0x15
 2141 0f59 25       		.byte	0x25
 2142 0f5a 06       		.byte	0x6
 2143 0f5b 1D000000 		.4byte	0x1d
 2144 0f5f 6E0F0000 		.4byte	0xf6e
 2145 0f63 27       		.uleb128 0x27
 2146 0f64 B2050000 		.4byte	0x5b2
 2147 0f68 27       		.uleb128 0x27
 2148 0f69 B2050000 		.4byte	0x5b2
 2149 0f6d 00       		.byte	0
 2150 0f6e 26       		.uleb128 0x26
 2151 0f6f E6080000 		.4byte	.LASF179
 2152 0f73 15       		.byte	0x15
 2153 0f74 28       		.byte	0x28
 2154 0f75 08       		.byte	0x8
 2155 0f76 4D0F0000 		.4byte	0xf4d
 2156 0f7a 840F0000 		.4byte	0xf84
 2157 0f7e 27       		.uleb128 0x27
 2158 0f7f 1D000000 		.4byte	0x1d
 2159 0f83 00       		.byte	0
 2160 0f84 26       		.uleb128 0x26
 2161 0f85 B2010000 		.4byte	.LASF180
 2162 0f89 15       		.byte	0x15
 2163 0f8a 32       		.byte	0x32
 2164 0f8b 08       		.byte	0x8
 2165 0f8c 4D0F0000 		.4byte	0xf4d
 2166 0f90 9F0F0000 		.4byte	0xf9f
ARM GAS  /tmp/cchzpbfw.s 			page 39


 2167 0f94 27       		.uleb128 0x27
 2168 0f95 4D0F0000 		.4byte	0xf4d
 2169 0f99 27       		.uleb128 0x27
 2170 0f9a B2050000 		.4byte	0x5b2
 2171 0f9e 00       		.byte	0
 2172 0f9f 26       		.uleb128 0x26
 2173 0fa0 6F060000 		.4byte	.LASF181
 2174 0fa4 15       		.byte	0x15
 2175 0fa5 34       		.byte	0x34
 2176 0fa6 09       		.byte	0x9
 2177 0fa7 29000000 		.4byte	0x29
 2178 0fab BF0F0000 		.4byte	0xfbf
 2179 0faf 27       		.uleb128 0x27
 2180 0fb0 4D0F0000 		.4byte	0xf4d
 2181 0fb4 27       		.uleb128 0x27
 2182 0fb5 B2050000 		.4byte	0x5b2
 2183 0fb9 27       		.uleb128 0x27
 2184 0fba 29000000 		.4byte	0x29
 2185 0fbe 00       		.byte	0
 2186 0fbf 28       		.uleb128 0x28
 2187 0fc0 0D000000 		.4byte	.LASF190
 2188 0fc4 16       		.byte	0x16
 2189 0fc5 17       		.byte	0x17
 2190 0fc6 06       		.byte	0x6
 2191 0fc7 E3070000 		.4byte	.LASF191
 2192 0fcb DE0F0000 		.4byte	0xfde
 2193 0fcf 29       		.uleb128 0x29
 2194 0fd0 2A       		.uleb128 0x2a
 2195 0fd1 4C060000 		.4byte	.LASF182
 2196 0fd5 16       		.byte	0x16
 2197 0fd6 19       		.byte	0x19
 2198 0fd7 0E       		.byte	0xe
 2199 0fd8 1D000000 		.4byte	0x1d
 2200 0fdc 00       		.byte	0
 2201 0fdd 00       		.byte	0
 2202 0fde 2B       		.uleb128 0x2b
 2203 0fdf A9080000 		.4byte	.LASF192
 2204 0fe3 16       		.byte	0x16
 2205 0fe4 06       		.byte	0x6
 2206 0fe5 0D       		.byte	0xd
 2207 0fe6 2C       		.uleb128 0x2c
 2208 0fe7 6600     		.ascii	"f\000"
 2209 0fe9 16       		.byte	0x16
 2210 0fea 06       		.byte	0x6
 2211 0feb 32       		.byte	0x32
 2212 0fec 090E0000 		.4byte	0xe09
 2213 0ff0 2C       		.uleb128 0x2c
 2214 0ff1 63747800 		.ascii	"ctx\000"
 2215 0ff5 16       		.byte	0x16
 2216 0ff6 06       		.byte	0x6
 2217 0ff7 3B       		.byte	0x3b
 2218 0ff8 1C080000 		.4byte	0x81c
 2219 0ffc 2A       		.uleb128 0x2a
 2220 0ffd 4C060000 		.4byte	.LASF182
 2221 1001 16       		.byte	0x16
 2222 1002 08       		.byte	0x8
 2223 1003 0F       		.byte	0xf
ARM GAS  /tmp/cchzpbfw.s 			page 40


 2224 1004 24000000 		.4byte	0x24
 2225 1008 2D       		.uleb128 0x2d
 2226 1009 72706D00 		.ascii	"rpm\000"
 2227 100d 16       		.byte	0x16
 2228 100e 0A       		.byte	0xa
 2229 100f 0B       		.byte	0xb
 2230 1010 260C0000 		.4byte	0xc26
 2231 1014 2A       		.uleb128 0x2a
 2232 1015 06090000 		.4byte	.LASF162
 2233 1019 16       		.byte	0x16
 2234 101a 0C       		.byte	0xc
 2235 101b 0E       		.byte	0xe
 2236 101c 94010000 		.4byte	0x194
 2237 1020 2A       		.uleb128 0x2a
 2238 1021 57080000 		.4byte	.LASF163
 2239 1025 16       		.byte	0x16
 2240 1026 0D       		.byte	0xd
 2241 1027 0E       		.byte	0xe
 2242 1028 7C010000 		.4byte	0x17c
 2243 102c 00       		.byte	0
 2244 102d 00       		.byte	0
 2245              		.section	.gnu.debuglto_.debug_abbrev,"e",%progbits
 2246              	.Ldebug_abbrev0:
 2247 0000 01       		.uleb128 0x1
 2248 0001 11       		.uleb128 0x11
 2249 0002 01       		.byte	0x1
 2250 0003 25       		.uleb128 0x25
 2251 0004 0E       		.uleb128 0xe
 2252 0005 13       		.uleb128 0x13
 2253 0006 0B       		.uleb128 0xb
 2254 0007 03       		.uleb128 0x3
 2255 0008 0E       		.uleb128 0xe
 2256 0009 1B       		.uleb128 0x1b
 2257 000a 0E       		.uleb128 0xe
 2258 000b 10       		.uleb128 0x10
 2259 000c 17       		.uleb128 0x17
 2260 000d 00       		.byte	0
 2261 000e 00       		.byte	0
 2262 000f 02       		.uleb128 0x2
 2263 0010 24       		.uleb128 0x24
 2264 0011 00       		.byte	0
 2265 0012 0B       		.uleb128 0xb
 2266 0013 0B       		.uleb128 0xb
 2267 0014 3E       		.uleb128 0x3e
 2268 0015 0B       		.uleb128 0xb
 2269 0016 03       		.uleb128 0x3
 2270 0017 08       		.uleb128 0x8
 2271 0018 00       		.byte	0
 2272 0019 00       		.byte	0
 2273 001a 03       		.uleb128 0x3
 2274 001b 26       		.uleb128 0x26
 2275 001c 00       		.byte	0
 2276 001d 49       		.uleb128 0x49
 2277 001e 13       		.uleb128 0x13
 2278 001f 00       		.byte	0
 2279 0020 00       		.byte	0
 2280 0021 04       		.uleb128 0x4
ARM GAS  /tmp/cchzpbfw.s 			page 41


 2281 0022 16       		.uleb128 0x16
 2282 0023 00       		.byte	0
 2283 0024 03       		.uleb128 0x3
 2284 0025 0E       		.uleb128 0xe
 2285 0026 3A       		.uleb128 0x3a
 2286 0027 0B       		.uleb128 0xb
 2287 0028 3B       		.uleb128 0x3b
 2288 0029 0B       		.uleb128 0xb
 2289 002a 39       		.uleb128 0x39
 2290 002b 0B       		.uleb128 0xb
 2291 002c 49       		.uleb128 0x49
 2292 002d 13       		.uleb128 0x13
 2293 002e 00       		.byte	0
 2294 002f 00       		.byte	0
 2295 0030 05       		.uleb128 0x5
 2296 0031 24       		.uleb128 0x24
 2297 0032 00       		.byte	0
 2298 0033 0B       		.uleb128 0xb
 2299 0034 0B       		.uleb128 0xb
 2300 0035 3E       		.uleb128 0x3e
 2301 0036 0B       		.uleb128 0xb
 2302 0037 03       		.uleb128 0x3
 2303 0038 0E       		.uleb128 0xe
 2304 0039 00       		.byte	0
 2305 003a 00       		.byte	0
 2306 003b 06       		.uleb128 0x6
 2307 003c 3B       		.uleb128 0x3b
 2308 003d 00       		.byte	0
 2309 003e 03       		.uleb128 0x3
 2310 003f 0E       		.uleb128 0xe
 2311 0040 00       		.byte	0
 2312 0041 00       		.byte	0
 2313 0042 07       		.uleb128 0x7
 2314 0043 35       		.uleb128 0x35
 2315 0044 00       		.byte	0
 2316 0045 49       		.uleb128 0x49
 2317 0046 13       		.uleb128 0x13
 2318 0047 00       		.byte	0
 2319 0048 00       		.byte	0
 2320 0049 08       		.uleb128 0x8
 2321 004a 13       		.uleb128 0x13
 2322 004b 01       		.byte	0x1
 2323 004c 03       		.uleb128 0x3
 2324 004d 0E       		.uleb128 0xe
 2325 004e 0B       		.uleb128 0xb
 2326 004f 0B       		.uleb128 0xb
 2327 0050 3A       		.uleb128 0x3a
 2328 0051 0B       		.uleb128 0xb
 2329 0052 3B       		.uleb128 0x3b
 2330 0053 0B       		.uleb128 0xb
 2331 0054 39       		.uleb128 0x39
 2332 0055 0B       		.uleb128 0xb
 2333 0056 01       		.uleb128 0x1
 2334 0057 13       		.uleb128 0x13
 2335 0058 00       		.byte	0
 2336 0059 00       		.byte	0
 2337 005a 09       		.uleb128 0x9
ARM GAS  /tmp/cchzpbfw.s 			page 42


 2338 005b 17       		.uleb128 0x17
 2339 005c 01       		.byte	0x1
 2340 005d 0B       		.uleb128 0xb
 2341 005e 0B       		.uleb128 0xb
 2342 005f 3A       		.uleb128 0x3a
 2343 0060 0B       		.uleb128 0xb
 2344 0061 3B       		.uleb128 0x3b
 2345 0062 0B       		.uleb128 0xb
 2346 0063 39       		.uleb128 0x39
 2347 0064 0B       		.uleb128 0xb
 2348 0065 01       		.uleb128 0x1
 2349 0066 13       		.uleb128 0x13
 2350 0067 00       		.byte	0
 2351 0068 00       		.byte	0
 2352 0069 0A       		.uleb128 0xa
 2353 006a 0D       		.uleb128 0xd
 2354 006b 00       		.byte	0
 2355 006c 03       		.uleb128 0x3
 2356 006d 0E       		.uleb128 0xe
 2357 006e 3A       		.uleb128 0x3a
 2358 006f 0B       		.uleb128 0xb
 2359 0070 3B       		.uleb128 0x3b
 2360 0071 0B       		.uleb128 0xb
 2361 0072 39       		.uleb128 0x39
 2362 0073 0B       		.uleb128 0xb
 2363 0074 49       		.uleb128 0x49
 2364 0075 13       		.uleb128 0x13
 2365 0076 00       		.byte	0
 2366 0077 00       		.byte	0
 2367 0078 0B       		.uleb128 0xb
 2368 0079 0D       		.uleb128 0xd
 2369 007a 00       		.byte	0
 2370 007b 03       		.uleb128 0x3
 2371 007c 0E       		.uleb128 0xe
 2372 007d 3A       		.uleb128 0x3a
 2373 007e 0B       		.uleb128 0xb
 2374 007f 3B       		.uleb128 0x3b
 2375 0080 05       		.uleb128 0x5
 2376 0081 39       		.uleb128 0x39
 2377 0082 0B       		.uleb128 0xb
 2378 0083 49       		.uleb128 0x49
 2379 0084 13       		.uleb128 0x13
 2380 0085 00       		.byte	0
 2381 0086 00       		.byte	0
 2382 0087 0C       		.uleb128 0xc
 2383 0088 0D       		.uleb128 0xd
 2384 0089 00       		.byte	0
 2385 008a 03       		.uleb128 0x3
 2386 008b 08       		.uleb128 0x8
 2387 008c 3A       		.uleb128 0x3a
 2388 008d 0B       		.uleb128 0xb
 2389 008e 3B       		.uleb128 0x3b
 2390 008f 0B       		.uleb128 0xb
 2391 0090 39       		.uleb128 0x39
 2392 0091 0B       		.uleb128 0xb
 2393 0092 49       		.uleb128 0x49
 2394 0093 13       		.uleb128 0x13
ARM GAS  /tmp/cchzpbfw.s 			page 43


 2395 0094 38       		.uleb128 0x38
 2396 0095 0B       		.uleb128 0xb
 2397 0096 00       		.byte	0
 2398 0097 00       		.byte	0
 2399 0098 0D       		.uleb128 0xd
 2400 0099 0D       		.uleb128 0xd
 2401 009a 00       		.byte	0
 2402 009b 03       		.uleb128 0x3
 2403 009c 0E       		.uleb128 0xe
 2404 009d 3A       		.uleb128 0x3a
 2405 009e 0B       		.uleb128 0xb
 2406 009f 3B       		.uleb128 0x3b
 2407 00a0 0B       		.uleb128 0xb
 2408 00a1 39       		.uleb128 0x39
 2409 00a2 0B       		.uleb128 0xb
 2410 00a3 49       		.uleb128 0x49
 2411 00a4 13       		.uleb128 0x13
 2412 00a5 38       		.uleb128 0x38
 2413 00a6 0B       		.uleb128 0xb
 2414 00a7 00       		.byte	0
 2415 00a8 00       		.byte	0
 2416 00a9 0E       		.uleb128 0xe
 2417 00aa 0D       		.uleb128 0xd
 2418 00ab 00       		.byte	0
 2419 00ac 03       		.uleb128 0x3
 2420 00ad 08       		.uleb128 0x8
 2421 00ae 3A       		.uleb128 0x3a
 2422 00af 0B       		.uleb128 0xb
 2423 00b0 3B       		.uleb128 0x3b
 2424 00b1 05       		.uleb128 0x5
 2425 00b2 39       		.uleb128 0x39
 2426 00b3 0B       		.uleb128 0xb
 2427 00b4 49       		.uleb128 0x49
 2428 00b5 13       		.uleb128 0x13
 2429 00b6 38       		.uleb128 0x38
 2430 00b7 0B       		.uleb128 0xb
 2431 00b8 00       		.byte	0
 2432 00b9 00       		.byte	0
 2433 00ba 0F       		.uleb128 0xf
 2434 00bb 0D       		.uleb128 0xd
 2435 00bc 00       		.byte	0
 2436 00bd 03       		.uleb128 0x3
 2437 00be 0E       		.uleb128 0xe
 2438 00bf 3A       		.uleb128 0x3a
 2439 00c0 0B       		.uleb128 0xb
 2440 00c1 3B       		.uleb128 0x3b
 2441 00c2 05       		.uleb128 0x5
 2442 00c3 39       		.uleb128 0x39
 2443 00c4 0B       		.uleb128 0xb
 2444 00c5 49       		.uleb128 0x49
 2445 00c6 13       		.uleb128 0x13
 2446 00c7 38       		.uleb128 0x38
 2447 00c8 0B       		.uleb128 0xb
 2448 00c9 00       		.byte	0
 2449 00ca 00       		.byte	0
 2450 00cb 10       		.uleb128 0x10
 2451 00cc 13       		.uleb128 0x13
ARM GAS  /tmp/cchzpbfw.s 			page 44


 2452 00cd 01       		.byte	0x1
 2453 00ce 03       		.uleb128 0x3
 2454 00cf 0E       		.uleb128 0xe
 2455 00d0 0B       		.uleb128 0xb
 2456 00d1 05       		.uleb128 0x5
 2457 00d2 3A       		.uleb128 0x3a
 2458 00d3 0B       		.uleb128 0xb
 2459 00d4 3B       		.uleb128 0x3b
 2460 00d5 05       		.uleb128 0x5
 2461 00d6 39       		.uleb128 0x39
 2462 00d7 0B       		.uleb128 0xb
 2463 00d8 01       		.uleb128 0x1
 2464 00d9 13       		.uleb128 0x13
 2465 00da 00       		.byte	0
 2466 00db 00       		.byte	0
 2467 00dc 11       		.uleb128 0x11
 2468 00dd 0F       		.uleb128 0xf
 2469 00de 00       		.byte	0
 2470 00df 0B       		.uleb128 0xb
 2471 00e0 0B       		.uleb128 0xb
 2472 00e1 49       		.uleb128 0x49
 2473 00e2 13       		.uleb128 0x13
 2474 00e3 00       		.byte	0
 2475 00e4 00       		.byte	0
 2476 00e5 12       		.uleb128 0x12
 2477 00e6 13       		.uleb128 0x13
 2478 00e7 01       		.byte	0x1
 2479 00e8 0B       		.uleb128 0xb
 2480 00e9 0B       		.uleb128 0xb
 2481 00ea 3A       		.uleb128 0x3a
 2482 00eb 0B       		.uleb128 0xb
 2483 00ec 3B       		.uleb128 0x3b
 2484 00ed 0B       		.uleb128 0xb
 2485 00ee 39       		.uleb128 0x39
 2486 00ef 0B       		.uleb128 0xb
 2487 00f0 6E       		.uleb128 0x6e
 2488 00f1 0E       		.uleb128 0xe
 2489 00f2 01       		.uleb128 0x1
 2490 00f3 13       		.uleb128 0x13
 2491 00f4 00       		.byte	0
 2492 00f5 00       		.byte	0
 2493 00f6 13       		.uleb128 0x13
 2494 00f7 13       		.uleb128 0x13
 2495 00f8 01       		.byte	0x1
 2496 00f9 0B       		.uleb128 0xb
 2497 00fa 0B       		.uleb128 0xb
 2498 00fb 3A       		.uleb128 0x3a
 2499 00fc 0B       		.uleb128 0xb
 2500 00fd 3B       		.uleb128 0x3b
 2501 00fe 0B       		.uleb128 0xb
 2502 00ff 39       		.uleb128 0x39
 2503 0100 0B       		.uleb128 0xb
 2504 0101 01       		.uleb128 0x1
 2505 0102 13       		.uleb128 0x13
 2506 0103 00       		.byte	0
 2507 0104 00       		.byte	0
 2508 0105 14       		.uleb128 0x14
ARM GAS  /tmp/cchzpbfw.s 			page 45


 2509 0106 0D       		.uleb128 0xd
 2510 0107 00       		.byte	0
 2511 0108 03       		.uleb128 0x3
 2512 0109 08       		.uleb128 0x8
 2513 010a 3A       		.uleb128 0x3a
 2514 010b 0B       		.uleb128 0xb
 2515 010c 3B       		.uleb128 0x3b
 2516 010d 0B       		.uleb128 0xb
 2517 010e 39       		.uleb128 0x39
 2518 010f 0B       		.uleb128 0xb
 2519 0110 49       		.uleb128 0x49
 2520 0111 13       		.uleb128 0x13
 2521 0112 00       		.byte	0
 2522 0113 00       		.byte	0
 2523 0114 15       		.uleb128 0x15
 2524 0115 0D       		.uleb128 0xd
 2525 0116 00       		.byte	0
 2526 0117 03       		.uleb128 0x3
 2527 0118 0E       		.uleb128 0xe
 2528 0119 3A       		.uleb128 0x3a
 2529 011a 0B       		.uleb128 0xb
 2530 011b 3B       		.uleb128 0x3b
 2531 011c 0B       		.uleb128 0xb
 2532 011d 39       		.uleb128 0x39
 2533 011e 0B       		.uleb128 0xb
 2534 011f 49       		.uleb128 0x49
 2535 0120 13       		.uleb128 0x13
 2536 0121 0B       		.uleb128 0xb
 2537 0122 0B       		.uleb128 0xb
 2538 0123 0D       		.uleb128 0xd
 2539 0124 0B       		.uleb128 0xb
 2540 0125 0C       		.uleb128 0xc
 2541 0126 0B       		.uleb128 0xb
 2542 0127 38       		.uleb128 0x38
 2543 0128 0B       		.uleb128 0xb
 2544 0129 00       		.byte	0
 2545 012a 00       		.byte	0
 2546 012b 16       		.uleb128 0x16
 2547 012c 0F       		.uleb128 0xf
 2548 012d 00       		.byte	0
 2549 012e 0B       		.uleb128 0xb
 2550 012f 0B       		.uleb128 0xb
 2551 0130 00       		.byte	0
 2552 0131 00       		.byte	0
 2553 0132 17       		.uleb128 0x17
 2554 0133 13       		.uleb128 0x13
 2555 0134 01       		.byte	0x1
 2556 0135 0B       		.uleb128 0xb
 2557 0136 05       		.uleb128 0x5
 2558 0137 3A       		.uleb128 0x3a
 2559 0138 0B       		.uleb128 0xb
 2560 0139 3B       		.uleb128 0x3b
 2561 013a 0B       		.uleb128 0xb
 2562 013b 39       		.uleb128 0x39
 2563 013c 0B       		.uleb128 0xb
 2564 013d 6E       		.uleb128 0x6e
 2565 013e 0E       		.uleb128 0xe
ARM GAS  /tmp/cchzpbfw.s 			page 46


 2566 013f 01       		.uleb128 0x1
 2567 0140 13       		.uleb128 0x13
 2568 0141 00       		.byte	0
 2569 0142 00       		.byte	0
 2570 0143 18       		.uleb128 0x18
 2571 0144 01       		.uleb128 0x1
 2572 0145 01       		.byte	0x1
 2573 0146 49       		.uleb128 0x49
 2574 0147 13       		.uleb128 0x13
 2575 0148 01       		.uleb128 0x1
 2576 0149 13       		.uleb128 0x13
 2577 014a 00       		.byte	0
 2578 014b 00       		.byte	0
 2579 014c 19       		.uleb128 0x19
 2580 014d 21       		.uleb128 0x21
 2581 014e 00       		.byte	0
 2582 014f 49       		.uleb128 0x49
 2583 0150 13       		.uleb128 0x13
 2584 0151 2F       		.uleb128 0x2f
 2585 0152 0B       		.uleb128 0xb
 2586 0153 00       		.byte	0
 2587 0154 00       		.byte	0
 2588 0155 1A       		.uleb128 0x1a
 2589 0156 13       		.uleb128 0x13
 2590 0157 01       		.byte	0x1
 2591 0158 03       		.uleb128 0x3
 2592 0159 0E       		.uleb128 0xe
 2593 015a 0B       		.uleb128 0xb
 2594 015b 0B       		.uleb128 0xb
 2595 015c 3A       		.uleb128 0x3a
 2596 015d 0B       		.uleb128 0xb
 2597 015e 3B       		.uleb128 0x3b
 2598 015f 05       		.uleb128 0x5
 2599 0160 39       		.uleb128 0x39
 2600 0161 0B       		.uleb128 0xb
 2601 0162 01       		.uleb128 0x1
 2602 0163 13       		.uleb128 0x13
 2603 0164 00       		.byte	0
 2604 0165 00       		.byte	0
 2605 0166 1B       		.uleb128 0x1b
 2606 0167 16       		.uleb128 0x16
 2607 0168 00       		.byte	0
 2608 0169 03       		.uleb128 0x3
 2609 016a 0E       		.uleb128 0xe
 2610 016b 3A       		.uleb128 0x3a
 2611 016c 0B       		.uleb128 0xb
 2612 016d 3B       		.uleb128 0x3b
 2613 016e 05       		.uleb128 0x5
 2614 016f 39       		.uleb128 0x39
 2615 0170 0B       		.uleb128 0xb
 2616 0171 49       		.uleb128 0x49
 2617 0172 13       		.uleb128 0x13
 2618 0173 00       		.byte	0
 2619 0174 00       		.byte	0
 2620 0175 1C       		.uleb128 0x1c
 2621 0176 34       		.uleb128 0x34
 2622 0177 00       		.byte	0
ARM GAS  /tmp/cchzpbfw.s 			page 47


 2623 0178 03       		.uleb128 0x3
 2624 0179 0E       		.uleb128 0xe
 2625 017a 3A       		.uleb128 0x3a
 2626 017b 0B       		.uleb128 0xb
 2627 017c 3B       		.uleb128 0x3b
 2628 017d 0B       		.uleb128 0xb
 2629 017e 39       		.uleb128 0x39
 2630 017f 0B       		.uleb128 0xb
 2631 0180 49       		.uleb128 0x49
 2632 0181 13       		.uleb128 0x13
 2633 0182 3F       		.uleb128 0x3f
 2634 0183 19       		.uleb128 0x19
 2635 0184 3C       		.uleb128 0x3c
 2636 0185 19       		.uleb128 0x19
 2637 0186 00       		.byte	0
 2638 0187 00       		.byte	0
 2639 0188 1D       		.uleb128 0x1d
 2640 0189 0D       		.uleb128 0xd
 2641 018a 00       		.byte	0
 2642 018b 03       		.uleb128 0x3
 2643 018c 08       		.uleb128 0x8
 2644 018d 3A       		.uleb128 0x3a
 2645 018e 0B       		.uleb128 0xb
 2646 018f 3B       		.uleb128 0x3b
 2647 0190 0B       		.uleb128 0xb
 2648 0191 39       		.uleb128 0x39
 2649 0192 0B       		.uleb128 0xb
 2650 0193 49       		.uleb128 0x49
 2651 0194 13       		.uleb128 0x13
 2652 0195 0B       		.uleb128 0xb
 2653 0196 0B       		.uleb128 0xb
 2654 0197 0D       		.uleb128 0xd
 2655 0198 0B       		.uleb128 0xb
 2656 0199 0C       		.uleb128 0xc
 2657 019a 0B       		.uleb128 0xb
 2658 019b 38       		.uleb128 0x38
 2659 019c 0B       		.uleb128 0xb
 2660 019d 00       		.byte	0
 2661 019e 00       		.byte	0
 2662 019f 1E       		.uleb128 0x1e
 2663 01a0 0D       		.uleb128 0xd
 2664 01a1 00       		.byte	0
 2665 01a2 49       		.uleb128 0x49
 2666 01a3 13       		.uleb128 0x13
 2667 01a4 38       		.uleb128 0x38
 2668 01a5 0B       		.uleb128 0xb
 2669 01a6 00       		.byte	0
 2670 01a7 00       		.byte	0
 2671 01a8 1F       		.uleb128 0x1f
 2672 01a9 0D       		.uleb128 0xd
 2673 01aa 00       		.byte	0
 2674 01ab 49       		.uleb128 0x49
 2675 01ac 13       		.uleb128 0x13
 2676 01ad 00       		.byte	0
 2677 01ae 00       		.byte	0
 2678 01af 20       		.uleb128 0x20
 2679 01b0 10       		.uleb128 0x10
ARM GAS  /tmp/cchzpbfw.s 			page 48


 2680 01b1 00       		.byte	0
 2681 01b2 0B       		.uleb128 0xb
 2682 01b3 0B       		.uleb128 0xb
 2683 01b4 49       		.uleb128 0x49
 2684 01b5 13       		.uleb128 0x13
 2685 01b6 00       		.byte	0
 2686 01b7 00       		.byte	0
 2687 01b8 21       		.uleb128 0x21
 2688 01b9 39       		.uleb128 0x39
 2689 01ba 01       		.byte	0x1
 2690 01bb 03       		.uleb128 0x3
 2691 01bc 08       		.uleb128 0x8
 2692 01bd 3A       		.uleb128 0x3a
 2693 01be 0B       		.uleb128 0xb
 2694 01bf 3B       		.uleb128 0x3b
 2695 01c0 0B       		.uleb128 0xb
 2696 01c1 01       		.uleb128 0x1
 2697 01c2 13       		.uleb128 0x13
 2698 01c3 00       		.byte	0
 2699 01c4 00       		.byte	0
 2700 01c5 22       		.uleb128 0x22
 2701 01c6 39       		.uleb128 0x39
 2702 01c7 00       		.byte	0
 2703 01c8 03       		.uleb128 0x3
 2704 01c9 0E       		.uleb128 0xe
 2705 01ca 3A       		.uleb128 0x3a
 2706 01cb 0B       		.uleb128 0xb
 2707 01cc 3B       		.uleb128 0x3b
 2708 01cd 05       		.uleb128 0x5
 2709 01ce 39       		.uleb128 0x39
 2710 01cf 0B       		.uleb128 0xb
 2711 01d0 8901     		.uleb128 0x89
 2712 01d2 19       		.uleb128 0x19
 2713 01d3 00       		.byte	0
 2714 01d4 00       		.byte	0
 2715 01d5 23       		.uleb128 0x23
 2716 01d6 3A       		.uleb128 0x3a
 2717 01d7 00       		.byte	0
 2718 01d8 3A       		.uleb128 0x3a
 2719 01d9 0B       		.uleb128 0xb
 2720 01da 3B       		.uleb128 0x3b
 2721 01db 05       		.uleb128 0x5
 2722 01dc 39       		.uleb128 0x39
 2723 01dd 0B       		.uleb128 0xb
 2724 01de 18       		.uleb128 0x18
 2725 01df 13       		.uleb128 0x13
 2726 01e0 00       		.byte	0
 2727 01e1 00       		.byte	0
 2728 01e2 24       		.uleb128 0x24
 2729 01e3 08       		.uleb128 0x8
 2730 01e4 00       		.byte	0
 2731 01e5 3A       		.uleb128 0x3a
 2732 01e6 0B       		.uleb128 0xb
 2733 01e7 3B       		.uleb128 0x3b
 2734 01e8 0B       		.uleb128 0xb
 2735 01e9 39       		.uleb128 0x39
 2736 01ea 0B       		.uleb128 0xb
ARM GAS  /tmp/cchzpbfw.s 			page 49


 2737 01eb 18       		.uleb128 0x18
 2738 01ec 13       		.uleb128 0x13
 2739 01ed 00       		.byte	0
 2740 01ee 00       		.byte	0
 2741 01ef 25       		.uleb128 0x25
 2742 01f0 39       		.uleb128 0x39
 2743 01f1 01       		.byte	0x1
 2744 01f2 03       		.uleb128 0x3
 2745 01f3 0E       		.uleb128 0xe
 2746 01f4 3A       		.uleb128 0x3a
 2747 01f5 0B       		.uleb128 0xb
 2748 01f6 3B       		.uleb128 0x3b
 2749 01f7 05       		.uleb128 0x5
 2750 01f8 39       		.uleb128 0x39
 2751 01f9 0B       		.uleb128 0xb
 2752 01fa 01       		.uleb128 0x1
 2753 01fb 13       		.uleb128 0x13
 2754 01fc 00       		.byte	0
 2755 01fd 00       		.byte	0
 2756 01fe 26       		.uleb128 0x26
 2757 01ff 2E       		.uleb128 0x2e
 2758 0200 01       		.byte	0x1
 2759 0201 3F       		.uleb128 0x3f
 2760 0202 19       		.uleb128 0x19
 2761 0203 03       		.uleb128 0x3
 2762 0204 0E       		.uleb128 0xe
 2763 0205 3A       		.uleb128 0x3a
 2764 0206 0B       		.uleb128 0xb
 2765 0207 3B       		.uleb128 0x3b
 2766 0208 0B       		.uleb128 0xb
 2767 0209 39       		.uleb128 0x39
 2768 020a 0B       		.uleb128 0xb
 2769 020b 49       		.uleb128 0x49
 2770 020c 13       		.uleb128 0x13
 2771 020d 3C       		.uleb128 0x3c
 2772 020e 19       		.uleb128 0x19
 2773 020f 01       		.uleb128 0x1
 2774 0210 13       		.uleb128 0x13
 2775 0211 00       		.byte	0
 2776 0212 00       		.byte	0
 2777 0213 27       		.uleb128 0x27
 2778 0214 05       		.uleb128 0x5
 2779 0215 00       		.byte	0
 2780 0216 49       		.uleb128 0x49
 2781 0217 13       		.uleb128 0x13
 2782 0218 00       		.byte	0
 2783 0219 00       		.byte	0
 2784 021a 28       		.uleb128 0x28
 2785 021b 2E       		.uleb128 0x2e
 2786 021c 01       		.byte	0x1
 2787 021d 3F       		.uleb128 0x3f
 2788 021e 19       		.uleb128 0x19
 2789 021f 03       		.uleb128 0x3
 2790 0220 0E       		.uleb128 0xe
 2791 0221 3A       		.uleb128 0x3a
 2792 0222 0B       		.uleb128 0xb
 2793 0223 3B       		.uleb128 0x3b
ARM GAS  /tmp/cchzpbfw.s 			page 50


 2794 0224 0B       		.uleb128 0xb
 2795 0225 39       		.uleb128 0x39
 2796 0226 0B       		.uleb128 0xb
 2797 0227 6E       		.uleb128 0x6e
 2798 0228 0E       		.uleb128 0xe
 2799 0229 01       		.uleb128 0x1
 2800 022a 13       		.uleb128 0x13
 2801 022b 00       		.byte	0
 2802 022c 00       		.byte	0
 2803 022d 29       		.uleb128 0x29
 2804 022e 0B       		.uleb128 0xb
 2805 022f 01       		.byte	0x1
 2806 0230 00       		.byte	0
 2807 0231 00       		.byte	0
 2808 0232 2A       		.uleb128 0x2a
 2809 0233 34       		.uleb128 0x34
 2810 0234 00       		.byte	0
 2811 0235 03       		.uleb128 0x3
 2812 0236 0E       		.uleb128 0xe
 2813 0237 3A       		.uleb128 0x3a
 2814 0238 0B       		.uleb128 0xb
 2815 0239 3B       		.uleb128 0x3b
 2816 023a 0B       		.uleb128 0xb
 2817 023b 39       		.uleb128 0x39
 2818 023c 0B       		.uleb128 0xb
 2819 023d 49       		.uleb128 0x49
 2820 023e 13       		.uleb128 0x13
 2821 023f 00       		.byte	0
 2822 0240 00       		.byte	0
 2823 0241 2B       		.uleb128 0x2b
 2824 0242 2E       		.uleb128 0x2e
 2825 0243 01       		.byte	0x1
 2826 0244 03       		.uleb128 0x3
 2827 0245 0E       		.uleb128 0xe
 2828 0246 3A       		.uleb128 0x3a
 2829 0247 0B       		.uleb128 0xb
 2830 0248 3B       		.uleb128 0x3b
 2831 0249 0B       		.uleb128 0xb
 2832 024a 39       		.uleb128 0x39
 2833 024b 0B       		.uleb128 0xb
 2834 024c 00       		.byte	0
 2835 024d 00       		.byte	0
 2836 024e 2C       		.uleb128 0x2c
 2837 024f 05       		.uleb128 0x5
 2838 0250 00       		.byte	0
 2839 0251 03       		.uleb128 0x3
 2840 0252 08       		.uleb128 0x8
 2841 0253 3A       		.uleb128 0x3a
 2842 0254 0B       		.uleb128 0xb
 2843 0255 3B       		.uleb128 0x3b
 2844 0256 0B       		.uleb128 0xb
 2845 0257 39       		.uleb128 0x39
 2846 0258 0B       		.uleb128 0xb
 2847 0259 49       		.uleb128 0x49
 2848 025a 13       		.uleb128 0x13
 2849 025b 00       		.byte	0
 2850 025c 00       		.byte	0
ARM GAS  /tmp/cchzpbfw.s 			page 51


 2851 025d 2D       		.uleb128 0x2d
 2852 025e 34       		.uleb128 0x34
 2853 025f 00       		.byte	0
 2854 0260 03       		.uleb128 0x3
 2855 0261 08       		.uleb128 0x8
 2856 0262 3A       		.uleb128 0x3a
 2857 0263 0B       		.uleb128 0xb
 2858 0264 3B       		.uleb128 0x3b
 2859 0265 0B       		.uleb128 0xb
 2860 0266 39       		.uleb128 0x39
 2861 0267 0B       		.uleb128 0xb
 2862 0268 49       		.uleb128 0x49
 2863 0269 13       		.uleb128 0x13
 2864 026a 00       		.byte	0
 2865 026b 00       		.byte	0
 2866 026c 00       		.byte	0
 2867              		.section	.gnu.debuglto_.debug_line,"e",%progbits
 2868              	.Ldebug_line0:
 2869 0000 A9030000 		.4byte	.LELT0-.LSLT0
 2870              	.LSLT0:
 2871 0004 0400     		.2byte	0x4
 2872 0006 A3030000 		.4byte	.LELTP0-.LASLTP0
 2873              	.LASLTP0:
 2874 000a 01       		.byte	0x1
 2875 000b 01       		.byte	0x1
 2876 000c 01       		.byte	0x1
 2877 000d F6       		.byte	0xf6
 2878 000e F2       		.byte	0xf2
 2879 000f 0D       		.byte	0xd
 2880 0010 00       		.byte	0
 2881 0011 01       		.byte	0x1
 2882 0012 01       		.byte	0x1
 2883 0013 01       		.byte	0x1
 2884 0014 01       		.byte	0x1
 2885 0015 00       		.byte	0
 2886 0016 00       		.byte	0
 2887 0017 00       		.byte	0
 2888 0018 01       		.byte	0x1
 2889 0019 00       		.byte	0
 2890 001a 00       		.byte	0
 2891 001b 01       		.byte	0x1
 2892 001c 74686972 		.ascii	"third_party/ChibiOS/os/common/ports/ARM-common"
 2892      645F7061 
 2892      7274792F 
 2892      43686962 
 2892      694F532F 
 2893 004a 00       		.byte	0
 2894 004b 74686972 		.ascii	"third_party/ChibiOS/os/common/ports/ARMv7-M"
 2894      645F7061 
 2894      7274792F 
 2894      43686962 
 2894      694F532F 
 2895 0076 00       		.byte	0
 2896 0077 74686972 		.ascii	"third_party/ChibiOS/os/rt/include"
 2896      645F7061 
 2896      7274792F 
 2896      43686962 
ARM GAS  /tmp/cchzpbfw.s 			page 52


 2896      694F532F 
 2897 0098 00       		.byte	0
 2898 0099 2F6F7074 		.ascii	"/opt/gcc-arm-none-eabi-10-2020-q4-major/arm-none-ea"
 2898      2F676363 
 2898      2D61726D 
 2898      2D6E6F6E 
 2898      652D6561 
 2899 00cc 62692F69 		.ascii	"bi/include/c++/10.2.1/arm-none-eabi/thumb/v7e-m+dp/"
 2899      6E636C75 
 2899      64652F63 
 2899      2B2B2F31 
 2899      302E322E 
 2900 00ff 68617264 		.ascii	"hard/bits"
 2900      2F626974 
 2900      73
 2901 0108 00       		.byte	0
 2902 0109 2F6F7074 		.ascii	"/opt/gcc-arm-none-eabi-10-2020-q4-major/arm-none-ea"
 2902      2F676363 
 2902      2D61726D 
 2902      2D6E6F6E 
 2902      652D6561 
 2903 013c 62692F69 		.ascii	"bi/include/c++/10.2.1"
 2903      6E636C75 
 2903      64652F63 
 2903      2B2B2F31 
 2903      302E322E 
 2904 0151 00       		.byte	0
 2905 0152 2F6F7074 		.ascii	"/opt/gcc-arm-none-eabi-10-2020-q4-major/arm-none-ea"
 2905      2F676363 
 2905      2D61726D 
 2905      2D6E6F6E 
 2905      652D6561 
 2906 0185 62692F69 		.ascii	"bi/include/machine"
 2906      6E636C75 
 2906      64652F6D 
 2906      61636869 
 2906      6E65
 2907 0197 00       		.byte	0
 2908 0198 2F6F7074 		.ascii	"/opt/gcc-arm-none-eabi-10-2020-q4-major/arm-none-ea"
 2908      2F676363 
 2908      2D61726D 
 2908      2D6E6F6E 
 2908      652D6561 
 2909 01cb 62692F69 		.ascii	"bi/include/sys"
 2909      6E636C75 
 2909      64652F73 
 2909      7973
 2910 01d9 00       		.byte	0
 2911 01da 2F6F7074 		.ascii	"/opt/gcc-arm-none-eabi-10-2020-q4-major/arm-none-ea"
 2911      2F676363 
 2911      2D61726D 
 2911      2D6E6F6E 
 2911      652D6561 
 2912 020d 62692F69 		.ascii	"bi/include"
 2912      6E636C75 
 2912      6465
 2913 0217 00       		.byte	0
ARM GAS  /tmp/cchzpbfw.s 			page 53


 2914 0218 2F6F7074 		.ascii	"/opt/gcc-arm-none-eabi-10-2020-q4-major/lib/gcc/arm"
 2914      2F676363 
 2914      2D61726D 
 2914      2D6E6F6E 
 2914      652D6561 
 2915 024b 2D6E6F6E 		.ascii	"-none-eabi/10.2.1/include"
 2915      652D6561 
 2915      62692F31 
 2915      302E322E 
 2915      312F696E 
 2916 0264 00       		.byte	0
 2917 0265 7372632F 		.ascii	"src/coms"
 2917      636F6D73 
 2918 026d 00       		.byte	0
 2919 026e 7372632F 		.ascii	"src/sensors"
 2919      73656E73 
 2919      6F7273
 2920 0279 00       		.byte	0
 2921 027a 00       		.byte	0
 2922 027b 73746464 		.ascii	"stddef.h\000"
 2922      65662E68 
 2922      00
 2923 0284 09       		.uleb128 0x9
 2924 0285 00       		.uleb128 0
 2925 0286 00       		.uleb128 0
 2926 0287 5F646566 		.ascii	"_default_types.h\000"
 2926      61756C74 
 2926      5F747970 
 2926      65732E68 
 2926      00
 2927 0298 06       		.uleb128 0x6
 2928 0299 00       		.uleb128 0
 2929 029a 00       		.uleb128 0
 2930 029b 5F737464 		.ascii	"_stdint.h\000"
 2930      696E742E 
 2930      6800
 2931 02a5 07       		.uleb128 0x7
 2932 02a6 00       		.uleb128 0
 2933 02a7 00       		.uleb128 0
 2934 02a8 73746469 		.ascii	"stdint.h\000"
 2934      6E742E68 
 2934      00
 2935 02b1 08       		.uleb128 0x8
 2936 02b2 00       		.uleb128 0
 2937 02b3 00       		.uleb128 0
 2938 02b4 63687479 		.ascii	"chtypes.h\000"
 2938      7065732E 
 2938      6800
 2939 02be 01       		.uleb128 0x1
 2940 02bf 00       		.uleb128 0
 2941 02c0 00       		.uleb128 0
 2942 02c1 63686561 		.ascii	"chearly.h\000"
 2942      726C792E 
 2942      6800
 2943 02cb 03       		.uleb128 0x3
 2944 02cc 00       		.uleb128 0
 2945 02cd 00       		.uleb128 0
ARM GAS  /tmp/cchzpbfw.s 			page 54


 2946 02ce 63686F62 		.ascii	"chobjects.h\000"
 2946      6A656374 
 2946      732E6800 
 2947 02da 03       		.uleb128 0x3
 2948 02db 00       		.uleb128 0
 2949 02dc 00       		.uleb128 0
 2950 02dd 63687266 		.ascii	"chrfcu.h\000"
 2950      63752E68 
 2950      00
 2951 02e6 03       		.uleb128 0x3
 2952 02e7 00       		.uleb128 0
 2953 02e8 00       		.uleb128 0
 2954 02e9 63686465 		.ascii	"chdebug.h\000"
 2954      6275672E 
 2954      6800
 2955 02f3 03       		.uleb128 0x3
 2956 02f4 00       		.uleb128 0
 2957 02f5 00       		.uleb128 0
 2958 02f6 63687469 		.ascii	"chtime.h\000"
 2958      6D652E68 
 2958      00
 2959 02ff 03       		.uleb128 0x3
 2960 0300 00       		.uleb128 0
 2961 0301 00       		.uleb128 0
 2962 0302 63686C69 		.ascii	"chlists.h\000"
 2962      7374732E 
 2962      6800
 2963 030c 03       		.uleb128 0x3
 2964 030d 00       		.uleb128 0
 2965 030e 00       		.uleb128 0
 2966 030f 63687472 		.ascii	"chtrace.h\000"
 2966      6163652E 
 2966      6800
 2967 0319 03       		.uleb128 0x3
 2968 031a 00       		.uleb128 0
 2969 031b 00       		.uleb128 0
 2970 031c 6368636F 		.ascii	"chcore.h\000"
 2970      72652E68 
 2970      00
 2971 0325 02       		.uleb128 0x2
 2972 0326 00       		.uleb128 0
 2973 0327 00       		.uleb128 0
 2974 0328 63687365 		.ascii	"chsem.h\000"
 2974      6D2E6800 
 2975 0330 03       		.uleb128 0x3
 2976 0331 00       		.uleb128 0
 2977 0332 00       		.uleb128 0
 2978 0333 63686D74 		.ascii	"chmtx.h\000"
 2978      782E6800 
 2979 033b 03       		.uleb128 0x3
 2980 033c 00       		.uleb128 0
 2981 033d 00       		.uleb128 0
 2982 033e 456E636F 		.ascii	"EncoderRPM.hpp\000"
 2982      64657252 
 2982      504D2E68 
 2982      707000
 2983 034d 0B       		.uleb128 0xb
ARM GAS  /tmp/cchzpbfw.s 			page 55


 2984 034e 00       		.uleb128 0
 2985 034f 00       		.uleb128 0
 2986 0350 43414E2E 		.ascii	"CAN.hpp\000"
 2986      68707000 
 2987 0358 0A       		.uleb128 0xa
 2988 0359 00       		.uleb128 0
 2989 035a 00       		.uleb128 0
 2990 035b 63737464 		.ascii	"cstdint\000"
 2990      696E7400 
 2991 0363 05       		.uleb128 0x5
 2992 0364 00       		.uleb128 0
 2993 0365 00       		.uleb128 0
 2994 0366 63737472 		.ascii	"cstring\000"
 2994      696E6700 
 2995 036e 05       		.uleb128 0x5
 2996 036f 00       		.uleb128 0
 2997 0370 00       		.uleb128 0
 2998 0371 632B2B63 		.ascii	"c++config.h\000"
 2998      6F6E6669 
 2998      672E6800 
 2999 037d 04       		.uleb128 0x4
 3000 037e 00       		.uleb128 0
 3001 037f 00       		.uleb128 0
 3002 0380 73747269 		.ascii	"string.h\000"
 3002      6E672E68 
 3002      00
 3003 0389 08       		.uleb128 0x8
 3004 038a 00       		.uleb128 0
 3005 038b 00       		.uleb128 0
 3006 038c 456E636F 		.ascii	"EncoderRPM.cpp\000"
 3006      64657252 
 3006      504D2E63 
 3006      707000
 3007 039b 0B       		.uleb128 0xb
 3008 039c 00       		.uleb128 0
 3009 039d 00       		.uleb128 0
 3010 039e 3C627569 		.ascii	"<built-in>\000"
 3010      6C742D69 
 3010      6E3E00
 3011 03a9 00       		.uleb128 0
 3012 03aa 00       		.uleb128 0
 3013 03ab 00       		.uleb128 0
 3014 03ac 00       		.byte	0
 3015              	.LELTP0:
 3016              	.LELT0:
 3017              		.section	.gnu.debuglto_.debug_str,"eMS",%progbits,1
 3018              	.LASF152:
 3019 0000 72656164 		.ascii	"ready_list_t\000"
 3019      795F6C69 
 3019      73745F74 
 3019      00
 3020              	.LASF190:
 3021 000d 656E636F 		.ascii	"encoder_rpm_init\000"
 3021      6465725F 
 3021      72706D5F 
 3021      696E6974 
 3021      00
ARM GAS  /tmp/cchzpbfw.s 			page 56


 3022              	.LASF3:
 3023 001e 73697A65 		.ascii	"size_t\000"
 3023      5F7400
 3024              	.LASF117:
 3025 0025 6E657874 		.ascii	"next\000"
 3025      00
 3026              	.LASF168:
 3027 002a 43414E52 		.ascii	"CANRxFrame\000"
 3027      78467261 
 3027      6D6500
 3028              	.LASF73:
 3029 0035 7264796D 		.ascii	"rdymsg\000"
 3029      736700
 3030              	.LASF177:
 3031 003c 5F5F6378 		.ascii	"__cxx11\000"
 3031      78313100 
 3032              	.LASF101:
 3033 0044 72666375 		.ascii	"rfcu\000"
 3033      00
 3034              	.LASF6:
 3035 0049 5F5F7569 		.ascii	"__uint8_t\000"
 3035      6E74385F 
 3035      7400
 3036              	.LASF51:
 3037 0053 696E745F 		.ascii	"int_fast8_t\000"
 3037      66617374 
 3037      385F7400 
 3038              	.LASF120:
 3039 005f 70726576 		.ascii	"prev\000"
 3039      00
 3040              	.LASF138:
 3041 0064 706F7274 		.ascii	"port_intctx\000"
 3041      5F696E74 
 3041      63747800 
 3042              	.LASF98:
 3043 0070 76746C69 		.ascii	"vtlist\000"
 3043      737400
 3044              	.LASF130:
 3045 0077 74797065 		.ascii	"type\000"
 3045      00
 3046              	.LASF133:
 3047 007c 74726163 		.ascii	"trace_event_t\000"
 3047      655F6576 
 3047      656E745F 
 3047      7400
 3048              	.LASF158:
 3049 008a 6F735F69 		.ascii	"os_instance_config_t\000"
 3049      6E737461 
 3049      6E63655F 
 3049      636F6E66 
 3049      69675F74 
 3050              	.LASF128:
 3051 009f 68616C74 		.ascii	"halt\000"
 3051      00
 3052              	.LASF187:
 3053 00a4 31337472 		.ascii	"13trace_event_t\000"
 3053      6163655F 
ARM GAS  /tmp/cchzpbfw.s 			page 57


 3053      6576656E 
 3053      745F7400 
 3054              	.LASF103:
 3055 00b4 6D61696E 		.ascii	"mainthread\000"
 3055      74687265 
 3055      616400
 3056              	.LASF77:
 3057 00bf 73656E74 		.ascii	"sentmsg\000"
 3057      6D736700 
 3058              	.LASF126:
 3059 00c7 64656C74 		.ascii	"delta\000"
 3059      6100
 3060              	.LASF56:
 3061 00cd 75696E74 		.ascii	"uint_fast32_t\000"
 3061      5F666173 
 3061      7433325F 
 3061      7400
 3062              	.LASF176:
 3063 00db 64617461 		.ascii	"data32\000"
 3063      333200
 3064              	.LASF25:
 3065 00e2 5F5F696E 		.ascii	"__int_least64_t\000"
 3065      745F6C65 
 3065      61737436 
 3065      345F7400 
 3066              	.LASF16:
 3067 00f2 5F5F696E 		.ascii	"__int64_t\000"
 3067      7436345F 
 3067      7400
 3068              	.LASF41:
 3069 00fc 696E7470 		.ascii	"intptr_t\000"
 3069      74725F74 
 3069      00
 3070              	.LASF33:
 3071 0105 696E7431 		.ascii	"int16_t\000"
 3071      365F7400 
 3072              	.LASF1:
 3073 010d 6C6F6E67 		.ascii	"long long int\000"
 3073      206C6F6E 
 3073      6720696E 
 3073      7400
 3074              	.LASF5:
 3075 011b 7369676E 		.ascii	"signed char\000"
 3075      65642063 
 3075      68617200 
 3076              	.LASF40:
 3077 0127 75696E74 		.ascii	"uintmax_t\000"
 3077      6D61785F 
 3077      7400
 3078              	.LASF15:
 3079 0131 6C6F6E67 		.ascii	"long unsigned int\000"
 3079      20756E73 
 3079      69676E65 
 3079      6420696E 
 3079      7400
 3080              	.LASF125:
 3081 0143 63685F64 		.ascii	"ch_delta_list\000"
ARM GAS  /tmp/cchzpbfw.s 			page 58


 3081      656C7461 
 3081      5F6C6973 
 3081      7400
 3082              	.LASF18:
 3083 0151 6C6F6E67 		.ascii	"long long unsigned int\000"
 3083      206C6F6E 
 3083      6720756E 
 3083      7369676E 
 3083      65642069 
 3084              	.LASF94:
 3085 0168 6F735F69 		.ascii	"os_instance_t\000"
 3085      6E737461 
 3085      6E63655F 
 3085      7400
 3086              	.LASF185:
 3087 0176 2F686F6D 		.ascii	"/home/bprl-dev/Documents/BPRL_flight\000"
 3087      652F6270 
 3087      726C2D64 
 3087      65762F44 
 3087      6F63756D 
 3088              	.LASF116:
 3089 019b 63685F6C 		.ascii	"ch_list\000"
 3089      69737400 
 3090              	.LASF85:
 3091 01a3 73746174 		.ascii	"state\000"
 3091      6500
 3092              	.LASF13:
 3093 01a9 6C6F6E67 		.ascii	"long int\000"
 3093      20696E74 
 3093      00
 3094              	.LASF180:
 3095 01b2 73747274 		.ascii	"strtok\000"
 3095      6F6B00
 3096              	.LASF62:
 3097 01b9 74737461 		.ascii	"tstate_t\000"
 3097      74655F74 
 3097      00
 3098              	.LASF82:
 3099 01c2 6F776E65 		.ascii	"owner\000"
 3099      7200
 3100              	.LASF47:
 3101 01c8 696E745F 		.ascii	"int_least32_t\000"
 3101      6C656173 
 3101      7433325F 
 3101      7400
 3102              	.LASF34:
 3103 01d6 75696E74 		.ascii	"uint16_t\000"
 3103      31365F74 
 3103      00
 3104              	.LASF137:
 3105 01df 74726163 		.ascii	"trace_buffer_t\000"
 3105      655F6275 
 3105      66666572 
 3105      5F7400
 3106              	.LASF145:
 3107 01ee 63685F72 		.ascii	"ch_registry\000"
 3107      65676973 
ARM GAS  /tmp/cchzpbfw.s 			page 59


 3107      74727900 
 3108              	.LASF136:
 3109 01fa 62756666 		.ascii	"buffer\000"
 3109      657200
 3110              	.LASF74:
 3111 0201 65786974 		.ascii	"exitcode\000"
 3111      636F6465 
 3111      00
 3112              	.LASF14:
 3113 020a 5F5F7569 		.ascii	"__uint32_t\000"
 3113      6E743332 
 3113      5F7400
 3114              	.LASF107:
 3115 0215 6D61736B 		.ascii	"mask\000"
 3115      00
 3116              	.LASF29:
 3117 021a 5F5F696E 		.ascii	"__intptr_t\000"
 3117      74707472 
 3117      5F7400
 3118              	.LASF20:
 3119 0225 5F5F7569 		.ascii	"__uint_least8_t\000"
 3119      6E745F6C 
 3119      65617374 
 3119      385F7400 
 3120              	.LASF8:
 3121 0235 5F5F696E 		.ascii	"__int16_t\000"
 3121      7431365F 
 3121      7400
 3122              	.LASF58:
 3123 023f 75696E74 		.ascii	"uint_fast64_t\000"
 3123      5F666173 
 3123      7436345F 
 3123      7400
 3124              	.LASF48:
 3125 024d 75696E74 		.ascii	"uint_least32_t\000"
 3125      5F6C6561 
 3125      73743332 
 3125      5F7400
 3126              	.LASF154:
 3127 025c 6D61696E 		.ascii	"mainthread_base\000"
 3127      74687265 
 3127      61645F62 
 3127      61736500 
 3128              	.LASF159:
 3129 026c 6D757465 		.ascii	"mutex_t\000"
 3129      785F7400 
 3130              	.LASF21:
 3131 0274 5F5F696E 		.ascii	"__int_least16_t\000"
 3131      745F6C65 
 3131      61737431 
 3131      365F7400 
 3132              	.LASF114:
 3133 0284 73797369 		.ascii	"sysinterval_t\000"
 3133      6E746572 
 3133      76616C5F 
 3133      7400
 3134              	.LASF67:
ARM GAS  /tmp/cchzpbfw.s 			page 60


 3135 0292 636E745F 		.ascii	"cnt_t\000"
 3135      7400
 3136              	.LASF89:
 3137 0298 6D736771 		.ascii	"msgqueue\000"
 3137      75657565 
 3137      00
 3138              	.LASF24:
 3139 02a1 5F5F7569 		.ascii	"__uint_least32_t\000"
 3139      6E745F6C 
 3139      65617374 
 3139      33325F74 
 3139      00
 3140              	.LASF156:
 3141 02b2 69646C65 		.ascii	"idlethread_base\000"
 3141      74687265 
 3141      61645F62 
 3141      61736500 
 3142              	.LASF78:
 3143 02c2 77747365 		.ascii	"wtsemp\000"
 3143      6D7000
 3144              	.LASF102:
 3145 02c9 636F6E66 		.ascii	"config\000"
 3145      696700
 3146              	.LASF112:
 3147 02d0 73797374 		.ascii	"system_debug_t\000"
 3147      656D5F64 
 3147      65627567 
 3147      5F7400
 3148              	.LASF81:
 3149 02df 72717565 		.ascii	"rqueue\000"
 3149      756500
 3150              	.LASF118:
 3151 02e6 63685F71 		.ascii	"ch_queue_t\000"
 3151      75657565 
 3151      5F7400
 3152              	.LASF83:
 3153 02f1 6E616D65 		.ascii	"name\000"
 3153      00
 3154              	.LASF71:
 3155 02f6 71756575 		.ascii	"queue\000"
 3155      6500
 3156              	.LASF93:
 3157 02fc 6D706F6F 		.ascii	"mpool\000"
 3157      6C00
 3158              	.LASF135:
 3159 0302 73697A65 		.ascii	"size\000"
 3159      00
 3160              	.LASF11:
 3161 0307 73686F72 		.ascii	"short unsigned int\000"
 3161      7420756E 
 3161      7369676E 
 3161      65642069 
 3161      6E7400
 3162              	.LASF188:
 3163 031a 31347472 		.ascii	"14trace_buffer_t\000"
 3163      6163655F 
 3163      62756666 
ARM GAS  /tmp/cchzpbfw.s 			page 61


 3163      65725F74 
 3163      00
 3164              	.LASF95:
 3165 032b 63685F74 		.ascii	"ch_thread\000"
 3165      68726561 
 3165      6400
 3166              	.LASF27:
 3167 0335 5F5F696E 		.ascii	"__intmax_t\000"
 3167      746D6178 
 3167      5F7400
 3168              	.LASF106:
 3169 0340 63685F72 		.ascii	"ch_rfcu\000"
 3169      66637500 
 3170              	.LASF65:
 3171 0348 6D73675F 		.ascii	"msg_t\000"
 3171      7400
 3172              	.LASF90:
 3173 034e 6570656E 		.ascii	"epending\000"
 3173      64696E67 
 3173      00
 3174              	.LASF169:
 3175 0357 636F6D6D 		.ascii	"common\000"
 3175      6F6E00
 3176              	.LASF61:
 3177 035e 746D6F64 		.ascii	"tmode_t\000"
 3177      655F7400 
 3178              	.LASF184:
 3179 0366 7372632F 		.ascii	"src/sensors/EncoderRPM.cpp\000"
 3179      73656E73 
 3179      6F72732F 
 3179      456E636F 
 3179      64657252 
 3180              	.LASF160:
 3181 0381 626F6F6C 		.ascii	"bool\000"
 3181      00
 3182              	.LASF175:
 3183 0386 64617461 		.ascii	"data16\000"
 3183      313600
 3184              	.LASF150:
 3185 038d 63685F72 		.ascii	"ch_ready_list\000"
 3185      65616479 
 3185      5F6C6973 
 3185      7400
 3186              	.LASF66:
 3187 039b 6576656E 		.ascii	"eventmask_t\000"
 3187      746D6173 
 3187      6B5F7400 
 3188              	.LASF12:
 3189 03a7 5F5F696E 		.ascii	"__int32_t\000"
 3189      7433325F 
 3189      7400
 3190              	.LASF186:
 3191 03b1 6465636C 		.ascii	"decltype(nullptr)\000"
 3191      74797065 
 3191      286E756C 
 3191      6C707472 
 3191      2900
ARM GAS  /tmp/cchzpbfw.s 			page 62


 3192              	.LASF144:
 3193 03c3 76697274 		.ascii	"virtual_timers_list_t\000"
 3193      75616C5F 
 3193      74696D65 
 3193      72735F6C 
 3193      6973745F 
 3194              	.LASF60:
 3195 03d9 73746B61 		.ascii	"stkalign_t\000"
 3195      6C69676E 
 3195      5F7400
 3196              	.LASF131:
 3197 03e4 72747374 		.ascii	"rtstamp\000"
 3197      616D7000 
 3198              	.LASF143:
 3199 03ec 6C617374 		.ascii	"laststamp\000"
 3199      7374616D 
 3199      7000
 3200              	.LASF172:
 3201 03f6 414E4D46 		.ascii	"ANMF\000"
 3201      00
 3202              	.LASF92:
 3203 03fb 7265616C 		.ascii	"realprio\000"
 3203      7072696F 
 3203      00
 3204              	.LASF167:
 3205 0404 675F656E 		.ascii	"g_encoder_rpm\000"
 3205      636F6465 
 3205      725F7270 
 3205      6D00
 3206              	.LASF105:
 3207 0412 72666375 		.ascii	"rfcu_mask_t\000"
 3207      5F6D6173 
 3207      6B5F7400 
 3208              	.LASF43:
 3209 041e 696E745F 		.ascii	"int_least8_t\000"
 3209      6C656173 
 3209      74385F74 
 3209      00
 3210              	.LASF161:
 3211 042b 456E636F 		.ascii	"EncoderRPMRaw\000"
 3211      64657252 
 3211      504D5261 
 3211      7700
 3212              	.LASF140:
 3213 0439 63685F76 		.ascii	"ch_virtual_timers_list\000"
 3213      69727475 
 3213      616C5F74 
 3213      696D6572 
 3213      735F6C69 
 3214              	.LASF173:
 3215 0450 68656164 		.ascii	"header32\000"
 3215      65723332 
 3215      00
 3216              	.LASF55:
 3217 0459 696E745F 		.ascii	"int_fast32_t\000"
 3217      66617374 
 3217      33325F74 
ARM GAS  /tmp/cchzpbfw.s 			page 63


 3217      00
 3218              	.LASF49:
 3219 0466 696E745F 		.ascii	"int_least64_t\000"
 3219      6C656173 
 3219      7436345F 
 3219      7400
 3220              	.LASF174:
 3221 0474 64617461 		.ascii	"data8\000"
 3221      3800
 3222              	.LASF134:
 3223 047a 73757370 		.ascii	"suspended\000"
 3223      656E6465 
 3223      6400
 3224              	.LASF183:
 3225 0484 474E5520 		.ascii	"GNU C++14 10.2.1 20201103 (release) -mcpu=cortex-m7"
 3225      432B2B31 
 3225      34203130 
 3225      2E322E31 
 3225      20323032 
 3226 04b7 202D6D74 		.ascii	" -mthumb -mfloat-abi=hard -mfpu=fpv5-d16 -march=arm"
 3226      68756D62 
 3226      202D6D66 
 3226      6C6F6174 
 3226      2D616269 
 3227 04ea 7637652D 		.ascii	"v7e-m+fp.dp -ggdb -O3 -fomit-frame-pointer -falign-"
 3227      6D2B6670 
 3227      2E647020 
 3227      2D676764 
 3227      62202D4F 
 3228 051d 66756E63 		.ascii	"functions=16 -ffunction-sections -fdata-sections -f"
 3228      74696F6E 
 3228      733D3136 
 3228      202D6666 
 3228      756E6374 
 3229 0550 6E6F2D63 		.ascii	"no-common -flto -fno-rtti\000"
 3229      6F6D6D6F 
 3229      6E202D66 
 3229      6C746F20 
 3229      2D666E6F 
 3230              	.LASF38:
 3231 056a 75696E74 		.ascii	"uint64_t\000"
 3231      36345F74 
 3231      00
 3232              	.LASF153:
 3233 0573 63685F6F 		.ascii	"ch_os_instance_config\000"
 3233      735F696E 
 3233      7374616E 
 3233      63655F63 
 3233      6F6E6669 
 3234              	.LASF139:
 3235 0589 706F7274 		.ascii	"port_context\000"
 3235      5F636F6E 
 3235      74657874 
 3235      00
 3236              	.LASF39:
 3237 0596 696E746D 		.ascii	"intmax_t\000"
 3237      61785F74 
ARM GAS  /tmp/cchzpbfw.s 			page 64


 3237      00
 3238              	.LASF178:
 3239 059f 73747263 		.ascii	"strcoll\000"
 3239      6F6C6C00 
 3240              	.LASF132:
 3241 05a7 74696D65 		.ascii	"time\000"
 3241      00
 3242              	.LASF123:
 3243 05ac 7072696F 		.ascii	"prio\000"
 3243      00
 3244              	.LASF42:
 3245 05b1 75696E74 		.ascii	"uintptr_t\000"
 3245      7074725F 
 3245      7400
 3246              	.LASF151:
 3247 05bb 63757272 		.ascii	"current\000"
 3247      656E7400 
 3248              	.LASF17:
 3249 05c3 5F5F7569 		.ascii	"__uint64_t\000"
 3249      6E743634 
 3249      5F7400
 3250              	.LASF165:
 3251 05ce 666C6F61 		.ascii	"float\000"
 3251      7400
 3252              	.LASF68:
 3253 05d4 636F7265 		.ascii	"core_id_t\000"
 3253      5F69645F 
 3253      7400
 3254              	.LASF50:
 3255 05de 75696E74 		.ascii	"uint_least64_t\000"
 3255      5F6C6561 
 3255      73743634 
 3255      5F7400
 3256              	.LASF54:
 3257 05ed 75696E74 		.ascii	"uint_fast16_t\000"
 3257      5F666173 
 3257      7431365F 
 3257      7400
 3258              	.LASF87:
 3259 05fb 72656673 		.ascii	"refs\000"
 3259      00
 3260              	.LASF166:
 3261 0600 656E636F 		.ascii	"encoderRpm_mtx\000"
 3261      64657252 
 3261      706D5F6D 
 3261      747800
 3262              	.LASF129:
 3263 060f 75736572 		.ascii	"user\000"
 3263      00
 3264              	.LASF64:
 3265 0614 74707269 		.ascii	"tprio_t\000"
 3265      6F5F7400 
 3266              	.LASF26:
 3267 061c 5F5F7569 		.ascii	"__uint_least64_t\000"
 3267      6E745F6C 
 3267      65617374 
 3267      36345F74 
ARM GAS  /tmp/cchzpbfw.s 			page 65


 3267      00
 3268              	.LASF119:
 3269 062d 63685F71 		.ascii	"ch_queue\000"
 3269      75657565 
 3269      00
 3270              	.LASF35:
 3271 0636 696E7433 		.ascii	"int32_t\000"
 3271      325F7400 
 3272              	.LASF7:
 3273 063e 756E7369 		.ascii	"unsigned char\000"
 3273      676E6564 
 3273      20636861 
 3273      7200
 3274              	.LASF182:
 3275 064c 6E6F6465 		.ascii	"node\000"
 3275      00
 3276              	.LASF0:
 3277 0651 756E7369 		.ascii	"unsigned int\000"
 3277      676E6564 
 3277      20696E74 
 3277      00
 3278              	.LASF108:
 3279 065e 72666375 		.ascii	"rfcu_t\000"
 3279      5F7400
 3280              	.LASF9:
 3281 0665 73686F72 		.ascii	"short int\000"
 3281      7420696E 
 3281      7400
 3282              	.LASF181:
 3283 066f 73747278 		.ascii	"strxfrm\000"
 3283      66726D00 
 3284              	.LASF142:
 3285 0677 6C617374 		.ascii	"lasttime\000"
 3285      74696D65 
 3285      00
 3286              	.LASF76:
 3287 0680 77747472 		.ascii	"wttrp\000"
 3287      7000
 3288              	.LASF88:
 3289 0686 77616974 		.ascii	"waiting\000"
 3289      696E6700 
 3290              	.LASF75:
 3291 068e 77746F62 		.ascii	"wtobjp\000"
 3291      6A7000
 3292              	.LASF80:
 3293 0695 65776D61 		.ascii	"ewmask\000"
 3293      736B00
 3294              	.LASF171:
 3295 069c 46494458 		.ascii	"FIDX\000"
 3295      00
 3296              	.LASF52:
 3297 06a1 75696E74 		.ascii	"uint_fast8_t\000"
 3297      5F666173 
 3297      74385F74 
 3297      00
 3298              	.LASF30:
 3299 06ae 5F5F7569 		.ascii	"__uintptr_t\000"
ARM GAS  /tmp/cchzpbfw.s 			page 66


 3299      6E747074 
 3299      725F7400 
 3300              	.LASF100:
 3301 06ba 636F7265 		.ascii	"core_id\000"
 3301      5F696400 
 3302              	.LASF4:
 3303 06c2 5F5F696E 		.ascii	"__int8_t\000"
 3303      74385F74 
 3303      00
 3304              	.LASF127:
 3305 06cb 72656173 		.ascii	"reason\000"
 3305      6F6E00
 3306              	.LASF45:
 3307 06d2 696E745F 		.ascii	"int_least16_t\000"
 3307      6C656173 
 3307      7431365F 
 3307      7400
 3308              	.LASF148:
 3309 06e0 63685F73 		.ascii	"ch_semaphore\000"
 3309      656D6170 
 3309      686F7265 
 3309      00
 3310              	.LASF53:
 3311 06ed 696E745F 		.ascii	"int_fast16_t\000"
 3311      66617374 
 3311      31365F74 
 3311      00
 3312              	.LASF146:
 3313 06fa 72656769 		.ascii	"registry_t\000"
 3313      73747279 
 3313      5F7400
 3314              	.LASF164:
 3315 0705 76616C69 		.ascii	"valid\000"
 3315      6400
 3316              	.LASF36:
 3317 070b 75696E74 		.ascii	"uint32_t\000"
 3317      33325F74 
 3317      00
 3318              	.LASF79:
 3319 0714 77746D74 		.ascii	"wtmtxp\000"
 3319      787000
 3320              	.LASF59:
 3321 071b 706F7274 		.ascii	"port_stkalign_t\000"
 3321      5F73746B 
 3321      616C6967 
 3321      6E5F7400 
 3322              	.LASF170:
 3323 072b 52585453 		.ascii	"RXTS\000"
 3323      00
 3324              	.LASF2:
 3325 0730 6C6F6E67 		.ascii	"long double\000"
 3325      20646F75 
 3325      626C6500 
 3326              	.LASF84:
 3327 073c 77616261 		.ascii	"wabase\000"
 3327      736500
 3328              	.LASF111:
ARM GAS  /tmp/cchzpbfw.s 			page 67


 3329 0743 63686172 		.ascii	"char\000"
 3329      00
 3330              	.LASF115:
 3331 0748 63685F6C 		.ascii	"ch_list_t\000"
 3331      6973745F 
 3331      7400
 3332              	.LASF10:
 3333 0752 5F5F7569 		.ascii	"__uint16_t\000"
 3333      6E743136 
 3333      5F7400
 3334              	.LASF69:
 3335 075d 74687265 		.ascii	"thread_t\000"
 3335      61645F74 
 3335      00
 3336              	.LASF44:
 3337 0766 75696E74 		.ascii	"uint_least8_t\000"
 3337      5F6C6561 
 3337      7374385F 
 3337      7400
 3338              	.LASF141:
 3339 0774 646C6973 		.ascii	"dlist\000"
 3339      7400
 3340              	.LASF113:
 3341 077a 73797374 		.ascii	"systime_t\000"
 3341      696D655F 
 3341      7400
 3342              	.LASF46:
 3343 0784 75696E74 		.ascii	"uint_least16_t\000"
 3343      5F6C6561 
 3343      73743136 
 3343      5F7400
 3344              	.LASF121:
 3345 0793 63685F70 		.ascii	"ch_priority_queue_t\000"
 3345      72696F72 
 3345      6974795F 
 3345      71756575 
 3345      655F7400 
 3346              	.LASF110:
 3347 07a7 70616E69 		.ascii	"panic_msg\000"
 3347      635F6D73 
 3347      6700
 3348              	.LASF72:
 3349 07b1 70717565 		.ascii	"pqueue\000"
 3349      756500
 3350              	.LASF28:
 3351 07b8 5F5F7569 		.ascii	"__uintmax_t\000"
 3351      6E746D61 
 3351      785F7400 
 3352              	.LASF96:
 3353 07c4 63685F6F 		.ascii	"ch_os_instance\000"
 3353      735F696E 
 3353      7374616E 
 3353      636500
 3354              	.LASF23:
 3355 07d3 5F5F696E 		.ascii	"__int_least32_t\000"
 3355      745F6C65 
 3355      61737433 
ARM GAS  /tmp/cchzpbfw.s 			page 68


 3355      325F7400 
 3356              	.LASF191:
 3357 07e3 5F5A3136 		.ascii	"_Z16encoder_rpm_initv\000"
 3357      656E636F 
 3357      6465725F 
 3357      72706D5F 
 3357      696E6974 
 3358              	.LASF99:
 3359 07f9 7265676C 		.ascii	"reglist\000"
 3359      69737400 
 3360              	.LASF22:
 3361 0801 5F5F7569 		.ascii	"__uint_least16_t\000"
 3361      6E745F6C 
 3361      65617374 
 3361      31365F74 
 3361      00
 3362              	.LASF57:
 3363 0812 696E745F 		.ascii	"int_fast64_t\000"
 3363      66617374 
 3363      36345F74 
 3363      00
 3364              	.LASF122:
 3365 081f 63685F70 		.ascii	"ch_priority_queue\000"
 3365      72696F72 
 3365      6974795F 
 3365      71756575 
 3365      6500
 3366              	.LASF31:
 3367 0831 696E7438 		.ascii	"int8_t\000"
 3367      5F7400
 3368              	.LASF124:
 3369 0838 63685F64 		.ascii	"ch_delta_list_t\000"
 3369      656C7461 
 3369      5F6C6973 
 3369      745F7400 
 3370              	.LASF155:
 3371 0848 6D61696E 		.ascii	"mainthread_end\000"
 3371      74687265 
 3371      61645F65 
 3371      6E6400
 3372              	.LASF163:
 3373 0857 6572726F 		.ascii	"error_flag\000"
 3373      725F666C 
 3373      616700
 3374              	.LASF63:
 3375 0862 74726566 		.ascii	"trefs_t\000"
 3375      735F7400 
 3376              	.LASF19:
 3377 086a 5F5F696E 		.ascii	"__int_least8_t\000"
 3377      745F6C65 
 3377      61737438 
 3377      5F7400
 3378              	.LASF97:
 3379 0879 726C6973 		.ascii	"rlist\000"
 3379      7400
 3380              	.LASF32:
 3381 087f 75696E74 		.ascii	"uint8_t\000"
ARM GAS  /tmp/cchzpbfw.s 			page 69


 3381      385F7400 
 3382              	.LASF86:
 3383 0887 666C6167 		.ascii	"flags\000"
 3383      7300
 3384              	.LASF147:
 3385 088d 74687265 		.ascii	"thread_reference_t\000"
 3385      61645F72 
 3385      65666572 
 3385      656E6365 
 3385      5F7400
 3386              	.LASF149:
 3387 08a0 63685F6D 		.ascii	"ch_mutex\000"
 3387      75746578 
 3387      00
 3388              	.LASF192:
 3389 08a9 656E636F 		.ascii	"encoder_rpm_can_cb\000"
 3389      6465725F 
 3389      72706D5F 
 3389      63616E5F 
 3389      636200
 3390              	.LASF104:
 3391 08bc 74726163 		.ascii	"trace_buffer\000"
 3391      655F6275 
 3391      66666572 
 3391      00
 3392              	.LASF37:
 3393 08c9 696E7436 		.ascii	"int64_t\000"
 3393      345F7400 
 3394              	.LASF109:
 3395 08d1 63685F73 		.ascii	"ch_system_debug\000"
 3395      79737465 
 3395      6D5F6465 
 3395      62756700 
 3396              	.LASF70:
 3397 08e1 6C697374 		.ascii	"list\000"
 3397      00
 3398              	.LASF179:
 3399 08e6 73747265 		.ascii	"strerror\000"
 3399      72726F72 
 3399      00
 3400              	.LASF157:
 3401 08ef 69646C65 		.ascii	"idlethread_end\000"
 3401      74687265 
 3401      61645F65 
 3401      6E6400
 3402              	.LASF91:
 3403 08fe 6D74786C 		.ascii	"mtxlist\000"
 3403      69737400 
 3404              	.LASF162:
 3405 0906 616E676C 		.ascii	"angle_raw\000"
 3405      655F7261 
 3405      7700
 3406              	.LASF189:
 3407 0910 5F5F676E 		.ascii	"__gnu_cxx\000"
 3407      755F6378 
 3407      7800
 3408              		.text
ARM GAS  /tmp/cchzpbfw.s 			page 70


 3409              		.section	.gnu.lto_.profile.8e3a249f3a94ee3,"e",%progbits
 3410 0000 789C6362 		.ascii	"x\234cb\000\001\000\000\022\000\003"
 3410      00010000 
 3410      120003
 3411              		.text
 3412              		.section	.gnu.lto_.icf.8e3a249f3a94ee3,"e",%progbits
 3413 0000 789CE363 		.ascii	"x\234\343c@\000&\206\215\263\327\255dd\236\365\243\377"
 3413      40002686 
 3413      8DB3D7AD 
 3413      64649EF5 
 3413      A3FF
 3414 0012 0C230300 		.ascii	"\014#\003\000*\207\005\246"
 3414      2A8705A6 
 3415              		.text
 3416              		.section	.gnu.lto_.ipa_sra.8e3a249f3a94ee3,"e",%progbits
 3417 0000 789C1363 		.ascii	"x\234\023c@\000& \204\002F\020d\006S\000\003\225\000"
 3417      40002620 
 3417      84024610 
 3417      64065300 
 3417      039500
 3418 0013 23       		.ascii	"#"
 3419              		.text
 3420              		.section	.gnu.lto_.inline.8e3a249f3a94ee3,"e",%progbits
 3421 0000 789C458E 		.ascii	"x\234E\216;\016\3020\020D\307\263\006,,\244T\2102'\342"
 3421      3B0EC230 
 3421      1044C7B3 
 3421      062C2CA4 
 3421      54883227 
 3422 0015 0C1121C8 		.ascii	"\014\021!\310%Gp\001=\035\015e\016@I\031nA\231K\320"
 3422      25477001 
 3422      3D1D0D65 
 3422      0E404919 
 3422      6E41994B 
 3423 002a B3B664BC 		.ascii	"\263\266d\274Zi\236f?\232\017j\021v\033c|1,\2541\243"
 3423      5A699E66 
 3423      3F9A0F6A 
 3423      11761B63 
 3423      7C312CAC 
 3424 0040 6453D540 		.ascii	"dS\325@\272\002\241\300\031k\257\3133\007`\2450\361"
 3424      BA02A1C0 
 3424      196BAFCB 
 3424      330760A5 
 3424      30F1
 3425 0052 48FD6014 		.ascii	"H\375`\024#\017\204\3733\\u\033B\022K\217\006\314n\217"
 3425      230F84FB 
 3425      335C751B 
 3425      42124B8F 
 3425      06CC6E8F 
 3426 0066 5D9DB7F5 		.ascii	"]\235\267\365\252\205\3134\300\246l>e)\"\360\357\307"
 3426      AA85CB34 
 3426      C0A66C3E 
 3426      652922F0 
 3426      EFC7
 3427 0078 F5C9A08E 		.ascii	"\365\311\240\216\273\177/\023O\3002\257\347\024\200"
 3427      BB7F2F13 
 3427      4FC032AF 
 3427      E71480
ARM GAS  /tmp/cchzpbfw.s 			page 71


 3428 0087 DD18406E 		.ascii	"\335\030@n{h\377\000\264\312+\214"
 3428      7B68FF00 
 3428      B4CA2B8C 
 3429              		.text
 3430              		.section	.gnu.lto_.jmpfuncs.8e3a249f3a94ee3,"e",%progbits
 3431 0000 789C6D8D 		.ascii	"x\234m\2151\012\200@\020\003\223\315i\353\223\375\203"
 3431      310A8040 
 3431      100393CD 
 3431      69EB93FD 
 3431      83
 3432 0011 0FB0BA42 		.ascii	"\017\260\272B{\355}\222\327\013\353\311\026'\342B\010"
 3432      7BED7D92 
 3432      D70BEBC9 
 3432      1627E242 
 3432      08
 3433 0022 CC266445 		.ascii	"\314&dE;\203\221\032\263\254\012\246E\000\217DT]\356"
 3433      3B83911A 
 3433      B3AC0AA6 
 3433      45008F44 
 3433      545DEE
 3434 0035 3ED02665 		.ascii	">\320&e\211\014\363\207\375\306\270\221;+\357\333\253"
 3434      890CF387 
 3434      FDC6B891 
 3434      3B2BEFDB 
 3434      AB
 3435 0046 20EA8927 		.ascii	" \352\211'\302\0134\277\272\336&\272\230\350\202}\""
 3435      C20B34BF 
 3435      BADE26BA 
 3435      98E8827D 
 3435      22
 3436 0057 C00D57DD 		.ascii	"\300\015W\3350\324"
 3436      30D4
 3437              		.text
 3438              		.section	.gnu.lto_.pureconst.8e3a249f3a94ee3,"e",%progbits
 3439 0000 789C6367 		.ascii	"x\234cg```b\230\305\302<\203\005\000\004\265\001G"
 3439      60606062 
 3439      98C5C23C 
 3439      83050004 
 3439      B50147
 3440              		.text
 3441              		.section	.gnu.lto_.lto.8e3a249f3a94ee3,"e",%progbits
 3442 0000 09000200 		.ascii	"\011\000\002\000\001\000\000\000"
 3442      01000000 
 3443              		.text
 3444              		.section	.gnu.lto__ZL18encoder_rpm_can_cbRK10CANRxFramePv.437.8e3a249f3a94ee3,"e",%progbits
 3445 0000 789C8555 		.ascii	"x\234\205U\355oSu\024\376=\367\334\333\2271W\320\316"
 3445      ED6F5375 
 3445      14FE3DF7 
 3445      DCDB9731 
 3445      57D0CE
 3446 0013 15A76ED1 		.ascii	"\025\247n\321\260\305\017\320\005\315\320\017Scp\237"
 3446      B0C50FD0 
 3446      05CDD00F 
 3446      5363709F 
 3447 0023 3441FE81 		.ascii	"4A\376\201et\335f\262\265\315\355T>\230p-C\315\214\031"
 3447      6574DD66 
 3447      B2B5CDED 
ARM GAS  /tmp/cchzpbfw.s 			page 72


 3447      543E9870 
 3447      2D43CD8C 
 3448 0038 4CB32C06 		.ascii	"L\263,\006\310\322\334\220\362I\375\300\004yYE&\030"
 3448      C8D2DC90 
 3448      F249FDC0 
 3448      04795945 
 3448      2618
 3449 004a DF78D100 		.ascii	"\337x\321\000*hPp\240b%\301\030\235\321s~\267\273\033"
 3449      2A685070 
 3449      A06225C1 
 3449      189DD173 
 3449      7EB7BB1B 
 3450 005e 6D169BF6 		.ascii	"m\026\233\366\327{\316}\316\363\234\267\336v\004\224"
 3450      D77BCE7D 
 3450      CEF39CB7 
 3450      DE760494 
 3451 006e 729452F7 		.ascii	"r\224R\367\363\007\2440\266c\304P\216\343<\0364\360"
 3451      F307A430 
 3451      B663C450 
 3451      8EE33C1E 
 3451      34F0
 3452 0080 D28E9130 		.ascii	"\322\216\2210f\240-\250-\006\266\340\015z\200\315?\267"
 3452      66A02DA8 
 3452      2D06B6E0 
 3452      0D7A80CD 
 3452      3FB7
 3453 0092 8D5F896C 		.ascii	"\215_\211l\213\271\244\324n\376\350\327N\302\030\271"
 3453      8BB9A4D4 
 3453      6EFEE8D7 
 3453      4EC218B9 
 3454 00a2 0498E52B 		.ascii	"\004\230\345+\003\315|E\353U\3531\3079ym\277\343\204"
 3454      03CD7C45 
 3454      EB55EB31 
 3454      C739796D 
 3454      BFE384
 3455 00b5 954B84F7 		.ascii	"\225K\204\367\3001\230\002\366A\211\243\363J\223\340"
 3455      C0319802 
 3455      F64189A3 
 3455      F34A93E0 
 3456 00c5 BA546B91 		.ascii	"\272Tk\221q\177\227q&\016\334\2123;KMZ\205\022r\256"
 3456      717F9771 
 3456      260EDC8A 
 3456      333B4B4D 
 3456      5A851272 
 3457 00da 627069D7 		.ascii	"bpi\327\241\376\011\307t\311\302A\015~\020m\222J\347"
 3457      A1FE09C7 
 3457      74C9C241 
 3457      0D7E106D 
 3457      924AE7
 3458 00ed 64B39F8D 		.ascii	"d\263\237\215\341g\263\\bS\363\261\357\354\234r\034"
 3458      E167B35C 
 3458      6253F3B1 
 3458      EFEC9C72 
 3458      1C
 3459 00fe ABD9A500 		.ascii	"\253\331\245\000\246u\354\021\3400t\364\233:\357\315"
 3459      A675EC11 
 3459      E03074F4 
ARM GAS  /tmp/cchzpbfw.s 			page 73


 3459      9B3AEFCD 
 3460 010e 1AB99D55 		.ascii	"\032\271\235U\336\232\372\026'D&\210\017\026\347\304"
 3460      DE9AFA16 
 3460      27442688 
 3460      0F16E7C4 
 3461 011e D05735F4 		.ascii	"\320W5\364E\015\035f\350\304\221\214F\206\360a\005r"
 3461      450D1D66 
 3461      E8C4918C 
 3461      4686F061 
 3461      0572
 3462 0130 AE29A070 		.ascii	"\256)\240p\0148\012\024\201C(7\216o\232\213\335o\237"
 3462      0C380A14 
 3462      81432837 
 3462      8E6F9A8B 
 3462      DD6F9F
 3463 0143 B68ACEDC 		.ascii	"\266\212\316\334\277\243\2163\335\275:\006\256;l\360"
 3463      BFA38E33 
 3463      DDBD3A06 
 3463      AE3B6CF0 
 3464 0153 51437265 		.ascii	"QCre\362\261\314\222# \276\240\034!\340}\204\205\272"
 3464      F2B1CC92 
 3464      2320BEA0 
 3464      1C21E07D 
 3464      8485BA
 3465 0166 06D88F5A 		.ascii	"\006\330\217Z\366\325\326)&\213(\246k`3\250\324(\311"
 3465      F6D5D629 
 3465      268B28A6 
 3465      6B6033A8 
 3465      D428C9
 3466 0179 481D134E 		.ascii	"H\035\023NQ\251\355dx\306V6\256\301\271\364nT]Gn\356"
 3466      51A9ED64 
 3466      78C65636 
 3466      AEC1B9F4 
 3466      6E545D47 
 3467 018f 957F90A7 		.ascii	"\225\177\220\247p\236B\354\31453![\372\376\276\250\376"
 3467      709E42EC 
 3467      CC353321 
 3467      5BFAFEBE 
 3467      A8FE
 3468 01a1 6A17D4C4 		.ascii	"j\027\324\304k\206\312Sm\271\251\267!\264Gr\254\315"
 3468      6B86CA53 
 3468      6DB9A9B7 
 3468      21B44772 
 3468      ACCD
 3469 01b3 530D3EE2 		.ascii	"S\015>\342Z\0301~\365u\360\322\370\010\351\315\260\354"
 3469      5A18317E 
 3469      F575F0D2 
 3469      F808E9CD 
 3469      B0EC
 3470 01c5 50A1CEA5 		.ascii	"P\241\316\245:)t\006:(\202\217\201\023\020:\315\177"
 3470      3A297406 
 3470      3A28828F 
 3470      8113103A 
 3470      CD7F
 3471 01d7 40A77172 		.ascii	"@\247qro<O\363\321\313\374e\"\315\263Gxf[\\Z.\202\237"
 3471      6F3C4FF3 
 3471      D1CBFC65 
ARM GAS  /tmp/cchzpbfw.s 			page 74


 3471      22CDB347 
 3471      78665B5C 
 3472 01ef 6A5F1BF7 		.ascii	"j_\033\367}\266\325\245\025\370\014\273\310[D\361\205"
 3472      7DB6D5A5 
 3472      15F80CBB 
 3472      C85B44F1 
 3472      85
 3473 0200 5CBA1D9F 		.ascii	"\\\272\035\237\263\213\323Z\313v!\356\322\035\370\002"
 3473      B38BD35A 
 3473      CB7621EE 
 3473      D21DF802 
 3474 0210 F8440F44 		.ascii	"\370D\017DW\314%\032\254\346\351\036g\213|a\313\227"
 3474      57CC251A 
 3474      ACE6E91E 
 3474      678B7C61 
 3474      CB97
 3475 0222 7BB45AEE 		.ascii	"{\264Z\3561\221;]-wf\221\334q\210\336\227\300\251\005"
 3475      31913B5D 
 3475      2D776691 
 3475      DC7188DE 
 3475      97C0A905 
 3476 0236 BD0B813C 		.ascii	"\275\013\201<\231\254\302\326\326\277^\236Y\231'\213"
 3476      99ACC2D6 
 3476      D6BF5E9E 
 3476      5999278B 
 3477 0246 1D9E60C8 		.ascii	"\035\236`\310\203\3140\204\337\226@\306$\301\240\316"
 3477      83CC3084 
 3477      DF9640C6 
 3477      24C1A0CE 
 3478 0256 31E0DDBD 		.ascii	"1\340\335\275\311\216:\366y#*\212\245{w\260\334\273"
 3478      C98E3AF6 
 3478      79232A8A 
 3478      A57B77B0 
 3478      DCBB
 3479 0268 489E227E 		.ascii	"H\236\"~\011\001\277\204{\252K\270WJ8W]\302\371E%\264"
 3479      0901BF84 
 3479      7BAA4BB8 
 3479      574A3857 
 3479      5DC2F945 
 3480 027e 48055F03 		.ascii	"H\005_\003gu\005,9\331\301;\305\022Zs:\252J\030\236"
 3480      6775052C 
 3480      39D9C13B 
 3480      C5125A73 
 3480      3AAA4A18 
 3481 0293 EC50C330 		.ascii	"\354P\3030\\\212\356\226\260\262v}y\352\354\257/\220"
 3481      5C8AEE96 
 3481      B0B2767D 
 3481      79EAECAF 
 3481      2F90
 3482 02a5 F246C723 		.ascii	"\362F\307#\277\023\027\201\013\340\210\234\226\253\307"
 3482      BF131781 
 3482      0BE0889C 
 3482      96ABC7
 3483 02b4 77B20E2E 		.ascii	"w\262\016.5h\306S\272\212s+x%\032\332ese5\304U\032\271"
 3483      3568C653 
 3483      BA8A732B 
 3483      78251ADA 
ARM GAS  /tmp/cchzpbfw.s 			page 75


 3483      65736535 
 3484 02cc 1C5DD8A9 		.ascii	"\034]\330\251\330\002{\2540\277\030\014_\211\037\200"
 3484      D8027BAC 
 3484      30BF180C 
 3484      5F891F80 
 3485 02dc 4BDA5E2B 		.ascii	"K\332^+U7\270t\027~\324k\254T\233x\356\226\337\360e"
 3485      5537B874 
 3485      177ED46B 
 3485      AC549B78 
 3485      EE96DFF0 
 3486 02f1 AED050A2 		.ascii	"\256\320P\242\241E\317h\321\361\275-Kp\376T\3159[\301"
 3486      A145CF68 
 3486      D1F1BD2D 
 3486      4B70FE54 
 3486      CD395BC1 
 3487 0305 19C055E6 		.ascii	"\031\300U\346$\341\364\306\361\325\377p\376\\\315\371"
 3487      24E1F4C6 
 3487      F1D5FF70 
 3487      FE5CCDF9 
 3488 0315 4B05A785 		.ascii	"K\005\247\205_\231\323\024N\257\335g5\347\215\302R\234"
 3488      5F99D314 
 3488      4EAFDD67 
 3488      35E78DC2 
 3488      529C
 3489 0327 BF557396 		.ascii	"\277Us\226*8\033\361;sZJI\027\033\001\315{\336\033\343"
 3489      2A381BF1 
 3489      3B735A4A 
 3489      49171B01 
 3489      CD7BDE1B 
 3490 033c 33FE180D 		.ascii	"3\376\030\015\265\324\360nV\014\357\217\371\341]\307"
 3490      B5D4F06E 
 3490      560CEF8F 
 3490      F9E15DC7 
 3491 034c D18BF20C 		.ascii	"\321\213\362\014{\344>y\334\334@\356\373oL\375\2470"
 3491      7BE43E79 
 3491      DCDC40EE 
 3491      FB6F4CFD 
 3491      A730
 3492 035e 4AF09E35 		.ascii	"J\360\2365\271\242\230\253\342\375\351\301d|S\306\036"
 3492      B9A298AB 
 3492      E2FDE9C1 
 3492      647C53C6 
 3492      1E
 3493 036f 58DD937C 		.ascii	"X\335\223|>\276>\235xn0\231\032\312\306\237\330\260"
 3493      3EBE3E9D 
 3493      786E3099 
 3493      1ACAC69F 
 3493      D8B0
 3494 0381 F1A9AEDE 		.ascii	"\361\251\256\336\201g\373\372\207Tc\326N\304\263\311"
 3494      8167FBFA 
 3494      875463D6 
 3494      4EC4B3C9 
 3495 0391 54366D67 		.ascii	"T6mg\343O\246\022\351\236\244\275q\303\323k\022\231"
 3495      E34FA612 
 3495      E99EA4BD 
 3495      71C3D36B 
 3495      1299
ARM GAS  /tmp/cchzpbfw.s 			page 76


 3496 03a3 8C426FEC 		.ascii	"\214Bo\354V\317\232u\017?\324\336\263\251w\235\242\304"
 3496      56CF9A75 
 3496      0F3FD4DE 
 3496      B3A9779D 
 3496      A2C4
 3497 03b5 D0E69AA4 		.ascii	"\320\346\232\244m\247m&\352\356\013w\247\372\006\222"
 3497      6DA76D26 
 3497      EAEE0B77 
 3497      A7FA0692 
 3498 03c5 5D76F70B 		.ascii	"]v\367\013dg\006\315\024\307\374\007\333\303\356\201"
 3498      646706CD 
 3498      14C7FC07 
 3498      DBC3EE81 
 3499              		.text
 3500              		.section	.gnu.lto__Z16encoder_rpm_initv.438.8e3a249f3a94ee3,"e",%progbits
 3501 0000 789C5551 		.ascii	"x\234UQ=hSQ\024>\337=7\311\323\301E\005\301\241Y:\030"
 3501      3D685351 
 3501      143EDF3D 
 3501      37C9D3C1 
 3501      4505C1A1 
 3502 0017 B16F11EB 		.ascii	"\261o\021\353X4\016\005\205R7\027\261\311\253\025\322"
 3502      58340E05 
 3502      85523717 
 3502      B1C9AB15 
 3502      D2
 3503 0028 24E4D5AE 		.ascii	"$\344\325\256\336\306\264\2258\304\364\201S\011\022"
 3503      DEC6B495 
 3503      38C4F481 
 3503      530912
 3504 0037 DE204528 		.ascii	"\336 E(\025\374\251(d\323E\"\226\270\011\342\244E4("
 3504      15FCA928 
 3504      64D34522 
 3504      96B809E2 
 3504      A4453428 
 3505 004b 82DA829E 		.ascii	"\202\332\202\236\373\322\032z\341\235w\277s\276\357"
 3505      FBD21A7A 
 3505      E19D77BF 
 3505      73BEEF
 3506 005a FCDD0D10 		.ascii	"\374\335\015\020]!\242\234|\210\023\226\352UE\306\230"
 3506      5D21A29C 
 3506      7C881396 
 3506      EA5545C6 
 3506      98
 3507 006b 91844250 		.ascii	"\221\204BP\337\037\335X\315\327o+<\303\332\303\225\303"
 3507      DF1FDD58 
 3507      CDD76F2B 
 3507      3CC3DAC3 
 3507      95C3
 3508 007d BA523FD0 		.ascii	"\272R?\320~\335Ii\215`\255\332\276\0301b\230\253W\277"
 3508      7EDD4969 
 3508      8D60ADDA 
 3508      BE183162 
 3508      98AB57BF 
 3509 0091 050A8F10 		.ascii	"\005\012\217\020a\320\015\305:\006\261\204\226\206\352"
 3509      61D00DC5 
 3509      3A06B184 
 3509      9686EA
ARM GAS  /tmp/cchzpbfw.s 			page 77


 3510 00a0 1BB20714 		.ascii	"\033\262\007\024\3601a\376\232\277\273:k\356\267\020"
 3510      F03161FE 
 3510      9ABFBB3A 
 3510      6BEEB710 
 3511 00b0 32518369 		.ascii	"2Q\203i\367\304w\020\226\031K\0342\240wn\012I\271q\232"
 3511      F7C47710 
 3511      96194B1C 
 3511      32A0776E 
 3511      0A49B971 
 3512 00c5 C40E4A86 		.ascii	"\304\016J\206\356\372\363\342+\243Cf<\205h\360\004x"
 3512      EEFAF3E2 
 3512      2BA34366 
 3512      3C8568F0 
 3512      0478
 3513 00d7 0C9B63F4 		.ascii	"\014\233c\364\315\200\314\263\016\222\246h\264= N\010"
 3513      CD80CCB3 
 3513      0E92A668 
 3513      B43D204E 
 3513      08
 3514 00e8 5C7D1B6B 		.ascii	"\\}\033k\231\355\2775c^\036|\227\330\007\022\251\022"
 3514      99EDBF35 
 3514      635E1E7C 
 3514      97D80712 
 3514      A912
 3515 00fa A3594C4C 		.ascii	"\243YLL[\205\023\311\250\306t+\330X\001L\213\350\016"
 3515      5B8513C9 
 3515      A8C6742B 
 3515      D858014C 
 3515      8BE80E
 3516 010d AB1E9813 		.ascii	"\253\036\230\023\260\011\363\361\307!\371\225\357\275"
 3516      B009F3F1 
 3516      C721F995 
 3516      EFBD
 3517 011b D0B217A1 		.ascii	"\320\262\027\241#E\226\304\322\222\321\226\304\022\035"
 3517      234596C4 
 3517      D292D196 
 3517      C4121D
 3518 012a B1899AAC 		.ascii	"\261\211\232\254\255\240\271e\231\364\031\225Og\305"
 3518      ADA0B965 
 3518      99F41995 
 3518      4F67C5
 3519 0139 6567E1DE 		.ascii	"eg\341\3366\376@#\2456\271\311\216\276$9\364\357/\017"
 3519      36FE4023 
 3519      A536B9C9 
 3519      8EBE2439 
 3519      F4EF2F0F 
 3520 014d 3ACAE650 		.ascii	":\312\346P\266\320\317,}\305\315\345\205\367\361&\343"
 3520      B6D0CF2C 
 3520      7DC5CDE5 
 3520      85F7F126 
 3520      E3
 3521 015e BFB24BE2 		.ascii	"\277\262K\342-o/vD\246$\320C\022g[\257\213\205$U\240"
 3521      2D6F2F76 
 3521      44A624D0 
 3521      4312675B 
 3521      AF8B8524 
 3522 0174 428E3724 		.ascii	"B\2167$F\302\251\240l\214\023r\242\301\366)\205\030"
ARM GAS  /tmp/cchzpbfw.s 			page 78


 3522      46C2A9A0 
 3522      6C8C1372 
 3522      A2C1F629 
 3522      8518
 3523 0186 B2B33B49 		.ascii	"\262\263;IT@|\216\210q\334\016\226\214:w\242\241b\375"
 3523      54407C8E 
 3523      8871DC0E 
 3523      968C3A77 
 3523      A2A162FD 
 3524 019a C9BFA3FC 		.ascii	"\311\277\243\374a+m7jO\215\321\337\020\321\240;U\230"
 3524      612B6D37 
 3524      6A4F8DD1 
 3524      DF10D1A0 
 3524      3B5598
 3525 01ad F6DC8962 		.ascii	"\366\334\211b)w\"\353\315\272\351B\346\372\264\227\237"
 3525      297722EB 
 3525      CDBAE942 
 3525      E6FAB497 
 3525      9F
 3526 01be F1DD3363 		.ascii	"\361\3353c\343\347/O\346\256]\235\232\241\243~)\343"
 3526      E3E72F4F 
 3526      E6AE5D9D 
 3526      9AA1A37E 
 3526      29E3
 3527 01d0 FA5EDE2F 		.ascii	"\372^\336/\224|\367\\>S\310z\245\361\261\013C\231b\221"
 3527      947CF75C 
 3527      3E53C87A 
 3527      A5F1B10B 
 3527      43996291 
 3528 01e4 745ED091 		.ascii	"t^\320\221\275\316\241\341\323'Oe'&\207\351\037~\363"
 3528      BDCEA1E1 
 3528      D3274F65 
 3528      272687E9 
 3528      1F7EF3
 3529 01f7 C450     		.ascii	"\304P"
 3530              		.text
 3531              		.section	.gnu.lto_.symbol_nodes.8e3a249f3a94ee3,"e",%progbits
 3532 0000 789C3BCD 		.ascii	"x\234;\315\000\004L[\231\353\031\032\200\200\205q\302"
 3532      00044C5B 
 3532      99EB191A 
 3532      80808571 
 3532      C2
 3533 0011 3906867A 		.ascii	"9\006\206z\006\206\035\013\032\033\015\030\030A\222"
 3533      06861D0B 
 3533      1A1B0D18 
 3533      184192
 3534 0020 0CAC3B99 		.ascii	"\014\254;\231\031\024@\364.fF\020\315\264\215\271\236"
 3534      191440F4 
 3534      2E664610 
 3534      CDB48DB9 
 3534      9E
 3535 0031 B163F2E5 		.ascii	"\261c\362\345U\2140\325\273\032\032\031\241\212\031"
 3535      558C30D5 
 3535      BB1A1A19 
 3535      A18A19
 3536 0040 7733D733 		.ascii	"w3\3273\375\207\002y\260\002\006\220\321 Y\306\035\314"
 3536      FD870279 
ARM GAS  /tmp/cchzpbfw.s 			page 79


 3536      B0020690 
 3536      D12059C6 
 3536      1DCC
 3537 0052 F5CCB8E4 		.ascii	"\365\314\270\344\2663\327\263\340\220cf`\2058\356Hw"
 3537      B633D7B3 
 3537      E0906366 
 3537      608538EE 
 3537      4877
 3538 0064 43830033 		.ascii	"C\203\0003\003\013\204\267d\022\210\307\314\366\363"
 3538      030B84B7 
 3538      641288C7 
 3538      CCF6F3
 3539 0073 CD9AAB4C 		.ascii	"\315\232\253L\214O\332\200<\006\000\222{D\363"
 3539      8C4FDA80 
 3539      3C060092 
 3539      7B44F3
 3540              		.text
 3541              		.section	.gnu.lto_.refs.8e3a249f3a94ee3,"e",%progbits
 3542 0000 789C5364 		.ascii	"x\234Sd```c`b\024c`d\222\004bi \226\005by\240\230\""
 3542      60606063 
 3542      60621463 
 3542      60649204 
 3542      62692096 
 3543 001a 03233313 		.ascii	"\003#3\023\0037\003\003\000\0233\000\362"
 3543      03370303 
 3543      00133300 
 3543      F2
 3544              		.text
 3545              		.section	.gnu.lto_.decls.8e3a249f3a94ee3,"e",%progbits
 3546 0000 789C8D58 		.ascii	"x\234\215X{TTG\232\257\257\252\241\233K#\214\220IN\222"
 3546      7B545447 
 3546      9AAFAFAA 
 3546      A19B4B23 
 3546      8C90494E 
 3547 0015 51262713 		.ascii	"Q&'\0239\223\015-\230 \331\335s\326\211b&\033u=\230"
 3547      39930D2D 
 3547      9820D9DD 
 3547      73D68962 
 3547      261B753D 
 3548 002a EC49FCA7 		.ascii	"\354I\374\247\007\351\2160\003\335L\323\022'gw\317U"
 3548      07E98E30 
 3548      03DD4CD3 
 3548      12276777 
 3548      CF55
 3549 003c DA802F44 		.ascii	"\332\200/Dc\342\003Pt\242Q\203B\024\024\021\265\005"
 3549      63E20350 
 3549      74A25183 
 3549      42141411 
 3549      B505
 3550 004e 1F1835C1 		.ascii	"\037\0305\301\3403A4j\024\037\301N\202\021\037\221\375"
 3550      E0334134 
 3550      6A141FC1 
 3550      4E82111F 
 3550      91FD
 3551 0060 AAEEED7B 		.ascii	"\252\356\355{\373\3459i\370\356\255[\367W\277\357W_"
 3551      FBE53969 
 3551      F8EEAD5B 
ARM GAS  /tmp/cchzpbfw.s 			page 80


 3551      F757BFEF 
 3551      575F
 3552 0072 BD6ED5AD 		.ascii	"\275n\325\255\337\022\362\252\201\020\033\0202\210?"
 3552      DF12F2AA 
 3552      81101B10 
 3552      32883F
 3553 0081 4608398E 		.ascii	"F\0109\216\026\2156\035m\007\3328|\227\217\326\206\351"
 3553      168D361D 
 3553      6D07DA38 
 3553      7C978FD6 
 3553      86E9
 3554 0093 BFE39DFF 		.ascii	"\277\343\235\377\242\320J0\375\036\332\377\241\311h"
 3554      A2D04A30 
 3554      FD1EDAFF 
 3554      A1C968
 3555 00a2 73D128E6 		.ascii	"s\321(\346\317\307\373*\025\347\377}\217/\236\306{\036"
 3555      CFC7FB2A 
 3555      15E7FF7D 
 3555      8F2F9EC6 
 3555      7B1E
 3556 00b4 DA50B424 		.ascii	"\332P\264$\225\227\373H\304{\034\332DL\257\005\005\267"
 3556      9597FB48 
 3556      C47B1CDA 
 3556      444CAF05 
 3556      05B7
 3557 00c6 0EEF53F1 		.ascii	"\016\357S\361\276\021\357\015h\0230\3756\332XLoE\333"
 3557      BE11EF0D 
 3557      681330FD 
 3557      36DA584C 
 3557      6F45DB
 3558 00d9 068AB646 		.ascii	"\006\212\266FU[\036\332\377\2425\241\325\240-G[\014"
 3558      555B1EDA 
 3558      FFA235A1 
 3558      D5A02D47 
 3558      5B0C
 3559 00eb 4A3D32F1 		.ascii	"J=2\361\376\357h+\320\252\321V\242-Ccj\035d\265\016"
 3559      FEEF682B 
 3559      D0AAD156 
 3559      A22D4363 
 3559      6A1D64B5 
 3560 0100 8FD27E1B 		.ascii	"\217\322~\033_\304\204h\347\332F\2501\332\016J\\\312"
 3560      5FC48468 
 3560      E7DA46A8 
 3560      31DA0E4A 
 3560      5CCA
 3561 0112 D5729CF7 		.ascii	"\325r\234\367=5\036%!\\\374\267\204\301\3230\010\342"
 3561      3D351E25 
 3561      215CFCB7 
 3561      84C1D330 
 3561      08E2
 3562 0124 46182555 		.ascii	"F\030%U\214^\252\250\277\024/ye\271\327\3336\213\021"
 3562      8C5EAAA8 
 3562      BF142F79 
 3562      65B9D7DB 
 3562      368B11
 3563 0137 18052309 		.ascii	"\030\005#\011l\007x\232@\023@#\307\016\005\003^\223"
 3563      6C07789A 
ARM GAS  /tmp/cchzpbfw.s 			page 81


 3563      40134023 
 3563      C70E0503 
 3563      5E93
 3564 0149 2059A44D 		.ascii	" Y\244M\"\355%L\342\305\233\372\0364DI\262,\373d\257"
 3564      22ED254C 
 3564      E2C59BFA 
 3564      1E344449 
 3564      B22CFB64 
 3565 015e 27065FEF 		.ascii	"'\006_\357\004hF\317\260\033\010X`$B\312.\377xi\310"
 3565      046846CF 
 3565      B01B0858 
 3565      602442CA 
 3565      2EFF7869 
 3566 0173 50847864 		.ascii	"P\204xd\271\226\302\010\330\005\320\302!{@\300\270\252"
 3566      B996C208 
 3566      D805D0C2 
 3566      217B40C0 
 3566      B8AA
 3567 0185 11C0BB40 		.ascii	"\021\300\273@\274H\021\226\310\231o\036\270v4\216\013"
 3567      BC481196 
 3567      C8996F1E 
 3567      B876348E 
 3567      0B
 3568 0196 13CC4425 		.ascii	"\023\314D%\206}\000#\010x\001\366\002\202\366x~\362"
 3568      867D0023 
 3568      087801F6 
 3568      0282F678 
 3568      7EF2
 3569 01a8 9975EE36 		.ascii	"\231u\3566\210D\236\004\377\301\236F\312\350E\267{6"
 3569      88449E04 
 3569      FFC19E46 
 3569      CAE845B7 
 3569      7B36
 3570 01ba 1B9E0290 		.ascii	"\033\236\002\220\320(\034\002^k\271\374\011\245\322"
 3570      D0281C02 
 3570      5E6BB9FC 
 3570      09A5D2
 3571 01c9 0433081C 		.ascii	"\0043\010\034\004\350\200\331\262l\300'Q4S\\\215\354"
 3571      04E880D9 
 3571      B26CC027 
 3571      5134535C 
 3571      8DEC
 3572 01db F79C6055 		.ascii	"\367\234`U\375\361\313f\215\340\230B\320\254\021\034"
 3572      FDF1CB66 
 3572      8DE09842 
 3572      D0AC111C 
 3573 01eb 4382A300 		.ascii	"C\202\243\000_p\202\007\361\370(\312f\210+e\317q\206"
 3573      5F708207 
 3573      F1F828CA 
 3573      66882B65 
 3573      CF7186
 3574 01fe B33DA7EB 		.ascii	"\263=\247\353\231\306\320\2450Tj\014]\310\360\025\300"
 3574      99C6D0A5 
 3574      30546A0C 
 3574      5DC8F015 
 3574      C0
 3575 020f 09CE60C6 		.ascii	"\011\316`\306'Q\364%\366G\245\032/\262T%1R\\\015,\235"
ARM GAS  /tmp/cchzpbfw.s 			page 82


 3575      2751F425 
 3575      F647A51A 
 3575      2FB25425 
 3575      31525C0D 
 3576 0225 539E5F7D 		.ascii	"S\236_}\356L4\322qV,\366?\320\203\314=\012s\255\306"
 3576      EE4C34D2 
 3576      71562CF6 
 3576      3FD083CC 
 3576      3D0A73AD 
 3577 023a DC83CCE7 		.ascii	"\334\203\314\347\000\272\225\006\245\202 \201e\020\366"
 3577      00BA9506 
 3577      A5822081 
 3577      6510F6
 3578 0249 6F0AE570 		.ascii	"o\012\345p\366\212\222\030\306\306+\211\337\261\377"
 3578      F68A9218 
 3578      C6C62B89 
 3578      DFB1FF
 3579 0258 246C12F7 		.ascii	"$l\022\367\260\270\363\350\005\241\030\377E\203\364"
 3579      B0B8F3E8 
 3579      05A118FF 
 3579      4583F4
 3580 0267 966A0D42 		.ascii	"\226j\015B\340:2\337\000\270\211^\257\213\232\363\246"
 3580      E03A32DF 
 3580      00B8895E 
 3580      AF8B9AF3 
 3580      A6
 3581 0278 1C8E6996 		.ascii	"\034\216i\226M\230\203Xd\361[\273\036a}J\237\\\012\261"
 3581      4D988358 
 3581      64F15BBB 
 3581      1E617D4A 
 3581      9F5C0AB1 
 3582 028c 6C33285E 		.ascii	"l3(^\206\212k,\373\014\270\247\273m\207\256\304\353"
 3582      868A6B2C 
 3582      FB0CB8A7 
 3582      BB6D87AE 
 3582      C4EB
 3583 029e 757930C8 		.ascii	"uy0\310\340g\344\375\231\273\275)\237\231\025E\340\002"
 3583      E067E4FD 
 3583      99BBBD29 
 3583      9F991545 
 3583      E002
 3584 02b0 C079EEF6 		.ascii	"\300y\356\366g\344\273\015\320\257T\210\361\302\225"
 3584      67E4BB0D 
 3584      D0AF5488 
 3584      F1C295
 3585 02bf EFCF8953 		.ascii	"\357\317\211S\013S\270\247j\031\216)!\272sv\200\350"
 3585      0B53B8A7 
 3585      6A198E29 
 3585      21BA7376 
 3585      80E8
 3586 02d1 7B587A00 		.ascii	"{Xz\000\340.0\034\267\3548\332I\264\263h\375h\013(a"
 3586      E02E301C 
 3586      B7EC38DA 
 3586      49B4B368 
 3586      FD680B28 
 3587 02e6 6BD0B6A1 		.ascii	"k\320\266\241y)\021\036\022\204P\031\330\021\314\374"
 3587      7929111E 
ARM GAS  /tmp/cchzpbfw.s 			page 83


 3587      12845019 
 3587      D811CCFC 
 3588 02f6 4A8C9D0F 		.ascii	"J\214\235\017\256\337\2577G\352\374\345\224w\376;\274"
 3588      AEDFAF37 
 3588      47EAFCE5 
 3588      9477FE3B 
 3588      BC
 3589 0307 87EE5B71 		.ascii	"\207\356[q\254\301\340\357\241\000\317i\035t.\0258N"
 3589      ACC1E0EF 
 3589      A100CF69 
 3589      1D742E15 
 3589      384E
 3590 0319 FE1CF67E 		.ascii	"\376\034\366~&\356(A0\337y\177\303\252XIT\332;[\253"
 3590      26EE2841 
 3590      30DF797F 
 3590      C3AA5849 
 3590      54DA3B5B 
 3591 032e 342CA0F0 		.ascii	"4,\240\360\034\201\371\024\346Q\004\335j\272\177\321"
 3591      1C81F914 
 3591      E65104DD 
 3591      6ABA7FD1 
 3592 033e A8532FA4 		.ascii	"\250S/\244a\334\354\242*\336\210\360\235\247\026\356"
 3592      61DCECA2 
 3592      2ADE88F0 
 3592      9DA716EE 
 3593 034e 8E8DA476 		.ascii	"\216\215\244v\261P[\311)\253\266V/\243\012e\371_p\222"
 3593      B1505BC9 
 3593      29ABB656 
 3593      2FA30A65 
 3593      F95F7092 
 3594 0362 F0132EA1 		.ascii	"\360\023.\241\002\306\245\035=\270\260\003\304\204!"
 3594      02C6A51D 
 3594      3DB8B003 
 3594      C48421
 3595 0371 479C3010 		.ascii	"G\2340\020\"\357\2375?Vc\371\200\206\321\260^^\313\251"
 3595      22EF9F35 
 3595      3F5663F9 
 3595      8086D1B0 
 3595      5E5ECBA9 
 3596 0385 2B6ADAB7 		.ascii	"+j\332\267\230R\022\237\345\277\244g\237\345\211\024"
 3596      9852129F 
 3596      E5BFA467 
 3596      9FE58914 
 3597 0395 7E55B3B4 		.ascii	"~U\263\264\354$\361\"\005\177\3109p\347\364\345\365"
 3597      EC24F122 
 3597      057FC839 
 3597      70E7F4E5 
 3597      F5
 3598 03a6 B199B00C 		.ascii	"\261\231\260\014\271n\211\376\004\337\003\021\325*\367"
 3598      B96E89FE 
 3598      04DF0311 
 3598      D52AF7
 3599 03b5 1AB479E2 		.ascii	"\032\264y\342#\212\010\250\241PM\241\212\302J\012\313"
 3599      238A08A8 
 3599      A1504DA1 
 3599      8AC24A0A 
 3599      CB
ARM GAS  /tmp/cchzpbfw.s 			page 84


 3600 03c6 F92C8BBA 		.ascii	"\371,\213\272;\353J\017y_1\343\000\207\313\300A\351"
 3600      3BEB4A0F 
 3600      795F31E3 
 3600      0087CBC0 
 3600      41E9
 3601 03d8 628058F8 		.ascii	"b\200X\370\354\261\202\302%A\326\331\334,W\032\242\341"
 3601      ECB182C2 
 3601      2541D6D9 
 3601      DC2C571A 
 3601      A2E1
 3602 03ea 6DC211FE 		.ascii	"m\302\021\376HY\320\322\004\307\002\215\343J\004\216"
 3602      4859D0D2 
 3602      04C7028D 
 3602      E34A048E 
 3603 03fa EF40806E 		.ascii	"\357@\200n6{\226\"\007\202z#\200\256*\240#\012\350:"
 3603      367B9622 
 3603      07827A23 
 3603      80AE2AA0 
 3603      230AE83A 
 3604 040e C03501BA 		.ascii	"\3005\001\272\352\367\245\302\322\302\353\326&*\266"
 3604      EAF7A5C2 
 3604      D2C2EBD6 
 3604      262AB6
 3605 041d 89C23A0A 		.ascii	"\211\302:\012\253)\254\342\025\343\232w\227\036\222"
 3605      AB29ACE2 
 3605      15E39A77 
 3605      971E92
 3606 042c 133C66CE 		.ascii	"\023<f\316r\0218$X7\347\251{\360\203\251\003gO\234,"
 3606      72113824 
 3606      5837E7A9 
 3606      7BF083A9 
 3606      03674F9C 
 3607 0441 7D8F8004 		.ascii	"}\217\200\004\271\372\230r(\342\376Ia\215?\200j\275"
 3607      B9FA9872 
 3607      28E2FE49 
 3607      618D3F80 
 3607      6ABD
 3608 0453 7E06F849 		.ascii	"~\006\370I0\375\250\016I!y-\205\037BCX\033)\204j\305"
 3608      30FDA80E 
 3608      4921792D 
 3608      851F4243 
 3608      581B2984 
 3609 0469 EF898AD7 		.ascii	"\357\211\212\327\362R8b\002X\204\232\316L^Zk\351\373"
 3609      F2523862 
 3609      0258849A 
 3609      CE4C5E5A 
 3609      6BE9FB
 3610 047c 4A4B7FDA 		.ascii	"JK\177\332\242\324b=\205\007\277\246\026\033)\207\""
 3610      A2D4623D 
 3610      8507BFA6 
 3610      161B2987 
 3610      22
 3611 048d EE137F15 		.ascii	"\356\023\177\025\364\250\377\"h\202\242\276\301\357"
 3611      F4A8FF22 
 3611      6882A2BE 
 3611      C1EF
 3612 049b 5CAFC1FA 		.ascii	"\\\257\301\372\010>\0220WS\366P(\363(n\225\376\016\373"
ARM GAS  /tmp/cchzpbfw.s 			page 85


 3612      083E1230 
 3612      5753F650 
 3612      28F3286E 
 3612      95FE0EFB 
 3613 04af 44233552 		.ascii	"D#5R\330Fa+\205\317(4P\250\247\260\205\302f\012\237"
 3613      D846612B 
 3613      85CF2834 
 3613      50A8A7B0 
 3613      85C2660A 
 3614 04c4 AA5A7CBB 		.ascii	"\252Z|\273\273}\345\2465\2423\035\000^\"\240\237\324"
 3614      BB7DE5A6 
 3614      35A2331D 
 3614      005E22A0 
 3614      9FD4
 3615 04d6 51D8AFD4 		.ascii	"Q\330\257\324ycg\021bP\312\246`);E7\362\265\252$\307"
 3615      79636711 
 3615      6250CAA6 
 3615      60293B45 
 3615      37F2B5AA 
 3616 04ec 008E0892 		.ascii	"\000\216\010\222\317!\210\345\260\2005\354R\352\335"
 3616      CF2188E5 
 3616      B08035EC 
 3616      52EADD
 3617 04fb 05705CA0 		.ascii	"\005p\\\240:\203Q_*\250\026\255\343\236\212 \350\244"
 3617      3A83515F 
 3617      2AA816AD 
 3617      E39E8A20 
 3617      E8A4
 3618 050d 02DAA981 		.ascii	"\002\332\251\201\316D\000\235V@\315\012\250\007\340"
 3618      CE44009D 
 3618      5640CD0A 
 3618      A807E0
 3619 051c 1B01FA3A 		.ascii	"\033\001\372:\330\337Y\005U\277\335#g\231q\376\373V"
 3619      D8DF5905 
 3619      55BFDD23 
 3619      679971FE 
 3619      FB56
 3620 052e 802E04F6 		.ascii	"\200.\004\366\247:^]\021\201M->\321\35254,\010i\341"
 3620      A73A5E5D 
 3620      11814D2D 
 3620      3ED1EA35 
 3620      342C0869 
 3621 0543 C1F78AC8 		.ascii	"\301\367\212\310\357\240\260\235B\223:B|{Ox\004E;@+"
 3621      EFA0B09D 
 3621      42933A42 
 3621      7C7B4F78 
 3621      04453B40 
 3622 0558 F0F7FE99 		.ascii	"\360\367\376\231I\3578\033\267*\220M\350%\022\300#/"
 3622      49EF381B 
 3622      B72A904D 
 3622      E82512C0 
 3622      232F
 3623 056a E75EE650 		.ascii	"\347^\346P\360 b\257pq\013`\017\205f\277\227\303\233"
 3623      F02062AF 
 3623      70710B60 
 3623      0F8566BF 
 3623      97C39B
ARM GAS  /tmp/cchzpbfw.s 			page 86


 3624 057d BC621CEE 		.ascii	"\274b\034\356D\300\016\235B\\\0029T\245\273\261.\202"
 3624      44C00E9D 
 3624      425C0239 
 3624      54A5BBB1 
 3624      2E82
 3625 058f A615B114 		.ascii	"\246\025\261\024Z\3744Gu\261\357\013H\230\226\206#\263"
 3625      5AFC3447 
 3625      75B1EF0B 
 3625      48989686 
 3625      23B3
 3626 05a1 3D729419 		.ascii	"=r\224\031*(\224=\002\3619\"\230\031\226RX\024\031\341"
 3626      2A28943D 
 3626      02F13922 
 3626      98199652 
 3626      581419E1 
 3627 05b5 3B9C4184 		.ascii	";\234A\204R\265#\177HE\356\006\265\016\215\301u\320"
 3627      52B5237F 
 3627      4845EE06 
 3627      B50E8DC1 
 3627      75D0
 3628 05c7 8BAD1E29 		.ascii	"\213\255\036)^\224R\177\301\331j\301\014\"\012\251\271"
 3628      5E94527F 
 3628      C1D96AC1 
 3628      0C220AA9 
 3628      B9
 3629 05d8 B394DC8D 		.ascii	"\263\224\334\215\223\211\210\250\232++\271\233\376\233"
 3629      938988A8 
 3629      9A2B2BB9 
 3629      9BFE9B
 3630 05e7 88D65473 		.ascii	"\210\326Ts\007\3717\000m\337\275mX\"\017\22270\320\245"
 3630      07F93700 
 3630      6DDFBD6D 
 3630      58220F92 
 3630      3730D0A5 
 3631 05fb A18146E4 		.ascii	"\241\201F\344\306\275\327\366\305\305\211\305\275\266"
 3631      C6BDD7F6 
 3631      C5C589C5 
 3631      BDB6
 3632 0609 CD00ED7A 		.ascii	"\315\000\355z\237\330\317\027\231&F\330.\264\203\014"
 3632      9FD8CF17 
 3632      992646D8 
 3632      2EB4830C 
 3633 0619 C18603DB 		.ascii	"\301\206\003\333\346/6\244p\342\201\316U\255s\242\011"
 3633      E62F36A4 
 3633      70E281CE 
 3633      55AD73A2 
 3633      09
 3634 062a 1CC66F40 		.ascii	"\034\306o@M\375A\241H\306.\244<wP\376^\274d\203\234"
 3634      4DFD41A1 
 3634      48C62EA4 
 3634      3C7750FE 
 3634      5EBC6483 
 3635 063f 805E9FBF 		.ascii	"\200^\237\277\246<>1\010\364\271\016B\300G=\347\346"
 3635      A63C3E31 
 3635      08F4B90E 
 3635      42C0473D 
 3635      E7E6
ARM GAS  /tmp/cchzpbfw.s 			page 87


 3636 0651 C49B3539 		.ascii	"\304\23359Gt9G\271\234r\003a\025h\037\240\325\030\270"
 3636      47743947 
 3636      B99C7203 
 3636      6115681F 
 3636      A0D518B8 
 3637 0665 24EF56DF 		.ascii	"$\357V\337\336!\211)A\224_Q8\256Rbns\365\245\3164\302"
 3637      DE218929 
 3637      41945F51 
 3637      38AE5262 
 3637      6E73F5A5 
 3638 067c 733A35A5 		.ascii	"s:5\245_\342\367G\027/O\347\326\264\316\221\202\025"
 3638      5FE2F747 
 3638      172F4FE7 
 3638      D6B4CE91 
 3638      8215
 3639 068e 75E9C511 		.ascii	"u\351\305\021\320y}\355\232\000E'tE'\271\242\036\316"
 3639      D0797DED 
 3639      9A004527 
 3639      744527B9 
 3639      A21ECE
 3640 06a1 62DA3F50 		.ascii	"b\332?PQc\342k.\307-j\257\250\200\312Y\014\001p\012"
 3640      5163E26B 
 3640      2EC72D6A 
 3640      AFA880CA 
 3640      590C0170 
 3641 06b6 C767D85C 		.ascii	"\307g\330\\\303\233ma)F\357l\210\246\260\001xF\024\307"
 3641      C39B6D61 
 3641      2946EF6C 
 3641      88A6B001 
 3641      784614C7 
 3642 06ca 16FB1A67 		.ascii	"\026\373\032g\003\377\\W\021\300\377E\030\177\032\027"
 3642      03FF5C57 
 3642      11C0FF45 
 3642      187F1A17 
 3643 06da FD60DDA9 		.ascii	"\375`\335\251s\220\030F\327\025J\307.a \277\027\201"
 3643      73901846 
 3643      D7154AC7 
 3643      2E6120BF 
 3643      1781
 3644 06ec DC55DF74 		.ascii	"\334U\337t0*$\220\347\361#X\017\344@\367\325\312E\250"
 3644      302A2490 
 3644      E7F12358 
 3644      0FE440F7 
 3644      D5CA45A8 
 3645 0700 1AB3CE69 		.ascii	"\032\263\316i\252\273\371g^\024\3679\257\377\341\354"
 3645      AABBF967 
 3645      5E14F739 
 3645      AFFFE1EC 
 3646 0710 90B6BDA0 		.ascii	"\220\266\275\240\227\347\273\221\276\363\037R=\222\337"
 3646      97E7BB91 
 3646      BEF31F52 
 3646      3D92DF
 3647 071f EABA2F8A 		.ascii	"\352\272/\212\317\"i\327\252\275\237P\376\355\362\254"
 3647      CF2269D7 
 3647      AABD9F50 
 3647      FEEDF2AC 
 3648 072f AE5CEDBA 		.ascii	"\256\\\355\272W\360\243B(\377\016\327\031\012\227\375"
ARM GAS  /tmp/cchzpbfw.s 			page 88


 3648      57F0A342 
 3648      28FF0ED7 
 3648      190A97FD 
 3649 073f B178D8AF 		.ascii	"\261x\330\257\314g\027E(.\351\224b\244\251\261\276\367"
 3649      CC671745 
 3649      282EE994 
 3649      62A4A9B1 
 3649      BEF7
 3650 0751 A332097C 		.ascii	"\2432\011|\203\373\015\001\012\037\211wq$^\012\251\027"
 3650      83FB0D01 
 3650      0A1F8977 
 3650      71245E0A 
 3650      A917
 3651 0763 E77FA0F2 		.ascii	"\347\177\240\362\037\245p \234_\304\372au\305)Sb\230"
 3651      1FA57020 
 3651      9C5FC4FA 
 3651      6175C529 
 3651      536298
 3652 0776 E20B1114 		.ascii	"\342\013\021\024#z\333\026\337i\243\036\204^\235\361"
 3652      237ADB16 
 3652      DF69A31E 
 3652      845E9DF1 
 3653 0786 9AF26D78 		.ascii	"\232\362mxm\300s#\336\300%L\007'\266Kg\333\341:\010"
 3653      6DC07323 
 3653      DEC0254C 
 3653      0727B64B 
 3653      67DBE13A 
 3654 079b 69979B14 		.ascii	"i\227\233\024n\004\264\313\222*>\221\334\010\231H\270"
 3654      6E04B4CB 
 3654      922A3E91 
 3654      DC089948 
 3654      B8
 3655 07ac B4A6ED83 		.ascii	"\264\246\355\203\242\033\310^\177\321R\275(\002\276"
 3655      A21BC85E 
 3655      7FD152BD 
 3655      2802BE
 3656 07bb ADECFE29 		.ascii	"\255\354\376)Z\037\375\337\353j\372\0245\255-\233Z\215"
 3656      5A1FFDDF 
 3656      EB6AFA14 
 3656      35AD2D9B 
 3656      5A8D
 3657 07cd 424D1F   		.ascii	"BM\037"
 3658 07d0 6E4DF8E7 		.ascii	"nM\370\347\355\256\033\2374\305>.\363\317j9\011\362"
 3658      EDAE1B9F 
 3658      34C53E2E 
 3658      F3CF6A39 
 3658      09F2
 3659 07e2 B485C6C7 		.ascii	"\264\205\306\307\347 \245\320\301k_\313&\275\216>\235"
 3659      E720A5D0 
 3659      C16B5FCB 
 3659      26BD8E3E 
 3659      9D
 3660 07f3 F5070550 		.ascii	"\365\007\005P\363\3717'b\360\003\217\357\265\0156\300"
 3660      F3F93727 
 3660      62F0038F 
 3660      EFB50D36 
 3660      C0
ARM GAS  /tmp/cchzpbfw.s 			page 89


 3661 0804 D52F032F 		.ascii	"\325/\003/\022\231\312H\222Le:\304\306\250\304$f\223"
 3661      1299CA48 
 3661      924C653A 
 3661      C4C6A8C4 
 3661      246693
 3662 0817 CE18E253 		.ascii	"\316\030\342S\372\331\030\023M\211\227L\033\332!A\212"
 3662      FAD91813 
 3662      4D89974C 
 3662      1BDA2141 
 3662      8A
 3663 0828 3251DA6B 		.ascii	"2Q\332k\264I)\367pY\253\215N\036#\033l\013\036\3535"
 3663      B44929F7 
 3663      7059AB8D 
 3663      4E1E231B 
 3663      6C0B1EEB 
 3664 083d CAB47252 		.ascii	"\312\264rR\322\2501x\3555v\200\015KM6\230\0220\325k"
 3664      D2A83178 
 3664      ED357680 
 3664      0D4B4D36 
 3664      981230D5 
 3665 0852 94FA59ED 		.ascii	"\224\372Y\355\302h\3331Z>\002w\246\222-=\011\345\217"
 3665      C268DB31 
 3665      5A3E0277 
 3665      A6922D3D 
 3665      09E58F
 3666 0865 3199860D 		.ascii	"1\231\206\015kcm\254\003\205\231L\015[\036\223z\215"
 3666      6B636DAC 
 3666      0385994C 
 3666      0D5B1E93 
 3666      7A8D
 3667 0877 F1C89162 		.ascii	"\361\310\221bKN\260%\307w@\224\315&%\245\020TaKO\037"
 3667      4B4EB025 
 3667      C7774094 
 3667      CD2625A5 
 3667      1054614B 
 3668 088d 4325A436 		.ascii	"C%\2446\230: \235\2019]\376\366\306\343R\224\0243,9"
 3668      983A209D 
 3668      81395DFE 
 3668      F6C6E352 
 3668      9414332C 
 3669 08a2 85101B19 		.ascii	"\205\020\033\031O\221\230\015\372\177`D\2476\375\021"
 3669      4F91980D 
 3669      FA7F6044 
 3669      A736FD11 
 3670 08b2 2045A2E9 		.ascii	" E\242\351\224\275\336k$\204\322dl6\203\311l\006\334"
 3670      94BDDE6B 
 3670      2484D264 
 3670      6C3683C9 
 3670      6C06DC
 3671 08c5 239B62AC 		.ascii	"#\233b\254\257\333&\247K\244\327H\361U\222\001\347u"
 3671      AFDB26A7 
 3671      4BA4D748 
 3671      F1559201 
 3671      E775
 3672 08d7 D04B4A38 		.ascii	"\320KJ8\336\340\354K8v\305\037\277\200z\001\376\010"
 3672      DEE0EC4B 
 3672      3876C51F 
ARM GAS  /tmp/cchzpbfw.s 			page 90


 3672      BF807A01 
 3672      FE08
 3673 08e9 CAC18FDF 		.ascii	"\312\301\217\337\215\362\303|\252\0029\004\024\264\366"
 3673      8DF2C37C 
 3673      AA023904 
 3673      14B4F6
 3674 08f8 56BB13AA 		.ascii	"V\273\023\252\362\360\276)\330\200\350N\304\253\000"
 3674      F2F0BE29 
 3674      D880E84E 
 3674      C4AB00
 3675 0907 72E5F843 		.ascii	"r\345\370Cy\343\347U\274ie\211&\220\250\236\010\367"
 3675      79E3E755 
 3675      BC696589 
 3675      2690A89E 
 3675      08F7
 3676 0919 21982809 		.ascii	"!\230(\011R\021\314\035\"\021\202\224p\016\242\364\327"
 3676      5211CC1D 
 3676      22118294 
 3676      700EA2F4 
 3676      D7
 3677 092a D57B4EBF 		.ascii	"\325{N\277w\005\303&\367\237:~>\032\022*\307\020`\035"
 3677      7705C326 
 3677      F79F3A7E 
 3677      3E1A122A 
 3677      C710601D 
 3678 093e 5184F9A2 		.ascii	"Q\204\371\242\3103\225\225\362\300G?^\370\327j\334\357"
 3678      C8339595 
 3678      F2C0473F 
 3678      5EF8D76A 
 3678      DCEF
 3679 0950 C9FCF801 		.ascii	"\311\374\370\001;\336mmD\364\243\200\237\360;\233.\205"
 3679      3BDE6D6D 
 3679      44F4A380 
 3679      9FF03B9B 
 3679      2E85
 3680 0962 9EE16C75 		.ascii	"\236\341lu4\256m\321\234\262lW\305\021)B\177\276\213"
 3680      34AE6DD1 
 3680      9CB26C57 
 3680      C5112942 
 3680      7FBE8B
 3681 0975 78A7707A 		.ascii	"x\247pz\247y\305\332\350g\226W\312\276\372\005er\202"
 3681      A779C5DA 
 3681      E8679657 
 3681      CABEFA05 
 3681      657282
 3682 0988 C27D97C2 		.ascii	"\302}\227\302\200\306}G\347\336;\234\035\024\274\215"
 3682      80C67D47 
 3682      E7DE3B9C 
 3682      1D14BC8D 
 3683 0998 8BAE5E1D 		.ascii	"\213\256^\035\"F\016\316M8\220\351\225\312['\206Dp\364"
 3683      22460ECE 
 3683      4D3890E9 
 3683      95CA5B27 
 3683      864470F4 
 3684 09ac 0B167EA0 		.ascii	"\013\026~\240\214\213u\027\346^\211}f\271\230j\033v"
 3684      8C8B7517 
 3684      E65E897D 
ARM GAS  /tmp/cchzpbfw.s 			page 91


 3684      66B9986A 
 3684      1B76
 3685 09be 25EF2BAD 		.ascii	"%\357+\255M\301\327p_st\237\212#\252\257\204\207\213"
 3685      4DC1D770 
 3685      5F73749F 
 3685      8A23AAAF 
 3685      84878B
 3686 09d1 1BB776C7 		.ascii	"\033\267v\307pt\303\227\245e\336\004\312\241\203\032"
 3686      7074C397 
 3686      A565DE04 
 3686      CAA1831A 
 3687 09e1 74508176 		.ascii	"tP\201vcE\347\031\303&\026V-\362*\313n/\244\021F*x\230"
 3687      6345E719 
 3687      C3261656 
 3687      2DF22ACB 
 3687      6E2FA411 
 3688 09f9 7FAC9EEF 		.ascii	"\177\254\236\357\256\032\004Ql\016\203R\2069_T\265\315"
 3688      AE1A0451 
 3688      6C0E8352 
 3688      86395F54 
 3688      B5CD
 3689 0a0b 5572F0D3 		.ascii	"Ur\360\323\362}\236s\340\370\275Fs\204\252\225\343\336"
 3689      F27D9E73 
 3689      E0F8BD46 
 3689      7384AA95 
 3689      E3DE
 3690 0a1d B68C29D3 		.ascii	"\266\214)\323ZO\347\261(Q\265%UU\355P-\343\006\254\234"
 3690      5A4FE7B1 
 3690      2851B525 
 3690      5555ED50 
 3690      2DE306AC 
 3691 0a32 C16CA67D 		.ascii	"\301l\246}\3440\241w\203\320uh\340\310N\351\017\034"
 3691      E430A177 
 3691      83D07568 
 3691      E0C84EE9 
 3691      0F1C
 3692 0a44 DD73BFF3 		.ascii	"\335s\277\363P\354,Y\231*\347q\264:\301\022|\"Ka\363"
 3692      50EC2C59 
 3692      992AE771 
 3692      B43AC112 
 3692      7C224B61 
 3693 0a59 13ECA411 		.ascii	"\023\354\244\021\3271\264k\274h\364\201\236y+\251r\202"
 3693      D731B46B 
 3693      BC68F481 
 3693      9E792BA9 
 3693      7282
 3694 0a6b 11436131 		.ascii	"\021Ca1\023\007Q\213\231\227o\266=fu\257]\3010\213\300"
 3694      1307518B 
 3694      99976FB6 
 3694      3D6675AF 
 3694      5DC1308B 
 3695 0a80 2206958C 		.ascii	"\"\006\225\214\365a\331\273h\245&\302\312\320\226\231"
 3695      F561D9BB 
 3695      68A526C2 
 3695      CAD09699 
 3696 0a90 90C7FCC3 		.ascii	"\220\307\374\303\322\035}\361b'-\026\365\226\326^\323"
 3696      D21D7DF1 
ARM GAS  /tmp/cchzpbfw.s 			page 92


 3696      62272D16 
 3696      F596D65E 
 3696      D3
 3697 0aa1 725C0816 		.ascii	"r\\\010\0263X\310`9S\217\204\370\012r8\302\266\245J"
 3697      3358C860 
 3697      39538F84 
 3697      F80A7238 
 3697      C2B6A54A 
 3698 0ab5 6050EC0A 		.ascii	"`P\354\012\006\325\014V2X\306\224\331\272\241\276\317"
 3698      06D50C56 
 3698      3258C694 
 3698      D9BAA1BE 
 3698      CF
 3699 0ac6 23C79861 		.ascii	"#\307\230a\",\025\230\260M]\303\316F\361\271\211{\376"
 3699      222C1598 
 3699      B04D5DC3 
 3699      CE46F1B9 
 3699      897BFE
 3700 0ad9 25219ECE 		.ascii	"%!\236\316*\353\331\026\254\001\346\177\244\305\356"
 3700      2AEBD916 
 3700      AC01E67F 
 3700      A4C5EE
 3701 0ae8 432616AB 		.ascii	"C&\026\253\346\326\233\246\015^q\212\361\201(\251m\002"
 3701      E6D69BA6 
 3701      0D5E718A 
 3701      F18128A9 
 3701      6D02
 3702 0afa 94B5900F 		.ascii	"\224\265\220\017\240\306\346EL?\354C\214?\2325L9\354"
 3702      A0C6E645 
 3702      4C3FEC43 
 3702      8C3F9A35 
 3702      4C39EC
 3703 0b0d 43D0F1AE 		.ascii	"C\320\361\256\236[q<\372\276=\335\036\331\364g|\007"
 3703      9E5B713C 
 3703      FABE3DDD 
 3703      1ED9F467 
 3703      7C07
 3704 0b1f 0B8242BF 		.ascii	"\013\202B\277\200\207\376\360\023\250o\252\030\306F"
 3704      8087FEF0 
 3704      13A86FAA 
 3704      18C646
 3705 0b2e 91E20BCD 		.ascii	"\221\342\013\315L\266\216\207\217\366/z\270L9\327\361"
 3705      4CB68E87 
 3705      8FF62F7A 
 3705      B84C39D7 
 3705      F1
 3706 0b3f 061E3DAE 		.ascii	"\006\036=\256A\034\356F\031\254\346\247M-\013\257\225"
 3706      411CEE46 
 3706      19ACE6A7 
 3706      4D2D0BAF 
 3706      95
 3707 0b50 C5E84755 		.ascii	"\305\350GU\265\373\313\343a\035S\316\234\000Sr\310\341"
 3707      B5FBCBE3 
 3707      611D53CE 
 3707      9C005372 
 3707      C8E1
 3708 0b62 0DC13C02 		.ascii	"\015\301<\002\377d\3601?\352y[;\360|\033\227\222\215"
ARM GAS  /tmp/cchzpbfw.s 			page 93


 3708      FF64F031 
 3708      3FEA795B 
 3708      3BF07C1B 
 3708      97928D
 3709 0b75 C26D7B67 		.ascii	"\302m{g\327Iq\350\343\253\365z\230\346v\003\343\273"
 3709      D74971E8 
 3709      E3ABF57A 
 3709      98E67603 
 3709      E3BB
 3710 0b87 BE4F18AC 		.ascii	"\276O\030\254gl;6q3\007\233V,[y$ZJ\321\016\345\002O"
 3710      676C3B36 
 3710      7133079B 
 3710      562C5B79 
 3710      245A4AD1 
 3711 0b9f 633633A8 		.ascii	"c63\250\303\364\026\006\365\\\206\011\237\340S-\340"
 3711      C3F41606 
 3711      F55C8609 
 3711      9FE0532D 
 3711      E0
 3712 0bb0 9B18CE49 		.ascii	"\233\030\316IuB\351p\274\243\343\226y\263:\301\354-"
 3712      7542E970 
 3712      BCA3E396 
 3712      79B33AC1 
 3712      EC2D
 3713 0bc2 5747529D 		.ascii	"WGR\235\336\260\015\330\360l\267IN@\324\252\315\333"
 3713      DEB00DD8 
 3713      F06CB749 
 3713      4E40D4AA 
 3713      CDDB
 3714 0bd4 BAE292F4 		.ascii	"\272\342\222\364\017s\265\267|\306\302w/\210\256\337"
 3714      0F73B5B7 
 3714      7CC6C277 
 3714      2F88AEDF 
 3715 0be4 3A77967E 		.ascii	":w\226~\006\264\003\"\035%\325-\277\377q\214>\202\177"
 3715      06B40322 
 3715      1D25D52D 
 3715      BFFF718C 
 3715      3E827F
 3716 0bf7 D1D7DA46 		.ascii	"\321\327\332Fe\340\035\272\321\376i\300b\\\243\013k"
 3716      65E01DBA 
 3716      D1FE69C0 
 3716      625CA30B 
 3716      6B
 3717 0c08 52007DBF 		.ascii	"R\000}\277,i\224t@\271\016\330\316\273\254qF\276\303"
 3717      2C699474 
 3717      40B90ED8 
 3717      CEBBAC71 
 3717      46BEC3
 3718 0c1b 9D69759B 		.ascii	"\235iu\233\362\35496\273kT\272\211g\214J\267\272\015"
 3718      F2EC3936 
 3718      BB6B54BA 
 3718      89678C4A 
 3718      B7BA0D
 3719 0c2e 7F9A3471 		.ascii	"\177\2324q\274a\374k\343\336b\326\354t6~\334x\366J\366"
 3719      BC61FC6B 
 3719      E3DE62D6 
 3719      EC74367E 
ARM GAS  /tmp/cchzpbfw.s 			page 94


 3719      DC78F64A 
 3720 0c43 14366EC2 		.ascii	"\0246n\302XC\366[oL\211\316u\026\026:\035,k\312k\354"
 3720      5843F65B 
 3720      6F4C89CE 
 3720      7516163A 
 3720      1D2C6BCA 
 3721 0c59 AD37C6B1 		.ascii	"\2557\306\261\3547\262\021\227\366\324\244\264\221c"
 3721      EC37B211 
 3721      97F6D4A4 
 3721      B49163
 3722 0c68 FF34297B 		.ascii	"\3774){\346xWN\241\375M\267\325\377\237f\315z\262\330"
 3722      E678574E 
 3722      A1FD4DB7 
 3722      D5FF9F66 
 3722      CD7AB2D8 
 3723 0c7c 956B29B6 		.ascii	"\225k)\266;\212\235\256bK\226#\327\211\016\263'OL\315"
 3723      3B8A9DAE 
 3723      624B9623 
 3723      D7890EB3 
 3723      274F4CCD 
 3724 0c90 2D2A925E 		.ascii	"-*\222^\235\364f\362\330\347\237O{\221<\021\374&ut\346"
 3724      9DF466F2 
 3724      D8E79F4F 
 3724      7B913C11 
 3724      FC267574 
 3725 0ca5 8B19B669 		.ascii	"\213\031\266i\357\214&\254\330mcS^\033\367H\027#\255"
 3725      EF8C26AC 
 3725      D86D6353 
 3725      5E1BF748 
 3725      1723AD
 3726 0cb8 59CC3ED3 		.ascii	"Y\314>\323\315\262^\033\367\344\2430\326\254\307#\277"
 3726      CDB25E1B 
 3726      F7E4A330 
 3726      D6ACC723 
 3726      BF
 3727 0cc9 CA4A8A90 		.ascii	"\312J\212\220\237\365\233\320\314,s`\206\244'\243m9"
 3727      9FF59BD0 
 3727      CC2C7360 
 3727      86A427A3 
 3727      6D39
 3728 0cdb EE9C51E9 		.ascii	"\356\234Q\351\342\226\226!\242\230\226auG\361\347\314"
 3728      E2969621 
 3728      A2989661 
 3728      7547F1E7 
 3728      CC
 3729 0cec A12134A8 		.ascii	"\241!4\250\364\017\226<g\241\3352\255\310U\360\202\315"
 3729      F40F963C 
 3729      67A1DD32 
 3729      ADC855F0 
 3729      82CD
 3730 0cfe 5E6219E7 		.ascii	"^b\031\347\314\235Qhw\270\213-\257L\316\236`}\247 \177"
 3730      CC9D5168 
 3730      77B88B2D 
 3730      AF4CCE9E 
 3730      607DA720 
 3731 0d13 7A9E9B24 		.ascii	"z\236\233$\246Zx\3200\326\305\026$H\315+*\"Q\316w\035"
 3731      A65A78D0 
ARM GAS  /tmp/cchzpbfw.s 			page 95


 3731      30D6C516 
 3731      2448CD2B 
 3731      2A2251CE 
 3732 0d29 7697F472 		.ascii	"v\227\364rn\236\325\235\347\302f\213\321R\251\356\274"
 3732      6E9ED59D 
 3732      E7C2668B 
 3732      D152A9EE 
 3732      BC
 3733 0d3a 7C97CD5A 		.ascii	"|\227\315Z\224\343r\377\30326/\177Z\376\177M\2618\213"
 3733      94E372FF 
 3733      C332362F 
 3733      7F5AFE7F 
 3733      4DB1388B 
 3734 0d4e 2D2EB725 		.ascii	"-.\267%\337\221[0\303f\267\344\3469\247\375\325\236"
 3734      DF915B30 
 3734      C366B7E4 
 3734      E639A7FD 
 3734      D59E
 3735 0d60 EB2E4ECD 		.ascii	"\353.N\315#&\245\024\252\374\373\014\373\014\273\301"
 3735      2326A514 
 3735      AAFCFB0C 
 3735      FB0CBBC1 
 3736 0d70 81D18BC9 		.ascii	"\201\321\213\311D6\361h\362'\376\345\327\260\026\344"
 3736      4436F168 
 3736      F227FEE5 
 3736      D7B016E4 
 3737 0d80 170B4EC9 		.ascii	"\027\013N\311_\012{P\221\313^\"\370\012g\270\3553M\376"
 3737      5F0A7B50 
 3737      91CB5E22 
 3737      F80A67B8 
 3737      ED334DFE 
 3738 0d94 C41F7F0D 		.ascii	"\304\037\177\015_\241{&\262\031E\001\253\233\245e\220"
 3738      5FA17B26 
 3738      B2194501 
 3738      AB9BA565 
 3738      90
 3739 0da5 F81C5761 		.ascii	"\370\034Wa\311h\373\013\205\317\277S\224j+BON\027\276"
 3739      C968FB0B 
 3739      85CFBF53 
 3739      946A2B42 
 3739      4F4E17BE 
 3740 0db9 7CA17034 		.ascii	"|\241p4\031a\235:!-\323\256t\034\253\253\250\320\232"
 3740      19619D3A 
 3740      212DD3AE 
 3740      741CABAB 
 3740      A8D09A
 3741 0dcc 9BE3B0E6 		.ascii	"\233\343\260\346N\313~=0\356\223K\206\206C\236zt\247"
 3741      4ECB7E3D 
 3741      30EE934B 
 3741      8686439E 
 3741      7A74A7
 3742 0ddf 248F59A7 		.ascii	"$\217Y\247\246e\004\026\311w\344\273K\022Bsbs\363&\272"
 3742      A6650416 
 3742      C977E4BB 
 3742      4B124273 
 3742      6273F326 
 3743 0df4 67BEE928 		.ascii	"g\276\351(p\346\376-F\244'`\352\005,<\2327\257p\344"
ARM GAS  /tmp/cchzpbfw.s 			page 96


 3743      70E6FE2D 
 3743      46A42760 
 3743      EA052C3C 
 3743      9A37AF70 
 3744 0e09 B24FC700 		.ascii	"\262O\307\000\331]\205\223\307\227\204\252\312\232\222"
 3744      D95D8593 
 3744      C79784AA 
 3744      CA9A92
 3745 0e18 6EFD4D18 		.ascii	"n\375M\0302\026!cs\012\012\246\345\344\376m\210\352"
 3745      32162163 
 3745      730A0AA6 
 3745      E5E4FE6D 
 3745      88EA
 3746 0e2a 321B3D62 		.ascii	"2\033=b`~\247\364\212\010\252y\377\210\233n\015P\030"
 3746      607EA7F4 
 3746      8A08AA79 
 3746      FF889B6E 
 3746      0D5018
 3747 0e3d 55925390 		.ascii	"U\222S\220o3Ls:\013$\273\313\345ta\327\312\231\036\223"
 3747      6F334C73 
 3747      3A0B24BB 
 3747      CBE57461 
 3747      D7CA991E 
 3748 0e52 E3985E60 		.ascii	"\343\230^`\267\272r\336e\210\211O\033\245sd\347\274"
 3748      B7BA72DE 
 3748      6588894F 
 3748      1BA57364 
 3748      E7BC
 3749 0e64 1B17F4C4 		.ascii	"\033\027\364\304\260+\233g8\212\363\247;\354\266d|\200"
 3749      B02B9B67 
 3749      388AF3A7 
 3749      3BECB664 
 3749      7C80
 3750 0e76 5C436E5E 		.ascii	"\\Cn^\216KJ\265\3468\234\016k\332\313\351\377\017>\377"
 3750      8E4B4AB5 
 3750      E6389C0E 
 3750      6BDACBE9 
 3750      FF0F3EFF 
 3751 0e8a 0862     		.ascii	"\010b"
 3752              		.text
 3753              		.section	.gnu.lto_.symtab.8e3a249f3a94ee3,"e",%progbits
 3754 0000 5F5A3136 		.ascii	"_Z16encoder_rpm_initv\000"
 3754      656E636F 
 3754      6465725F 
 3754      72706D5F 
 3754      696E6974 
 3755 0016 00       		.ascii	"\000"
 3756 0017 00       		.ascii	"\000"
 3757 0018 00       		.ascii	"\000"
 3758 0019 00000000 		.ascii	"\000\000\000\000\000\000\000\000"
 3758      00000000 
 3759 0021 7A010000 		.ascii	"z\001\000\000"
 3760 0025 656E636F 		.ascii	"encoderRpm_mtx\000"
 3760      64657252 
 3760      706D5F6D 
 3760      747800
 3761 0034 00       		.ascii	"\000"
ARM GAS  /tmp/cchzpbfw.s 			page 97


 3762 0035 02       		.ascii	"\002"
 3763 0036 00       		.ascii	"\000"
 3764 0037 00000000 		.ascii	"\000\000\000\000\000\000\000\000"
 3764      00000000 
 3765 003f 8B010000 		.ascii	"\213\001\000\000"
 3766 0043 675F656E 		.ascii	"g_encoder_rpm\000"
 3766      636F6465 
 3766      725F7270 
 3766      6D00
 3767 0051 00       		.ascii	"\000"
 3768 0052 02       		.ascii	"\002"
 3769 0053 00       		.ascii	"\000"
 3770 0054 00000000 		.ascii	"\000\000\000\000\000\000\000\000"
 3770      00000000 
 3771 005c 9E010000 		.ascii	"\236\001\000\000"
 3772 0060 63684D74 		.ascii	"chMtxUnlock\000"
 3772      78556E6C 
 3772      6F636B00 
 3773 006c 00       		.ascii	"\000"
 3774 006d 02       		.ascii	"\002"
 3775 006e 00       		.ascii	"\000"
 3776 006f 00000000 		.ascii	"\000\000\000\000\000\000\000\000"
 3776      00000000 
 3777 0077 7E010000 		.ascii	"~\001\000\000"
 3778 007b 63684D74 		.ascii	"chMtxLock\000"
 3778      784C6F63 
 3778      6B00
 3779 0085 00       		.ascii	"\000"
 3780 0086 02       		.ascii	"\002"
 3781 0087 00       		.ascii	"\000"
 3782 0088 00000000 		.ascii	"\000\000\000\000\000\000\000\000"
 3782      00000000 
 3783 0090 80010000 		.ascii	"\200\001\000\000"
 3784 0094 5F5A3137 		.ascii	"_Z17bprl_can_registermPFvRK10CANRxFramePvES2_\000"
 3784      6270726C 
 3784      5F63616E 
 3784      5F726567 
 3784      69737465 
 3785 00c2 00       		.ascii	"\000"
 3786 00c3 02       		.ascii	"\002"
 3787 00c4 00       		.ascii	"\000"
 3788 00c5 00000000 		.ascii	"\000\000\000\000\000\000\000\000"
 3788      00000000 
 3789 00cd 89010000 		.ascii	"\211\001\000\000"
 3790              		.text
 3791              		.section	.gnu.lto_.ext_symtab.8e3a249f3a94ee3,"e",%progbits
 3792 0000 01       		.ascii	"\001"
 3793 0001 01       		.ascii	"\001"
 3794 0002 00       		.ascii	"\000"
 3795 0003 02       		.ascii	"\002"
 3796 0004 01       		.ascii	"\001"
 3797 0005 02       		.ascii	"\002"
 3798 0006 01       		.ascii	"\001"
 3799 0007 01       		.ascii	"\001"
 3800 0008 00       		.ascii	"\000"
 3801 0009 01       		.ascii	"\001"
 3802 000a 00       		.ascii	"\000"
ARM GAS  /tmp/cchzpbfw.s 			page 98


 3803 000b 01       		.ascii	"\001"
 3804 000c 00       		.ascii	"\000"
 3805              		.text
 3806              		.section	.gnu.lto_.opts,"e",%progbits
 3807 0000 272D666E 		.ascii	"'-fno-openmp' '-fno-openacc' '-fno-pie' '-fcf-prote"
 3807      6F2D6F70 
 3807      656E6D70 
 3807      2720272D 
 3807      666E6F2D 
 3808 0033 6374696F 		.ascii	"ction=none' '-g' '-mcpu=cortex-m7' '-mthumb' '-mflo"
 3808      6E3D6E6F 
 3808      6E652720 
 3808      272D6727 
 3808      20272D6D 
 3809 0066 61742D61 		.ascii	"at-abi=hard' '-mfpu=fpv5-d16' '-march=armv7e-m+fp.d"
 3809      62693D68 
 3809      61726427 
 3809      20272D6D 
 3809      6670753D 
 3810 0099 70272027 		.ascii	"p' '-O3' '-fomit-frame-pointer' '-falign-functions="
 3810      2D4F3327 
 3810      20272D66 
 3810      6F6D6974 
 3810      2D667261 
 3811 00cc 31362720 		.ascii	"16' '-ffunction-sections' '-fdata-sections' '-fno-c"
 3811      272D6666 
 3811      756E6374 
 3811      696F6E2D 
 3811      73656374 
 3812 00ff 6F6D6D6F 		.ascii	"ommon' '-flto' '-Xassembler' '-alms=build/lst/Encod"
 3812      6E272027 
 3812      2D666C74 
 3812      6F272027 
 3812      2D586173 
 3813 0132 65725250 		.ascii	"erRPM.lst'\000"
 3813      4D2E6C73 
 3813      742700
 3814              		.text
 3815              		.comm	__gnu_lto_slim,1,1
 3816              		.ident	"GCC: (GNU Arm Embedded Toolchain 10-2020-q4-major) 10.2.1 20201103 (release)"
ARM GAS  /tmp/cchzpbfw.s 			page 99


DEFINED SYMBOLS
                            *ABS*:0000000000000000 EncoderRPM.cpp
     /tmp/cchzpbfw.s:40     .gnu.debuglto_.debug_info:0000000000000000 EncoderRPM.cpp.7846dbf7
                            *COM*:0000000000000001 __gnu_lto_slim

NO UNDEFINED SYMBOLS
