ARM GAS  /tmp/ccugAzZM.s 			page 1


   1              		.cpu cortex-m7
   2              		.eabi_attribute 28, 1
   3              		.eabi_attribute 20, 1
   4              		.eabi_attribute 21, 1
   5              		.eabi_attribute 23, 3
   6              		.eabi_attribute 24, 1
   7              		.eabi_attribute 25, 1
   8              		.eabi_attribute 26, 1
   9              		.eabi_attribute 30, 2
  10              		.eabi_attribute 34, 1
  11              		.eabi_attribute 18, 4
  12              		.file	"ICM20948.cpp"
  13              		.file 1 "/opt/gcc-arm-none-eabi-10-2020-q4-major/lib/gcc/arm-none-eabi/10.2.1/include/stddef.h"
  14              		.file 2 "/opt/gcc-arm-none-eabi-10-2020-q4-major/arm-none-eabi/include/machine/_default_types.h"
  15              		.file 3 "/opt/gcc-arm-none-eabi-10-2020-q4-major/arm-none-eabi/include/sys/_stdint.h"
  16              		.file 4 "/opt/gcc-arm-none-eabi-10-2020-q4-major/arm-none-eabi/include/stdint.h"
  17              		.file 5 "third_party/ChibiOS/os/common/ports/ARM-common/chtypes.h"
  18              		.file 6 "third_party/ChibiOS/os/rt/include/chearly.h"
  19              		.file 7 "third_party/ChibiOS/os/rt/include/chobjects.h"
  20              		.file 8 "third_party/ChibiOS/os/rt/include/chrfcu.h"
  21              		.file 9 "third_party/ChibiOS/os/rt/include/chdebug.h"
  22              		.file 10 "third_party/ChibiOS/os/rt/include/chtime.h"
  23              		.file 11 "third_party/ChibiOS/os/rt/include/chlists.h"
  24              		.file 12 "third_party/ChibiOS/os/rt/include/chtrace.h"
  25              		.file 13 "third_party/ChibiOS/os/common/ext/ARM/CMSIS/Core/Include/core_cm7.h"
  26              		.file 14 "third_party/ChibiOS/os/common/ext/ST/STM32H7xx/stm32h753xx.h"
  27              		.file 15 "third_party/ChibiOS/os/common/ports/ARMv7-M/chcore.h"
  28              		.file 16 "third_party/ChibiOS/os/rt/include/chsem.h"
  29              		.file 17 "third_party/ChibiOS/os/rt/include/chmtx.h"
  30              		.file 18 "third_party/ChibiOS/os/hal/ports/STM32/LLD/DMAv2/stm32_dma.h"
  31              		.file 19 "third_party/ChibiOS/os/hal/ports/STM32/LLD/GPIOv2/stm32_gpio.h"
  32              		.file 20 "third_party/ChibiOS/os/hal/ports/STM32/LLD/GPIOv2/hal_pal_lld.h"
  33              		.file 21 "third_party/ChibiOS/os/hal/include/hal_spi_v1.h"
  34              		.file 22 "./src/coms/IMUs/ICM20948.hpp"
  35              		.file 23 "/opt/gcc-arm-none-eabi-10-2020-q4-major/arm-none-eabi/include/c++/10.2.1/cstring"
  36              		.file 24 "/opt/gcc-arm-none-eabi-10-2020-q4-major/arm-none-eabi/include/c++/10.2.1/arm-none-eabi/t
  37              		.file 25 "/opt/gcc-arm-none-eabi-10-2020-q4-major/arm-none-eabi/include/string.h"
  38              		.file 26 "src/coms/IMUs/ICM20948.cpp"
  39              		.file 27 "third_party/ChibiOS/os/common/ext/ARM/CMSIS/Core/Include/cmsis_gcc.h"
  40              		.file 28 "<built-in>"
  41              		.section	.gnu.debuglto_.debug_info,"e",%progbits
  42              	.Ldebug_info0:
  43              		.hidden	ICM20948.cpp.427409e5
  44              		.weak	ICM20948.cpp.427409e5
  45              	ICM20948.cpp.427409e5:
  46 0000 B5180000 		.4byte	0x18b5
  47 0004 0400     		.2byte	0x4
  48 0006 00000000 		.4byte	.Ldebug_abbrev0
  49 000a 04       		.byte	0x4
  50 000b 01       		.uleb128 0x1
  51 000c 880B0000 		.4byte	.LASF292
  52 0010 04       		.byte	0x4
  53 0011 680A0000 		.4byte	.LASF293
  54 0015 44030000 		.4byte	.LASF294
  55 0019 00000000 		.4byte	.Ldebug_line0
  56 001d 02       		.uleb128 0x2
  57 001e 04       		.byte	0x4
ARM GAS  /tmp/ccugAzZM.s 			page 2


  58 001f 05       		.byte	0x5
  59 0020 696E7400 		.ascii	"int\000"
  60 0024 03       		.uleb128 0x3
  61 0025 90030000 		.4byte	.LASF4
  62 0029 01       		.byte	0x1
  63 002a D1       		.byte	0xd1
  64 002b 17       		.byte	0x17
  65 002c 30000000 		.4byte	0x30
  66 0030 04       		.uleb128 0x4
  67 0031 04       		.byte	0x4
  68 0032 07       		.byte	0x7
  69 0033 8A000000 		.4byte	.LASF0
  70 0037 04       		.uleb128 0x4
  71 0038 08       		.byte	0x8
  72 0039 05       		.byte	0x5
  73 003a FB050000 		.4byte	.LASF1
  74 003e 04       		.uleb128 0x4
  75 003f 08       		.byte	0x8
  76 0040 04       		.byte	0x4
  77 0041 53070000 		.4byte	.LASF2
  78 0045 05       		.uleb128 0x5
  79 0046 0B0A0000 		.4byte	.LASF295
  80 004a 04       		.uleb128 0x4
  81 004b 01       		.byte	0x1
  82 004c 06       		.byte	0x6
  83 004d A10A0000 		.4byte	.LASF3
  84 0051 03       		.uleb128 0x3
  85 0052 BC080000 		.4byte	.LASF5
  86 0056 02       		.byte	0x2
  87 0057 2B       		.byte	0x2b
  88 0058 18       		.byte	0x18
  89 0059 5D000000 		.4byte	0x5d
  90 005d 04       		.uleb128 0x4
  91 005e 01       		.byte	0x1
  92 005f 08       		.byte	0x8
  93 0060 BD090000 		.4byte	.LASF6
  94 0064 03       		.uleb128 0x3
  95 0065 4E060000 		.4byte	.LASF7
  96 0069 02       		.byte	0x2
  97 006a 37       		.byte	0x37
  98 006b 18       		.byte	0x18
  99 006c 70000000 		.4byte	0x70
 100 0070 04       		.uleb128 0x4
 101 0071 02       		.byte	0x2
 102 0072 05       		.byte	0x5
 103 0073 11010000 		.4byte	.LASF8
 104 0077 03       		.uleb128 0x3
 105 0078 BF020000 		.4byte	.LASF9
 106 007c 02       		.byte	0x2
 107 007d 39       		.byte	0x39
 108 007e 19       		.byte	0x19
 109 007f 83000000 		.4byte	0x83
 110 0083 04       		.uleb128 0x4
 111 0084 02       		.byte	0x2
 112 0085 07       		.byte	0x7
 113 0086 BA0A0000 		.4byte	.LASF10
 114 008a 03       		.uleb128 0x3
ARM GAS  /tmp/ccugAzZM.s 			page 3


 115 008b D1000000 		.4byte	.LASF11
 116 008f 02       		.byte	0x2
 117 0090 4D       		.byte	0x4d
 118 0091 18       		.byte	0x18
 119 0092 96000000 		.4byte	0x96
 120 0096 04       		.uleb128 0x4
 121 0097 04       		.byte	0x4
 122 0098 05       		.byte	0x5
 123 0099 00000000 		.4byte	.LASF12
 124 009d 03       		.uleb128 0x3
 125 009e 83070000 		.4byte	.LASF13
 126 00a2 02       		.byte	0x2
 127 00a3 4F       		.byte	0x4f
 128 00a4 19       		.byte	0x19
 129 00a5 A9000000 		.4byte	0xa9
 130 00a9 04       		.uleb128 0x4
 131 00aa 04       		.byte	0x4
 132 00ab 07       		.byte	0x7
 133 00ac 27090000 		.4byte	.LASF14
 134 00b0 03       		.uleb128 0x3
 135 00b1 29050000 		.4byte	.LASF15
 136 00b5 02       		.byte	0x2
 137 00b6 69       		.byte	0x69
 138 00b7 19       		.byte	0x19
 139 00b8 BC000000 		.4byte	0xbc
 140 00bc 04       		.uleb128 0x4
 141 00bd 08       		.byte	0x8
 142 00be 07       		.byte	0x7
 143 00bf 7F020000 		.4byte	.LASF16
 144 00c3 03       		.uleb128 0x3
 145 00c4 34050000 		.4byte	.LASF17
 146 00c8 03       		.byte	0x3
 147 00c9 18       		.byte	0x18
 148 00ca 13       		.byte	0x13
 149 00cb 51000000 		.4byte	0x51
 150 00cf 06       		.uleb128 0x6
 151 00d0 C3000000 		.4byte	0xc3
 152 00d4 07       		.uleb128 0x7
 153 00d5 C3000000 		.4byte	0xc3
 154 00d9 03       		.uleb128 0x3
 155 00da 68020000 		.4byte	.LASF18
 156 00de 03       		.byte	0x3
 157 00df 20       		.byte	0x20
 158 00e0 13       		.byte	0x13
 159 00e1 64000000 		.4byte	0x64
 160 00e5 03       		.uleb128 0x3
 161 00e6 5F070000 		.4byte	.LASF19
 162 00ea 03       		.byte	0x3
 163 00eb 24       		.byte	0x24
 164 00ec 14       		.byte	0x14
 165 00ed 77000000 		.4byte	0x77
 166 00f1 03       		.uleb128 0x3
 167 00f2 57090000 		.4byte	.LASF20
 168 00f6 03       		.byte	0x3
 169 00f7 2C       		.byte	0x2c
 170 00f8 13       		.byte	0x13
 171 00f9 8A000000 		.4byte	0x8a
ARM GAS  /tmp/ccugAzZM.s 			page 4


 172 00fd 03       		.uleb128 0x3
 173 00fe 9C000000 		.4byte	.LASF21
 174 0102 03       		.byte	0x3
 175 0103 30       		.byte	0x30
 176 0104 14       		.byte	0x14
 177 0105 9D000000 		.4byte	0x9d
 178 0109 06       		.uleb128 0x6
 179 010a FD000000 		.4byte	0xfd
 180 010e 07       		.uleb128 0x7
 181 010f 09010000 		.4byte	0x109
 182 0113 03       		.uleb128 0x3
 183 0114 510A0000 		.4byte	.LASF22
 184 0118 03       		.byte	0x3
 185 0119 3C       		.byte	0x3c
 186 011a 14       		.byte	0x14
 187 011b B0000000 		.4byte	0xb0
 188 011f 06       		.uleb128 0x6
 189 0120 13010000 		.4byte	0x113
 190 0124 03       		.uleb128 0x3
 191 0125 1D0A0000 		.4byte	.LASF23
 192 0129 04       		.byte	0x4
 193 012a 34       		.byte	0x34
 194 012b 1F       		.byte	0x1f
 195 012c 30000000 		.4byte	0x30
 196 0130 03       		.uleb128 0x3
 197 0131 49080000 		.4byte	.LASF24
 198 0135 05       		.byte	0x5
 199 0136 48       		.byte	0x48
 200 0137 1D       		.byte	0x1d
 201 0138 13010000 		.4byte	0x113
 202 013c 03       		.uleb128 0x3
 203 013d CD0A0000 		.4byte	.LASF25
 204 0141 06       		.byte	0x6
 205 0142 50       		.byte	0x50
 206 0143 19       		.byte	0x19
 207 0144 30010000 		.4byte	0x130
 208 0148 03       		.uleb128 0x3
 209 0149 1D070000 		.4byte	.LASF26
 210 014d 06       		.byte	0x6
 211 014e 53       		.byte	0x53
 212 014f 19       		.byte	0x19
 213 0150 C3000000 		.4byte	0xc3
 214 0154 03       		.uleb128 0x3
 215 0155 CB010000 		.4byte	.LASF27
 216 0159 06       		.byte	0x6
 217 015a 54       		.byte	0x54
 218 015b 19       		.byte	0x19
 219 015c C3000000 		.4byte	0xc3
 220 0160 03       		.uleb128 0x3
 221 0161 A3070000 		.4byte	.LASF28
 222 0165 06       		.byte	0x6
 223 0166 55       		.byte	0x55
 224 0167 19       		.byte	0x19
 225 0168 C3000000 		.4byte	0xc3
 226 016c 03       		.uleb128 0x3
 227 016d 22020000 		.4byte	.LASF29
 228 0171 06       		.byte	0x6
ARM GAS  /tmp/ccugAzZM.s 			page 5


 229 0172 57       		.byte	0x57
 230 0173 19       		.byte	0x19
 231 0174 FD000000 		.4byte	0xfd
 232 0178 03       		.uleb128 0x3
 233 0179 2E060000 		.4byte	.LASF30
 234 017d 06       		.byte	0x6
 235 017e 58       		.byte	0x58
 236 017f 19       		.byte	0x19
 237 0180 F1000000 		.4byte	0xf1
 238 0184 03       		.uleb128 0x3
 239 0185 DC010000 		.4byte	.LASF31
 240 0189 06       		.byte	0x6
 241 018a 5A       		.byte	0x5a
 242 018b 19       		.byte	0x19
 243 018c FD000000 		.4byte	0xfd
 244 0190 03       		.uleb128 0x3
 245 0191 CA020000 		.4byte	.LASF32
 246 0195 06       		.byte	0x6
 247 0196 5C       		.byte	0x5c
 248 0197 19       		.byte	0x19
 249 0198 F1000000 		.4byte	0xf1
 250 019c 03       		.uleb128 0x3
 251 019d A00C0000 		.4byte	.LASF33
 252 01a1 06       		.byte	0x6
 253 01a2 80       		.byte	0x80
 254 01a3 12       		.byte	0x12
 255 01a4 30000000 		.4byte	0x30
 256 01a8 03       		.uleb128 0x3
 257 01a9 7A030000 		.4byte	.LASF34
 258 01ad 06       		.byte	0x6
 259 01ae 85       		.byte	0x85
 260 01af 1A       		.byte	0x1a
 261 01b0 B4010000 		.4byte	0x1b4
 262 01b4 08       		.uleb128 0x8
 263 01b5 6D050000 		.4byte	.LASF60
 264 01b9 48       		.byte	0x48
 265 01ba 07       		.byte	0x7
 266 01bb 9C       		.byte	0x9c
 267 01bc 08       		.byte	0x8
 268 01bd 35030000 		.4byte	0x335
 269 01c1 09       		.uleb128 0x9
 270 01c2 0C       		.byte	0xc
 271 01c3 07       		.byte	0x7
 272 01c4 A0       		.byte	0xa0
 273 01c5 09       		.byte	0x9
 274 01c6 EF010000 		.4byte	0x1ef
 275 01ca 0A       		.uleb128 0xa
 276 01cb 9F010000 		.4byte	.LASF35
 277 01cf 07       		.byte	0x7
 278 01d0 A4       		.byte	0xa4
 279 01d1 21       		.byte	0x21
 280 01d2 64040000 		.4byte	0x464
 281 01d6 0A       		.uleb128 0xa
 282 01d7 66090000 		.4byte	.LASF36
 283 01db 07       		.byte	0x7
 284 01dc A8       		.byte	0xa8
 285 01dd 21       		.byte	0x21
ARM GAS  /tmp/ccugAzZM.s 			page 6


 286 01de 91040000 		.4byte	0x491
 287 01e2 0A       		.uleb128 0xa
 288 01e3 B8020000 		.4byte	.LASF37
 289 01e7 07       		.byte	0x7
 290 01e8 AC       		.byte	0xac
 291 01e9 21       		.byte	0x21
 292 01ea CB040000 		.4byte	0x4cb
 293 01ee 00       		.byte	0
 294 01ef 09       		.uleb128 0x9
 295 01f0 04       		.byte	0x4
 296 01f1 07       		.byte	0x7
 297 01f2 EB       		.byte	0xeb
 298 01f3 09       		.byte	0x9
 299 01f4 5F020000 		.4byte	0x25f
 300 01f8 0A       		.uleb128 0xa
 301 01f9 97030000 		.4byte	.LASF38
 302 01fd 07       		.byte	0x7
 303 01fe F2       		.byte	0xf2
 304 01ff 21       		.byte	0x21
 305 0200 78010000 		.4byte	0x178
 306 0204 0A       		.uleb128 0xa
 307 0205 8D0C0000 		.4byte	.LASF39
 308 0209 07       		.byte	0x7
 309 020a F9       		.byte	0xf9
 310 020b 21       		.byte	0x21
 311 020c 78010000 		.4byte	0x178
 312 0210 0B       		.uleb128 0xb
 313 0211 F0000000 		.4byte	.LASF40
 314 0215 07       		.byte	0x7
 315 0216 0001     		.2byte	0x100
 316 0218 22       		.byte	0x22
 317 0219 93060000 		.4byte	0x693
 318 021d 0B       		.uleb128 0xb
 319 021e 620A0000 		.4byte	.LASF41
 320 0222 07       		.byte	0x7
 321 0223 0701     		.2byte	0x107
 322 0225 22       		.byte	0x22
 323 0226 480E0000 		.4byte	0xe48
 324 022a 0B       		.uleb128 0xb
 325 022b D4010000 		.4byte	.LASF42
 326 022f 07       		.byte	0x7
 327 0230 0C01     		.2byte	0x10c
 328 0232 21       		.byte	0x21
 329 0233 78010000 		.4byte	0x178
 330 0237 0B       		.uleb128 0xb
 331 0238 73090000 		.4byte	.LASF43
 332 023c 07       		.byte	0x7
 333 023d 1501     		.2byte	0x115
 334 023f 22       		.byte	0x22
 335 0240 760E0000 		.4byte	0xe76
 336 0244 0B       		.uleb128 0xb
 337 0245 6E0C0000 		.4byte	.LASF44
 338 0249 07       		.byte	0x7
 339 024a 1E01     		.2byte	0x11e
 340 024c 22       		.byte	0x22
 341 024d B10E0000 		.4byte	0xeb1
 342 0251 0B       		.uleb128 0xb
ARM GAS  /tmp/ccugAzZM.s 			page 7


 343 0252 38010000 		.4byte	.LASF45
 344 0256 07       		.byte	0x7
 345 0257 2601     		.2byte	0x126
 346 0259 21       		.byte	0x21
 347 025a 84010000 		.4byte	0x184
 348 025e 00       		.byte	0
 349 025f 0C       		.uleb128 0xc
 350 0260 68647200 		.ascii	"hdr\000"
 351 0264 07       		.byte	0x7
 352 0265 AD       		.byte	0xad
 353 0266 05       		.byte	0x5
 354 0267 C1010000 		.4byte	0x1c1
 355 026b 00       		.byte	0
 356 026c 0C       		.uleb128 0xc
 357 026d 63747800 		.ascii	"ctx\000"
 358 0271 07       		.byte	0x7
 359 0272 B1       		.byte	0xb1
 360 0273 21       		.byte	0x21
 361 0274 B20D0000 		.4byte	0xdb2
 362 0278 0C       		.byte	0xc
 363 0279 0D       		.uleb128 0xd
 364 027a E1040000 		.4byte	.LASF46
 365 027e 07       		.byte	0x7
 366 027f B6       		.byte	0xb6
 367 0280 21       		.byte	0x21
 368 0281 91040000 		.4byte	0x491
 369 0285 10       		.byte	0x10
 370 0286 0D       		.uleb128 0xd
 371 0287 0A030000 		.4byte	.LASF47
 372 028b 07       		.byte	0x7
 373 028c BB       		.byte	0xbb
 374 028d 22       		.byte	0x22
 375 028e B70E0000 		.4byte	0xeb7
 376 0292 18       		.byte	0x18
 377 0293 0D       		.uleb128 0xd
 378 0294 19000000 		.4byte	.LASF48
 379 0298 07       		.byte	0x7
 380 0299 C0       		.byte	0xc0
 381 029a 22       		.byte	0x22
 382 029b 1D040000 		.4byte	0x41d
 383 029f 1C       		.byte	0x1c
 384 02a0 0D       		.uleb128 0xd
 385 02a1 B0040000 		.4byte	.LASF49
 386 02a5 07       		.byte	0x7
 387 02a6 C9       		.byte	0xc9
 388 02a7 22       		.byte	0x22
 389 02a8 BD0E0000 		.4byte	0xebd
 390 02ac 20       		.byte	0x20
 391 02ad 0D       		.uleb128 0xd
 392 02ae 310A0000 		.4byte	.LASF50
 393 02b2 07       		.byte	0x7
 394 02b3 CE       		.byte	0xce
 395 02b4 21       		.byte	0x21
 396 02b5 54010000 		.4byte	0x154
 397 02b9 24       		.byte	0x24
 398 02ba 0D       		.uleb128 0xd
 399 02bb 5A000000 		.4byte	.LASF51
ARM GAS  /tmp/ccugAzZM.s 			page 8


 400 02bf 07       		.byte	0x7
 401 02c0 D2       		.byte	0xd2
 402 02c1 21       		.byte	0x21
 403 02c2 48010000 		.4byte	0x148
 404 02c6 25       		.byte	0x25
 405 02c7 0D       		.uleb128 0xd
 406 02c8 E2000000 		.4byte	.LASF52
 407 02cc 07       		.byte	0x7
 408 02cd D7       		.byte	0xd7
 409 02ce 21       		.byte	0x21
 410 02cf 60010000 		.4byte	0x160
 411 02d3 26       		.byte	0x26
 412 02d4 0E       		.uleb128 0xe
 413 02d5 7500     		.ascii	"u\000"
 414 02d7 07       		.byte	0x7
 415 02d8 2801     		.2byte	0x128
 416 02da 21       		.byte	0x21
 417 02db EF010000 		.4byte	0x1ef
 418 02df 28       		.byte	0x28
 419 02e0 0F       		.uleb128 0xf
 420 02e1 D9090000 		.4byte	.LASF53
 421 02e5 07       		.byte	0x7
 422 02e6 2D01     		.2byte	0x12d
 423 02e8 21       		.byte	0x21
 424 02e9 64040000 		.4byte	0x464
 425 02ed 2C       		.byte	0x2c
 426 02ee 0F       		.uleb128 0xf
 427 02ef 57050000 		.4byte	.LASF54
 428 02f3 07       		.byte	0x7
 429 02f4 3301     		.2byte	0x133
 430 02f6 21       		.byte	0x21
 431 02f7 91040000 		.4byte	0x491
 432 02fb 30       		.byte	0x30
 433 02fc 0F       		.uleb128 0xf
 434 02fd 81000000 		.4byte	.LASF55
 435 0301 07       		.byte	0x7
 436 0302 3901     		.2byte	0x139
 437 0304 21       		.byte	0x21
 438 0305 84010000 		.4byte	0x184
 439 0309 38       		.byte	0x38
 440 030a 0F       		.uleb128 0xf
 441 030b 25030000 		.4byte	.LASF56
 442 030f 07       		.byte	0x7
 443 0310 4001     		.2byte	0x140
 444 0312 22       		.byte	0x22
 445 0313 B10E0000 		.4byte	0xeb1
 446 0317 3C       		.byte	0x3c
 447 0318 0F       		.uleb128 0xf
 448 0319 980A0000 		.4byte	.LASF57
 449 031d 07       		.byte	0x7
 450 031e 4401     		.2byte	0x144
 451 0320 21       		.byte	0x21
 452 0321 6C010000 		.4byte	0x16c
 453 0325 40       		.byte	0x40
 454 0326 0F       		.uleb128 0xf
 455 0327 BA0C0000 		.4byte	.LASF58
 456 032b 07       		.byte	0x7
ARM GAS  /tmp/ccugAzZM.s 			page 9


 457 032c 4B01     		.2byte	0x14b
 458 032e 22       		.byte	0x22
 459 032f 93060000 		.4byte	0x693
 460 0333 44       		.byte	0x44
 461 0334 00       		.byte	0
 462 0335 03       		.uleb128 0x3
 463 0336 430A0000 		.4byte	.LASF59
 464 033a 06       		.byte	0x6
 465 033b 8A       		.byte	0x8a
 466 033c 1F       		.byte	0x1f
 467 033d 41030000 		.4byte	0x341
 468 0341 10       		.uleb128 0x10
 469 0342 0E040000 		.4byte	.LASF61
 470 0346 9008     		.2byte	0x890
 471 0348 07       		.byte	0x7
 472 0349 8A01     		.2byte	0x18a
 473 034b 08       		.byte	0x8
 474 034c CF030000 		.4byte	0x3cf
 475 0350 0F       		.uleb128 0xf
 476 0351 A3080000 		.4byte	.LASF62
 477 0355 07       		.byte	0x7
 478 0356 8E01     		.2byte	0x18e
 479 0358 21       		.byte	0x21
 480 0359 EE0E0000 		.4byte	0xeee
 481 035d 00       		.byte	0
 482 035e 0F       		.uleb128 0xf
 483 035f FD000000 		.4byte	.LASF63
 484 0363 07       		.byte	0x7
 485 0364 9201     		.2byte	0x192
 486 0366 21       		.byte	0x21
 487 0367 090E0000 		.4byte	0xe09
 488 036b 10       		.byte	0x10
 489 036c 0F       		.uleb128 0xf
 490 036d 5A0A0000 		.4byte	.LASF64
 491 0371 07       		.byte	0x7
 492 0372 9901     		.2byte	0x199
 493 0374 21       		.byte	0x21
 494 0375 300E0000 		.4byte	0xe30
 495 0379 28       		.byte	0x28
 496 037a 0F       		.uleb128 0xf
 497 037b 770B0000 		.4byte	.LASF65
 498 037f 07       		.byte	0x7
 499 0380 9E01     		.2byte	0x19e
 500 0382 21       		.byte	0x21
 501 0383 9C010000 		.4byte	0x19c
 502 0387 30       		.byte	0x30
 503 0388 0F       		.uleb128 0xf
 504 0389 69030000 		.4byte	.LASF66
 505 038d 07       		.byte	0x7
 506 038e A401     		.2byte	0x1a4
 507 0390 21       		.byte	0x21
 508 0391 F6030000 		.4byte	0x3f6
 509 0395 34       		.byte	0x34
 510 0396 0F       		.uleb128 0xf
 511 0397 94070000 		.4byte	.LASF67
 512 039b 07       		.byte	0x7
 513 039c A901     		.2byte	0x1a9
ARM GAS  /tmp/ccugAzZM.s 			page 10


 514 039e 22       		.byte	0x22
 515 039f 620F0000 		.4byte	0xf62
 516 03a3 38       		.byte	0x38
 517 03a4 0F       		.uleb128 0xf
 518 03a5 25070000 		.4byte	.LASF68
 519 03a9 07       		.byte	0x7
 520 03aa AD01     		.2byte	0x1ad
 521 03ac 21       		.byte	0x21
 522 03ad A8010000 		.4byte	0x1a8
 523 03b1 3C       		.byte	0x3c
 524 03b2 0E       		.uleb128 0xe
 525 03b3 64626700 		.ascii	"dbg\000"
 526 03b7 07       		.byte	0x7
 527 03b8 B101     		.2byte	0x1b1
 528 03ba 21       		.byte	0x21
 529 03bb 34040000 		.4byte	0x434
 530 03bf 84       		.byte	0x84
 531 03c0 0F       		.uleb128 0xf
 532 03c1 A4020000 		.4byte	.LASF69
 533 03c5 07       		.byte	0x7
 534 03c6 B601     		.2byte	0x1b6
 535 03c8 21       		.byte	0x21
 536 03c9 FA060000 		.4byte	0x6fa
 537 03cd 88       		.byte	0x88
 538 03ce 00       		.byte	0
 539 03cf 03       		.uleb128 0x3
 540 03d0 6E040000 		.4byte	.LASF70
 541 03d4 08       		.byte	0x8
 542 03d5 3F       		.byte	0x3f
 543 03d6 12       		.byte	0x12
 544 03d7 FD000000 		.4byte	0xfd
 545 03db 08       		.uleb128 0x8
 546 03dc B7040000 		.4byte	.LASF71
 547 03e0 04       		.byte	0x4
 548 03e1 08       		.byte	0x8
 549 03e2 44       		.byte	0x44
 550 03e3 10       		.byte	0x10
 551 03e4 F6030000 		.4byte	0x3f6
 552 03e8 0D       		.uleb128 0xd
 553 03e9 BA060000 		.4byte	.LASF72
 554 03ed 08       		.byte	0x8
 555 03ee 48       		.byte	0x48
 556 03ef 21       		.byte	0x21
 557 03f0 CF030000 		.4byte	0x3cf
 558 03f4 00       		.byte	0
 559 03f5 00       		.byte	0
 560 03f6 03       		.uleb128 0x3
 561 03f7 5F090000 		.4byte	.LASF73
 562 03fb 08       		.byte	0x8
 563 03fc 49       		.byte	0x49
 564 03fd 03       		.byte	0x3
 565 03fe DB030000 		.4byte	0x3db
 566 0402 08       		.uleb128 0x8
 567 0403 74010000 		.4byte	.LASF74
 568 0407 04       		.byte	0x4
 569 0408 09       		.byte	0x9
 570 0409 3E       		.byte	0x3e
ARM GAS  /tmp/ccugAzZM.s 			page 11


 571 040a 10       		.byte	0x10
 572 040b 1D040000 		.4byte	0x41d
 573 040f 0D       		.uleb128 0xd
 574 0410 F7090000 		.4byte	.LASF75
 575 0414 09       		.byte	0x9
 576 0415 46       		.byte	0x46
 577 0416 24       		.byte	0x24
 578 0417 23040000 		.4byte	0x423
 579 041b 00       		.byte	0
 580 041c 00       		.byte	0
 581 041d 11       		.uleb128 0x11
 582 041e 04       		.byte	0x4
 583 041f 2F040000 		.4byte	0x42f
 584 0423 06       		.uleb128 0x6
 585 0424 1D040000 		.4byte	0x41d
 586 0428 04       		.uleb128 0x4
 587 0429 01       		.byte	0x1
 588 042a 08       		.byte	0x8
 589 042b 59040000 		.4byte	.LASF76
 590 042f 07       		.uleb128 0x7
 591 0430 28040000 		.4byte	0x428
 592 0434 03       		.uleb128 0x3
 593 0435 B9050000 		.4byte	.LASF77
 594 0439 09       		.byte	0x9
 595 043a 51       		.byte	0x51
 596 043b 03       		.byte	0x3
 597 043c 02040000 		.4byte	0x402
 598 0440 03       		.uleb128 0x3
 599 0441 60000000 		.4byte	.LASF78
 600 0445 0A       		.byte	0xa
 601 0446 6D       		.byte	0x6d
 602 0447 12       		.byte	0x12
 603 0448 FD000000 		.4byte	0xfd
 604 044c 03       		.uleb128 0x3
 605 044d D4060000 		.4byte	.LASF79
 606 0451 0A       		.byte	0xa
 607 0452 79       		.byte	0x79
 608 0453 12       		.byte	0x12
 609 0454 FD000000 		.4byte	0xfd
 610 0458 03       		.uleb128 0x3
 611 0459 9A040000 		.4byte	.LASF80
 612 045d 0A       		.byte	0xa
 613 045e 9B       		.byte	0x9b
 614 045f 12       		.byte	0x12
 615 0460 13010000 		.4byte	0x113
 616 0464 03       		.uleb128 0x3
 617 0465 68070000 		.4byte	.LASF81
 618 0469 0B       		.byte	0xb
 619 046a 32       		.byte	0x32
 620 046b 18       		.byte	0x18
 621 046c 70040000 		.4byte	0x470
 622 0470 08       		.uleb128 0x8
 623 0471 4E010000 		.4byte	.LASF82
 624 0475 04       		.byte	0x4
 625 0476 0B       		.byte	0xb
 626 0477 38       		.byte	0x38
 627 0478 08       		.byte	0x8
ARM GAS  /tmp/ccugAzZM.s 			page 12


 628 0479 8B040000 		.4byte	0x48b
 629 047d 0D       		.uleb128 0xd
 630 047e 97000000 		.4byte	.LASF83
 631 0482 0B       		.byte	0xb
 632 0483 39       		.byte	0x39
 633 0484 1A       		.byte	0x1a
 634 0485 8B040000 		.4byte	0x48b
 635 0489 00       		.byte	0
 636 048a 00       		.byte	0
 637 048b 11       		.uleb128 0x11
 638 048c 04       		.byte	0x4
 639 048d 64040000 		.4byte	0x464
 640 0491 03       		.uleb128 0x3
 641 0492 E2060000 		.4byte	.LASF84
 642 0496 0B       		.byte	0xb
 643 0497 3F       		.byte	0x3f
 644 0498 19       		.byte	0x19
 645 0499 9D040000 		.4byte	0x49d
 646 049d 08       		.uleb128 0x8
 647 049e A4090000 		.4byte	.LASF85
 648 04a2 08       		.byte	0x8
 649 04a3 0B       		.byte	0xb
 650 04a4 45       		.byte	0x45
 651 04a5 08       		.byte	0x8
 652 04a6 C5040000 		.4byte	0x4c5
 653 04aa 0D       		.uleb128 0xd
 654 04ab 97000000 		.4byte	.LASF83
 655 04af 0B       		.byte	0xb
 656 04b0 46       		.byte	0x46
 657 04b1 1A       		.byte	0x1a
 658 04b2 C5040000 		.4byte	0x4c5
 659 04b6 00       		.byte	0
 660 04b7 0D       		.uleb128 0xd
 661 04b8 49010000 		.4byte	.LASF86
 662 04bc 0B       		.byte	0xb
 663 04bd 47       		.byte	0x47
 664 04be 1A       		.byte	0x1a
 665 04bf C5040000 		.4byte	0x4c5
 666 04c3 04       		.byte	0x4
 667 04c4 00       		.byte	0
 668 04c5 11       		.uleb128 0x11
 669 04c6 04       		.byte	0x4
 670 04c7 91040000 		.4byte	0x491
 671 04cb 03       		.uleb128 0x3
 672 04cc B2030000 		.4byte	.LASF87
 673 04d0 0B       		.byte	0xb
 674 04d1 4E       		.byte	0x4e
 675 04d2 22       		.byte	0x22
 676 04d3 D7040000 		.4byte	0x4d7
 677 04d7 08       		.uleb128 0x8
 678 04d8 7A090000 		.4byte	.LASF88
 679 04dc 0C       		.byte	0xc
 680 04dd 0B       		.byte	0xb
 681 04de 55       		.byte	0x55
 682 04df 08       		.byte	0x8
 683 04e0 0C050000 		.4byte	0x50c
 684 04e4 0D       		.uleb128 0xd
ARM GAS  /tmp/ccugAzZM.s 			page 13


 685 04e5 97000000 		.4byte	.LASF83
 686 04e9 0B       		.byte	0xb
 687 04ea 56       		.byte	0x56
 688 04eb 1A       		.byte	0x1a
 689 04ec 0C050000 		.4byte	0x50c
 690 04f0 00       		.byte	0
 691 04f1 0D       		.uleb128 0xd
 692 04f2 49010000 		.4byte	.LASF86
 693 04f6 0B       		.byte	0xb
 694 04f7 57       		.byte	0x57
 695 04f8 1A       		.byte	0x1a
 696 04f9 0C050000 		.4byte	0x50c
 697 04fd 04       		.byte	0x4
 698 04fe 0D       		.uleb128 0xd
 699 04ff 54040000 		.4byte	.LASF89
 700 0503 0B       		.byte	0xb
 701 0504 58       		.byte	0x58
 702 0505 19       		.byte	0x19
 703 0506 6C010000 		.4byte	0x16c
 704 050a 08       		.byte	0x8
 705 050b 00       		.byte	0
 706 050c 11       		.uleb128 0x11
 707 050d 04       		.byte	0x4
 708 050e CB040000 		.4byte	0x4cb
 709 0512 03       		.uleb128 0x3
 710 0513 5E040000 		.4byte	.LASF90
 711 0517 0B       		.byte	0xb
 712 0518 5F       		.byte	0x5f
 713 0519 1E       		.byte	0x1e
 714 051a 1E050000 		.4byte	0x51e
 715 051e 08       		.uleb128 0x8
 716 051f BD010000 		.4byte	.LASF91
 717 0523 0C       		.byte	0xc
 718 0524 0B       		.byte	0xb
 719 0525 64       		.byte	0x64
 720 0526 08       		.byte	0x8
 721 0527 53050000 		.4byte	0x553
 722 052b 0D       		.uleb128 0xd
 723 052c 97000000 		.4byte	.LASF83
 724 0530 0B       		.byte	0xb
 725 0531 65       		.byte	0x65
 726 0532 1A       		.byte	0x1a
 727 0533 53050000 		.4byte	0x553
 728 0537 00       		.byte	0
 729 0538 0D       		.uleb128 0xd
 730 0539 49010000 		.4byte	.LASF86
 731 053d 0B       		.byte	0xb
 732 053e 66       		.byte	0x66
 733 053f 1A       		.byte	0x1a
 734 0540 53050000 		.4byte	0x553
 735 0544 04       		.byte	0x4
 736 0545 0D       		.uleb128 0xd
 737 0546 AD0A0000 		.4byte	.LASF92
 738 054a 0B       		.byte	0xb
 739 054b 67       		.byte	0x67
 740 054c 19       		.byte	0x19
 741 054d 4C040000 		.4byte	0x44c
ARM GAS  /tmp/ccugAzZM.s 			page 14


 742 0551 08       		.byte	0x8
 743 0552 00       		.byte	0
 744 0553 11       		.uleb128 0x11
 745 0554 04       		.byte	0x4
 746 0555 12050000 		.4byte	0x512
 747 0559 12       		.uleb128 0x12
 748 055a 10       		.byte	0x10
 749 055b 0C       		.byte	0xc
 750 055c 6C       		.byte	0x6c
 751 055d 10       		.byte	0x10
 752 055e 66080000 		.4byte	.LASF203
 753 0562 8D060000 		.4byte	0x68d
 754 0566 09       		.uleb128 0x9
 755 0567 08       		.byte	0x8
 756 0568 0C       		.byte	0xc
 757 0569 7F       		.byte	0x7f
 758 056a 09       		.byte	0x9
 759 056b 44060000 		.4byte	0x644
 760 056f 13       		.uleb128 0x13
 761 0570 08       		.byte	0x8
 762 0571 0C       		.byte	0xc
 763 0572 83       		.byte	0x83
 764 0573 0C       		.byte	0xc
 765 0574 93050000 		.4byte	0x593
 766 0578 0C       		.uleb128 0xc
 767 0579 6E747000 		.ascii	"ntp\000"
 768 057d 0C       		.byte	0xc
 769 057e 87       		.byte	0x87
 770 057f 1E       		.byte	0x1e
 771 0580 8D060000 		.4byte	0x68d
 772 0584 00       		.byte	0
 773 0585 0D       		.uleb128 0xd
 774 0586 F0000000 		.4byte	.LASF40
 775 058a 0C       		.byte	0xc
 776 058b 8B       		.byte	0x8b
 777 058c 1E       		.byte	0x1e
 778 058d 93060000 		.4byte	0x693
 779 0591 04       		.byte	0x4
 780 0592 00       		.byte	0
 781 0593 13       		.uleb128 0x13
 782 0594 08       		.byte	0x8
 783 0595 0C       		.byte	0xc
 784 0596 90       		.byte	0x90
 785 0597 0C       		.byte	0xc
 786 0598 B6050000 		.4byte	0x5b6
 787 059c 0C       		.uleb128 0xc
 788 059d 747000   		.ascii	"tp\000"
 789 05a0 0C       		.byte	0xc
 790 05a1 94       		.byte	0x94
 791 05a2 1E       		.byte	0x1e
 792 05a3 8D060000 		.4byte	0x68d
 793 05a7 00       		.byte	0
 794 05a8 0C       		.uleb128 0xc
 795 05a9 6D736700 		.ascii	"msg\000"
 796 05ad 0C       		.byte	0xc
 797 05ae 98       		.byte	0x98
 798 05af 1D       		.byte	0x1d
ARM GAS  /tmp/ccugAzZM.s 			page 15


 799 05b0 78010000 		.4byte	0x178
 800 05b4 04       		.byte	0x4
 801 05b5 00       		.byte	0
 802 05b6 13       		.uleb128 0x13
 803 05b7 04       		.byte	0x4
 804 05b8 0C       		.byte	0xc
 805 05b9 9D       		.byte	0x9d
 806 05ba 0C       		.byte	0xc
 807 05bb CD050000 		.4byte	0x5cd
 808 05bf 0D       		.uleb128 0xd
 809 05c0 19000000 		.4byte	.LASF48
 810 05c4 0C       		.byte	0xc
 811 05c5 A1       		.byte	0xa1
 812 05c6 1E       		.byte	0x1e
 813 05c7 1D040000 		.4byte	0x41d
 814 05cb 00       		.byte	0
 815 05cc 00       		.byte	0
 816 05cd 13       		.uleb128 0x13
 817 05ce 04       		.byte	0x4
 818 05cf 0C       		.byte	0xc
 819 05d0 A6       		.byte	0xa6
 820 05d1 0C       		.byte	0xc
 821 05d2 E4050000 		.4byte	0x5e4
 822 05d6 0D       		.uleb128 0xd
 823 05d7 9D020000 		.4byte	.LASF93
 824 05db 0C       		.byte	0xc
 825 05dc AA       		.byte	0xaa
 826 05dd 1E       		.byte	0x1e
 827 05de 1D040000 		.4byte	0x41d
 828 05e2 00       		.byte	0
 829 05e3 00       		.byte	0
 830 05e4 13       		.uleb128 0x13
 831 05e5 08       		.byte	0x8
 832 05e6 0C       		.byte	0xc
 833 05e7 AF       		.byte	0xaf
 834 05e8 0C       		.byte	0xc
 835 05e9 08060000 		.4byte	0x608
 836 05ed 0C       		.uleb128 0xc
 837 05ee 75703100 		.ascii	"up1\000"
 838 05f2 0C       		.byte	0xc
 839 05f3 B3       		.byte	0xb3
 840 05f4 1E       		.byte	0x1e
 841 05f5 93060000 		.4byte	0x693
 842 05f9 00       		.byte	0
 843 05fa 0C       		.uleb128 0xc
 844 05fb 75703200 		.ascii	"up2\000"
 845 05ff 0C       		.byte	0xc
 846 0600 B7       		.byte	0xb7
 847 0601 1E       		.byte	0x1e
 848 0602 93060000 		.4byte	0x693
 849 0606 04       		.byte	0x4
 850 0607 00       		.byte	0
 851 0608 14       		.uleb128 0x14
 852 0609 737700   		.ascii	"sw\000"
 853 060c 0C       		.byte	0xc
 854 060d 8C       		.byte	0x8c
 855 060e 07       		.byte	0x7
ARM GAS  /tmp/ccugAzZM.s 			page 16


 856 060f 6F050000 		.4byte	0x56f
 857 0613 14       		.uleb128 0x14
 858 0614 72647900 		.ascii	"rdy\000"
 859 0618 0C       		.byte	0xc
 860 0619 99       		.byte	0x99
 861 061a 07       		.byte	0x7
 862 061b 93050000 		.4byte	0x593
 863 061f 14       		.uleb128 0x14
 864 0620 69737200 		.ascii	"isr\000"
 865 0624 0C       		.byte	0xc
 866 0625 A2       		.byte	0xa2
 867 0626 07       		.byte	0x7
 868 0627 B6050000 		.4byte	0x5b6
 869 062b 0A       		.uleb128 0xa
 870 062c 7A020000 		.4byte	.LASF94
 871 0630 0C       		.byte	0xc
 872 0631 AB       		.byte	0xab
 873 0632 07       		.byte	0x7
 874 0633 CD050000 		.4byte	0x5cd
 875 0637 0A       		.uleb128 0xa
 876 0638 83030000 		.4byte	.LASF95
 877 063c 0C       		.byte	0xc
 878 063d B8       		.byte	0xb8
 879 063e 07       		.byte	0x7
 880 063f E4050000 		.4byte	0x5e4
 881 0643 00       		.byte	0
 882 0644 15       		.uleb128 0x15
 883 0645 B8090000 		.4byte	.LASF96
 884 0649 0C       		.byte	0xc
 885 064a 70       		.byte	0x70
 886 064b 19       		.byte	0x19
 887 064c FD000000 		.4byte	0xfd
 888 0650 04       		.byte	0x4
 889 0651 03       		.byte	0x3
 890 0652 1D       		.byte	0x1d
 891 0653 00       		.byte	0
 892 0654 15       		.uleb128 0x15
 893 0655 310A0000 		.4byte	.LASF50
 894 0659 0C       		.byte	0xc
 895 065a 74       		.byte	0x74
 896 065b 19       		.byte	0x19
 897 065c FD000000 		.4byte	0xfd
 898 0660 04       		.byte	0x4
 899 0661 05       		.byte	0x5
 900 0662 18       		.byte	0x18
 901 0663 00       		.byte	0
 902 0664 15       		.uleb128 0x15
 903 0665 46090000 		.4byte	.LASF97
 904 0669 0C       		.byte	0xc
 905 066a 7A       		.byte	0x7a
 906 066b 19       		.byte	0x19
 907 066c FD000000 		.4byte	0xfd
 908 0670 04       		.byte	0x4
 909 0671 18       		.byte	0x18
 910 0672 00       		.byte	0
 911 0673 00       		.byte	0
 912 0674 0D       		.uleb128 0xd
ARM GAS  /tmp/ccugAzZM.s 			page 17


 913 0675 F3020000 		.4byte	.LASF98
 914 0679 0C       		.byte	0xc
 915 067a 7E       		.byte	0x7e
 916 067b 19       		.byte	0x19
 917 067c 40040000 		.4byte	0x440
 918 0680 04       		.byte	0x4
 919 0681 0C       		.uleb128 0xc
 920 0682 7500     		.ascii	"u\000"
 921 0684 0C       		.byte	0xc
 922 0685 B9       		.byte	0xb9
 923 0686 05       		.byte	0x5
 924 0687 66050000 		.4byte	0x566
 925 068b 08       		.byte	0x8
 926 068c 00       		.byte	0
 927 068d 11       		.uleb128 0x11
 928 068e 04       		.byte	0x4
 929 068f A8010000 		.4byte	0x1a8
 930 0693 16       		.uleb128 0x16
 931 0694 04       		.byte	0x4
 932 0695 03       		.uleb128 0x3
 933 0696 ED010000 		.4byte	.LASF99
 934 069a 0C       		.byte	0xc
 935 069b BA       		.byte	0xba
 936 069c 03       		.byte	0x3
 937 069d 59050000 		.4byte	0x559
 938 06a1 17       		.uleb128 0x17
 939 06a2 0808     		.2byte	0x808
 940 06a4 0C       		.byte	0xc
 941 06a5 C0       		.byte	0xc0
 942 06a6 10       		.byte	0x10
 943 06a7 89050000 		.4byte	.LASF296
 944 06ab E4060000 		.4byte	0x6e4
 945 06af 0D       		.uleb128 0xd
 946 06b0 77000000 		.4byte	.LASF100
 947 06b4 0C       		.byte	0xc
 948 06b5 C4       		.byte	0xc4
 949 06b6 19       		.byte	0x19
 950 06b7 E5000000 		.4byte	0xe5
 951 06bb 00       		.byte	0
 952 06bc 0D       		.uleb128 0xd
 953 06bd 9A060000 		.4byte	.LASF101
 954 06c1 0C       		.byte	0xc
 955 06c2 C8       		.byte	0xc8
 956 06c3 19       		.byte	0x19
 957 06c4 E5000000 		.4byte	0xe5
 958 06c8 02       		.byte	0x2
 959 06c9 0C       		.uleb128 0xc
 960 06ca 70747200 		.ascii	"ptr\000"
 961 06ce 0C       		.byte	0xc
 962 06cf CC       		.byte	0xcc
 963 06d0 1A       		.byte	0x1a
 964 06d1 E4060000 		.4byte	0x6e4
 965 06d5 04       		.byte	0x4
 966 06d6 0D       		.uleb128 0xd
 967 06d7 70000000 		.4byte	.LASF102
 968 06db 0C       		.byte	0xc
 969 06dc D0       		.byte	0xd0
ARM GAS  /tmp/ccugAzZM.s 			page 18


 970 06dd 19       		.byte	0x19
 971 06de EA060000 		.4byte	0x6ea
 972 06e2 08       		.byte	0x8
 973 06e3 00       		.byte	0
 974 06e4 11       		.uleb128 0x11
 975 06e5 04       		.byte	0x4
 976 06e6 95060000 		.4byte	0x695
 977 06ea 18       		.uleb128 0x18
 978 06eb 95060000 		.4byte	0x695
 979 06ef FA060000 		.4byte	0x6fa
 980 06f3 19       		.uleb128 0x19
 981 06f4 30000000 		.4byte	0x30
 982 06f8 7F       		.byte	0x7f
 983 06f9 00       		.byte	0
 984 06fa 03       		.uleb128 0x3
 985 06fb 05070000 		.4byte	.LASF103
 986 06ff 0C       		.byte	0xc
 987 0700 D1       		.byte	0xd1
 988 0701 03       		.byte	0x3
 989 0702 A1060000 		.4byte	0x6a1
 990 0706 1A       		.uleb128 0x1a
 991 0707 AC02     		.2byte	0x2ac
 992 0709 0D       		.byte	0xd
 993 070a C801     		.2byte	0x1c8
 994 070c 01       		.byte	0x1
 995 070d 45040000 		.4byte	.LASF297
 996 0711 EA090000 		.4byte	0x9ea
 997 0715 0F       		.uleb128 0xf
 998 0716 C6030000 		.4byte	.LASF104
 999 071a 0D       		.byte	0xd
 1000 071b C901     		.2byte	0x1c9
 1001 071d 12       		.byte	0x12
 1002 071e 0E010000 		.4byte	0x10e
 1003 0722 00       		.byte	0
 1004 0723 0F       		.uleb128 0xf
 1005 0724 22090000 		.4byte	.LASF105
 1006 0728 0D       		.byte	0xd
 1007 0729 CA01     		.2byte	0x1ca
 1008 072b 12       		.byte	0x12
 1009 072c 09010000 		.4byte	0x109
 1010 0730 04       		.byte	0x4
 1011 0731 0F       		.uleb128 0xf
 1012 0732 DA080000 		.4byte	.LASF106
 1013 0736 0D       		.byte	0xd
 1014 0737 CB01     		.2byte	0x1cb
 1015 0739 12       		.byte	0x12
 1016 073a 09010000 		.4byte	0x109
 1017 073e 08       		.byte	0x8
 1018 073f 0F       		.uleb128 0xf
 1019 0740 E8040000 		.4byte	.LASF107
 1020 0744 0D       		.byte	0xd
 1021 0745 CC01     		.2byte	0x1cc
 1022 0747 12       		.byte	0x12
 1023 0748 09010000 		.4byte	0x109
 1024 074c 0C       		.byte	0xc
 1025 074d 0E       		.uleb128 0xe
 1026 074e 53435200 		.ascii	"SCR\000"
ARM GAS  /tmp/ccugAzZM.s 			page 19


 1027 0752 0D       		.byte	0xd
 1028 0753 CD01     		.2byte	0x1cd
 1029 0755 12       		.byte	0x12
 1030 0756 09010000 		.4byte	0x109
 1031 075a 10       		.byte	0x10
 1032 075b 0E       		.uleb128 0xe
 1033 075c 43435200 		.ascii	"CCR\000"
 1034 0760 0D       		.byte	0xd
 1035 0761 CE01     		.2byte	0x1ce
 1036 0763 12       		.byte	0x12
 1037 0764 09010000 		.4byte	0x109
 1038 0768 14       		.byte	0x14
 1039 0769 0F       		.uleb128 0xf
 1040 076a CC030000 		.4byte	.LASF108
 1041 076e 0D       		.byte	0xd
 1042 076f CF01     		.2byte	0x1cf
 1043 0771 12       		.byte	0x12
 1044 0772 FA090000 		.4byte	0x9fa
 1045 0776 18       		.byte	0x18
 1046 0777 0F       		.uleb128 0xf
 1047 0778 BF070000 		.4byte	.LASF109
 1048 077c 0D       		.byte	0xd
 1049 077d D001     		.2byte	0x1d0
 1050 077f 12       		.byte	0x12
 1051 0780 09010000 		.4byte	0x109
 1052 0784 24       		.byte	0x24
 1053 0785 0F       		.uleb128 0xf
 1054 0786 34060000 		.4byte	.LASF110
 1055 078a 0D       		.byte	0xd
 1056 078b D101     		.2byte	0x1d1
 1057 078d 12       		.byte	0x12
 1058 078e 09010000 		.4byte	0x109
 1059 0792 28       		.byte	0x28
 1060 0793 0F       		.uleb128 0xf
 1061 0794 4F040000 		.4byte	.LASF111
 1062 0798 0D       		.byte	0xd
 1063 0799 D201     		.2byte	0x1d2
 1064 079b 12       		.byte	0x12
 1065 079c 09010000 		.4byte	0x109
 1066 07a0 2C       		.byte	0x2c
 1067 07a1 0F       		.uleb128 0xf
 1068 07a2 BE000000 		.4byte	.LASF112
 1069 07a6 0D       		.byte	0xd
 1070 07a7 D301     		.2byte	0x1d3
 1071 07a9 12       		.byte	0x12
 1072 07aa 09010000 		.4byte	0x109
 1073 07ae 30       		.byte	0x30
 1074 07af 0F       		.uleb128 0xf
 1075 07b0 8E070000 		.4byte	.LASF113
 1076 07b4 0D       		.byte	0xd
 1077 07b5 D401     		.2byte	0x1d4
 1078 07b7 12       		.byte	0x12
 1079 07b8 09010000 		.4byte	0x109
 1080 07bc 34       		.byte	0x34
 1081 07bd 0F       		.uleb128 0xf
 1082 07be 1D0B0000 		.4byte	.LASF114
 1083 07c2 0D       		.byte	0xd
ARM GAS  /tmp/ccugAzZM.s 			page 20


 1084 07c3 D501     		.2byte	0x1d5
 1085 07c5 12       		.byte	0x12
 1086 07c6 09010000 		.4byte	0x109
 1087 07ca 38       		.byte	0x38
 1088 07cb 0F       		.uleb128 0xf
 1089 07cc F1030000 		.4byte	.LASF115
 1090 07d0 0D       		.byte	0xd
 1091 07d1 D601     		.2byte	0x1d6
 1092 07d3 12       		.byte	0x12
 1093 07d4 09010000 		.4byte	0x109
 1094 07d8 3C       		.byte	0x3c
 1095 07d9 0F       		.uleb128 0xf
 1096 07da A9060000 		.4byte	.LASF116
 1097 07de 0D       		.byte	0xd
 1098 07df D701     		.2byte	0x1d7
 1099 07e1 12       		.byte	0x12
 1100 07e2 140A0000 		.4byte	0xa14
 1101 07e6 40       		.byte	0x40
 1102 07e7 0F       		.uleb128 0xf
 1103 07e8 DA040000 		.4byte	.LASF117
 1104 07ec 0D       		.byte	0xd
 1105 07ed D801     		.2byte	0x1d8
 1106 07ef 12       		.byte	0x12
 1107 07f0 0E010000 		.4byte	0x10e
 1108 07f4 48       		.byte	0x48
 1109 07f5 0F       		.uleb128 0xf
 1110 07f6 96020000 		.4byte	.LASF118
 1111 07fa 0D       		.byte	0xd
 1112 07fb D901     		.2byte	0x1d9
 1113 07fd 12       		.byte	0x12
 1114 07fe 0E010000 		.4byte	0x10e
 1115 0802 4C       		.byte	0x4c
 1116 0803 0F       		.uleb128 0xf
 1117 0804 AB030000 		.4byte	.LASF119
 1118 0808 0D       		.byte	0xd
 1119 0809 DA01     		.2byte	0x1da
 1120 080b 12       		.byte	0x12
 1121 080c 2E0A0000 		.4byte	0xa2e
 1122 0810 50       		.byte	0x50
 1123 0811 0F       		.uleb128 0xf
 1124 0812 30070000 		.4byte	.LASF120
 1125 0816 0D       		.byte	0xd
 1126 0817 DB01     		.2byte	0x1db
 1127 0819 12       		.byte	0x12
 1128 081a 480A0000 		.4byte	0xa48
 1129 081e 60       		.byte	0x60
 1130 081f 0F       		.uleb128 0xf
 1131 0820 AB070000 		.4byte	.LASF121
 1132 0824 0D       		.byte	0xd
 1133 0825 DC01     		.2byte	0x1dc
 1134 0827 12       		.byte	0x12
 1135 0828 4D0A0000 		.4byte	0xa4d
 1136 082c 74       		.byte	0x74
 1137 082d 0F       		.uleb128 0xf
 1138 082e 450B0000 		.4byte	.LASF122
 1139 0832 0D       		.byte	0xd
 1140 0833 DD01     		.2byte	0x1dd
ARM GAS  /tmp/ccugAzZM.s 			page 21


 1141 0835 12       		.byte	0x12
 1142 0836 0E010000 		.4byte	0x10e
 1143 083a 78       		.byte	0x78
 1144 083b 0E       		.uleb128 0xe
 1145 083c 43545200 		.ascii	"CTR\000"
 1146 0840 0D       		.byte	0xd
 1147 0841 DE01     		.2byte	0x1de
 1148 0843 12       		.byte	0x12
 1149 0844 0E010000 		.4byte	0x10e
 1150 0848 7C       		.byte	0x7c
 1151 0849 0F       		.uleb128 0xf
 1152 084a CA000000 		.4byte	.LASF123
 1153 084e 0D       		.byte	0xd
 1154 084f DF01     		.2byte	0x1df
 1155 0851 12       		.byte	0x12
 1156 0852 0E010000 		.4byte	0x10e
 1157 0856 80       		.byte	0x80
 1158 0857 0F       		.uleb128 0xf
 1159 0858 F4050000 		.4byte	.LASF124
 1160 085c 0D       		.byte	0xd
 1161 085d E001     		.2byte	0x1e0
 1162 085f 12       		.byte	0x12
 1163 0860 09010000 		.4byte	0x109
 1164 0864 84       		.byte	0x84
 1165 0865 0F       		.uleb128 0xf
 1166 0866 B40C0000 		.4byte	.LASF125
 1167 086a 0D       		.byte	0xd
 1168 086b E101     		.2byte	0x1e1
 1169 086d 12       		.byte	0x12
 1170 086e 09010000 		.4byte	0x109
 1171 0872 88       		.byte	0x88
 1172 0873 0F       		.uleb128 0xf
 1173 0874 C5070000 		.4byte	.LASF126
 1174 0878 0D       		.byte	0xd
 1175 0879 E201     		.2byte	0x1e2
 1176 087b 12       		.byte	0x12
 1177 087c 5D0A0000 		.4byte	0xa5d
 1178 0880 8C       		.byte	0x8c
 1179 0881 1B       		.uleb128 0x1b
 1180 0882 E8050000 		.4byte	.LASF127
 1181 0886 0D       		.byte	0xd
 1182 0887 E301     		.2byte	0x1e3
 1183 0889 12       		.byte	0x12
 1184 088a 09010000 		.4byte	0x109
 1185 088e 0002     		.2byte	0x200
 1186 0890 1B       		.uleb128 0x1b
 1187 0891 CF070000 		.4byte	.LASF128
 1188 0895 0D       		.byte	0xd
 1189 0896 E401     		.2byte	0x1e4
 1190 0898 12       		.byte	0x12
 1191 0899 6D0A0000 		.4byte	0xa6d
 1192 089d 0402     		.2byte	0x204
 1193 089f 1B       		.uleb128 0x1b
 1194 08a0 040B0000 		.4byte	.LASF129
 1195 08a4 0D       		.byte	0xd
 1196 08a5 E501     		.2byte	0x1e5
 1197 08a7 12       		.byte	0x12
ARM GAS  /tmp/ccugAzZM.s 			page 22


 1198 08a8 0E010000 		.4byte	0x10e
 1199 08ac 4002     		.2byte	0x240
 1200 08ae 1B       		.uleb128 0x1b
 1201 08af 17060000 		.4byte	.LASF130
 1202 08b3 0D       		.byte	0xd
 1203 08b4 E601     		.2byte	0x1e6
 1204 08b6 12       		.byte	0x12
 1205 08b7 0E010000 		.4byte	0x10e
 1206 08bb 4402     		.2byte	0x244
 1207 08bd 1B       		.uleb128 0x1b
 1208 08be 0A0B0000 		.4byte	.LASF131
 1209 08c2 0D       		.byte	0xd
 1210 08c3 E701     		.2byte	0x1e7
 1211 08c5 12       		.byte	0x12
 1212 08c6 0E010000 		.4byte	0x10e
 1213 08ca 4802     		.2byte	0x248
 1214 08cc 1B       		.uleb128 0x1b
 1215 08cd 550B0000 		.4byte	.LASF132
 1216 08d1 0D       		.byte	0xd
 1217 08d2 E801     		.2byte	0x1e8
 1218 08d4 12       		.byte	0x12
 1219 08d5 4D0A0000 		.4byte	0xa4d
 1220 08d9 4C02     		.2byte	0x24c
 1221 08db 1B       		.uleb128 0x1b
 1222 08dc B6000000 		.4byte	.LASF133
 1223 08e0 0D       		.byte	0xd
 1224 08e1 E901     		.2byte	0x1e9
 1225 08e3 12       		.byte	0x12
 1226 08e4 09010000 		.4byte	0x109
 1227 08e8 5002     		.2byte	0x250
 1228 08ea 1B       		.uleb128 0x1b
 1229 08eb D9070000 		.4byte	.LASF134
 1230 08ef 0D       		.byte	0xd
 1231 08f0 EA01     		.2byte	0x1ea
 1232 08f2 12       		.byte	0x12
 1233 08f3 4D0A0000 		.4byte	0xa4d
 1234 08f7 5402     		.2byte	0x254
 1235 08f9 1B       		.uleb128 0x1b
 1236 08fa E0030000 		.4byte	.LASF135
 1237 08fe 0D       		.byte	0xd
 1238 08ff EB01     		.2byte	0x1eb
 1239 0901 12       		.byte	0x12
 1240 0902 09010000 		.4byte	0x109
 1241 0906 5802     		.2byte	0x258
 1242 0908 1B       		.uleb128 0x1b
 1243 0909 7A040000 		.4byte	.LASF136
 1244 090d 0D       		.byte	0xd
 1245 090e EC01     		.2byte	0x1ec
 1246 0910 12       		.byte	0x12
 1247 0911 09010000 		.4byte	0x109
 1248 0915 5C02     		.2byte	0x25c
 1249 0917 1B       		.uleb128 0x1b
 1250 0918 6A000000 		.4byte	.LASF137
 1251 091c 0D       		.byte	0xd
 1252 091d ED01     		.2byte	0x1ed
 1253 091f 12       		.byte	0x12
 1254 0920 09010000 		.4byte	0x109
ARM GAS  /tmp/ccugAzZM.s 			page 23


 1255 0924 6002     		.2byte	0x260
 1256 0926 1B       		.uleb128 0x1b
 1257 0927 46060000 		.4byte	.LASF138
 1258 092b 0D       		.byte	0xd
 1259 092c EE01     		.2byte	0x1ee
 1260 092e 12       		.byte	0x12
 1261 092f 09010000 		.4byte	0x109
 1262 0933 6402     		.2byte	0x264
 1263 0935 1B       		.uleb128 0x1b
 1264 0936 26060000 		.4byte	.LASF139
 1265 093a 0D       		.byte	0xd
 1266 093b EF01     		.2byte	0x1ef
 1267 093d 12       		.byte	0x12
 1268 093e 09010000 		.4byte	0x109
 1269 0942 6802     		.2byte	0x268
 1270 0944 1B       		.uleb128 0x1b
 1271 0945 13000000 		.4byte	.LASF140
 1272 0949 0D       		.byte	0xd
 1273 094a F001     		.2byte	0x1f0
 1274 094c 12       		.byte	0x12
 1275 094d 09010000 		.4byte	0x109
 1276 0951 6C02     		.2byte	0x26c
 1277 0953 1B       		.uleb128 0x1b
 1278 0954 1D060000 		.4byte	.LASF141
 1279 0958 0D       		.byte	0xd
 1280 0959 F101     		.2byte	0x1f1
 1281 095b 12       		.byte	0x12
 1282 095c 09010000 		.4byte	0x109
 1283 0960 7002     		.2byte	0x270
 1284 0962 1B       		.uleb128 0x1b
 1285 0963 ED050000 		.4byte	.LASF142
 1286 0967 0D       		.byte	0xd
 1287 0968 F201     		.2byte	0x1f2
 1288 096a 12       		.byte	0x12
 1289 096b 09010000 		.4byte	0x109
 1290 096f 7402     		.2byte	0x274
 1291 0971 1B       		.uleb128 0x1b
 1292 0972 6D0B0000 		.4byte	.LASF143
 1293 0976 0D       		.byte	0xd
 1294 0977 F301     		.2byte	0x1f3
 1295 0979 12       		.byte	0x12
 1296 097a 7D0A0000 		.4byte	0xa7d
 1297 097e 7802     		.2byte	0x278
 1298 0980 1B       		.uleb128 0x1b
 1299 0981 B30A0000 		.4byte	.LASF144
 1300 0985 0D       		.byte	0xd
 1301 0986 F401     		.2byte	0x1f4
 1302 0988 12       		.byte	0x12
 1303 0989 09010000 		.4byte	0x109
 1304 098d 9002     		.2byte	0x290
 1305 098f 1B       		.uleb128 0x1b
 1306 0990 DB000000 		.4byte	.LASF145
 1307 0994 0D       		.byte	0xd
 1308 0995 F501     		.2byte	0x1f5
 1309 0997 12       		.byte	0x12
 1310 0998 09010000 		.4byte	0x109
 1311 099c 9402     		.2byte	0x294
ARM GAS  /tmp/ccugAzZM.s 			page 24


 1312 099e 1B       		.uleb128 0x1b
 1313 099f AF000000 		.4byte	.LASF146
 1314 09a3 0D       		.byte	0xd
 1315 09a4 F601     		.2byte	0x1f6
 1316 09a6 12       		.byte	0x12
 1317 09a7 09010000 		.4byte	0x109
 1318 09ab 9802     		.2byte	0x298
 1319 09ad 1B       		.uleb128 0x1b
 1320 09ae 9A050000 		.4byte	.LASF147
 1321 09b2 0D       		.byte	0xd
 1322 09b3 F701     		.2byte	0x1f7
 1323 09b5 12       		.byte	0x12
 1324 09b6 09010000 		.4byte	0x109
 1325 09ba 9C02     		.2byte	0x29c
 1326 09bc 1B       		.uleb128 0x1b
 1327 09bd D0020000 		.4byte	.LASF148
 1328 09c1 0D       		.byte	0xd
 1329 09c2 F801     		.2byte	0x1f8
 1330 09c4 12       		.byte	0x12
 1331 09c5 09010000 		.4byte	0x109
 1332 09c9 A002     		.2byte	0x2a0
 1333 09cb 1B       		.uleb128 0x1b
 1334 09cc E9070000 		.4byte	.LASF149
 1335 09d0 0D       		.byte	0xd
 1336 09d1 F901     		.2byte	0x1f9
 1337 09d3 12       		.byte	0x12
 1338 09d4 4D0A0000 		.4byte	0xa4d
 1339 09d8 A402     		.2byte	0x2a4
 1340 09da 1B       		.uleb128 0x1b
 1341 09db E3070000 		.4byte	.LASF150
 1342 09df 0D       		.byte	0xd
 1343 09e0 FA01     		.2byte	0x1fa
 1344 09e2 12       		.byte	0x12
 1345 09e3 09010000 		.4byte	0x109
 1346 09e7 A802     		.2byte	0x2a8
 1347 09e9 00       		.byte	0
 1348 09ea 18       		.uleb128 0x18
 1349 09eb CF000000 		.4byte	0xcf
 1350 09ef FA090000 		.4byte	0x9fa
 1351 09f3 19       		.uleb128 0x19
 1352 09f4 30000000 		.4byte	0x30
 1353 09f8 0B       		.byte	0xb
 1354 09f9 00       		.byte	0
 1355 09fa 06       		.uleb128 0x6
 1356 09fb EA090000 		.4byte	0x9ea
 1357 09ff 18       		.uleb128 0x18
 1358 0a00 0E010000 		.4byte	0x10e
 1359 0a04 0F0A0000 		.4byte	0xa0f
 1360 0a08 19       		.uleb128 0x19
 1361 0a09 30000000 		.4byte	0x30
 1362 0a0d 01       		.byte	0x1
 1363 0a0e 00       		.byte	0
 1364 0a0f 07       		.uleb128 0x7
 1365 0a10 FF090000 		.4byte	0x9ff
 1366 0a14 06       		.uleb128 0x6
 1367 0a15 0F0A0000 		.4byte	0xa0f
 1368 0a19 18       		.uleb128 0x18
ARM GAS  /tmp/ccugAzZM.s 			page 25


 1369 0a1a 0E010000 		.4byte	0x10e
 1370 0a1e 290A0000 		.4byte	0xa29
 1371 0a22 19       		.uleb128 0x19
 1372 0a23 30000000 		.4byte	0x30
 1373 0a27 03       		.byte	0x3
 1374 0a28 00       		.byte	0
 1375 0a29 07       		.uleb128 0x7
 1376 0a2a 190A0000 		.4byte	0xa19
 1377 0a2e 06       		.uleb128 0x6
 1378 0a2f 290A0000 		.4byte	0xa29
 1379 0a33 18       		.uleb128 0x18
 1380 0a34 0E010000 		.4byte	0x10e
 1381 0a38 430A0000 		.4byte	0xa43
 1382 0a3c 19       		.uleb128 0x19
 1383 0a3d 30000000 		.4byte	0x30
 1384 0a41 04       		.byte	0x4
 1385 0a42 00       		.byte	0
 1386 0a43 07       		.uleb128 0x7
 1387 0a44 330A0000 		.4byte	0xa33
 1388 0a48 06       		.uleb128 0x6
 1389 0a49 430A0000 		.4byte	0xa43
 1390 0a4d 18       		.uleb128 0x18
 1391 0a4e FD000000 		.4byte	0xfd
 1392 0a52 5D0A0000 		.4byte	0xa5d
 1393 0a56 19       		.uleb128 0x19
 1394 0a57 30000000 		.4byte	0x30
 1395 0a5b 00       		.byte	0
 1396 0a5c 00       		.byte	0
 1397 0a5d 18       		.uleb128 0x18
 1398 0a5e FD000000 		.4byte	0xfd
 1399 0a62 6D0A0000 		.4byte	0xa6d
 1400 0a66 19       		.uleb128 0x19
 1401 0a67 30000000 		.4byte	0x30
 1402 0a6b 5C       		.byte	0x5c
 1403 0a6c 00       		.byte	0
 1404 0a6d 18       		.uleb128 0x18
 1405 0a6e FD000000 		.4byte	0xfd
 1406 0a72 7D0A0000 		.4byte	0xa7d
 1407 0a76 19       		.uleb128 0x19
 1408 0a77 30000000 		.4byte	0x30
 1409 0a7b 0E       		.byte	0xe
 1410 0a7c 00       		.byte	0
 1411 0a7d 18       		.uleb128 0x18
 1412 0a7e FD000000 		.4byte	0xfd
 1413 0a82 8D0A0000 		.4byte	0xa8d
 1414 0a86 19       		.uleb128 0x19
 1415 0a87 30000000 		.4byte	0x30
 1416 0a8b 05       		.byte	0x5
 1417 0a8c 00       		.byte	0
 1418 0a8d 1C       		.uleb128 0x1c
 1419 0a8e C6080000 		.4byte	.LASF151
 1420 0a92 0D       		.byte	0xd
 1421 0a93 FB01     		.2byte	0x1fb
 1422 0a95 03       		.byte	0x3
 1423 0a96 06070000 		.4byte	0x706
 1424 0a9a 1D       		.uleb128 0x1d
 1425 0a9b 18       		.byte	0x18
ARM GAS  /tmp/ccugAzZM.s 			page 26


 1426 0a9c 0E       		.byte	0xe
 1427 0a9d 3202     		.2byte	0x232
 1428 0a9f 01       		.byte	0x1
 1429 0aa0 2A020000 		.4byte	.LASF156
 1430 0aa4 FC0A0000 		.4byte	0xafc
 1431 0aa8 0E       		.uleb128 0xe
 1432 0aa9 435200   		.ascii	"CR\000"
 1433 0aac 0E       		.byte	0xe
 1434 0aad 3302     		.2byte	0x233
 1435 0aaf 11       		.byte	0x11
 1436 0ab0 09010000 		.4byte	0x109
 1437 0ab4 00       		.byte	0
 1438 0ab5 0F       		.uleb128 0xf
 1439 0ab6 29010000 		.4byte	.LASF152
 1440 0aba 0E       		.byte	0xe
 1441 0abb 3402     		.2byte	0x234
 1442 0abd 11       		.byte	0x11
 1443 0abe 09010000 		.4byte	0x109
 1444 0ac2 04       		.byte	0x4
 1445 0ac3 0E       		.uleb128 0xe
 1446 0ac4 50415200 		.ascii	"PAR\000"
 1447 0ac8 0E       		.byte	0xe
 1448 0ac9 3502     		.2byte	0x235
 1449 0acb 11       		.byte	0x11
 1450 0acc 09010000 		.4byte	0x109
 1451 0ad0 08       		.byte	0x8
 1452 0ad1 0F       		.uleb128 0xf
 1453 0ad2 09040000 		.4byte	.LASF153
 1454 0ad6 0E       		.byte	0xe
 1455 0ad7 3602     		.2byte	0x236
 1456 0ad9 11       		.byte	0x11
 1457 0ada 09010000 		.4byte	0x109
 1458 0ade 0C       		.byte	0xc
 1459 0adf 0F       		.uleb128 0xf
 1460 0ae0 18090000 		.4byte	.LASF154
 1461 0ae4 0E       		.byte	0xe
 1462 0ae5 3702     		.2byte	0x237
 1463 0ae7 11       		.byte	0x11
 1464 0ae8 09010000 		.4byte	0x109
 1465 0aec 10       		.byte	0x10
 1466 0aed 0E       		.uleb128 0xe
 1467 0aee 46435200 		.ascii	"FCR\000"
 1468 0af2 0E       		.byte	0xe
 1469 0af3 3802     		.2byte	0x238
 1470 0af5 11       		.byte	0x11
 1471 0af6 09010000 		.4byte	0x109
 1472 0afa 14       		.byte	0x14
 1473 0afb 00       		.byte	0
 1474 0afc 1C       		.uleb128 0x1c
 1475 0afd 87060000 		.4byte	.LASF155
 1476 0b01 0E       		.byte	0xe
 1477 0b02 3902     		.2byte	0x239
 1478 0b04 03       		.byte	0x3
 1479 0b05 9A0A0000 		.4byte	0xa9a
 1480 0b09 1D       		.uleb128 0x1d
 1481 0b0a 04       		.byte	0x4
 1482 0b0b 0E       		.byte	0xe
ARM GAS  /tmp/ccugAzZM.s 			page 27


 1483 0b0c 5302     		.2byte	0x253
 1484 0b0e 01       		.byte	0x1
 1485 0b0f A4010000 		.4byte	.LASF157
 1486 0b13 260B0000 		.4byte	0xb26
 1487 0b17 0E       		.uleb128 0xe
 1488 0b18 43435200 		.ascii	"CCR\000"
 1489 0b1c 0E       		.byte	0xe
 1490 0b1d 5402     		.2byte	0x254
 1491 0b1f 12       		.byte	0x12
 1492 0b20 09010000 		.4byte	0x109
 1493 0b24 00       		.byte	0
 1494 0b25 00       		.byte	0
 1495 0b26 1C       		.uleb128 0x1c
 1496 0b27 70060000 		.4byte	.LASF158
 1497 0b2b 0E       		.byte	0xe
 1498 0b2c 5502     		.2byte	0x255
 1499 0b2e 02       		.byte	0x2
 1500 0b2f 090B0000 		.4byte	0xb09
 1501 0b33 18       		.uleb128 0x18
 1502 0b34 FD000000 		.4byte	0xfd
 1503 0b38 430B0000 		.4byte	0xb43
 1504 0b3c 19       		.uleb128 0x19
 1505 0b3d 30000000 		.4byte	0x30
 1506 0b41 02       		.byte	0x2
 1507 0b42 00       		.byte	0
 1508 0b43 1D       		.uleb128 0x1d
 1509 0b44 54       		.byte	0x54
 1510 0b45 0E       		.byte	0xe
 1511 0b46 C605     		.2byte	0x5c6
 1512 0b48 01       		.byte	0x1
 1513 0b49 5F0B0000 		.4byte	.LASF159
 1514 0b4d 3F0C0000 		.4byte	0xc3f
 1515 0b51 0E       		.uleb128 0xe
 1516 0b52 43523100 		.ascii	"CR1\000"
 1517 0b56 0E       		.byte	0xe
 1518 0b57 C705     		.2byte	0x5c7
 1519 0b59 11       		.byte	0x11
 1520 0b5a 09010000 		.4byte	0x109
 1521 0b5e 00       		.byte	0
 1522 0b5f 0E       		.uleb128 0xe
 1523 0b60 43523200 		.ascii	"CR2\000"
 1524 0b64 0E       		.byte	0xe
 1525 0b65 C805     		.2byte	0x5c8
 1526 0b67 11       		.byte	0x11
 1527 0b68 09010000 		.4byte	0x109
 1528 0b6c 04       		.byte	0x4
 1529 0b6d 0F       		.uleb128 0xf
 1530 0b6e 3F080000 		.4byte	.LASF160
 1531 0b72 0E       		.byte	0xe
 1532 0b73 C905     		.2byte	0x5c9
 1533 0b75 11       		.byte	0x11
 1534 0b76 09010000 		.4byte	0x109
 1535 0b7a 08       		.byte	0x8
 1536 0b7b 0F       		.uleb128 0xf
 1537 0b7c 44080000 		.4byte	.LASF161
 1538 0b80 0E       		.byte	0xe
 1539 0b81 CA05     		.2byte	0x5ca
ARM GAS  /tmp/ccugAzZM.s 			page 28


 1540 0b83 11       		.byte	0x11
 1541 0b84 09010000 		.4byte	0x109
 1542 0b88 0C       		.byte	0xc
 1543 0b89 0E       		.uleb128 0xe
 1544 0b8a 49455200 		.ascii	"IER\000"
 1545 0b8e 0E       		.byte	0xe
 1546 0b8f CB05     		.2byte	0x5cb
 1547 0b91 11       		.byte	0x11
 1548 0b92 09010000 		.4byte	0x109
 1549 0b96 10       		.byte	0x10
 1550 0b97 0E       		.uleb128 0xe
 1551 0b98 535200   		.ascii	"SR\000"
 1552 0b9b 0E       		.byte	0xe
 1553 0b9c CC05     		.2byte	0x5cc
 1554 0b9e 11       		.byte	0x11
 1555 0b9f 09010000 		.4byte	0x109
 1556 0ba3 14       		.byte	0x14
 1557 0ba4 0F       		.uleb128 0xf
 1558 0ba5 EF0A0000 		.4byte	.LASF162
 1559 0ba9 0E       		.byte	0xe
 1560 0baa CD05     		.2byte	0x5cd
 1561 0bac 11       		.byte	0x11
 1562 0bad 09010000 		.4byte	0x109
 1563 0bb1 18       		.byte	0x18
 1564 0bb2 0F       		.uleb128 0xf
 1565 0bb3 AB070000 		.4byte	.LASF121
 1566 0bb7 0E       		.byte	0xe
 1567 0bb8 CE05     		.2byte	0x5ce
 1568 0bba 11       		.byte	0x11
 1569 0bbb FD000000 		.4byte	0xfd
 1570 0bbf 1C       		.byte	0x1c
 1571 0bc0 0F       		.uleb128 0xf
 1572 0bc1 84050000 		.4byte	.LASF163
 1573 0bc5 0E       		.byte	0xe
 1574 0bc6 CF05     		.2byte	0x5cf
 1575 0bc8 11       		.byte	0x11
 1576 0bc9 09010000 		.4byte	0x109
 1577 0bcd 20       		.byte	0x20
 1578 0bce 0F       		.uleb128 0xf
 1579 0bcf B5070000 		.4byte	.LASF164
 1580 0bd3 0E       		.byte	0xe
 1581 0bd4 D005     		.2byte	0x5d0
 1582 0bd6 11       		.byte	0x11
 1583 0bd7 330B0000 		.4byte	0xb33
 1584 0bdb 24       		.byte	0x24
 1585 0bdc 0F       		.uleb128 0xf
 1586 0bdd 9E030000 		.4byte	.LASF165
 1587 0be1 0E       		.byte	0xe
 1588 0be2 D105     		.2byte	0x5d1
 1589 0be4 11       		.byte	0x11
 1590 0be5 09010000 		.4byte	0x109
 1591 0be9 30       		.byte	0x30
 1592 0bea 0F       		.uleb128 0xf
 1593 0beb 4B0B0000 		.4byte	.LASF166
 1594 0bef 0E       		.byte	0xe
 1595 0bf0 D205     		.2byte	0x5d2
 1596 0bf2 11       		.byte	0x11
ARM GAS  /tmp/ccugAzZM.s 			page 29


 1597 0bf3 330B0000 		.4byte	0xb33
 1598 0bf7 34       		.byte	0x34
 1599 0bf8 0F       		.uleb128 0xf
 1600 0bf9 37080000 		.4byte	.LASF167
 1601 0bfd 0E       		.byte	0xe
 1602 0bfe D305     		.2byte	0x5d3
 1603 0c00 11       		.byte	0x11
 1604 0c01 09010000 		.4byte	0x109
 1605 0c05 40       		.byte	0x40
 1606 0c06 0F       		.uleb128 0xf
 1607 0c07 60050000 		.4byte	.LASF168
 1608 0c0b 0E       		.byte	0xe
 1609 0c0c D405     		.2byte	0x5d4
 1610 0c0e 11       		.byte	0x11
 1611 0c0f 09010000 		.4byte	0x109
 1612 0c13 44       		.byte	0x44
 1613 0c14 0F       		.uleb128 0xf
 1614 0c15 60010000 		.4byte	.LASF169
 1615 0c19 0E       		.byte	0xe
 1616 0c1a D505     		.2byte	0x5d5
 1617 0c1c 11       		.byte	0x11
 1618 0c1d 09010000 		.4byte	0x109
 1619 0c21 48       		.byte	0x48
 1620 0c22 0F       		.uleb128 0xf
 1621 0c23 59080000 		.4byte	.LASF170
 1622 0c27 0E       		.byte	0xe
 1623 0c28 D605     		.2byte	0x5d6
 1624 0c2a 11       		.byte	0x11
 1625 0c2b 09010000 		.4byte	0x109
 1626 0c2f 4C       		.byte	0x4c
 1627 0c30 0F       		.uleb128 0xf
 1628 0c31 92080000 		.4byte	.LASF171
 1629 0c35 0E       		.byte	0xe
 1630 0c36 D705     		.2byte	0x5d7
 1631 0c38 11       		.byte	0x11
 1632 0c39 09010000 		.4byte	0x109
 1633 0c3d 50       		.byte	0x50
 1634 0c3e 00       		.byte	0
 1635 0c3f 1C       		.uleb128 0x1c
 1636 0c40 370A0000 		.4byte	.LASF172
 1637 0c44 0E       		.byte	0xe
 1638 0c45 D905     		.2byte	0x5d9
 1639 0c47 03       		.byte	0x3
 1640 0c48 430B0000 		.4byte	0xb43
 1641 0c4c 1E       		.uleb128 0x1e
 1642 0c4d 20080000 		.4byte	.LASF173
 1643 0c51 64       		.byte	0x64
 1644 0c52 0F       		.byte	0xf
 1645 0c53 E001     		.2byte	0x1e0
 1646 0c55 08       		.byte	0x8
 1647 0c56 B20D0000 		.4byte	0xdb2
 1648 0c5a 0E       		.uleb128 0xe
 1649 0c5b 73313600 		.ascii	"s16\000"
 1650 0c5f 0F       		.byte	0xf
 1651 0c60 E801     		.2byte	0x1e8
 1652 0c62 11       		.byte	0x11
 1653 0c63 FD000000 		.4byte	0xfd
ARM GAS  /tmp/ccugAzZM.s 			page 30


 1654 0c67 00       		.byte	0
 1655 0c68 0E       		.uleb128 0xe
 1656 0c69 73313700 		.ascii	"s17\000"
 1657 0c6d 0F       		.byte	0xf
 1658 0c6e E901     		.2byte	0x1e9
 1659 0c70 11       		.byte	0x11
 1660 0c71 FD000000 		.4byte	0xfd
 1661 0c75 04       		.byte	0x4
 1662 0c76 0E       		.uleb128 0xe
 1663 0c77 73313800 		.ascii	"s18\000"
 1664 0c7b 0F       		.byte	0xf
 1665 0c7c EA01     		.2byte	0x1ea
 1666 0c7e 11       		.byte	0x11
 1667 0c7f FD000000 		.4byte	0xfd
 1668 0c83 08       		.byte	0x8
 1669 0c84 0E       		.uleb128 0xe
 1670 0c85 73313900 		.ascii	"s19\000"
 1671 0c89 0F       		.byte	0xf
 1672 0c8a EB01     		.2byte	0x1eb
 1673 0c8c 11       		.byte	0x11
 1674 0c8d FD000000 		.4byte	0xfd
 1675 0c91 0C       		.byte	0xc
 1676 0c92 0E       		.uleb128 0xe
 1677 0c93 73323000 		.ascii	"s20\000"
 1678 0c97 0F       		.byte	0xf
 1679 0c98 EC01     		.2byte	0x1ec
 1680 0c9a 11       		.byte	0x11
 1681 0c9b FD000000 		.4byte	0xfd
 1682 0c9f 10       		.byte	0x10
 1683 0ca0 0E       		.uleb128 0xe
 1684 0ca1 73323100 		.ascii	"s21\000"
 1685 0ca5 0F       		.byte	0xf
 1686 0ca6 ED01     		.2byte	0x1ed
 1687 0ca8 11       		.byte	0x11
 1688 0ca9 FD000000 		.4byte	0xfd
 1689 0cad 14       		.byte	0x14
 1690 0cae 0E       		.uleb128 0xe
 1691 0caf 73323200 		.ascii	"s22\000"
 1692 0cb3 0F       		.byte	0xf
 1693 0cb4 EE01     		.2byte	0x1ee
 1694 0cb6 11       		.byte	0x11
 1695 0cb7 FD000000 		.4byte	0xfd
 1696 0cbb 18       		.byte	0x18
 1697 0cbc 0E       		.uleb128 0xe
 1698 0cbd 73323300 		.ascii	"s23\000"
 1699 0cc1 0F       		.byte	0xf
 1700 0cc2 EF01     		.2byte	0x1ef
 1701 0cc4 11       		.byte	0x11
 1702 0cc5 FD000000 		.4byte	0xfd
 1703 0cc9 1C       		.byte	0x1c
 1704 0cca 0E       		.uleb128 0xe
 1705 0ccb 73323400 		.ascii	"s24\000"
 1706 0ccf 0F       		.byte	0xf
 1707 0cd0 F001     		.2byte	0x1f0
 1708 0cd2 11       		.byte	0x11
 1709 0cd3 FD000000 		.4byte	0xfd
 1710 0cd7 20       		.byte	0x20
ARM GAS  /tmp/ccugAzZM.s 			page 31


 1711 0cd8 0E       		.uleb128 0xe
 1712 0cd9 73323500 		.ascii	"s25\000"
 1713 0cdd 0F       		.byte	0xf
 1714 0cde F101     		.2byte	0x1f1
 1715 0ce0 11       		.byte	0x11
 1716 0ce1 FD000000 		.4byte	0xfd
 1717 0ce5 24       		.byte	0x24
 1718 0ce6 0E       		.uleb128 0xe
 1719 0ce7 73323600 		.ascii	"s26\000"
 1720 0ceb 0F       		.byte	0xf
 1721 0cec F201     		.2byte	0x1f2
 1722 0cee 11       		.byte	0x11
 1723 0cef FD000000 		.4byte	0xfd
 1724 0cf3 28       		.byte	0x28
 1725 0cf4 0E       		.uleb128 0xe
 1726 0cf5 73323700 		.ascii	"s27\000"
 1727 0cf9 0F       		.byte	0xf
 1728 0cfa F301     		.2byte	0x1f3
 1729 0cfc 11       		.byte	0x11
 1730 0cfd FD000000 		.4byte	0xfd
 1731 0d01 2C       		.byte	0x2c
 1732 0d02 0E       		.uleb128 0xe
 1733 0d03 73323800 		.ascii	"s28\000"
 1734 0d07 0F       		.byte	0xf
 1735 0d08 F401     		.2byte	0x1f4
 1736 0d0a 11       		.byte	0x11
 1737 0d0b FD000000 		.4byte	0xfd
 1738 0d0f 30       		.byte	0x30
 1739 0d10 0E       		.uleb128 0xe
 1740 0d11 73323900 		.ascii	"s29\000"
 1741 0d15 0F       		.byte	0xf
 1742 0d16 F501     		.2byte	0x1f5
 1743 0d18 11       		.byte	0x11
 1744 0d19 FD000000 		.4byte	0xfd
 1745 0d1d 34       		.byte	0x34
 1746 0d1e 0E       		.uleb128 0xe
 1747 0d1f 73333000 		.ascii	"s30\000"
 1748 0d23 0F       		.byte	0xf
 1749 0d24 F601     		.2byte	0x1f6
 1750 0d26 11       		.byte	0x11
 1751 0d27 FD000000 		.4byte	0xfd
 1752 0d2b 38       		.byte	0x38
 1753 0d2c 0E       		.uleb128 0xe
 1754 0d2d 73333100 		.ascii	"s31\000"
 1755 0d31 0F       		.byte	0xf
 1756 0d32 F701     		.2byte	0x1f7
 1757 0d34 11       		.byte	0x11
 1758 0d35 FD000000 		.4byte	0xfd
 1759 0d39 3C       		.byte	0x3c
 1760 0d3a 0E       		.uleb128 0xe
 1761 0d3b 723400   		.ascii	"r4\000"
 1762 0d3e 0F       		.byte	0xf
 1763 0d3f F901     		.2byte	0x1f9
 1764 0d41 11       		.byte	0x11
 1765 0d42 FD000000 		.4byte	0xfd
 1766 0d46 40       		.byte	0x40
 1767 0d47 0E       		.uleb128 0xe
ARM GAS  /tmp/ccugAzZM.s 			page 32


 1768 0d48 723500   		.ascii	"r5\000"
 1769 0d4b 0F       		.byte	0xf
 1770 0d4c FA01     		.2byte	0x1fa
 1771 0d4e 11       		.byte	0x11
 1772 0d4f FD000000 		.4byte	0xfd
 1773 0d53 44       		.byte	0x44
 1774 0d54 0E       		.uleb128 0xe
 1775 0d55 723600   		.ascii	"r6\000"
 1776 0d58 0F       		.byte	0xf
 1777 0d59 FB01     		.2byte	0x1fb
 1778 0d5b 11       		.byte	0x11
 1779 0d5c FD000000 		.4byte	0xfd
 1780 0d60 48       		.byte	0x48
 1781 0d61 0E       		.uleb128 0xe
 1782 0d62 723700   		.ascii	"r7\000"
 1783 0d65 0F       		.byte	0xf
 1784 0d66 FC01     		.2byte	0x1fc
 1785 0d68 11       		.byte	0x11
 1786 0d69 FD000000 		.4byte	0xfd
 1787 0d6d 4C       		.byte	0x4c
 1788 0d6e 0E       		.uleb128 0xe
 1789 0d6f 723800   		.ascii	"r8\000"
 1790 0d72 0F       		.byte	0xf
 1791 0d73 FD01     		.2byte	0x1fd
 1792 0d75 11       		.byte	0x11
 1793 0d76 FD000000 		.4byte	0xfd
 1794 0d7a 50       		.byte	0x50
 1795 0d7b 0E       		.uleb128 0xe
 1796 0d7c 723900   		.ascii	"r9\000"
 1797 0d7f 0F       		.byte	0xf
 1798 0d80 FE01     		.2byte	0x1fe
 1799 0d82 11       		.byte	0x11
 1800 0d83 FD000000 		.4byte	0xfd
 1801 0d87 54       		.byte	0x54
 1802 0d88 0E       		.uleb128 0xe
 1803 0d89 72313000 		.ascii	"r10\000"
 1804 0d8d 0F       		.byte	0xf
 1805 0d8e FF01     		.2byte	0x1ff
 1806 0d90 11       		.byte	0x11
 1807 0d91 FD000000 		.4byte	0xfd
 1808 0d95 58       		.byte	0x58
 1809 0d96 0E       		.uleb128 0xe
 1810 0d97 72313100 		.ascii	"r11\000"
 1811 0d9b 0F       		.byte	0xf
 1812 0d9c 0002     		.2byte	0x200
 1813 0d9e 11       		.byte	0x11
 1814 0d9f FD000000 		.4byte	0xfd
 1815 0da3 5C       		.byte	0x5c
 1816 0da4 0E       		.uleb128 0xe
 1817 0da5 6C7200   		.ascii	"lr\000"
 1818 0da8 0F       		.byte	0xf
 1819 0da9 0102     		.2byte	0x201
 1820 0dab 11       		.byte	0x11
 1821 0dac FD000000 		.4byte	0xfd
 1822 0db0 60       		.byte	0x60
 1823 0db1 00       		.byte	0
 1824 0db2 1E       		.uleb128 0x1e
ARM GAS  /tmp/ccugAzZM.s 			page 33


 1825 0db3 04010000 		.4byte	.LASF174
 1826 0db7 04       		.byte	0x4
 1827 0db8 0F       		.byte	0xf
 1828 0db9 0A02     		.2byte	0x20a
 1829 0dbb 08       		.byte	0x8
 1830 0dbc CE0D0000 		.4byte	0xdce
 1831 0dc0 0E       		.uleb128 0xe
 1832 0dc1 737000   		.ascii	"sp\000"
 1833 0dc4 0F       		.byte	0xf
 1834 0dc5 0B02     		.2byte	0x20b
 1835 0dc7 1A       		.byte	0x1a
 1836 0dc8 CE0D0000 		.4byte	0xdce
 1837 0dcc 00       		.byte	0
 1838 0dcd 00       		.byte	0
 1839 0dce 11       		.uleb128 0x11
 1840 0dcf 04       		.byte	0x4
 1841 0dd0 4C0C0000 		.4byte	0xc4c
 1842 0dd4 08       		.uleb128 0x8
 1843 0dd5 2D030000 		.4byte	.LASF175
 1844 0dd9 18       		.byte	0x18
 1845 0dda 07       		.byte	0x7
 1846 0ddb 64       		.byte	0x64
 1847 0ddc 10       		.byte	0x10
 1848 0ddd 090E0000 		.4byte	0xe09
 1849 0de1 0D       		.uleb128 0xd
 1850 0de2 8C080000 		.4byte	.LASF176
 1851 0de6 07       		.byte	0x7
 1852 0de7 68       		.byte	0x68
 1853 0de8 21       		.byte	0x21
 1854 0de9 12050000 		.4byte	0x512
 1855 0ded 00       		.byte	0
 1856 0dee 0D       		.uleb128 0xd
 1857 0def 9A080000 		.4byte	.LASF177
 1858 0df3 07       		.byte	0x7
 1859 0df4 73       		.byte	0x73
 1860 0df5 21       		.byte	0x21
 1861 0df6 40040000 		.4byte	0x440
 1862 0dfa 0C       		.byte	0xc
 1863 0dfb 0D       		.uleb128 0xd
 1864 0dfc 2E010000 		.4byte	.LASF178
 1865 0e00 07       		.byte	0x7
 1866 0e01 79       		.byte	0x79
 1867 0e02 21       		.byte	0x21
 1868 0e03 1F010000 		.4byte	0x11f
 1869 0e07 10       		.byte	0x10
 1870 0e08 00       		.byte	0
 1871 0e09 03       		.uleb128 0x3
 1872 0e0a E1090000 		.4byte	.LASF179
 1873 0e0e 07       		.byte	0x7
 1874 0e0f 7B       		.byte	0x7b
 1875 0e10 03       		.byte	0x3
 1876 0e11 D40D0000 		.4byte	0xdd4
 1877 0e15 08       		.uleb128 0x8
 1878 0e16 3F000000 		.4byte	.LASF180
 1879 0e1a 08       		.byte	0x8
 1880 0e1b 07       		.byte	0x7
 1881 0e1c 80       		.byte	0x80
ARM GAS  /tmp/ccugAzZM.s 			page 34


 1882 0e1d 10       		.byte	0x10
 1883 0e1e 300E0000 		.4byte	0xe30
 1884 0e22 0D       		.uleb128 0xd
 1885 0e23 66090000 		.4byte	.LASF36
 1886 0e27 07       		.byte	0x7
 1887 0e28 84       		.byte	0x84
 1888 0e29 21       		.byte	0x21
 1889 0e2a 91040000 		.4byte	0x491
 1890 0e2e 00       		.byte	0
 1891 0e2f 00       		.byte	0
 1892 0e30 03       		.uleb128 0x3
 1893 0e31 58060000 		.4byte	.LASF181
 1894 0e35 07       		.byte	0x7
 1895 0e36 85       		.byte	0x85
 1896 0e37 03       		.byte	0x3
 1897 0e38 150E0000 		.4byte	0xe15
 1898 0e3c 03       		.uleb128 0x3
 1899 0e3d 27000000 		.4byte	.LASF182
 1900 0e41 07       		.byte	0x7
 1901 0e42 8A       		.byte	0x8a
 1902 0e43 14       		.byte	0x14
 1903 0e44 8D060000 		.4byte	0x68d
 1904 0e48 11       		.uleb128 0x11
 1905 0e49 04       		.byte	0x4
 1906 0e4a 3C0E0000 		.4byte	0xe3c
 1907 0e4e 08       		.uleb128 0x8
 1908 0e4f 15020000 		.4byte	.LASF183
 1909 0e53 0C       		.byte	0xc
 1910 0e54 10       		.byte	0x10
 1911 0e55 34       		.byte	0x34
 1912 0e56 10       		.byte	0x10
 1913 0e57 760E0000 		.4byte	0xe76
 1914 0e5b 0D       		.uleb128 0xd
 1915 0e5c 66090000 		.4byte	.LASF36
 1916 0e60 10       		.byte	0x10
 1917 0e61 35       		.byte	0x35
 1918 0e62 19       		.byte	0x19
 1919 0e63 91040000 		.4byte	0x491
 1920 0e67 00       		.byte	0
 1921 0e68 0C       		.uleb128 0xc
 1922 0e69 636E7400 		.ascii	"cnt\000"
 1923 0e6d 10       		.byte	0x10
 1924 0e6e 37       		.byte	0x37
 1925 0e6f 19       		.byte	0x19
 1926 0e70 90010000 		.4byte	0x190
 1927 0e74 08       		.byte	0x8
 1928 0e75 00       		.byte	0
 1929 0e76 11       		.uleb128 0x11
 1930 0e77 04       		.byte	0x4
 1931 0e78 4E0E0000 		.4byte	0xe4e
 1932 0e7c 08       		.uleb128 0x8
 1933 0e7d E8030000 		.4byte	.LASF184
 1934 0e81 10       		.byte	0x10
 1935 0e82 11       		.byte	0x11
 1936 0e83 39       		.byte	0x39
 1937 0e84 08       		.byte	0x8
 1938 0e85 B10E0000 		.4byte	0xeb1
ARM GAS  /tmp/ccugAzZM.s 			page 35


 1939 0e89 0D       		.uleb128 0xd
 1940 0e8a 66090000 		.4byte	.LASF36
 1941 0e8e 11       		.byte	0x11
 1942 0e8f 3A       		.byte	0x3a
 1943 0e90 19       		.byte	0x19
 1944 0e91 91040000 		.4byte	0x491
 1945 0e95 00       		.byte	0
 1946 0e96 0D       		.uleb128 0xd
 1947 0e97 0A030000 		.4byte	.LASF47
 1948 0e9b 11       		.byte	0x11
 1949 0e9c 3C       		.byte	0x3c
 1950 0e9d 1A       		.byte	0x1a
 1951 0e9e 8D060000 		.4byte	0x68d
 1952 0ea2 08       		.byte	0x8
 1953 0ea3 0D       		.uleb128 0xd
 1954 0ea4 97000000 		.4byte	.LASF83
 1955 0ea8 11       		.byte	0x11
 1956 0ea9 3E       		.byte	0x3e
 1957 0eaa 1A       		.byte	0x1a
 1958 0eab 740F0000 		.4byte	0xf74
 1959 0eaf 0C       		.byte	0xc
 1960 0eb0 00       		.byte	0
 1961 0eb1 11       		.uleb128 0x11
 1962 0eb2 04       		.byte	0x4
 1963 0eb3 7C0E0000 		.4byte	0xe7c
 1964 0eb7 11       		.uleb128 0x11
 1965 0eb8 04       		.byte	0x4
 1966 0eb9 35030000 		.4byte	0x335
 1967 0ebd 11       		.uleb128 0x11
 1968 0ebe 04       		.byte	0x4
 1969 0ebf 3C010000 		.4byte	0x13c
 1970 0ec3 1E       		.uleb128 0x1e
 1971 0ec4 1B010000 		.4byte	.LASF185
 1972 0ec8 10       		.byte	0x10
 1973 0ec9 07       		.byte	0x7
 1974 0eca 5C01     		.2byte	0x15c
 1975 0ecc 10       		.byte	0x10
 1976 0ecd EE0E0000 		.4byte	0xeee
 1977 0ed1 0F       		.uleb128 0xf
 1978 0ed2 B8020000 		.4byte	.LASF37
 1979 0ed6 07       		.byte	0x7
 1980 0ed7 6101     		.2byte	0x161
 1981 0ed9 21       		.byte	0x21
 1982 0eda CB040000 		.4byte	0x4cb
 1983 0ede 00       		.byte	0
 1984 0edf 0F       		.uleb128 0xf
 1985 0ee0 100B0000 		.4byte	.LASF186
 1986 0ee4 07       		.byte	0x7
 1987 0ee5 6501     		.2byte	0x165
 1988 0ee7 22       		.byte	0x22
 1989 0ee8 8D060000 		.4byte	0x68d
 1990 0eec 0C       		.byte	0xc
 1991 0eed 00       		.byte	0
 1992 0eee 1C       		.uleb128 0x1c
 1993 0eef 39090000 		.4byte	.LASF187
 1994 0ef3 07       		.byte	0x7
 1995 0ef4 6601     		.2byte	0x166
ARM GAS  /tmp/ccugAzZM.s 			page 36


 1996 0ef6 03       		.byte	0x3
 1997 0ef7 C30E0000 		.4byte	0xec3
 1998 0efb 1E       		.uleb128 0x1e
 1999 0efc 76080000 		.4byte	.LASF188
 2000 0f00 14       		.byte	0x14
 2001 0f01 07       		.byte	0x7
 2002 0f02 6B01     		.2byte	0x16b
 2003 0f04 10       		.byte	0x10
 2004 0f05 500F0000 		.4byte	0xf50
 2005 0f09 0F       		.uleb128 0xf
 2006 0f0a 19000000 		.4byte	.LASF48
 2007 0f0e 07       		.byte	0x7
 2008 0f0f 6F01     		.2byte	0x16f
 2009 0f11 22       		.byte	0x22
 2010 0f12 1D040000 		.4byte	0x41d
 2011 0f16 00       		.byte	0
 2012 0f17 0F       		.uleb128 0xf
 2013 0f18 06050000 		.4byte	.LASF189
 2014 0f1c 07       		.byte	0x7
 2015 0f1d 7501     		.2byte	0x175
 2016 0f1f 22       		.byte	0x22
 2017 0f20 BD0E0000 		.4byte	0xebd
 2018 0f24 04       		.byte	0x4
 2019 0f25 0F       		.uleb128 0xf
 2020 0f26 10030000 		.4byte	.LASF190
 2021 0f2a 07       		.byte	0x7
 2022 0f2b 7901     		.2byte	0x179
 2023 0f2d 22       		.byte	0x22
 2024 0f2e BD0E0000 		.4byte	0xebd
 2025 0f32 08       		.byte	0x8
 2026 0f33 0F       		.uleb128 0xf
 2027 0f34 830A0000 		.4byte	.LASF191
 2028 0f38 07       		.byte	0x7
 2029 0f39 7F01     		.2byte	0x17f
 2030 0f3b 22       		.byte	0x22
 2031 0f3c BD0E0000 		.4byte	0xebd
 2032 0f40 0C       		.byte	0xc
 2033 0f41 0F       		.uleb128 0xf
 2034 0f42 36040000 		.4byte	.LASF192
 2035 0f46 07       		.byte	0x7
 2036 0f47 8301     		.2byte	0x183
 2037 0f49 22       		.byte	0x22
 2038 0f4a BD0E0000 		.4byte	0xebd
 2039 0f4e 10       		.byte	0x10
 2040 0f4f 00       		.byte	0
 2041 0f50 1C       		.uleb128 0x1c
 2042 0f51 4C020000 		.4byte	.LASF193
 2043 0f55 07       		.byte	0x7
 2044 0f56 8501     		.2byte	0x185
 2045 0f58 03       		.byte	0x3
 2046 0f59 FB0E0000 		.4byte	0xefb
 2047 0f5d 07       		.uleb128 0x7
 2048 0f5e 500F0000 		.4byte	0xf50
 2049 0f62 11       		.uleb128 0x11
 2050 0f63 04       		.byte	0x4
 2051 0f64 5D0F0000 		.4byte	0xf5d
 2052 0f68 03       		.uleb128 0x3
ARM GAS  /tmp/ccugAzZM.s 			page 37


 2053 0f69 9B070000 		.4byte	.LASF194
 2054 0f6d 11       		.byte	0x11
 2055 0f6e 34       		.byte	0x34
 2056 0f6f 19       		.byte	0x19
 2057 0f70 7C0E0000 		.4byte	0xe7c
 2058 0f74 11       		.uleb128 0x11
 2059 0f75 04       		.byte	0x4
 2060 0f76 680F0000 		.4byte	0xf68
 2061 0f7a 04       		.uleb128 0x4
 2062 0f7b 01       		.byte	0x1
 2063 0f7c 02       		.byte	0x2
 2064 0f7d 39060000 		.4byte	.LASF195
 2065 0f81 11       		.uleb128 0x11
 2066 0f82 04       		.byte	0x4
 2067 0f83 C3000000 		.4byte	0xc3
 2068 0f87 1D       		.uleb128 0x1d
 2069 0f88 10       		.byte	0x10
 2070 0f89 12       		.byte	0x12
 2071 0f8a A701     		.2byte	0x1a7
 2072 0f8c 10       		.byte	0x10
 2073 0f8d 3C050000 		.4byte	.LASF196
 2074 0f91 EA0F0000 		.4byte	0xfea
 2075 0f95 0F       		.uleb128 0xf
 2076 0f96 66050000 		.4byte	.LASF197
 2077 0f9a 12       		.byte	0x12
 2078 0f9b A801     		.2byte	0x1a8
 2079 0f9d 1A       		.byte	0x1a
 2080 0f9e EA0F0000 		.4byte	0xfea
 2081 0fa2 00       		.byte	0
 2082 0fa3 0F       		.uleb128 0xf
 2083 0fa4 E8010000 		.4byte	.LASF198
 2084 0fa8 12       		.byte	0x12
 2085 0fa9 A901     		.2byte	0x1a9
 2086 0fab 1A       		.byte	0x1a
 2087 0fac F00F0000 		.4byte	0xff0
 2088 0fb0 04       		.byte	0x4
 2089 0fb1 0E       		.uleb128 0xe
 2090 0fb2 6D757800 		.ascii	"mux\000"
 2091 0fb6 12       		.byte	0x12
 2092 0fb7 AB01     		.2byte	0x1ab
 2093 0fb9 1B       		.byte	0x1b
 2094 0fba F60F0000 		.4byte	0xff6
 2095 0fbe 08       		.byte	0x8
 2096 0fbf 0F       		.uleb128 0xf
 2097 0fc0 72070000 		.4byte	.LASF199
 2098 0fc4 12       		.byte	0x12
 2099 0fc5 AF01     		.2byte	0x1af
 2100 0fc7 19       		.byte	0x19
 2101 0fc8 C3000000 		.4byte	0xc3
 2102 0fcc 0C       		.byte	0xc
 2103 0fcd 0F       		.uleb128 0xf
 2104 0fce 960C0000 		.4byte	.LASF200
 2105 0fd2 12       		.byte	0x12
 2106 0fd3 B101     		.2byte	0x1b1
 2107 0fd5 19       		.byte	0x19
 2108 0fd6 C3000000 		.4byte	0xc3
 2109 0fda 0D       		.byte	0xd
ARM GAS  /tmp/ccugAzZM.s 			page 38


 2110 0fdb 0F       		.uleb128 0xf
 2111 0fdc B1020000 		.4byte	.LASF201
 2112 0fe0 12       		.byte	0x12
 2113 0fe1 B201     		.2byte	0x1b2
 2114 0fe3 19       		.byte	0x19
 2115 0fe4 C3000000 		.4byte	0xc3
 2116 0fe8 0E       		.byte	0xe
 2117 0fe9 00       		.byte	0
 2118 0fea 11       		.uleb128 0x11
 2119 0feb 04       		.byte	0x4
 2120 0fec FC0A0000 		.4byte	0xafc
 2121 0ff0 11       		.uleb128 0x11
 2122 0ff1 04       		.byte	0x4
 2123 0ff2 09010000 		.4byte	0x109
 2124 0ff6 11       		.uleb128 0x11
 2125 0ff7 04       		.byte	0x4
 2126 0ff8 260B0000 		.4byte	0xb26
 2127 0ffc 1C       		.uleb128 0x1c
 2128 0ffd 16050000 		.4byte	.LASF202
 2129 1001 12       		.byte	0x12
 2130 1002 B301     		.2byte	0x1b3
 2131 1004 03       		.byte	0x3
 2132 1005 870F0000 		.4byte	0xf87
 2133 1009 07       		.uleb128 0x7
 2134 100a FC0F0000 		.4byte	0xffc
 2135 100e 11       		.uleb128 0x11
 2136 100f 04       		.byte	0x4
 2137 1010 D4000000 		.4byte	0xd4
 2138 1014 11       		.uleb128 0x11
 2139 1015 04       		.byte	0x4
 2140 1016 FD000000 		.4byte	0xfd
 2141 101a 12       		.uleb128 0x12
 2142 101b 28       		.byte	0x28
 2143 101c 13       		.byte	0x13
 2144 101d 51       		.byte	0x51
 2145 101e 10       		.byte	0x10
 2146 101f D1030000 		.4byte	.LASF204
 2147 1023 F1100000 		.4byte	0x10f1
 2148 1027 09       		.uleb128 0x9
 2149 1028 04       		.byte	0x4
 2150 1029 13       		.byte	0x13
 2151 102a 59       		.byte	0x59
 2152 102b 12       		.byte	0x12
 2153 102c 69100000 		.4byte	0x1069
 2154 1030 13       		.uleb128 0x13
 2155 1031 04       		.byte	0x4
 2156 1032 13       		.byte	0x13
 2157 1033 5B       		.byte	0x5b
 2158 1034 0C       		.byte	0xc
 2159 1035 54100000 		.4byte	0x1054
 2160 1039 0C       		.uleb128 0xc
 2161 103a 73657400 		.ascii	"set\000"
 2162 103e 13       		.byte	0x13
 2163 103f 5C       		.byte	0x5c
 2164 1040 19       		.byte	0x19
 2165 1041 E5000000 		.4byte	0xe5
 2166 1045 00       		.byte	0
ARM GAS  /tmp/ccugAzZM.s 			page 39


 2167 1046 0D       		.uleb128 0xd
 2168 1047 1F030000 		.4byte	.LASF205
 2169 104b 13       		.byte	0x13
 2170 104c 5D       		.byte	0x5d
 2171 104d 19       		.byte	0x19
 2172 104e E5000000 		.4byte	0xe5
 2173 1052 02       		.byte	0x2
 2174 1053 00       		.byte	0
 2175 1054 14       		.uleb128 0x14
 2176 1055 5700     		.ascii	"W\000"
 2177 1057 13       		.byte	0x13
 2178 1058 5A       		.byte	0x5a
 2179 1059 19       		.byte	0x19
 2180 105a FD000000 		.4byte	0xfd
 2181 105e 14       		.uleb128 0x14
 2182 105f 4800     		.ascii	"H\000"
 2183 1061 13       		.byte	0x13
 2184 1062 5E       		.byte	0x5e
 2185 1063 07       		.byte	0x7
 2186 1064 30100000 		.4byte	0x1030
 2187 1068 00       		.byte	0
 2188 1069 06       		.uleb128 0x6
 2189 106a 27100000 		.4byte	0x1027
 2190 106e 0D       		.uleb128 0xd
 2191 106f D7020000 		.4byte	.LASF206
 2192 1073 13       		.byte	0x13
 2193 1074 53       		.byte	0x53
 2194 1075 19       		.byte	0x19
 2195 1076 09010000 		.4byte	0x109
 2196 107a 00       		.byte	0
 2197 107b 0D       		.uleb128 0xd
 2198 107c 5F080000 		.4byte	.LASF207
 2199 1080 13       		.byte	0x13
 2200 1081 54       		.byte	0x54
 2201 1082 19       		.byte	0x19
 2202 1083 09010000 		.4byte	0x109
 2203 1087 04       		.byte	0x4
 2204 1088 0D       		.uleb128 0xd
 2205 1089 38070000 		.4byte	.LASF208
 2206 108d 13       		.byte	0x13
 2207 108e 55       		.byte	0x55
 2208 108f 19       		.byte	0x19
 2209 1090 09010000 		.4byte	0x109
 2210 1094 08       		.byte	0x8
 2211 1095 0D       		.uleb128 0xd
 2212 1096 28040000 		.4byte	.LASF209
 2213 109a 13       		.byte	0x13
 2214 109b 56       		.byte	0x56
 2215 109c 19       		.byte	0x19
 2216 109d 09010000 		.4byte	0x109
 2217 10a1 0C       		.byte	0xc
 2218 10a2 0C       		.uleb128 0xc
 2219 10a3 49445200 		.ascii	"IDR\000"
 2220 10a7 13       		.byte	0x13
 2221 10a8 57       		.byte	0x57
 2222 10a9 19       		.byte	0x19
 2223 10aa 09010000 		.4byte	0x109
ARM GAS  /tmp/ccugAzZM.s 			page 40


 2224 10ae 10       		.byte	0x10
 2225 10af 0C       		.uleb128 0xc
 2226 10b0 4F445200 		.ascii	"ODR\000"
 2227 10b4 13       		.byte	0x13
 2228 10b5 58       		.byte	0x58
 2229 10b6 19       		.byte	0x19
 2230 10b7 09010000 		.4byte	0x109
 2231 10bb 14       		.byte	0x14
 2232 10bc 0D       		.uleb128 0xd
 2233 10bd 3A000000 		.4byte	.LASF210
 2234 10c1 13       		.byte	0x13
 2235 10c2 5F       		.byte	0x5f
 2236 10c3 05       		.byte	0x5
 2237 10c4 69100000 		.4byte	0x1069
 2238 10c8 18       		.byte	0x18
 2239 10c9 0D       		.uleb128 0xd
 2240 10ca 4D070000 		.4byte	.LASF211
 2241 10ce 13       		.byte	0x13
 2242 10cf 60       		.byte	0x60
 2243 10d0 19       		.byte	0x19
 2244 10d1 09010000 		.4byte	0x109
 2245 10d5 1C       		.byte	0x1c
 2246 10d6 0D       		.uleb128 0xd
 2247 10d7 CB090000 		.4byte	.LASF212
 2248 10db 13       		.byte	0x13
 2249 10dc 61       		.byte	0x61
 2250 10dd 19       		.byte	0x19
 2251 10de 09010000 		.4byte	0x109
 2252 10e2 20       		.byte	0x20
 2253 10e3 0D       		.uleb128 0xd
 2254 10e4 F8020000 		.4byte	.LASF213
 2255 10e8 13       		.byte	0x13
 2256 10e9 62       		.byte	0x62
 2257 10ea 19       		.byte	0x19
 2258 10eb 09010000 		.4byte	0x109
 2259 10ef 24       		.byte	0x24
 2260 10f0 00       		.byte	0
 2261 10f1 03       		.uleb128 0x3
 2262 10f2 FD020000 		.4byte	.LASF214
 2263 10f6 13       		.byte	0x13
 2264 10f7 63       		.byte	0x63
 2265 10f8 03       		.byte	0x3
 2266 10f9 1A100000 		.4byte	0x101a
 2267 10fd 03       		.uleb128 0x3
 2268 10fe 1D040000 		.4byte	.LASF215
 2269 1102 14       		.byte	0x14
 2270 1103 D9       		.byte	0xd9
 2271 1104 18       		.byte	0x18
 2272 1105 09110000 		.4byte	0x1109
 2273 1109 11       		.uleb128 0x11
 2274 110a 04       		.byte	0x4
 2275 110b F1100000 		.4byte	0x10f1
 2276 110f 11       		.uleb128 0x11
 2277 1110 04       		.byte	0x4
 2278 1111 09100000 		.4byte	0x1009
 2279 1115 1F       		.uleb128 0x1f
 2280 1116 07       		.byte	0x7
ARM GAS  /tmp/ccugAzZM.s 			page 41


 2281 1117 01       		.byte	0x1
 2282 1118 5D000000 		.4byte	0x5d
 2283 111c 15       		.byte	0x15
 2284 111d 6C       		.byte	0x6c
 2285 111e 0E       		.byte	0xe
 2286 111f 63060000 		.4byte	.LASF298
 2287 1123 46110000 		.4byte	0x1146
 2288 1127 20       		.uleb128 0x20
 2289 1128 78070000 		.4byte	.LASF216
 2290 112c 00       		.byte	0
 2291 112d 20       		.uleb128 0x20
 2292 112e 4E090000 		.4byte	.LASF217
 2293 1132 01       		.byte	0x1
 2294 1133 20       		.uleb128 0x20
 2295 1134 A9080000 		.4byte	.LASF218
 2296 1138 02       		.byte	0x2
 2297 1139 20       		.uleb128 0x20
 2298 113a AD090000 		.4byte	.LASF219
 2299 113e 03       		.byte	0x3
 2300 113f 20       		.uleb128 0x20
 2301 1140 800C0000 		.4byte	.LASF220
 2302 1144 04       		.byte	0x4
 2303 1145 00       		.byte	0
 2304 1146 03       		.uleb128 0x3
 2305 1147 2C080000 		.4byte	.LASF221
 2306 114b 15       		.byte	0x15
 2307 114c 72       		.byte	0x72
 2308 114d 03       		.byte	0x3
 2309 114e 15110000 		.4byte	0x1115
 2310 1152 03       		.uleb128 0x3
 2311 1153 56010000 		.4byte	.LASF222
 2312 1157 15       		.byte	0x15
 2313 1158 77       		.byte	0x77
 2314 1159 1F       		.byte	0x1f
 2315 115a 5E110000 		.4byte	0x115e
 2316 115e 08       		.uleb128 0x8
 2317 115f E4020000 		.4byte	.LASF223
 2318 1163 30       		.byte	0x30
 2319 1164 15       		.byte	0x15
 2320 1165 B8       		.byte	0xb8
 2321 1166 08       		.byte	0x8
 2322 1167 0B120000 		.4byte	0x120b
 2323 116b 09       		.uleb128 0x9
 2324 116c 04       		.byte	0x4
 2325 116d 15       		.byte	0x15
 2326 116e D1       		.byte	0xd1
 2327 116f 03       		.byte	0x3
 2328 1170 81110000 		.4byte	0x1181
 2329 1174 14       		.uleb128 0x14
 2330 1175 646D6100 		.ascii	"dma\000"
 2331 1179 15       		.byte	0x15
 2332 117a D1       		.byte	0xd1
 2333 117b 03       		.byte	0x3
 2334 117c 0F110000 		.4byte	0x110f
 2335 1180 00       		.byte	0
 2336 1181 09       		.uleb128 0x9
 2337 1182 04       		.byte	0x4
ARM GAS  /tmp/ccugAzZM.s 			page 42


 2338 1183 15       		.byte	0x15
 2339 1184 D1       		.byte	0xd1
 2340 1185 03       		.byte	0x3
 2341 1186 97110000 		.4byte	0x1197
 2342 118a 14       		.uleb128 0x14
 2343 118b 646D6100 		.ascii	"dma\000"
 2344 118f 15       		.byte	0x15
 2345 1190 D1       		.byte	0xd1
 2346 1191 03       		.byte	0x3
 2347 1192 0F110000 		.4byte	0x110f
 2348 1196 00       		.byte	0
 2349 1197 0D       		.uleb128 0xd
 2350 1198 310A0000 		.4byte	.LASF50
 2351 119c 15       		.byte	0x15
 2352 119d BC       		.byte	0xbc
 2353 119e 1D       		.byte	0x1d
 2354 119f 46110000 		.4byte	0x1146
 2355 11a3 00       		.byte	0
 2356 11a4 0D       		.uleb128 0xd
 2357 11a5 94070000 		.4byte	.LASF67
 2358 11a9 15       		.byte	0x15
 2359 11aa C0       		.byte	0xc0
 2360 11ab 1E       		.byte	0x1e
 2361 11ac B5120000 		.4byte	0x12b5
 2362 11b0 04       		.byte	0x4
 2363 11b1 0D       		.uleb128 0xd
 2364 11b2 6C090000 		.4byte	.LASF224
 2365 11b6 15       		.byte	0x15
 2366 11b7 C5       		.byte	0xc5
 2367 11b8 1D       		.byte	0x1d
 2368 11b9 3C0E0000 		.4byte	0xe3c
 2369 11bd 08       		.byte	0x8
 2370 11be 0D       		.uleb128 0xd
 2371 11bf 01020000 		.4byte	.LASF225
 2372 11c3 15       		.byte	0x15
 2373 11c4 CB       		.byte	0xcb
 2374 11c5 1D       		.byte	0x1d
 2375 11c6 680F0000 		.4byte	0xf68
 2376 11ca 0C       		.byte	0xc
 2377 11cb 0C       		.uleb128 0xc
 2378 11cc 73706900 		.ascii	"spi\000"
 2379 11d0 15       		.byte	0x15
 2380 11d1 D1       		.byte	0xd1
 2381 11d2 03       		.byte	0x3
 2382 11d3 BB120000 		.4byte	0x12bb
 2383 11d7 1C       		.byte	0x1c
 2384 11d8 0C       		.uleb128 0xc
 2385 11d9 727800   		.ascii	"rx\000"
 2386 11dc 15       		.byte	0x15
 2387 11dd D1       		.byte	0xd1
 2388 11de 03       		.byte	0x3
 2389 11df 6B110000 		.4byte	0x116b
 2390 11e3 20       		.byte	0x20
 2391 11e4 0C       		.uleb128 0xc
 2392 11e5 747800   		.ascii	"tx\000"
 2393 11e8 15       		.byte	0x15
 2394 11e9 D1       		.byte	0xd1
ARM GAS  /tmp/ccugAzZM.s 			page 43


 2395 11ea 03       		.byte	0x3
 2396 11eb 81110000 		.4byte	0x1181
 2397 11ef 24       		.byte	0x24
 2398 11f0 0D       		.uleb128 0xd
 2399 11f1 010A0000 		.4byte	.LASF226
 2400 11f5 15       		.byte	0x15
 2401 11f6 D1       		.byte	0xd1
 2402 11f7 03       		.byte	0x3
 2403 11f8 FD000000 		.4byte	0xfd
 2404 11fc 28       		.byte	0x28
 2405 11fd 0D       		.uleb128 0xd
 2406 11fe A6040000 		.4byte	.LASF227
 2407 1202 15       		.byte	0x15
 2408 1203 D1       		.byte	0xd1
 2409 1204 03       		.byte	0x3
 2410 1205 FD000000 		.4byte	0xfd
 2411 1209 2C       		.byte	0x2c
 2412 120a 00       		.byte	0
 2413 120b 03       		.uleb128 0x3
 2414 120c F6030000 		.4byte	.LASF228
 2415 1210 15       		.byte	0x15
 2416 1211 7B       		.byte	0x7b
 2417 1212 1F       		.byte	0x1f
 2418 1213 1C120000 		.4byte	0x121c
 2419 1217 07       		.uleb128 0x7
 2420 1218 0B120000 		.4byte	0x120b
 2421 121c 08       		.uleb128 0x8
 2422 121d C5060000 		.4byte	.LASF229
 2423 1221 20       		.byte	0x20
 2424 1222 15       		.byte	0x15
 2425 1223 8C       		.byte	0x8c
 2426 1224 08       		.byte	0x8
 2427 1225 92120000 		.4byte	0x1292
 2428 1229 0D       		.uleb128 0xd
 2429 122a 1E000000 		.4byte	.LASF230
 2430 122e 15       		.byte	0x15
 2431 122f 91       		.byte	0x91
 2432 1230 1D       		.byte	0x1d
 2433 1231 7A0F0000 		.4byte	0xf7a
 2434 1235 00       		.byte	0
 2435 1236 0D       		.uleb128 0xd
 2436 1237 61020000 		.4byte	.LASF231
 2437 123b 15       		.byte	0x15
 2438 123c 96       		.byte	0x96
 2439 123d 1D       		.byte	0x1d
 2440 123e 92120000 		.4byte	0x1292
 2441 1242 04       		.byte	0x4
 2442 1243 0D       		.uleb128 0xd
 2443 1244 DD020000 		.4byte	.LASF232
 2444 1248 15       		.byte	0x15
 2445 1249 AB       		.byte	0xab
 2446 124a 1D       		.byte	0x1d
 2447 124b FD100000 		.4byte	0x10fd
 2448 124f 08       		.byte	0x8
 2449 1250 0D       		.uleb128 0xd
 2450 1251 C00C0000 		.4byte	.LASF233
 2451 1255 15       		.byte	0x15
ARM GAS  /tmp/ccugAzZM.s 			page 44


 2452 1256 AF       		.byte	0xaf
 2453 1257 1D       		.byte	0x1d
 2454 1258 24010000 		.4byte	0x124
 2455 125c 0C       		.byte	0xc
 2456 125d 0D       		.uleb128 0xd
 2457 125e 3B0B0000 		.4byte	.LASF234
 2458 1262 15       		.byte	0x15
 2459 1263 B2       		.byte	0xb2
 2460 1264 03       		.byte	0x3
 2461 1265 FD000000 		.4byte	0xfd
 2462 1269 10       		.byte	0x10
 2463 126a 0D       		.uleb128 0xd
 2464 126b 400B0000 		.4byte	.LASF235
 2465 126f 15       		.byte	0x15
 2466 1270 B2       		.byte	0xb2
 2467 1271 03       		.byte	0x3
 2468 1272 FD000000 		.4byte	0xfd
 2469 1276 14       		.byte	0x14
 2470 1277 0D       		.uleb128 0xd
 2471 1278 18080000 		.4byte	.LASF236
 2472 127c 15       		.byte	0x15
 2473 127d B2       		.byte	0xb2
 2474 127e 03       		.byte	0x3
 2475 127f 14100000 		.4byte	0x1014
 2476 1283 18       		.byte	0x18
 2477 1284 0D       		.uleb128 0xd
 2478 1285 88030000 		.4byte	.LASF237
 2479 1289 15       		.byte	0x15
 2480 128a B2       		.byte	0xb2
 2481 128b 03       		.byte	0x3
 2482 128c 14100000 		.4byte	0x1014
 2483 1290 1C       		.byte	0x1c
 2484 1291 00       		.byte	0
 2485 1292 03       		.uleb128 0x3
 2486 1293 09060000 		.4byte	.LASF238
 2487 1297 15       		.byte	0x15
 2488 1298 83       		.byte	0x83
 2489 1299 10       		.byte	0x10
 2490 129a 9E120000 		.4byte	0x129e
 2491 129e 11       		.uleb128 0x11
 2492 129f 04       		.byte	0x4
 2493 12a0 A4120000 		.4byte	0x12a4
 2494 12a4 21       		.uleb128 0x21
 2495 12a5 AF120000 		.4byte	0x12af
 2496 12a9 22       		.uleb128 0x22
 2497 12aa AF120000 		.4byte	0x12af
 2498 12ae 00       		.byte	0
 2499 12af 11       		.uleb128 0x11
 2500 12b0 04       		.byte	0x4
 2501 12b1 52110000 		.4byte	0x1152
 2502 12b5 11       		.uleb128 0x11
 2503 12b6 04       		.byte	0x4
 2504 12b7 17120000 		.4byte	0x1217
 2505 12bb 11       		.uleb128 0x11
 2506 12bc 04       		.byte	0x4
 2507 12bd 3F0C0000 		.4byte	0xc3f
 2508 12c1 23       		.uleb128 0x23
ARM GAS  /tmp/ccugAzZM.s 			page 45


 2509 12c2 00040000 		.4byte	.LASF299
 2510 12c6 60       		.byte	0x60
 2511 12c7 20       		.byte	0x20
 2512 12c8 16       		.byte	0x16
 2513 12c9 0D       		.byte	0xd
 2514 12ca 07       		.byte	0x7
 2515 12cb 3F140000 		.4byte	0x143f
 2516 12cf 24       		.uleb128 0x24
 2517 12d0 1D090000 		.4byte	.LASF239
 2518 12d4 16       		.byte	0x16
 2519 12d5 0F       		.byte	0xf
 2520 12d6 0A       		.byte	0xa
 2521 12d7 DF080000 		.4byte	.LASF241
 2522 12db 7A0F0000 		.4byte	0xf7a
 2523 12df 01       		.byte	0x1
 2524 12e0 E8120000 		.4byte	0x12e8
 2525 12e4 FD120000 		.4byte	0x12fd
 2526 12e8 25       		.uleb128 0x25
 2527 12e9 44140000 		.4byte	0x1444
 2528 12ed 22       		.uleb128 0x22
 2529 12ee AF120000 		.4byte	0x12af
 2530 12f2 22       		.uleb128 0x22
 2531 12f3 B5120000 		.4byte	0x12b5
 2532 12f7 22       		.uleb128 0x22
 2533 12f8 B5120000 		.4byte	0x12b5
 2534 12fc 00       		.byte	0
 2535 12fd 24       		.uleb128 0x24
 2536 12fe CF080000 		.4byte	.LASF240
 2537 1302 16       		.byte	0x16
 2538 1303 10       		.byte	0x10
 2539 1304 0A       		.byte	0xa
 2540 1305 ED060000 		.4byte	.LASF242
 2541 1309 7A0F0000 		.4byte	0xf7a
 2542 130d 01       		.byte	0x1
 2543 130e 16130000 		.4byte	0x1316
 2544 1312 26130000 		.4byte	0x1326
 2545 1316 25       		.uleb128 0x25
 2546 1317 44140000 		.4byte	0x1444
 2547 131b 22       		.uleb128 0x22
 2548 131c 4F140000 		.4byte	0x144f
 2549 1320 22       		.uleb128 0x22
 2550 1321 4F140000 		.4byte	0x144f
 2551 1325 00       		.byte	0
 2552 1326 26       		.uleb128 0x26
 2553 1327 7F0B0000 		.4byte	.LASF243
 2554 132b 16       		.byte	0x16
 2555 132c 13       		.byte	0x13
 2556 132d 0D       		.byte	0xd
 2557 132e 82040000 		.4byte	.LASF245
 2558 1332 3A130000 		.4byte	0x133a
 2559 1336 45130000 		.4byte	0x1345
 2560 133a 25       		.uleb128 0x25
 2561 133b 44140000 		.4byte	0x1444
 2562 133f 22       		.uleb128 0x22
 2563 1340 C3000000 		.4byte	0xc3
 2564 1344 00       		.byte	0
 2565 1345 27       		.uleb128 0x27
ARM GAS  /tmp/ccugAzZM.s 			page 46


 2566 1346 07020000 		.4byte	.LASF300
 2567 134a 16       		.byte	0x16
 2568 134b 14       		.byte	0x14
 2569 134c 0D       		.byte	0xd
 2570 134d EE040000 		.4byte	.LASF301
 2571 1351 C3000000 		.4byte	0xc3
 2572 1355 5D130000 		.4byte	0x135d
 2573 1359 68130000 		.4byte	0x1368
 2574 135d 25       		.uleb128 0x25
 2575 135e 44140000 		.4byte	0x1444
 2576 1362 22       		.uleb128 0x22
 2577 1363 C3000000 		.4byte	0xc3
 2578 1367 00       		.byte	0
 2579 1368 26       		.uleb128 0x26
 2580 1369 AA0C0000 		.4byte	.LASF244
 2581 136d 16       		.byte	0x16
 2582 136e 15       		.byte	0x15
 2583 136f 0D       		.byte	0xd
 2584 1370 9F050000 		.4byte	.LASF246
 2585 1374 7C130000 		.4byte	0x137c
 2586 1378 8C130000 		.4byte	0x138c
 2587 137c 25       		.uleb128 0x25
 2588 137d 44140000 		.4byte	0x1444
 2589 1381 22       		.uleb128 0x22
 2590 1382 C3000000 		.4byte	0xc3
 2591 1386 22       		.uleb128 0x22
 2592 1387 C3000000 		.4byte	0xc3
 2593 138b 00       		.byte	0
 2594 138c 26       		.uleb128 0x26
 2595 138d 750C0000 		.4byte	.LASF247
 2596 1391 16       		.byte	0x16
 2597 1392 16       		.byte	0x16
 2598 1393 0D       		.byte	0xd
 2599 1394 F3070000 		.4byte	.LASF248
 2600 1398 A0130000 		.4byte	0x13a0
 2601 139c B5130000 		.4byte	0x13b5
 2602 13a0 25       		.uleb128 0x25
 2603 13a1 44140000 		.4byte	0x1444
 2604 13a5 22       		.uleb128 0x22
 2605 13a6 C3000000 		.4byte	0xc3
 2606 13aa 22       		.uleb128 0x22
 2607 13ab 810F0000 		.4byte	0xf81
 2608 13af 22       		.uleb128 0x22
 2609 13b0 24000000 		.4byte	0x24
 2610 13b4 00       		.byte	0
 2611 13b5 0D       		.uleb128 0xd
 2612 13b6 51050000 		.4byte	.LASF249
 2613 13ba 16       		.byte	0x16
 2614 13bb 18       		.byte	0x18
 2615 13bc 16       		.byte	0x16
 2616 13bd AF120000 		.4byte	0x12af
 2617 13c1 00       		.byte	0
 2618 13c2 0D       		.uleb128 0xd
 2619 13c3 B0060000 		.4byte	.LASF250
 2620 13c7 16       		.byte	0x16
 2621 13c8 19       		.byte	0x19
 2622 13c9 16       		.byte	0x16
ARM GAS  /tmp/ccugAzZM.s 			page 47


 2623 13ca B5120000 		.4byte	0x12b5
 2624 13ce 04       		.byte	0x4
 2625 13cf 0D       		.uleb128 0xd
 2626 13d0 3F010000 		.4byte	.LASF251
 2627 13d4 16       		.byte	0x16
 2628 13d5 1A       		.byte	0x1a
 2629 13d6 16       		.byte	0x16
 2630 13d7 B5120000 		.4byte	0x12b5
 2631 13db 08       		.byte	0x8
 2632 13dc 0D       		.uleb128 0xd
 2633 13dd 8E010000 		.4byte	.LASF252
 2634 13e1 16       		.byte	0x16
 2635 13e2 1B       		.byte	0x1b
 2636 13e3 16       		.byte	0x16
 2637 13e4 C3000000 		.4byte	0xc3
 2638 13e8 0C       		.byte	0xc
 2639 13e9 0D       		.uleb128 0xd
 2640 13ea 11080000 		.4byte	.LASF253
 2641 13ee 16       		.byte	0x16
 2642 13ef 1C       		.byte	0x1c
 2643 13f0 16       		.byte	0x16
 2644 13f1 7A0F0000 		.4byte	0xf7a
 2645 13f5 0D       		.byte	0xd
 2646 13f6 0D       		.uleb128 0xd
 2647 13f7 4B000000 		.4byte	.LASF254
 2648 13fb 16       		.byte	0x16
 2649 13fc 1D       		.byte	0x1d
 2650 13fd 16       		.byte	0x16
 2651 13fe C3000000 		.4byte	0xc3
 2652 1402 0E       		.byte	0xe
 2653 1403 24       		.uleb128 0x24
 2654 1404 C3000000 		.4byte	.LASF255
 2655 1408 16       		.byte	0x16
 2656 1409 20       		.byte	0x20
 2657 140a 0D       		.byte	0xd
 2658 140b D80A0000 		.4byte	.LASF256
 2659 140f C3000000 		.4byte	0xc3
 2660 1413 01       		.byte	0x1
 2661 1414 1C140000 		.4byte	0x141c
 2662 1418 22140000 		.4byte	0x1422
 2663 141c 25       		.uleb128 0x25
 2664 141d 61140000 		.4byte	0x1461
 2665 1421 00       		.byte	0
 2666 1422 28       		.uleb128 0x28
 2667 1423 CE040000 		.4byte	.LASF257
 2668 1427 16       		.byte	0x16
 2669 1428 23       		.byte	0x23
 2670 1429 0D       		.byte	0xd
 2671 142a 67140000 		.4byte	0x1467
 2672 142e 20       		.byte	0x20
 2673 142f 20       		.byte	0x20
 2674 1430 28       		.uleb128 0x28
 2675 1431 53000000 		.4byte	.LASF258
 2676 1435 16       		.byte	0x16
 2677 1436 24       		.byte	0x24
 2678 1437 0D       		.byte	0xd
 2679 1438 67140000 		.4byte	0x1467
ARM GAS  /tmp/ccugAzZM.s 			page 48


 2680 143c 20       		.byte	0x20
 2681 143d 40       		.byte	0x40
 2682 143e 00       		.byte	0
 2683 143f 07       		.uleb128 0x7
 2684 1440 C1120000 		.4byte	0x12c1
 2685 1444 11       		.uleb128 0x11
 2686 1445 04       		.byte	0x4
 2687 1446 C1120000 		.4byte	0x12c1
 2688 144a 07       		.uleb128 0x7
 2689 144b 44140000 		.4byte	0x1444
 2690 144f 11       		.uleb128 0x11
 2691 1450 04       		.byte	0x4
 2692 1451 55140000 		.4byte	0x1455
 2693 1455 04       		.uleb128 0x4
 2694 1456 04       		.byte	0x4
 2695 1457 04       		.byte	0x4
 2696 1458 FB010000 		.4byte	.LASF259
 2697 145c 07       		.uleb128 0x7
 2698 145d 55140000 		.4byte	0x1455
 2699 1461 11       		.uleb128 0x11
 2700 1462 04       		.byte	0x4
 2701 1463 3F140000 		.4byte	0x143f
 2702 1467 18       		.uleb128 0x18
 2703 1468 C3000000 		.4byte	0xc3
 2704 146c 77140000 		.4byte	0x1477
 2705 1470 19       		.uleb128 0x19
 2706 1471 30000000 		.4byte	0x30
 2707 1475 1F       		.byte	0x1f
 2708 1476 00       		.byte	0
 2709 1477 29       		.uleb128 0x29
 2710 1478 73746400 		.ascii	"std\000"
 2711 147c 1C       		.byte	0x1c
 2712 147d 00       		.byte	0
 2713 147e B5140000 		.4byte	0x14b5
 2714 1482 2A       		.uleb128 0x2a
 2715 1483 3E060000 		.4byte	.LASF260
 2716 1487 18       		.byte	0x18
 2717 1488 1E01     		.2byte	0x11e
 2718 148a 41       		.byte	0x41
 2719 148b 2B       		.uleb128 0x2b
 2720 148c 18       		.byte	0x18
 2721 148d 1E01     		.2byte	0x11e
 2722 148f 41       		.byte	0x41
 2723 1490 82140000 		.4byte	0x1482
 2724 1494 2C       		.uleb128 0x2c
 2725 1495 17       		.byte	0x17
 2726 1496 54       		.byte	0x54
 2727 1497 0B       		.byte	0xb
 2728 1498 DB140000 		.4byte	0x14db
 2729 149c 2C       		.uleb128 0x2c
 2730 149d 17       		.byte	0x17
 2731 149e 57       		.byte	0x57
 2732 149f 0B       		.byte	0xb
 2733 14a0 F6140000 		.4byte	0x14f6
 2734 14a4 2C       		.uleb128 0x2c
 2735 14a5 17       		.byte	0x17
 2736 14a6 5D       		.byte	0x5d
ARM GAS  /tmp/ccugAzZM.s 			page 49


 2737 14a7 0B       		.byte	0xb
 2738 14a8 0C150000 		.4byte	0x150c
 2739 14ac 2C       		.uleb128 0x2c
 2740 14ad 17       		.byte	0x17
 2741 14ae 5E       		.byte	0x5e
 2742 14af 0B       		.byte	0xb
 2743 14b0 27150000 		.4byte	0x1527
 2744 14b4 00       		.byte	0
 2745 14b5 2D       		.uleb128 0x2d
 2746 14b6 A5000000 		.4byte	.LASF302
 2747 14ba 18       		.byte	0x18
 2748 14bb 2001     		.2byte	0x120
 2749 14bd 0B       		.byte	0xb
 2750 14be D5140000 		.4byte	0x14d5
 2751 14c2 2A       		.uleb128 0x2a
 2752 14c3 3E060000 		.4byte	.LASF260
 2753 14c7 18       		.byte	0x18
 2754 14c8 2201     		.2byte	0x122
 2755 14ca 41       		.byte	0x41
 2756 14cb 2B       		.uleb128 0x2b
 2757 14cc 18       		.byte	0x18
 2758 14cd 2201     		.2byte	0x122
 2759 14cf 41       		.byte	0x41
 2760 14d0 C2140000 		.4byte	0x14c2
 2761 14d4 00       		.byte	0
 2762 14d5 11       		.uleb128 0x11
 2763 14d6 04       		.byte	0x4
 2764 14d7 28040000 		.4byte	0x428
 2765 14db 2E       		.uleb128 0x2e
 2766 14dc 2E040000 		.4byte	.LASF261
 2767 14e0 19       		.byte	0x19
 2768 14e1 25       		.byte	0x25
 2769 14e2 06       		.byte	0x6
 2770 14e3 1D000000 		.4byte	0x1d
 2771 14e7 F6140000 		.4byte	0x14f6
 2772 14eb 22       		.uleb128 0x22
 2773 14ec 1D040000 		.4byte	0x41d
 2774 14f0 22       		.uleb128 0x22
 2775 14f1 1D040000 		.4byte	0x41d
 2776 14f5 00       		.byte	0
 2777 14f6 2E       		.uleb128 0x2e
 2778 14f7 14070000 		.4byte	.LASF262
 2779 14fb 19       		.byte	0x19
 2780 14fc 28       		.byte	0x28
 2781 14fd 08       		.byte	0x8
 2782 14fe D5140000 		.4byte	0x14d5
 2783 1502 0C150000 		.4byte	0x150c
 2784 1506 22       		.uleb128 0x22
 2785 1507 1D000000 		.4byte	0x1d
 2786 150b 00       		.byte	0
 2787 150c 2E       		.uleb128 0x2e
 2788 150d 2A0A0000 		.4byte	.LASF263
 2789 1511 19       		.byte	0x19
 2790 1512 32       		.byte	0x32
 2791 1513 08       		.byte	0x8
 2792 1514 D5140000 		.4byte	0x14d5
 2793 1518 27150000 		.4byte	0x1527
ARM GAS  /tmp/ccugAzZM.s 			page 50


 2794 151c 22       		.uleb128 0x22
 2795 151d D5140000 		.4byte	0x14d5
 2796 1521 22       		.uleb128 0x22
 2797 1522 1D040000 		.4byte	0x41d
 2798 1526 00       		.byte	0
 2799 1527 2E       		.uleb128 0x2e
 2800 1528 A3030000 		.4byte	.LASF264
 2801 152c 19       		.byte	0x19
 2802 152d 34       		.byte	0x34
 2803 152e 09       		.byte	0x9
 2804 152f 24000000 		.4byte	0x24
 2805 1533 47150000 		.4byte	0x1547
 2806 1537 22       		.uleb128 0x22
 2807 1538 D5140000 		.4byte	0x14d5
 2808 153c 22       		.uleb128 0x22
 2809 153d 1D040000 		.4byte	0x41d
 2810 1541 22       		.uleb128 0x22
 2811 1542 24000000 		.4byte	0x24
 2812 1546 00       		.byte	0
 2813 1547 2F       		.uleb128 0x2f
 2814 1548 220B0000 		.4byte	.LASF265
 2815 154c 1A       		.byte	0x1a
 2816 154d 05       		.byte	0x5
 2817 154e 1A       		.byte	0x1a
 2818 154f D4000000 		.4byte	0xd4
 2819 1553 00       		.byte	0
 2820 1554 2F       		.uleb128 0x2f
 2821 1555 40070000 		.4byte	.LASF266
 2822 1559 1A       		.byte	0x1a
 2823 155a 06       		.byte	0x6
 2824 155b 1A       		.byte	0x1a
 2825 155c D4000000 		.4byte	0xd4
 2826 1560 03       		.byte	0x3
 2827 1561 2F       		.uleb128 0x2f
 2828 1562 66010000 		.4byte	.LASF267
 2829 1566 1A       		.byte	0x1a
 2830 1567 07       		.byte	0x7
 2831 1568 1A       		.byte	0x1a
 2832 1569 D4000000 		.4byte	0xd4
 2833 156d 06       		.byte	0x6
 2834 156e 2F       		.uleb128 0x2f
 2835 156f F40A0000 		.4byte	.LASF268
 2836 1573 1A       		.byte	0x1a
 2837 1574 08       		.byte	0x8
 2838 1575 1A       		.byte	0x1a
 2839 1576 D4000000 		.4byte	0xd4
 2840 157a 2D       		.byte	0x2d
 2841 157b 2F       		.uleb128 0x2f
 2842 157c BF040000 		.4byte	.LASF269
 2843 1580 1A       		.byte	0x1a
 2844 1581 0B       		.byte	0xb
 2845 1582 1A       		.byte	0x1a
 2846 1583 D4000000 		.4byte	0xd4
 2847 1587 00       		.byte	0
 2848 1588 2F       		.uleb128 0x2f
 2849 1589 77050000 		.4byte	.LASF270
 2850 158d 1A       		.byte	0x1a
ARM GAS  /tmp/ccugAzZM.s 			page 51


 2851 158e 0C       		.byte	0xc
 2852 158f 1A       		.byte	0x1a
 2853 1590 D4000000 		.4byte	0xd4
 2854 1594 01       		.byte	0x1
 2855 1595 2F       		.uleb128 0x2f
 2856 1596 C8050000 		.4byte	.LASF271
 2857 159a 1A       		.byte	0x1a
 2858 159b 0D       		.byte	0xd
 2859 159c 1A       		.byte	0x1a
 2860 159d D4000000 		.4byte	0xd4
 2861 15a1 10       		.byte	0x10
 2862 15a2 2F       		.uleb128 0x2f
 2863 15a3 D8050000 		.4byte	.LASF272
 2864 15a7 1A       		.byte	0x1a
 2865 15a8 0E       		.byte	0xe
 2866 15a9 1A       		.byte	0x1a
 2867 15aa D4000000 		.4byte	0xd4
 2868 15ae 11       		.byte	0x11
 2869 15af 2F       		.uleb128 0x2f
 2870 15b0 2E0B0000 		.4byte	.LASF273
 2871 15b4 1A       		.byte	0x1a
 2872 15b5 0F       		.byte	0xf
 2873 15b6 1A       		.byte	0x1a
 2874 15b7 D4000000 		.4byte	0xd4
 2875 15bb 14       		.byte	0x14
 2876 15bc 2F       		.uleb128 0x2f
 2877 15bd 8C090000 		.4byte	.LASF274
 2878 15c1 1A       		.byte	0x1a
 2879 15c2 11       		.byte	0x11
 2880 15c3 1A       		.byte	0x1a
 2881 15c4 D4000000 		.4byte	0xd4
 2882 15c8 7F       		.byte	0x7f
 2883 15c9 2F       		.uleb128 0x2f
 2884 15ca 3F020000 		.4byte	.LASF275
 2885 15ce 1A       		.byte	0x1a
 2886 15cf 12       		.byte	0x12
 2887 15d0 1A       		.byte	0x1a
 2888 15d1 D4000000 		.4byte	0xd4
 2889 15d5 EA       		.byte	0xea
 2890 15d6 30       		.uleb128 0x30
 2891 15d7 99090000 		.4byte	.LASF276
 2892 15db 1A       		.byte	0x1a
 2893 15dc 15       		.byte	0x15
 2894 15dd 18       		.byte	0x18
 2895 15de 5C140000 		.4byte	0x145c
 2896 15e2 04       		.byte	0x4
 2897 15e3 797D8B3A 		.4byte	0x3a8b7d79
 2898 15e7 30       		.uleb128 0x30
 2899 15e8 6E030000 		.4byte	.LASF277
 2900 15ec 1A       		.byte	0x1a
 2901 15ed 16       		.byte	0x16
 2902 15ee 18       		.byte	0x18
 2903 15ef 5C140000 		.4byte	0x145c
 2904 15f3 04       		.byte	0x4
 2905 15f4 0AE89C3B 		.4byte	0x3b9ce80a
 2906 15f8 31       		.uleb128 0x31
 2907 15f9 8C130000 		.4byte	0x138c
ARM GAS  /tmp/ccugAzZM.s 			page 52


 2908 15fd 1A       		.byte	0x1a
 2909 15fe 76       		.byte	0x76
 2910 15ff 06       		.byte	0x6
 2911 1600 08160000 		.4byte	0x1608
 2912 1604 6C160000 		.4byte	0x166c
 2913 1608 32       		.uleb128 0x32
 2914 1609 180B0000 		.4byte	.LASF279
 2915 160d 4A140000 		.4byte	0x144a
 2916 1611 33       		.uleb128 0x33
 2917 1612 72656700 		.ascii	"reg\000"
 2918 1616 1A       		.byte	0x1a
 2919 1617 76       		.byte	0x76
 2920 1618 23       		.byte	0x23
 2921 1619 C3000000 		.4byte	0xc3
 2922 161d 33       		.uleb128 0x33
 2923 161e 62756600 		.ascii	"buf\000"
 2924 1622 1A       		.byte	0x1a
 2925 1623 76       		.byte	0x76
 2926 1624 31       		.byte	0x31
 2927 1625 810F0000 		.4byte	0xf81
 2928 1629 33       		.uleb128 0x33
 2929 162a 6E00     		.ascii	"n\000"
 2930 162c 1A       		.byte	0x1a
 2931 162d 76       		.byte	0x76
 2932 162e 3D       		.byte	0x3d
 2933 162f 24000000 		.4byte	0x24
 2934 1633 34       		.uleb128 0x34
 2935 1634 51160000 		.4byte	0x1651
 2936 1638 35       		.uleb128 0x35
 2937 1639 D4080000 		.4byte	.LASF278
 2938 163d 1A       		.byte	0x1a
 2939 163e 7A       		.byte	0x7a
 2940 163f 05       		.byte	0x5
 2941 1640 810F0000 		.4byte	0xf81
 2942 1644 36       		.uleb128 0x36
 2943 1645 656E6400 		.ascii	"end\000"
 2944 1649 1A       		.byte	0x1a
 2945 164a 7A       		.byte	0x7a
 2946 164b 05       		.byte	0x5
 2947 164c 810F0000 		.4byte	0xf81
 2948 1650 00       		.byte	0
 2949 1651 37       		.uleb128 0x37
 2950 1652 35       		.uleb128 0x35
 2951 1653 D4080000 		.4byte	.LASF278
 2952 1657 1A       		.byte	0x1a
 2953 1658 81       		.byte	0x81
 2954 1659 05       		.byte	0x5
 2955 165a 810F0000 		.4byte	0xf81
 2956 165e 36       		.uleb128 0x36
 2957 165f 656E6400 		.ascii	"end\000"
 2958 1663 1A       		.byte	0x1a
 2959 1664 81       		.byte	0x81
 2960 1665 05       		.byte	0x5
 2961 1666 810F0000 		.4byte	0xf81
 2962 166a 00       		.byte	0
 2963 166b 00       		.byte	0
 2964 166c 31       		.uleb128 0x31
ARM GAS  /tmp/ccugAzZM.s 			page 53


 2965 166d 68130000 		.4byte	0x1368
 2966 1671 1A       		.byte	0x1a
 2967 1672 69       		.byte	0x69
 2968 1673 06       		.byte	0x6
 2969 1674 7C160000 		.4byte	0x167c
 2970 1678 B8160000 		.4byte	0x16b8
 2971 167c 32       		.uleb128 0x32
 2972 167d 180B0000 		.4byte	.LASF279
 2973 1681 4A140000 		.4byte	0x144a
 2974 1685 33       		.uleb128 0x33
 2975 1686 72656700 		.ascii	"reg\000"
 2976 168a 1A       		.byte	0x1a
 2977 168b 69       		.byte	0x69
 2978 168c 22       		.byte	0x22
 2979 168d C3000000 		.4byte	0xc3
 2980 1691 33       		.uleb128 0x33
 2981 1692 76616C00 		.ascii	"val\000"
 2982 1696 1A       		.byte	0x1a
 2983 1697 69       		.byte	0x69
 2984 1698 2F       		.byte	0x2f
 2985 1699 C3000000 		.4byte	0xc3
 2986 169d 37       		.uleb128 0x37
 2987 169e 35       		.uleb128 0x35
 2988 169f D4080000 		.4byte	.LASF278
 2989 16a3 1A       		.byte	0x1a
 2990 16a4 6D       		.byte	0x6d
 2991 16a5 05       		.byte	0x5
 2992 16a6 810F0000 		.4byte	0xf81
 2993 16aa 36       		.uleb128 0x36
 2994 16ab 656E6400 		.ascii	"end\000"
 2995 16af 1A       		.byte	0x1a
 2996 16b0 6D       		.byte	0x6d
 2997 16b1 05       		.byte	0x5
 2998 16b2 810F0000 		.4byte	0xf81
 2999 16b6 00       		.byte	0
 3000 16b7 00       		.byte	0
 3001 16b8 31       		.uleb128 0x31
 3002 16b9 45130000 		.4byte	0x1345
 3003 16bd 1A       		.byte	0x1a
 3004 16be 5A       		.byte	0x5a
 3005 16bf 09       		.byte	0x9
 3006 16c0 C8160000 		.4byte	0x16c8
 3007 16c4 16170000 		.4byte	0x1716
 3008 16c8 32       		.uleb128 0x32
 3009 16c9 180B0000 		.4byte	.LASF279
 3010 16cd 4A140000 		.4byte	0x144a
 3011 16d1 33       		.uleb128 0x33
 3012 16d2 72656700 		.ascii	"reg\000"
 3013 16d6 1A       		.byte	0x1a
 3014 16d7 5A       		.byte	0x5a
 3015 16d8 24       		.byte	0x24
 3016 16d9 C3000000 		.4byte	0xc3
 3017 16dd 34       		.uleb128 0x34
 3018 16de FB160000 		.4byte	0x16fb
 3019 16e2 35       		.uleb128 0x35
 3020 16e3 D4080000 		.4byte	.LASF278
 3021 16e7 1A       		.byte	0x1a
ARM GAS  /tmp/ccugAzZM.s 			page 54


 3022 16e8 5E       		.byte	0x5e
 3023 16e9 05       		.byte	0x5
 3024 16ea 810F0000 		.4byte	0xf81
 3025 16ee 36       		.uleb128 0x36
 3026 16ef 656E6400 		.ascii	"end\000"
 3027 16f3 1A       		.byte	0x1a
 3028 16f4 5E       		.byte	0x5e
 3029 16f5 05       		.byte	0x5
 3030 16f6 810F0000 		.4byte	0xf81
 3031 16fa 00       		.byte	0
 3032 16fb 37       		.uleb128 0x37
 3033 16fc 35       		.uleb128 0x35
 3034 16fd D4080000 		.4byte	.LASF278
 3035 1701 1A       		.byte	0x1a
 3036 1702 65       		.byte	0x65
 3037 1703 05       		.byte	0x5
 3038 1704 810F0000 		.4byte	0xf81
 3039 1708 36       		.uleb128 0x36
 3040 1709 656E6400 		.ascii	"end\000"
 3041 170d 1A       		.byte	0x1a
 3042 170e 65       		.byte	0x65
 3043 170f 05       		.byte	0x5
 3044 1710 810F0000 		.4byte	0xf81
 3045 1714 00       		.byte	0
 3046 1715 00       		.byte	0
 3047 1716 31       		.uleb128 0x31
 3048 1717 FD120000 		.4byte	0x12fd
 3049 171b 1A       		.byte	0x1a
 3050 171c 45       		.byte	0x45
 3051 171d 06       		.byte	0x6
 3052 171e 26170000 		.4byte	0x1726
 3053 1722 18180000 		.4byte	0x1818
 3054 1726 32       		.uleb128 0x32
 3055 1727 180B0000 		.4byte	.LASF279
 3056 172b 4A140000 		.4byte	0x144a
 3057 172f 38       		.uleb128 0x38
 3058 1730 84010000 		.4byte	.LASF280
 3059 1734 1A       		.byte	0x1a
 3060 1735 45       		.byte	0x45
 3061 1736 1B       		.byte	0x1b
 3062 1737 4F140000 		.4byte	0x144f
 3063 173b 38       		.uleb128 0x38
 3064 173c 70020000 		.4byte	.LASF281
 3065 1740 1A       		.byte	0x1a
 3066 1741 45       		.byte	0x45
 3067 1742 2F       		.byte	0x2f
 3068 1743 4F140000 		.4byte	0x144f
 3069 1747 36       		.uleb128 0x36
 3070 1748 72617700 		.ascii	"raw\000"
 3071 174c 1A       		.byte	0x1a
 3072 174d 4A       		.byte	0x4a
 3073 174e 0D       		.byte	0xd
 3074 174f 18180000 		.4byte	0x1818
 3075 1753 13       		.uleb128 0x13
 3076 1754 01       		.byte	0x1
 3077 1755 1A       		.byte	0x1a
 3078 1756 4D       		.byte	0x4d
ARM GAS  /tmp/ccugAzZM.s 			page 55


 3079 1757 12       		.byte	0x12
 3080 1758 0B180000 		.4byte	0x180b
 3081 175c 39       		.uleb128 0x39
 3082 175d D0090000 		.4byte	.LASF282
 3083 1761 7E170000 		.4byte	0x177e
 3084 1765 6D170000 		.4byte	0x176d
 3085 1769 7E170000 		.4byte	0x177e
 3086 176d 25       		.uleb128 0x25
 3087 176e 7E170000 		.4byte	0x177e
 3088 1772 22       		.uleb128 0x22
 3089 1773 77170000 		.4byte	0x1777
 3090 1777 3A       		.uleb128 0x3a
 3091 1778 04       		.byte	0x4
 3092 1779 53170000 		.4byte	0x1753
 3093 177d 00       		.byte	0
 3094 177e 11       		.uleb128 0x11
 3095 177f 04       		.byte	0x4
 3096 1780 53170000 		.4byte	0x1753
 3097 1784 39       		.uleb128 0x39
 3098 1785 D0090000 		.4byte	.LASF282
 3099 1789 7E170000 		.4byte	0x177e
 3100 178d 95170000 		.4byte	0x1795
 3101 1791 AB170000 		.4byte	0x17ab
 3102 1795 25       		.uleb128 0x25
 3103 1796 7E170000 		.4byte	0x177e
 3104 179a 22       		.uleb128 0x22
 3105 179b 9F170000 		.4byte	0x179f
 3106 179f 3B       		.uleb128 0x3b
 3107 17a0 04       		.byte	0x4
 3108 17a1 A5170000 		.4byte	0x17a5
 3109 17a5 07       		.uleb128 0x7
 3110 17a6 53170000 		.4byte	0x1753
 3111 17aa 00       		.byte	0
 3112 17ab 3C       		.uleb128 0x3c
 3113 17ac D0090000 		.4byte	.LASF282
 3114 17b0 7E170000 		.4byte	0x177e
 3115 17b4 BC170000 		.4byte	0x17bc
 3116 17b8 C2170000 		.4byte	0x17c2
 3117 17bc 25       		.uleb128 0x25
 3118 17bd 7E170000 		.4byte	0x177e
 3119 17c1 00       		.byte	0
 3120 17c2 39       		.uleb128 0x39
 3121 17c3 9F060000 		.4byte	.LASF283
 3122 17c7 93060000 		.4byte	0x693
 3123 17cb D3170000 		.4byte	0x17d3
 3124 17cf DE170000 		.4byte	0x17de
 3125 17d3 25       		.uleb128 0x25
 3126 17d4 7E170000 		.4byte	0x177e
 3127 17d8 25       		.uleb128 0x25
 3128 17d9 1D000000 		.4byte	0x1d
 3129 17dd 00       		.byte	0
 3130 17de 3D       		.uleb128 0x3d
 3131 17df 94010000 		.4byte	.LASF303
 3132 17e3 D9000000 		.4byte	0xd9
 3133 17e7 F6170000 		.4byte	0x17f6
 3134 17eb 11       		.uleb128 0x11
 3135 17ec 04       		.byte	0x4
ARM GAS  /tmp/ccugAzZM.s 			page 56


 3136 17ed A5170000 		.4byte	0x17a5
 3137 17f1 07       		.uleb128 0x7
 3138 17f2 EB170000 		.4byte	0x17eb
 3139 17f6 32       		.uleb128 0x32
 3140 17f7 09000000 		.4byte	.LASF284
 3141 17fb F1170000 		.4byte	0x17f1
 3142 17ff 33       		.uleb128 0x33
 3143 1800 7000     		.ascii	"p\000"
 3144 1802 1A       		.byte	0x1a
 3145 1803 4D       		.byte	0x4d
 3146 1804 23       		.byte	0x23
 3147 1805 0E100000 		.4byte	0x100e
 3148 1809 00       		.byte	0
 3149 180a 00       		.byte	0
 3150 180b 35       		.uleb128 0x35
 3151 180c D5040000 		.4byte	.LASF285
 3152 1810 1A       		.byte	0x1a
 3153 1811 4D       		.byte	0x4d
 3154 1812 0A       		.byte	0xa
 3155 1813 53170000 		.4byte	0x1753
 3156 1817 00       		.byte	0
 3157 1818 18       		.uleb128 0x18
 3158 1819 C3000000 		.4byte	0xc3
 3159 181d 28180000 		.4byte	0x1828
 3160 1821 19       		.uleb128 0x19
 3161 1822 30000000 		.4byte	0x30
 3162 1826 0B       		.byte	0xb
 3163 1827 00       		.byte	0
 3164 1828 31       		.uleb128 0x31
 3165 1829 CF120000 		.4byte	0x12cf
 3166 182d 1A       		.byte	0x1a
 3167 182e 27       		.byte	0x27
 3168 182f 06       		.byte	0x6
 3169 1830 38180000 		.4byte	0x1838
 3170 1834 66180000 		.4byte	0x1866
 3171 1838 32       		.uleb128 0x32
 3172 1839 180B0000 		.4byte	.LASF279
 3173 183d 4A140000 		.4byte	0x144a
 3174 1841 38       		.uleb128 0x38
 3175 1842 10020000 		.4byte	.LASF286
 3176 1846 1A       		.byte	0x1a
 3177 1847 27       		.byte	0x27
 3178 1848 20       		.byte	0x20
 3179 1849 AF120000 		.4byte	0x12af
 3180 184d 38       		.uleb128 0x38
 3181 184e B3080000 		.4byte	.LASF287
 3182 1852 1A       		.byte	0x1a
 3183 1853 27       		.byte	0x27
 3184 1854 37       		.byte	0x37
 3185 1855 B5120000 		.4byte	0x12b5
 3186 1859 38       		.uleb128 0x38
 3187 185a E7000000 		.4byte	.LASF288
 3188 185e 1A       		.byte	0x1a
 3189 185f 27       		.byte	0x27
 3190 1860 52       		.byte	0x52
 3191 1861 B5120000 		.4byte	0x12b5
 3192 1865 00       		.byte	0
ARM GAS  /tmp/ccugAzZM.s 			page 57


 3193 1866 31       		.uleb128 0x31
 3194 1867 26130000 		.4byte	0x1326
 3195 186b 1A       		.byte	0x1a
 3196 186c 18       		.byte	0x18
 3197 186d 06       		.byte	0x6
 3198 186e 76180000 		.4byte	0x1876
 3199 1872 A6180000 		.4byte	0x18a6
 3200 1876 32       		.uleb128 0x32
 3201 1877 180B0000 		.4byte	.LASF279
 3202 187b 4A140000 		.4byte	0x144a
 3203 187f 38       		.uleb128 0x38
 3204 1880 930A0000 		.4byte	.LASF289
 3205 1884 1A       		.byte	0x1a
 3206 1885 18       		.byte	0x18
 3207 1886 21       		.byte	0x21
 3208 1887 C3000000 		.4byte	0xc3
 3209 188b 37       		.uleb128 0x37
 3210 188c 35       		.uleb128 0x35
 3211 188d D4080000 		.4byte	.LASF278
 3212 1891 1A       		.byte	0x1a
 3213 1892 1D       		.byte	0x1d
 3214 1893 05       		.byte	0x5
 3215 1894 810F0000 		.4byte	0xf81
 3216 1898 36       		.uleb128 0x36
 3217 1899 656E6400 		.ascii	"end\000"
 3218 189d 1A       		.byte	0x1a
 3219 189e 1D       		.byte	0x1d
 3220 189f 05       		.byte	0x5
 3221 18a0 810F0000 		.4byte	0xf81
 3222 18a4 00       		.byte	0
 3223 18a5 00       		.byte	0
 3224 18a6 3E       		.uleb128 0x3e
 3225 18a7 BF060000 		.4byte	.LASF290
 3226 18ab 1B       		.byte	0x1b
 3227 18ac 6D03     		.2byte	0x36d
 3228 18ae 1B       		.byte	0x1b
 3229 18af 3E       		.uleb128 0x3e
 3230 18b0 F7000000 		.4byte	.LASF291
 3231 18b4 1B       		.byte	0x1b
 3232 18b5 6203     		.2byte	0x362
 3233 18b7 1B       		.byte	0x1b
 3234 18b8 00       		.byte	0
 3235              		.section	.gnu.debuglto_.debug_abbrev,"e",%progbits
 3236              	.Ldebug_abbrev0:
 3237 0000 01       		.uleb128 0x1
 3238 0001 11       		.uleb128 0x11
 3239 0002 01       		.byte	0x1
 3240 0003 25       		.uleb128 0x25
 3241 0004 0E       		.uleb128 0xe
 3242 0005 13       		.uleb128 0x13
 3243 0006 0B       		.uleb128 0xb
 3244 0007 03       		.uleb128 0x3
 3245 0008 0E       		.uleb128 0xe
 3246 0009 1B       		.uleb128 0x1b
 3247 000a 0E       		.uleb128 0xe
 3248 000b 10       		.uleb128 0x10
 3249 000c 17       		.uleb128 0x17
ARM GAS  /tmp/ccugAzZM.s 			page 58


 3250 000d 00       		.byte	0
 3251 000e 00       		.byte	0
 3252 000f 02       		.uleb128 0x2
 3253 0010 24       		.uleb128 0x24
 3254 0011 00       		.byte	0
 3255 0012 0B       		.uleb128 0xb
 3256 0013 0B       		.uleb128 0xb
 3257 0014 3E       		.uleb128 0x3e
 3258 0015 0B       		.uleb128 0xb
 3259 0016 03       		.uleb128 0x3
 3260 0017 08       		.uleb128 0x8
 3261 0018 00       		.byte	0
 3262 0019 00       		.byte	0
 3263 001a 03       		.uleb128 0x3
 3264 001b 16       		.uleb128 0x16
 3265 001c 00       		.byte	0
 3266 001d 03       		.uleb128 0x3
 3267 001e 0E       		.uleb128 0xe
 3268 001f 3A       		.uleb128 0x3a
 3269 0020 0B       		.uleb128 0xb
 3270 0021 3B       		.uleb128 0x3b
 3271 0022 0B       		.uleb128 0xb
 3272 0023 39       		.uleb128 0x39
 3273 0024 0B       		.uleb128 0xb
 3274 0025 49       		.uleb128 0x49
 3275 0026 13       		.uleb128 0x13
 3276 0027 00       		.byte	0
 3277 0028 00       		.byte	0
 3278 0029 04       		.uleb128 0x4
 3279 002a 24       		.uleb128 0x24
 3280 002b 00       		.byte	0
 3281 002c 0B       		.uleb128 0xb
 3282 002d 0B       		.uleb128 0xb
 3283 002e 3E       		.uleb128 0x3e
 3284 002f 0B       		.uleb128 0xb
 3285 0030 03       		.uleb128 0x3
 3286 0031 0E       		.uleb128 0xe
 3287 0032 00       		.byte	0
 3288 0033 00       		.byte	0
 3289 0034 05       		.uleb128 0x5
 3290 0035 3B       		.uleb128 0x3b
 3291 0036 00       		.byte	0
 3292 0037 03       		.uleb128 0x3
 3293 0038 0E       		.uleb128 0xe
 3294 0039 00       		.byte	0
 3295 003a 00       		.byte	0
 3296 003b 06       		.uleb128 0x6
 3297 003c 35       		.uleb128 0x35
 3298 003d 00       		.byte	0
 3299 003e 49       		.uleb128 0x49
 3300 003f 13       		.uleb128 0x13
 3301 0040 00       		.byte	0
 3302 0041 00       		.byte	0
 3303 0042 07       		.uleb128 0x7
 3304 0043 26       		.uleb128 0x26
 3305 0044 00       		.byte	0
 3306 0045 49       		.uleb128 0x49
ARM GAS  /tmp/ccugAzZM.s 			page 59


 3307 0046 13       		.uleb128 0x13
 3308 0047 00       		.byte	0
 3309 0048 00       		.byte	0
 3310 0049 08       		.uleb128 0x8
 3311 004a 13       		.uleb128 0x13
 3312 004b 01       		.byte	0x1
 3313 004c 03       		.uleb128 0x3
 3314 004d 0E       		.uleb128 0xe
 3315 004e 0B       		.uleb128 0xb
 3316 004f 0B       		.uleb128 0xb
 3317 0050 3A       		.uleb128 0x3a
 3318 0051 0B       		.uleb128 0xb
 3319 0052 3B       		.uleb128 0x3b
 3320 0053 0B       		.uleb128 0xb
 3321 0054 39       		.uleb128 0x39
 3322 0055 0B       		.uleb128 0xb
 3323 0056 01       		.uleb128 0x1
 3324 0057 13       		.uleb128 0x13
 3325 0058 00       		.byte	0
 3326 0059 00       		.byte	0
 3327 005a 09       		.uleb128 0x9
 3328 005b 17       		.uleb128 0x17
 3329 005c 01       		.byte	0x1
 3330 005d 0B       		.uleb128 0xb
 3331 005e 0B       		.uleb128 0xb
 3332 005f 3A       		.uleb128 0x3a
 3333 0060 0B       		.uleb128 0xb
 3334 0061 3B       		.uleb128 0x3b
 3335 0062 0B       		.uleb128 0xb
 3336 0063 39       		.uleb128 0x39
 3337 0064 0B       		.uleb128 0xb
 3338 0065 01       		.uleb128 0x1
 3339 0066 13       		.uleb128 0x13
 3340 0067 00       		.byte	0
 3341 0068 00       		.byte	0
 3342 0069 0A       		.uleb128 0xa
 3343 006a 0D       		.uleb128 0xd
 3344 006b 00       		.byte	0
 3345 006c 03       		.uleb128 0x3
 3346 006d 0E       		.uleb128 0xe
 3347 006e 3A       		.uleb128 0x3a
 3348 006f 0B       		.uleb128 0xb
 3349 0070 3B       		.uleb128 0x3b
 3350 0071 0B       		.uleb128 0xb
 3351 0072 39       		.uleb128 0x39
 3352 0073 0B       		.uleb128 0xb
 3353 0074 49       		.uleb128 0x49
 3354 0075 13       		.uleb128 0x13
 3355 0076 00       		.byte	0
 3356 0077 00       		.byte	0
 3357 0078 0B       		.uleb128 0xb
 3358 0079 0D       		.uleb128 0xd
 3359 007a 00       		.byte	0
 3360 007b 03       		.uleb128 0x3
 3361 007c 0E       		.uleb128 0xe
 3362 007d 3A       		.uleb128 0x3a
 3363 007e 0B       		.uleb128 0xb
ARM GAS  /tmp/ccugAzZM.s 			page 60


 3364 007f 3B       		.uleb128 0x3b
 3365 0080 05       		.uleb128 0x5
 3366 0081 39       		.uleb128 0x39
 3367 0082 0B       		.uleb128 0xb
 3368 0083 49       		.uleb128 0x49
 3369 0084 13       		.uleb128 0x13
 3370 0085 00       		.byte	0
 3371 0086 00       		.byte	0
 3372 0087 0C       		.uleb128 0xc
 3373 0088 0D       		.uleb128 0xd
 3374 0089 00       		.byte	0
 3375 008a 03       		.uleb128 0x3
 3376 008b 08       		.uleb128 0x8
 3377 008c 3A       		.uleb128 0x3a
 3378 008d 0B       		.uleb128 0xb
 3379 008e 3B       		.uleb128 0x3b
 3380 008f 0B       		.uleb128 0xb
 3381 0090 39       		.uleb128 0x39
 3382 0091 0B       		.uleb128 0xb
 3383 0092 49       		.uleb128 0x49
 3384 0093 13       		.uleb128 0x13
 3385 0094 38       		.uleb128 0x38
 3386 0095 0B       		.uleb128 0xb
 3387 0096 00       		.byte	0
 3388 0097 00       		.byte	0
 3389 0098 0D       		.uleb128 0xd
 3390 0099 0D       		.uleb128 0xd
 3391 009a 00       		.byte	0
 3392 009b 03       		.uleb128 0x3
 3393 009c 0E       		.uleb128 0xe
 3394 009d 3A       		.uleb128 0x3a
 3395 009e 0B       		.uleb128 0xb
 3396 009f 3B       		.uleb128 0x3b
 3397 00a0 0B       		.uleb128 0xb
 3398 00a1 39       		.uleb128 0x39
 3399 00a2 0B       		.uleb128 0xb
 3400 00a3 49       		.uleb128 0x49
 3401 00a4 13       		.uleb128 0x13
 3402 00a5 38       		.uleb128 0x38
 3403 00a6 0B       		.uleb128 0xb
 3404 00a7 00       		.byte	0
 3405 00a8 00       		.byte	0
 3406 00a9 0E       		.uleb128 0xe
 3407 00aa 0D       		.uleb128 0xd
 3408 00ab 00       		.byte	0
 3409 00ac 03       		.uleb128 0x3
 3410 00ad 08       		.uleb128 0x8
 3411 00ae 3A       		.uleb128 0x3a
 3412 00af 0B       		.uleb128 0xb
 3413 00b0 3B       		.uleb128 0x3b
 3414 00b1 05       		.uleb128 0x5
 3415 00b2 39       		.uleb128 0x39
 3416 00b3 0B       		.uleb128 0xb
 3417 00b4 49       		.uleb128 0x49
 3418 00b5 13       		.uleb128 0x13
 3419 00b6 38       		.uleb128 0x38
 3420 00b7 0B       		.uleb128 0xb
ARM GAS  /tmp/ccugAzZM.s 			page 61


 3421 00b8 00       		.byte	0
 3422 00b9 00       		.byte	0
 3423 00ba 0F       		.uleb128 0xf
 3424 00bb 0D       		.uleb128 0xd
 3425 00bc 00       		.byte	0
 3426 00bd 03       		.uleb128 0x3
 3427 00be 0E       		.uleb128 0xe
 3428 00bf 3A       		.uleb128 0x3a
 3429 00c0 0B       		.uleb128 0xb
 3430 00c1 3B       		.uleb128 0x3b
 3431 00c2 05       		.uleb128 0x5
 3432 00c3 39       		.uleb128 0x39
 3433 00c4 0B       		.uleb128 0xb
 3434 00c5 49       		.uleb128 0x49
 3435 00c6 13       		.uleb128 0x13
 3436 00c7 38       		.uleb128 0x38
 3437 00c8 0B       		.uleb128 0xb
 3438 00c9 00       		.byte	0
 3439 00ca 00       		.byte	0
 3440 00cb 10       		.uleb128 0x10
 3441 00cc 13       		.uleb128 0x13
 3442 00cd 01       		.byte	0x1
 3443 00ce 03       		.uleb128 0x3
 3444 00cf 0E       		.uleb128 0xe
 3445 00d0 0B       		.uleb128 0xb
 3446 00d1 05       		.uleb128 0x5
 3447 00d2 3A       		.uleb128 0x3a
 3448 00d3 0B       		.uleb128 0xb
 3449 00d4 3B       		.uleb128 0x3b
 3450 00d5 05       		.uleb128 0x5
 3451 00d6 39       		.uleb128 0x39
 3452 00d7 0B       		.uleb128 0xb
 3453 00d8 01       		.uleb128 0x1
 3454 00d9 13       		.uleb128 0x13
 3455 00da 00       		.byte	0
 3456 00db 00       		.byte	0
 3457 00dc 11       		.uleb128 0x11
 3458 00dd 0F       		.uleb128 0xf
 3459 00de 00       		.byte	0
 3460 00df 0B       		.uleb128 0xb
 3461 00e0 0B       		.uleb128 0xb
 3462 00e1 49       		.uleb128 0x49
 3463 00e2 13       		.uleb128 0x13
 3464 00e3 00       		.byte	0
 3465 00e4 00       		.byte	0
 3466 00e5 12       		.uleb128 0x12
 3467 00e6 13       		.uleb128 0x13
 3468 00e7 01       		.byte	0x1
 3469 00e8 0B       		.uleb128 0xb
 3470 00e9 0B       		.uleb128 0xb
 3471 00ea 3A       		.uleb128 0x3a
 3472 00eb 0B       		.uleb128 0xb
 3473 00ec 3B       		.uleb128 0x3b
 3474 00ed 0B       		.uleb128 0xb
 3475 00ee 39       		.uleb128 0x39
 3476 00ef 0B       		.uleb128 0xb
 3477 00f0 6E       		.uleb128 0x6e
ARM GAS  /tmp/ccugAzZM.s 			page 62


 3478 00f1 0E       		.uleb128 0xe
 3479 00f2 01       		.uleb128 0x1
 3480 00f3 13       		.uleb128 0x13
 3481 00f4 00       		.byte	0
 3482 00f5 00       		.byte	0
 3483 00f6 13       		.uleb128 0x13
 3484 00f7 13       		.uleb128 0x13
 3485 00f8 01       		.byte	0x1
 3486 00f9 0B       		.uleb128 0xb
 3487 00fa 0B       		.uleb128 0xb
 3488 00fb 3A       		.uleb128 0x3a
 3489 00fc 0B       		.uleb128 0xb
 3490 00fd 3B       		.uleb128 0x3b
 3491 00fe 0B       		.uleb128 0xb
 3492 00ff 39       		.uleb128 0x39
 3493 0100 0B       		.uleb128 0xb
 3494 0101 01       		.uleb128 0x1
 3495 0102 13       		.uleb128 0x13
 3496 0103 00       		.byte	0
 3497 0104 00       		.byte	0
 3498 0105 14       		.uleb128 0x14
 3499 0106 0D       		.uleb128 0xd
 3500 0107 00       		.byte	0
 3501 0108 03       		.uleb128 0x3
 3502 0109 08       		.uleb128 0x8
 3503 010a 3A       		.uleb128 0x3a
 3504 010b 0B       		.uleb128 0xb
 3505 010c 3B       		.uleb128 0x3b
 3506 010d 0B       		.uleb128 0xb
 3507 010e 39       		.uleb128 0x39
 3508 010f 0B       		.uleb128 0xb
 3509 0110 49       		.uleb128 0x49
 3510 0111 13       		.uleb128 0x13
 3511 0112 00       		.byte	0
 3512 0113 00       		.byte	0
 3513 0114 15       		.uleb128 0x15
 3514 0115 0D       		.uleb128 0xd
 3515 0116 00       		.byte	0
 3516 0117 03       		.uleb128 0x3
 3517 0118 0E       		.uleb128 0xe
 3518 0119 3A       		.uleb128 0x3a
 3519 011a 0B       		.uleb128 0xb
 3520 011b 3B       		.uleb128 0x3b
 3521 011c 0B       		.uleb128 0xb
 3522 011d 39       		.uleb128 0x39
 3523 011e 0B       		.uleb128 0xb
 3524 011f 49       		.uleb128 0x49
 3525 0120 13       		.uleb128 0x13
 3526 0121 0B       		.uleb128 0xb
 3527 0122 0B       		.uleb128 0xb
 3528 0123 0D       		.uleb128 0xd
 3529 0124 0B       		.uleb128 0xb
 3530 0125 0C       		.uleb128 0xc
 3531 0126 0B       		.uleb128 0xb
 3532 0127 38       		.uleb128 0x38
 3533 0128 0B       		.uleb128 0xb
 3534 0129 00       		.byte	0
ARM GAS  /tmp/ccugAzZM.s 			page 63


 3535 012a 00       		.byte	0
 3536 012b 16       		.uleb128 0x16
 3537 012c 0F       		.uleb128 0xf
 3538 012d 00       		.byte	0
 3539 012e 0B       		.uleb128 0xb
 3540 012f 0B       		.uleb128 0xb
 3541 0130 00       		.byte	0
 3542 0131 00       		.byte	0
 3543 0132 17       		.uleb128 0x17
 3544 0133 13       		.uleb128 0x13
 3545 0134 01       		.byte	0x1
 3546 0135 0B       		.uleb128 0xb
 3547 0136 05       		.uleb128 0x5
 3548 0137 3A       		.uleb128 0x3a
 3549 0138 0B       		.uleb128 0xb
 3550 0139 3B       		.uleb128 0x3b
 3551 013a 0B       		.uleb128 0xb
 3552 013b 39       		.uleb128 0x39
 3553 013c 0B       		.uleb128 0xb
 3554 013d 6E       		.uleb128 0x6e
 3555 013e 0E       		.uleb128 0xe
 3556 013f 01       		.uleb128 0x1
 3557 0140 13       		.uleb128 0x13
 3558 0141 00       		.byte	0
 3559 0142 00       		.byte	0
 3560 0143 18       		.uleb128 0x18
 3561 0144 01       		.uleb128 0x1
 3562 0145 01       		.byte	0x1
 3563 0146 49       		.uleb128 0x49
 3564 0147 13       		.uleb128 0x13
 3565 0148 01       		.uleb128 0x1
 3566 0149 13       		.uleb128 0x13
 3567 014a 00       		.byte	0
 3568 014b 00       		.byte	0
 3569 014c 19       		.uleb128 0x19
 3570 014d 21       		.uleb128 0x21
 3571 014e 00       		.byte	0
 3572 014f 49       		.uleb128 0x49
 3573 0150 13       		.uleb128 0x13
 3574 0151 2F       		.uleb128 0x2f
 3575 0152 0B       		.uleb128 0xb
 3576 0153 00       		.byte	0
 3577 0154 00       		.byte	0
 3578 0155 1A       		.uleb128 0x1a
 3579 0156 13       		.uleb128 0x13
 3580 0157 01       		.byte	0x1
 3581 0158 0B       		.uleb128 0xb
 3582 0159 05       		.uleb128 0x5
 3583 015a 3A       		.uleb128 0x3a
 3584 015b 0B       		.uleb128 0xb
 3585 015c 3B       		.uleb128 0x3b
 3586 015d 05       		.uleb128 0x5
 3587 015e 39       		.uleb128 0x39
 3588 015f 0B       		.uleb128 0xb
 3589 0160 6E       		.uleb128 0x6e
 3590 0161 0E       		.uleb128 0xe
 3591 0162 01       		.uleb128 0x1
ARM GAS  /tmp/ccugAzZM.s 			page 64


 3592 0163 13       		.uleb128 0x13
 3593 0164 00       		.byte	0
 3594 0165 00       		.byte	0
 3595 0166 1B       		.uleb128 0x1b
 3596 0167 0D       		.uleb128 0xd
 3597 0168 00       		.byte	0
 3598 0169 03       		.uleb128 0x3
 3599 016a 0E       		.uleb128 0xe
 3600 016b 3A       		.uleb128 0x3a
 3601 016c 0B       		.uleb128 0xb
 3602 016d 3B       		.uleb128 0x3b
 3603 016e 05       		.uleb128 0x5
 3604 016f 39       		.uleb128 0x39
 3605 0170 0B       		.uleb128 0xb
 3606 0171 49       		.uleb128 0x49
 3607 0172 13       		.uleb128 0x13
 3608 0173 38       		.uleb128 0x38
 3609 0174 05       		.uleb128 0x5
 3610 0175 00       		.byte	0
 3611 0176 00       		.byte	0
 3612 0177 1C       		.uleb128 0x1c
 3613 0178 16       		.uleb128 0x16
 3614 0179 00       		.byte	0
 3615 017a 03       		.uleb128 0x3
 3616 017b 0E       		.uleb128 0xe
 3617 017c 3A       		.uleb128 0x3a
 3618 017d 0B       		.uleb128 0xb
 3619 017e 3B       		.uleb128 0x3b
 3620 017f 05       		.uleb128 0x5
 3621 0180 39       		.uleb128 0x39
 3622 0181 0B       		.uleb128 0xb
 3623 0182 49       		.uleb128 0x49
 3624 0183 13       		.uleb128 0x13
 3625 0184 00       		.byte	0
 3626 0185 00       		.byte	0
 3627 0186 1D       		.uleb128 0x1d
 3628 0187 13       		.uleb128 0x13
 3629 0188 01       		.byte	0x1
 3630 0189 0B       		.uleb128 0xb
 3631 018a 0B       		.uleb128 0xb
 3632 018b 3A       		.uleb128 0x3a
 3633 018c 0B       		.uleb128 0xb
 3634 018d 3B       		.uleb128 0x3b
 3635 018e 05       		.uleb128 0x5
 3636 018f 39       		.uleb128 0x39
 3637 0190 0B       		.uleb128 0xb
 3638 0191 6E       		.uleb128 0x6e
 3639 0192 0E       		.uleb128 0xe
 3640 0193 01       		.uleb128 0x1
 3641 0194 13       		.uleb128 0x13
 3642 0195 00       		.byte	0
 3643 0196 00       		.byte	0
 3644 0197 1E       		.uleb128 0x1e
 3645 0198 13       		.uleb128 0x13
 3646 0199 01       		.byte	0x1
 3647 019a 03       		.uleb128 0x3
 3648 019b 0E       		.uleb128 0xe
ARM GAS  /tmp/ccugAzZM.s 			page 65


 3649 019c 0B       		.uleb128 0xb
 3650 019d 0B       		.uleb128 0xb
 3651 019e 3A       		.uleb128 0x3a
 3652 019f 0B       		.uleb128 0xb
 3653 01a0 3B       		.uleb128 0x3b
 3654 01a1 05       		.uleb128 0x5
 3655 01a2 39       		.uleb128 0x39
 3656 01a3 0B       		.uleb128 0xb
 3657 01a4 01       		.uleb128 0x1
 3658 01a5 13       		.uleb128 0x13
 3659 01a6 00       		.byte	0
 3660 01a7 00       		.byte	0
 3661 01a8 1F       		.uleb128 0x1f
 3662 01a9 04       		.uleb128 0x4
 3663 01aa 01       		.byte	0x1
 3664 01ab 3E       		.uleb128 0x3e
 3665 01ac 0B       		.uleb128 0xb
 3666 01ad 0B       		.uleb128 0xb
 3667 01ae 0B       		.uleb128 0xb
 3668 01af 49       		.uleb128 0x49
 3669 01b0 13       		.uleb128 0x13
 3670 01b1 3A       		.uleb128 0x3a
 3671 01b2 0B       		.uleb128 0xb
 3672 01b3 3B       		.uleb128 0x3b
 3673 01b4 0B       		.uleb128 0xb
 3674 01b5 39       		.uleb128 0x39
 3675 01b6 0B       		.uleb128 0xb
 3676 01b7 6E       		.uleb128 0x6e
 3677 01b8 0E       		.uleb128 0xe
 3678 01b9 01       		.uleb128 0x1
 3679 01ba 13       		.uleb128 0x13
 3680 01bb 00       		.byte	0
 3681 01bc 00       		.byte	0
 3682 01bd 20       		.uleb128 0x20
 3683 01be 28       		.uleb128 0x28
 3684 01bf 00       		.byte	0
 3685 01c0 03       		.uleb128 0x3
 3686 01c1 0E       		.uleb128 0xe
 3687 01c2 1C       		.uleb128 0x1c
 3688 01c3 0B       		.uleb128 0xb
 3689 01c4 00       		.byte	0
 3690 01c5 00       		.byte	0
 3691 01c6 21       		.uleb128 0x21
 3692 01c7 15       		.uleb128 0x15
 3693 01c8 01       		.byte	0x1
 3694 01c9 01       		.uleb128 0x1
 3695 01ca 13       		.uleb128 0x13
 3696 01cb 00       		.byte	0
 3697 01cc 00       		.byte	0
 3698 01cd 22       		.uleb128 0x22
 3699 01ce 05       		.uleb128 0x5
 3700 01cf 00       		.byte	0
 3701 01d0 49       		.uleb128 0x49
 3702 01d1 13       		.uleb128 0x13
 3703 01d2 00       		.byte	0
 3704 01d3 00       		.byte	0
 3705 01d4 23       		.uleb128 0x23
ARM GAS  /tmp/ccugAzZM.s 			page 66


 3706 01d5 02       		.uleb128 0x2
 3707 01d6 01       		.byte	0x1
 3708 01d7 03       		.uleb128 0x3
 3709 01d8 0E       		.uleb128 0xe
 3710 01d9 0B       		.uleb128 0xb
 3711 01da 0B       		.uleb128 0xb
 3712 01db 8801     		.uleb128 0x88
 3713 01dd 0B       		.uleb128 0xb
 3714 01de 3A       		.uleb128 0x3a
 3715 01df 0B       		.uleb128 0xb
 3716 01e0 3B       		.uleb128 0x3b
 3717 01e1 0B       		.uleb128 0xb
 3718 01e2 39       		.uleb128 0x39
 3719 01e3 0B       		.uleb128 0xb
 3720 01e4 01       		.uleb128 0x1
 3721 01e5 13       		.uleb128 0x13
 3722 01e6 00       		.byte	0
 3723 01e7 00       		.byte	0
 3724 01e8 24       		.uleb128 0x24
 3725 01e9 2E       		.uleb128 0x2e
 3726 01ea 01       		.byte	0x1
 3727 01eb 3F       		.uleb128 0x3f
 3728 01ec 19       		.uleb128 0x19
 3729 01ed 03       		.uleb128 0x3
 3730 01ee 0E       		.uleb128 0xe
 3731 01ef 3A       		.uleb128 0x3a
 3732 01f0 0B       		.uleb128 0xb
 3733 01f1 3B       		.uleb128 0x3b
 3734 01f2 0B       		.uleb128 0xb
 3735 01f3 39       		.uleb128 0x39
 3736 01f4 0B       		.uleb128 0xb
 3737 01f5 6E       		.uleb128 0x6e
 3738 01f6 0E       		.uleb128 0xe
 3739 01f7 49       		.uleb128 0x49
 3740 01f8 13       		.uleb128 0x13
 3741 01f9 32       		.uleb128 0x32
 3742 01fa 0B       		.uleb128 0xb
 3743 01fb 3C       		.uleb128 0x3c
 3744 01fc 19       		.uleb128 0x19
 3745 01fd 64       		.uleb128 0x64
 3746 01fe 13       		.uleb128 0x13
 3747 01ff 01       		.uleb128 0x1
 3748 0200 13       		.uleb128 0x13
 3749 0201 00       		.byte	0
 3750 0202 00       		.byte	0
 3751 0203 25       		.uleb128 0x25
 3752 0204 05       		.uleb128 0x5
 3753 0205 00       		.byte	0
 3754 0206 49       		.uleb128 0x49
 3755 0207 13       		.uleb128 0x13
 3756 0208 34       		.uleb128 0x34
 3757 0209 19       		.uleb128 0x19
 3758 020a 00       		.byte	0
 3759 020b 00       		.byte	0
 3760 020c 26       		.uleb128 0x26
 3761 020d 2E       		.uleb128 0x2e
 3762 020e 01       		.byte	0x1
ARM GAS  /tmp/ccugAzZM.s 			page 67


 3763 020f 3F       		.uleb128 0x3f
 3764 0210 19       		.uleb128 0x19
 3765 0211 03       		.uleb128 0x3
 3766 0212 0E       		.uleb128 0xe
 3767 0213 3A       		.uleb128 0x3a
 3768 0214 0B       		.uleb128 0xb
 3769 0215 3B       		.uleb128 0x3b
 3770 0216 0B       		.uleb128 0xb
 3771 0217 39       		.uleb128 0x39
 3772 0218 0B       		.uleb128 0xb
 3773 0219 6E       		.uleb128 0x6e
 3774 021a 0E       		.uleb128 0xe
 3775 021b 3C       		.uleb128 0x3c
 3776 021c 19       		.uleb128 0x19
 3777 021d 64       		.uleb128 0x64
 3778 021e 13       		.uleb128 0x13
 3779 021f 01       		.uleb128 0x1
 3780 0220 13       		.uleb128 0x13
 3781 0221 00       		.byte	0
 3782 0222 00       		.byte	0
 3783 0223 27       		.uleb128 0x27
 3784 0224 2E       		.uleb128 0x2e
 3785 0225 01       		.byte	0x1
 3786 0226 3F       		.uleb128 0x3f
 3787 0227 19       		.uleb128 0x19
 3788 0228 03       		.uleb128 0x3
 3789 0229 0E       		.uleb128 0xe
 3790 022a 3A       		.uleb128 0x3a
 3791 022b 0B       		.uleb128 0xb
 3792 022c 3B       		.uleb128 0x3b
 3793 022d 0B       		.uleb128 0xb
 3794 022e 39       		.uleb128 0x39
 3795 022f 0B       		.uleb128 0xb
 3796 0230 6E       		.uleb128 0x6e
 3797 0231 0E       		.uleb128 0xe
 3798 0232 49       		.uleb128 0x49
 3799 0233 13       		.uleb128 0x13
 3800 0234 3C       		.uleb128 0x3c
 3801 0235 19       		.uleb128 0x19
 3802 0236 64       		.uleb128 0x64
 3803 0237 13       		.uleb128 0x13
 3804 0238 01       		.uleb128 0x1
 3805 0239 13       		.uleb128 0x13
 3806 023a 00       		.byte	0
 3807 023b 00       		.byte	0
 3808 023c 28       		.uleb128 0x28
 3809 023d 0D       		.uleb128 0xd
 3810 023e 00       		.byte	0
 3811 023f 03       		.uleb128 0x3
 3812 0240 0E       		.uleb128 0xe
 3813 0241 3A       		.uleb128 0x3a
 3814 0242 0B       		.uleb128 0xb
 3815 0243 3B       		.uleb128 0x3b
 3816 0244 0B       		.uleb128 0xb
 3817 0245 39       		.uleb128 0x39
 3818 0246 0B       		.uleb128 0xb
 3819 0247 49       		.uleb128 0x49
ARM GAS  /tmp/ccugAzZM.s 			page 68


 3820 0248 13       		.uleb128 0x13
 3821 0249 8801     		.uleb128 0x88
 3822 024b 0B       		.uleb128 0xb
 3823 024c 38       		.uleb128 0x38
 3824 024d 0B       		.uleb128 0xb
 3825 024e 00       		.byte	0
 3826 024f 00       		.byte	0
 3827 0250 29       		.uleb128 0x29
 3828 0251 39       		.uleb128 0x39
 3829 0252 01       		.byte	0x1
 3830 0253 03       		.uleb128 0x3
 3831 0254 08       		.uleb128 0x8
 3832 0255 3A       		.uleb128 0x3a
 3833 0256 0B       		.uleb128 0xb
 3834 0257 3B       		.uleb128 0x3b
 3835 0258 0B       		.uleb128 0xb
 3836 0259 01       		.uleb128 0x1
 3837 025a 13       		.uleb128 0x13
 3838 025b 00       		.byte	0
 3839 025c 00       		.byte	0
 3840 025d 2A       		.uleb128 0x2a
 3841 025e 39       		.uleb128 0x39
 3842 025f 00       		.byte	0
 3843 0260 03       		.uleb128 0x3
 3844 0261 0E       		.uleb128 0xe
 3845 0262 3A       		.uleb128 0x3a
 3846 0263 0B       		.uleb128 0xb
 3847 0264 3B       		.uleb128 0x3b
 3848 0265 05       		.uleb128 0x5
 3849 0266 39       		.uleb128 0x39
 3850 0267 0B       		.uleb128 0xb
 3851 0268 8901     		.uleb128 0x89
 3852 026a 19       		.uleb128 0x19
 3853 026b 00       		.byte	0
 3854 026c 00       		.byte	0
 3855 026d 2B       		.uleb128 0x2b
 3856 026e 3A       		.uleb128 0x3a
 3857 026f 00       		.byte	0
 3858 0270 3A       		.uleb128 0x3a
 3859 0271 0B       		.uleb128 0xb
 3860 0272 3B       		.uleb128 0x3b
 3861 0273 05       		.uleb128 0x5
 3862 0274 39       		.uleb128 0x39
 3863 0275 0B       		.uleb128 0xb
 3864 0276 18       		.uleb128 0x18
 3865 0277 13       		.uleb128 0x13
 3866 0278 00       		.byte	0
 3867 0279 00       		.byte	0
 3868 027a 2C       		.uleb128 0x2c
 3869 027b 08       		.uleb128 0x8
 3870 027c 00       		.byte	0
 3871 027d 3A       		.uleb128 0x3a
 3872 027e 0B       		.uleb128 0xb
 3873 027f 3B       		.uleb128 0x3b
 3874 0280 0B       		.uleb128 0xb
 3875 0281 39       		.uleb128 0x39
 3876 0282 0B       		.uleb128 0xb
ARM GAS  /tmp/ccugAzZM.s 			page 69


 3877 0283 18       		.uleb128 0x18
 3878 0284 13       		.uleb128 0x13
 3879 0285 00       		.byte	0
 3880 0286 00       		.byte	0
 3881 0287 2D       		.uleb128 0x2d
 3882 0288 39       		.uleb128 0x39
 3883 0289 01       		.byte	0x1
 3884 028a 03       		.uleb128 0x3
 3885 028b 0E       		.uleb128 0xe
 3886 028c 3A       		.uleb128 0x3a
 3887 028d 0B       		.uleb128 0xb
 3888 028e 3B       		.uleb128 0x3b
 3889 028f 05       		.uleb128 0x5
 3890 0290 39       		.uleb128 0x39
 3891 0291 0B       		.uleb128 0xb
 3892 0292 01       		.uleb128 0x1
 3893 0293 13       		.uleb128 0x13
 3894 0294 00       		.byte	0
 3895 0295 00       		.byte	0
 3896 0296 2E       		.uleb128 0x2e
 3897 0297 2E       		.uleb128 0x2e
 3898 0298 01       		.byte	0x1
 3899 0299 3F       		.uleb128 0x3f
 3900 029a 19       		.uleb128 0x19
 3901 029b 03       		.uleb128 0x3
 3902 029c 0E       		.uleb128 0xe
 3903 029d 3A       		.uleb128 0x3a
 3904 029e 0B       		.uleb128 0xb
 3905 029f 3B       		.uleb128 0x3b
 3906 02a0 0B       		.uleb128 0xb
 3907 02a1 39       		.uleb128 0x39
 3908 02a2 0B       		.uleb128 0xb
 3909 02a3 49       		.uleb128 0x49
 3910 02a4 13       		.uleb128 0x13
 3911 02a5 3C       		.uleb128 0x3c
 3912 02a6 19       		.uleb128 0x19
 3913 02a7 01       		.uleb128 0x1
 3914 02a8 13       		.uleb128 0x13
 3915 02a9 00       		.byte	0
 3916 02aa 00       		.byte	0
 3917 02ab 2F       		.uleb128 0x2f
 3918 02ac 34       		.uleb128 0x34
 3919 02ad 00       		.byte	0
 3920 02ae 03       		.uleb128 0x3
 3921 02af 0E       		.uleb128 0xe
 3922 02b0 3A       		.uleb128 0x3a
 3923 02b1 0B       		.uleb128 0xb
 3924 02b2 3B       		.uleb128 0x3b
 3925 02b3 0B       		.uleb128 0xb
 3926 02b4 39       		.uleb128 0x39
 3927 02b5 0B       		.uleb128 0xb
 3928 02b6 49       		.uleb128 0x49
 3929 02b7 13       		.uleb128 0x13
 3930 02b8 6C       		.uleb128 0x6c
 3931 02b9 19       		.uleb128 0x19
 3932 02ba 1C       		.uleb128 0x1c
 3933 02bb 0B       		.uleb128 0xb
ARM GAS  /tmp/ccugAzZM.s 			page 70


 3934 02bc 00       		.byte	0
 3935 02bd 00       		.byte	0
 3936 02be 30       		.uleb128 0x30
 3937 02bf 34       		.uleb128 0x34
 3938 02c0 00       		.byte	0
 3939 02c1 03       		.uleb128 0x3
 3940 02c2 0E       		.uleb128 0xe
 3941 02c3 3A       		.uleb128 0x3a
 3942 02c4 0B       		.uleb128 0xb
 3943 02c5 3B       		.uleb128 0x3b
 3944 02c6 0B       		.uleb128 0xb
 3945 02c7 39       		.uleb128 0x39
 3946 02c8 0B       		.uleb128 0xb
 3947 02c9 49       		.uleb128 0x49
 3948 02ca 13       		.uleb128 0x13
 3949 02cb 6C       		.uleb128 0x6c
 3950 02cc 19       		.uleb128 0x19
 3951 02cd 1C       		.uleb128 0x1c
 3952 02ce 0A       		.uleb128 0xa
 3953 02cf 00       		.byte	0
 3954 02d0 00       		.byte	0
 3955 02d1 31       		.uleb128 0x31
 3956 02d2 2E       		.uleb128 0x2e
 3957 02d3 01       		.byte	0x1
 3958 02d4 47       		.uleb128 0x47
 3959 02d5 13       		.uleb128 0x13
 3960 02d6 3A       		.uleb128 0x3a
 3961 02d7 0B       		.uleb128 0xb
 3962 02d8 3B       		.uleb128 0x3b
 3963 02d9 0B       		.uleb128 0xb
 3964 02da 39       		.uleb128 0x39
 3965 02db 0B       		.uleb128 0xb
 3966 02dc 64       		.uleb128 0x64
 3967 02dd 13       		.uleb128 0x13
 3968 02de 01       		.uleb128 0x1
 3969 02df 13       		.uleb128 0x13
 3970 02e0 00       		.byte	0
 3971 02e1 00       		.byte	0
 3972 02e2 32       		.uleb128 0x32
 3973 02e3 05       		.uleb128 0x5
 3974 02e4 00       		.byte	0
 3975 02e5 03       		.uleb128 0x3
 3976 02e6 0E       		.uleb128 0xe
 3977 02e7 49       		.uleb128 0x49
 3978 02e8 13       		.uleb128 0x13
 3979 02e9 34       		.uleb128 0x34
 3980 02ea 19       		.uleb128 0x19
 3981 02eb 00       		.byte	0
 3982 02ec 00       		.byte	0
 3983 02ed 33       		.uleb128 0x33
 3984 02ee 05       		.uleb128 0x5
 3985 02ef 00       		.byte	0
 3986 02f0 03       		.uleb128 0x3
 3987 02f1 08       		.uleb128 0x8
 3988 02f2 3A       		.uleb128 0x3a
 3989 02f3 0B       		.uleb128 0xb
 3990 02f4 3B       		.uleb128 0x3b
ARM GAS  /tmp/ccugAzZM.s 			page 71


 3991 02f5 0B       		.uleb128 0xb
 3992 02f6 39       		.uleb128 0x39
 3993 02f7 0B       		.uleb128 0xb
 3994 02f8 49       		.uleb128 0x49
 3995 02f9 13       		.uleb128 0x13
 3996 02fa 00       		.byte	0
 3997 02fb 00       		.byte	0
 3998 02fc 34       		.uleb128 0x34
 3999 02fd 0B       		.uleb128 0xb
 4000 02fe 01       		.byte	0x1
 4001 02ff 01       		.uleb128 0x1
 4002 0300 13       		.uleb128 0x13
 4003 0301 00       		.byte	0
 4004 0302 00       		.byte	0
 4005 0303 35       		.uleb128 0x35
 4006 0304 34       		.uleb128 0x34
 4007 0305 00       		.byte	0
 4008 0306 03       		.uleb128 0x3
 4009 0307 0E       		.uleb128 0xe
 4010 0308 3A       		.uleb128 0x3a
 4011 0309 0B       		.uleb128 0xb
 4012 030a 3B       		.uleb128 0x3b
 4013 030b 0B       		.uleb128 0xb
 4014 030c 39       		.uleb128 0x39
 4015 030d 0B       		.uleb128 0xb
 4016 030e 49       		.uleb128 0x49
 4017 030f 13       		.uleb128 0x13
 4018 0310 00       		.byte	0
 4019 0311 00       		.byte	0
 4020 0312 36       		.uleb128 0x36
 4021 0313 34       		.uleb128 0x34
 4022 0314 00       		.byte	0
 4023 0315 03       		.uleb128 0x3
 4024 0316 08       		.uleb128 0x8
 4025 0317 3A       		.uleb128 0x3a
 4026 0318 0B       		.uleb128 0xb
 4027 0319 3B       		.uleb128 0x3b
 4028 031a 0B       		.uleb128 0xb
 4029 031b 39       		.uleb128 0x39
 4030 031c 0B       		.uleb128 0xb
 4031 031d 49       		.uleb128 0x49
 4032 031e 13       		.uleb128 0x13
 4033 031f 00       		.byte	0
 4034 0320 00       		.byte	0
 4035 0321 37       		.uleb128 0x37
 4036 0322 0B       		.uleb128 0xb
 4037 0323 01       		.byte	0x1
 4038 0324 00       		.byte	0
 4039 0325 00       		.byte	0
 4040 0326 38       		.uleb128 0x38
 4041 0327 05       		.uleb128 0x5
 4042 0328 00       		.byte	0
 4043 0329 03       		.uleb128 0x3
 4044 032a 0E       		.uleb128 0xe
 4045 032b 3A       		.uleb128 0x3a
 4046 032c 0B       		.uleb128 0xb
 4047 032d 3B       		.uleb128 0x3b
ARM GAS  /tmp/ccugAzZM.s 			page 72


 4048 032e 0B       		.uleb128 0xb
 4049 032f 39       		.uleb128 0x39
 4050 0330 0B       		.uleb128 0xb
 4051 0331 49       		.uleb128 0x49
 4052 0332 13       		.uleb128 0x13
 4053 0333 00       		.byte	0
 4054 0334 00       		.byte	0
 4055 0335 39       		.uleb128 0x39
 4056 0336 2E       		.uleb128 0x2e
 4057 0337 01       		.byte	0x1
 4058 0338 03       		.uleb128 0x3
 4059 0339 0E       		.uleb128 0xe
 4060 033a 49       		.uleb128 0x49
 4061 033b 13       		.uleb128 0x13
 4062 033c 34       		.uleb128 0x34
 4063 033d 19       		.uleb128 0x19
 4064 033e 3C       		.uleb128 0x3c
 4065 033f 19       		.uleb128 0x19
 4066 0340 64       		.uleb128 0x64
 4067 0341 13       		.uleb128 0x13
 4068 0342 01       		.uleb128 0x1
 4069 0343 13       		.uleb128 0x13
 4070 0344 00       		.byte	0
 4071 0345 00       		.byte	0
 4072 0346 3A       		.uleb128 0x3a
 4073 0347 42       		.uleb128 0x42
 4074 0348 00       		.byte	0
 4075 0349 0B       		.uleb128 0xb
 4076 034a 0B       		.uleb128 0xb
 4077 034b 49       		.uleb128 0x49
 4078 034c 13       		.uleb128 0x13
 4079 034d 00       		.byte	0
 4080 034e 00       		.byte	0
 4081 034f 3B       		.uleb128 0x3b
 4082 0350 10       		.uleb128 0x10
 4083 0351 00       		.byte	0
 4084 0352 0B       		.uleb128 0xb
 4085 0353 0B       		.uleb128 0xb
 4086 0354 49       		.uleb128 0x49
 4087 0355 13       		.uleb128 0x13
 4088 0356 00       		.byte	0
 4089 0357 00       		.byte	0
 4090 0358 3C       		.uleb128 0x3c
 4091 0359 2E       		.uleb128 0x2e
 4092 035a 01       		.byte	0x1
 4093 035b 03       		.uleb128 0x3
 4094 035c 0E       		.uleb128 0xe
 4095 035d 49       		.uleb128 0x49
 4096 035e 13       		.uleb128 0x13
 4097 035f 34       		.uleb128 0x34
 4098 0360 19       		.uleb128 0x19
 4099 0361 3C       		.uleb128 0x3c
 4100 0362 19       		.uleb128 0x19
 4101 0363 8A01     		.uleb128 0x8a
 4102 0365 19       		.uleb128 0x19
 4103 0366 64       		.uleb128 0x64
 4104 0367 13       		.uleb128 0x13
ARM GAS  /tmp/ccugAzZM.s 			page 73


 4105 0368 01       		.uleb128 0x1
 4106 0369 13       		.uleb128 0x13
 4107 036a 00       		.byte	0
 4108 036b 00       		.byte	0
 4109 036c 3D       		.uleb128 0x3d
 4110 036d 2E       		.uleb128 0x2e
 4111 036e 01       		.byte	0x1
 4112 036f 03       		.uleb128 0x3
 4113 0370 0E       		.uleb128 0xe
 4114 0371 49       		.uleb128 0x49
 4115 0372 13       		.uleb128 0x13
 4116 0373 34       		.uleb128 0x34
 4117 0374 19       		.uleb128 0x19
 4118 0375 64       		.uleb128 0x64
 4119 0376 13       		.uleb128 0x13
 4120 0377 00       		.byte	0
 4121 0378 00       		.byte	0
 4122 0379 3E       		.uleb128 0x3e
 4123 037a 2E       		.uleb128 0x2e
 4124 037b 00       		.byte	0
 4125 037c 03       		.uleb128 0x3
 4126 037d 0E       		.uleb128 0xe
 4127 037e 3A       		.uleb128 0x3a
 4128 037f 0B       		.uleb128 0xb
 4129 0380 3B       		.uleb128 0x3b
 4130 0381 05       		.uleb128 0x5
 4131 0382 39       		.uleb128 0x39
 4132 0383 0B       		.uleb128 0xb
 4133 0384 00       		.byte	0
 4134 0385 00       		.byte	0
 4135 0386 00       		.byte	0
 4136              		.section	.gnu.debuglto_.debug_line,"e",%progbits
 4137              	.Ldebug_line0:
 4138 0000 E4040000 		.4byte	.LELT0-.LSLT0
 4139              	.LSLT0:
 4140 0004 0400     		.2byte	0x4
 4141 0006 DE040000 		.4byte	.LELTP0-.LASLTP0
 4142              	.LASLTP0:
 4143 000a 01       		.byte	0x1
 4144 000b 01       		.byte	0x1
 4145 000c 01       		.byte	0x1
 4146 000d F6       		.byte	0xf6
 4147 000e F2       		.byte	0xf2
 4148 000f 0D       		.byte	0xd
 4149 0010 00       		.byte	0
 4150 0011 01       		.byte	0x1
 4151 0012 01       		.byte	0x1
 4152 0013 01       		.byte	0x1
 4153 0014 01       		.byte	0x1
 4154 0015 00       		.byte	0
 4155 0016 00       		.byte	0
 4156 0017 00       		.byte	0
 4157 0018 01       		.byte	0x1
 4158 0019 00       		.byte	0
 4159 001a 00       		.byte	0
 4160 001b 01       		.byte	0x1
 4161 001c 74686972 		.ascii	"third_party/ChibiOS/os/common/ext/ARM/CMSIS/Core/In"
ARM GAS  /tmp/ccugAzZM.s 			page 74


 4161      645F7061 
 4161      7274792F 
 4161      43686962 
 4161      694F532F 
 4162 004f 636C7564 		.ascii	"clude"
 4162      65
 4163 0054 00       		.byte	0
 4164 0055 74686972 		.ascii	"third_party/ChibiOS/os/common/ext/ST/STM32H7xx"
 4164      645F7061 
 4164      7274792F 
 4164      43686962 
 4164      694F532F 
 4165 0083 00       		.byte	0
 4166 0084 74686972 		.ascii	"third_party/ChibiOS/os/common/ports/ARM-common"
 4166      645F7061 
 4166      7274792F 
 4166      43686962 
 4166      694F532F 
 4167 00b2 00       		.byte	0
 4168 00b3 74686972 		.ascii	"third_party/ChibiOS/os/common/ports/ARMv7-M"
 4168      645F7061 
 4168      7274792F 
 4168      43686962 
 4168      694F532F 
 4169 00de 00       		.byte	0
 4170 00df 74686972 		.ascii	"third_party/ChibiOS/os/hal/include"
 4170      645F7061 
 4170      7274792F 
 4170      43686962 
 4170      694F532F 
 4171 0101 00       		.byte	0
 4172 0102 74686972 		.ascii	"third_party/ChibiOS/os/hal/ports/STM32/LLD/DMAv2"
 4172      645F7061 
 4172      7274792F 
 4172      43686962 
 4172      694F532F 
 4173 0132 00       		.byte	0
 4174 0133 74686972 		.ascii	"third_party/ChibiOS/os/hal/ports/STM32/LLD/GPIOv2"
 4174      645F7061 
 4174      7274792F 
 4174      43686962 
 4174      694F532F 
 4175 0164 00       		.byte	0
 4176 0165 74686972 		.ascii	"third_party/ChibiOS/os/rt/include"
 4176      645F7061 
 4176      7274792F 
 4176      43686962 
 4176      694F532F 
 4177 0186 00       		.byte	0
 4178 0187 2F6F7074 		.ascii	"/opt/gcc-arm-none-eabi-10-2020-q4-major/arm-none-ea"
 4178      2F676363 
 4178      2D61726D 
 4178      2D6E6F6E 
 4178      652D6561 
 4179 01ba 62692F69 		.ascii	"bi/include/c++/10.2.1/arm-none-eabi/thumb/v7e-m+dp/"
 4179      6E636C75 
 4179      64652F63 
ARM GAS  /tmp/ccugAzZM.s 			page 75


 4179      2B2B2F31 
 4179      302E322E 
 4180 01ed 68617264 		.ascii	"hard/bits"
 4180      2F626974 
 4180      73
 4181 01f6 00       		.byte	0
 4182 01f7 2F6F7074 		.ascii	"/opt/gcc-arm-none-eabi-10-2020-q4-major/arm-none-ea"
 4182      2F676363 
 4182      2D61726D 
 4182      2D6E6F6E 
 4182      652D6561 
 4183 022a 62692F69 		.ascii	"bi/include/c++/10.2.1"
 4183      6E636C75 
 4183      64652F63 
 4183      2B2B2F31 
 4183      302E322E 
 4184 023f 00       		.byte	0
 4185 0240 2F6F7074 		.ascii	"/opt/gcc-arm-none-eabi-10-2020-q4-major/arm-none-ea"
 4185      2F676363 
 4185      2D61726D 
 4185      2D6E6F6E 
 4185      652D6561 
 4186 0273 62692F69 		.ascii	"bi/include/machine"
 4186      6E636C75 
 4186      64652F6D 
 4186      61636869 
 4186      6E65
 4187 0285 00       		.byte	0
 4188 0286 2F6F7074 		.ascii	"/opt/gcc-arm-none-eabi-10-2020-q4-major/arm-none-ea"
 4188      2F676363 
 4188      2D61726D 
 4188      2D6E6F6E 
 4188      652D6561 
 4189 02b9 62692F69 		.ascii	"bi/include/sys"
 4189      6E636C75 
 4189      64652F73 
 4189      7973
 4190 02c7 00       		.byte	0
 4191 02c8 2F6F7074 		.ascii	"/opt/gcc-arm-none-eabi-10-2020-q4-major/arm-none-ea"
 4191      2F676363 
 4191      2D61726D 
 4191      2D6E6F6E 
 4191      652D6561 
 4192 02fb 62692F69 		.ascii	"bi/include"
 4192      6E636C75 
 4192      6465
 4193 0305 00       		.byte	0
 4194 0306 2F6F7074 		.ascii	"/opt/gcc-arm-none-eabi-10-2020-q4-major/lib/gcc/arm"
 4194      2F676363 
 4194      2D61726D 
 4194      2D6E6F6E 
 4194      652D6561 
 4195 0339 2D6E6F6E 		.ascii	"-none-eabi/10.2.1/include"
 4195      652D6561 
 4195      62692F31 
 4195      302E322E 
 4195      312F696E 
ARM GAS  /tmp/ccugAzZM.s 			page 76


 4196 0352 00       		.byte	0
 4197 0353 7372632F 		.ascii	"src/coms/IMUs"
 4197      636F6D73 
 4197      2F494D55 
 4197      73
 4198 0360 00       		.byte	0
 4199 0361 00       		.byte	0
 4200 0362 73746464 		.ascii	"stddef.h\000"
 4200      65662E68 
 4200      00
 4201 036b 0E       		.uleb128 0xe
 4202 036c 00       		.uleb128 0
 4203 036d 00       		.uleb128 0
 4204 036e 5F646566 		.ascii	"_default_types.h\000"
 4204      61756C74 
 4204      5F747970 
 4204      65732E68 
 4204      00
 4205 037f 0B       		.uleb128 0xb
 4206 0380 00       		.uleb128 0
 4207 0381 00       		.uleb128 0
 4208 0382 5F737464 		.ascii	"_stdint.h\000"
 4208      696E742E 
 4208      6800
 4209 038c 0C       		.uleb128 0xc
 4210 038d 00       		.uleb128 0
 4211 038e 00       		.uleb128 0
 4212 038f 73746469 		.ascii	"stdint.h\000"
 4212      6E742E68 
 4212      00
 4213 0398 0D       		.uleb128 0xd
 4214 0399 00       		.uleb128 0
 4215 039a 00       		.uleb128 0
 4216 039b 63687479 		.ascii	"chtypes.h\000"
 4216      7065732E 
 4216      6800
 4217 03a5 03       		.uleb128 0x3
 4218 03a6 00       		.uleb128 0
 4219 03a7 00       		.uleb128 0
 4220 03a8 63686561 		.ascii	"chearly.h\000"
 4220      726C792E 
 4220      6800
 4221 03b2 08       		.uleb128 0x8
 4222 03b3 00       		.uleb128 0
 4223 03b4 00       		.uleb128 0
 4224 03b5 63686F62 		.ascii	"chobjects.h\000"
 4224      6A656374 
 4224      732E6800 
 4225 03c1 08       		.uleb128 0x8
 4226 03c2 00       		.uleb128 0
 4227 03c3 00       		.uleb128 0
 4228 03c4 63687266 		.ascii	"chrfcu.h\000"
 4228      63752E68 
 4228      00
 4229 03cd 08       		.uleb128 0x8
 4230 03ce 00       		.uleb128 0
 4231 03cf 00       		.uleb128 0
ARM GAS  /tmp/ccugAzZM.s 			page 77


 4232 03d0 63686465 		.ascii	"chdebug.h\000"
 4232      6275672E 
 4232      6800
 4233 03da 08       		.uleb128 0x8
 4234 03db 00       		.uleb128 0
 4235 03dc 00       		.uleb128 0
 4236 03dd 63687469 		.ascii	"chtime.h\000"
 4236      6D652E68 
 4236      00
 4237 03e6 08       		.uleb128 0x8
 4238 03e7 00       		.uleb128 0
 4239 03e8 00       		.uleb128 0
 4240 03e9 63686C69 		.ascii	"chlists.h\000"
 4240      7374732E 
 4240      6800
 4241 03f3 08       		.uleb128 0x8
 4242 03f4 00       		.uleb128 0
 4243 03f5 00       		.uleb128 0
 4244 03f6 63687472 		.ascii	"chtrace.h\000"
 4244      6163652E 
 4244      6800
 4245 0400 08       		.uleb128 0x8
 4246 0401 00       		.uleb128 0
 4247 0402 00       		.uleb128 0
 4248 0403 636F7265 		.ascii	"core_cm7.h\000"
 4248      5F636D37 
 4248      2E6800
 4249 040e 01       		.uleb128 0x1
 4250 040f 00       		.uleb128 0
 4251 0410 00       		.uleb128 0
 4252 0411 73746D33 		.ascii	"stm32h753xx.h\000"
 4252      32683735 
 4252      3378782E 
 4252      6800
 4253 041f 02       		.uleb128 0x2
 4254 0420 00       		.uleb128 0
 4255 0421 00       		.uleb128 0
 4256 0422 6368636F 		.ascii	"chcore.h\000"
 4256      72652E68 
 4256      00
 4257 042b 04       		.uleb128 0x4
 4258 042c 00       		.uleb128 0
 4259 042d 00       		.uleb128 0
 4260 042e 63687365 		.ascii	"chsem.h\000"
 4260      6D2E6800 
 4261 0436 08       		.uleb128 0x8
 4262 0437 00       		.uleb128 0
 4263 0438 00       		.uleb128 0
 4264 0439 63686D74 		.ascii	"chmtx.h\000"
 4264      782E6800 
 4265 0441 08       		.uleb128 0x8
 4266 0442 00       		.uleb128 0
 4267 0443 00       		.uleb128 0
 4268 0444 73746D33 		.ascii	"stm32_dma.h\000"
 4268      325F646D 
 4268      612E6800 
 4269 0450 06       		.uleb128 0x6
ARM GAS  /tmp/ccugAzZM.s 			page 78


 4270 0451 00       		.uleb128 0
 4271 0452 00       		.uleb128 0
 4272 0453 73746D33 		.ascii	"stm32_gpio.h\000"
 4272      325F6770 
 4272      696F2E68 
 4272      00
 4273 0460 07       		.uleb128 0x7
 4274 0461 00       		.uleb128 0
 4275 0462 00       		.uleb128 0
 4276 0463 68616C5F 		.ascii	"hal_pal_lld.h\000"
 4276      70616C5F 
 4276      6C6C642E 
 4276      6800
 4277 0471 07       		.uleb128 0x7
 4278 0472 00       		.uleb128 0
 4279 0473 00       		.uleb128 0
 4280 0474 68616C5F 		.ascii	"hal_spi_v1.h\000"
 4280      7370695F 
 4280      76312E68 
 4280      00
 4281 0481 05       		.uleb128 0x5
 4282 0482 00       		.uleb128 0
 4283 0483 00       		.uleb128 0
 4284 0484 49434D32 		.ascii	"ICM20948.hpp\000"
 4284      30393438 
 4284      2E687070 
 4284      00
 4285 0491 0F       		.uleb128 0xf
 4286 0492 00       		.uleb128 0
 4287 0493 00       		.uleb128 0
 4288 0494 63737472 		.ascii	"cstring\000"
 4288      696E6700 
 4289 049c 0A       		.uleb128 0xa
 4290 049d 00       		.uleb128 0
 4291 049e 00       		.uleb128 0
 4292 049f 632B2B63 		.ascii	"c++config.h\000"
 4292      6F6E6669 
 4292      672E6800 
 4293 04ab 09       		.uleb128 0x9
 4294 04ac 00       		.uleb128 0
 4295 04ad 00       		.uleb128 0
 4296 04ae 73747269 		.ascii	"string.h\000"
 4296      6E672E68 
 4296      00
 4297 04b7 0D       		.uleb128 0xd
 4298 04b8 00       		.uleb128 0
 4299 04b9 00       		.uleb128 0
 4300 04ba 49434D32 		.ascii	"ICM20948.cpp\000"
 4300      30393438 
 4300      2E637070 
 4300      00
 4301 04c7 0F       		.uleb128 0xf
 4302 04c8 00       		.uleb128 0
 4303 04c9 00       		.uleb128 0
 4304 04ca 636D7369 		.ascii	"cmsis_gcc.h\000"
 4304      735F6763 
 4304      632E6800 
ARM GAS  /tmp/ccugAzZM.s 			page 79


 4305 04d6 01       		.uleb128 0x1
 4306 04d7 00       		.uleb128 0
 4307 04d8 00       		.uleb128 0
 4308 04d9 3C627569 		.ascii	"<built-in>\000"
 4308      6C742D69 
 4308      6E3E00
 4309 04e4 00       		.uleb128 0
 4310 04e5 00       		.uleb128 0
 4311 04e6 00       		.uleb128 0
 4312 04e7 00       		.byte	0
 4313              	.LELTP0:
 4314              	.LELT0:
 4315              		.section	.gnu.debuglto_.debug_str,"eMS",%progbits,1
 4316              	.LASF12:
 4317 0000 6C6F6E67 		.ascii	"long int\000"
 4317      20696E74 
 4317      00
 4318              	.LASF284:
 4319 0009 5F5F636C 		.ascii	"__closure\000"
 4319      6F737572 
 4319      6500
 4320              	.LASF140:
 4321 0013 44434353 		.ascii	"DCCSW\000"
 4321      5700
 4322              	.LASF48:
 4323 0019 6E616D65 		.ascii	"name\000"
 4323      00
 4324              	.LASF230:
 4325 001e 63697263 		.ascii	"circular\000"
 4325      756C6172 
 4325      00
 4326              	.LASF182:
 4327 0027 74687265 		.ascii	"thread_reference_t\000"
 4327      61645F72 
 4327      65666572 
 4327      656E6365 
 4327      5F7400
 4328              	.LASF210:
 4329 003a 42535252 		.ascii	"BSRR\000"
 4329      00
 4330              	.LASF180:
 4331 003f 63685F72 		.ascii	"ch_registry\000"
 4331      65676973 
 4331      74727900 
 4332              	.LASF254:
 4333 004b 5F77686F 		.ascii	"_whoami\000"
 4333      616D6900 
 4334              	.LASF258:
 4335 0053 5F727862 		.ascii	"_rxbuf\000"
 4335      756600
 4336              	.LASF51:
 4337 005a 666C6167 		.ascii	"flags\000"
 4337      7300
 4338              	.LASF78:
 4339 0060 73797374 		.ascii	"systime_t\000"
 4339      696D655F 
 4339      7400
ARM GAS  /tmp/ccugAzZM.s 			page 80


 4340              	.LASF137:
 4341 006a 44434953 		.ascii	"DCISW\000"
 4341      5700
 4342              	.LASF102:
 4343 0070 62756666 		.ascii	"buffer\000"
 4343      657200
 4344              	.LASF100:
 4345 0077 73757370 		.ascii	"suspended\000"
 4345      656E6465 
 4345      6400
 4346              	.LASF55:
 4347 0081 6570656E 		.ascii	"epending\000"
 4347      64696E67 
 4347      00
 4348              	.LASF0:
 4349 008a 756E7369 		.ascii	"unsigned int\000"
 4349      676E6564 
 4349      20696E74 
 4349      00
 4350              	.LASF83:
 4351 0097 6E657874 		.ascii	"next\000"
 4351      00
 4352              	.LASF21:
 4353 009c 75696E74 		.ascii	"uint32_t\000"
 4353      33325F74 
 4353      00
 4354              	.LASF302:
 4355 00a5 5F5F676E 		.ascii	"__gnu_cxx\000"
 4355      755F6378 
 4355      7800
 4356              	.LASF146:
 4357 00af 41484250 		.ascii	"AHBPCR\000"
 4357      435200
 4358              	.LASF133:
 4359 00b6 49434941 		.ascii	"ICIALLU\000"
 4359      4C4C5500 
 4360              	.LASF112:
 4361 00be 44465352 		.ascii	"DFSR\000"
 4361      00
 4362              	.LASF255:
 4363 00c3 77686F61 		.ascii	"whoami\000"
 4363      6D6900
 4364              	.LASF123:
 4365 00ca 43435349 		.ascii	"CCSIDR\000"
 4365      445200
 4366              	.LASF11:
 4367 00d1 5F5F696E 		.ascii	"__int32_t\000"
 4367      7433325F 
 4367      7400
 4368              	.LASF145:
 4369 00db 4454434D 		.ascii	"DTCMCR\000"
 4369      435200
 4370              	.LASF52:
 4371 00e2 72656673 		.ascii	"refs\000"
 4371      00
 4372              	.LASF288:
 4373 00e7 6366675F 		.ascii	"cfg_fast\000"
ARM GAS  /tmp/ccugAzZM.s 			page 81


 4373      66617374 
 4373      00
 4374              	.LASF40:
 4375 00f0 77746F62 		.ascii	"wtobjp\000"
 4375      6A7000
 4376              	.LASF291:
 4377 00f7 5F5F4953 		.ascii	"__ISB\000"
 4377      4200
 4378              	.LASF63:
 4379 00fd 76746C69 		.ascii	"vtlist\000"
 4379      737400
 4380              	.LASF174:
 4381 0104 706F7274 		.ascii	"port_context\000"
 4381      5F636F6E 
 4381      74657874 
 4381      00
 4382              	.LASF8:
 4383 0111 73686F72 		.ascii	"short int\000"
 4383      7420696E 
 4383      7400
 4384              	.LASF185:
 4385 011b 63685F72 		.ascii	"ch_ready_list\000"
 4385      65616479 
 4385      5F6C6973 
 4385      7400
 4386              	.LASF152:
 4387 0129 4E445452 		.ascii	"NDTR\000"
 4387      00
 4388              	.LASF178:
 4389 012e 6C617374 		.ascii	"laststamp\000"
 4389      7374616D 
 4389      7000
 4390              	.LASF45:
 4391 0138 65776D61 		.ascii	"ewmask\000"
 4391      736B00
 4392              	.LASF251:
 4393 013f 5F636667 		.ascii	"_cfg_fast\000"
 4393      5F666173 
 4393      7400
 4394              	.LASF86:
 4395 0149 70726576 		.ascii	"prev\000"
 4395      00
 4396              	.LASF82:
 4397 014e 63685F6C 		.ascii	"ch_list\000"
 4397      69737400 
 4398              	.LASF222:
 4399 0156 53504944 		.ascii	"SPIDriver\000"
 4399      72697665 
 4399      7200
 4400              	.LASF169:
 4401 0160 52584352 		.ascii	"RXCRC\000"
 4401      4300
 4402              	.LASF267:
 4403 0166 42305F50 		.ascii	"B0_PWR_MGMT_1\000"
 4403      57525F4D 
 4403      474D545F 
 4403      3100
ARM GAS  /tmp/ccugAzZM.s 			page 82


 4404              	.LASF74:
 4405 0174 63685F73 		.ascii	"ch_system_debug\000"
 4405      79737465 
 4405      6D5F6465 
 4405      62756700 
 4406              	.LASF280:
 4407 0184 61636365 		.ascii	"accel_ms2\000"
 4407      6C5F6D73 
 4407      3200
 4408              	.LASF252:
 4409 018e 5F62616E 		.ascii	"_bank\000"
 4409      6B00
 4410              	.LASF303:
 4411 0194 6F706572 		.ascii	"operator()\000"
 4411      61746F72 
 4411      282900
 4412              	.LASF35:
 4413 019f 6C697374 		.ascii	"list\000"
 4413      00
 4414              	.LASF157:
 4415 01a4 3232444D 		.ascii	"22DMAMUX_Channel_TypeDef\000"
 4415      414D5558 
 4415      5F436861 
 4415      6E6E656C 
 4415      5F547970 
 4416              	.LASF91:
 4417 01bd 63685F64 		.ascii	"ch_delta_list\000"
 4417      656C7461 
 4417      5F6C6973 
 4417      7400
 4418              	.LASF27:
 4419 01cb 74737461 		.ascii	"tstate_t\000"
 4419      74655F74 
 4419      00
 4420              	.LASF42:
 4421 01d4 73656E74 		.ascii	"sentmsg\000"
 4421      6D736700 
 4422              	.LASF31:
 4423 01dc 6576656E 		.ascii	"eventmask_t\000"
 4423      746D6173 
 4423      6B5F7400 
 4424              	.LASF198:
 4425 01e8 69666372 		.ascii	"ifcr\000"
 4425      00
 4426              	.LASF99:
 4427 01ed 74726163 		.ascii	"trace_event_t\000"
 4427      655F6576 
 4427      656E745F 
 4427      7400
 4428              	.LASF259:
 4429 01fb 666C6F61 		.ascii	"float\000"
 4429      7400
 4430              	.LASF225:
 4431 0201 6D757465 		.ascii	"mutex\000"
 4431      7800
 4432              	.LASF300:
 4433 0207 7265675F 		.ascii	"reg_read\000"
ARM GAS  /tmp/ccugAzZM.s 			page 83


 4433      72656164 
 4433      00
 4434              	.LASF286:
 4435 0210 73706964 		.ascii	"spid\000"
 4435      00
 4436              	.LASF183:
 4437 0215 63685F73 		.ascii	"ch_semaphore\000"
 4437      656D6170 
 4437      686F7265 
 4437      00
 4438              	.LASF29:
 4439 0222 74707269 		.ascii	"tprio_t\000"
 4439      6F5F7400 
 4440              	.LASF156:
 4441 022a 3138444D 		.ascii	"18DMA_Stream_TypeDef\000"
 4441      415F5374 
 4441      7265616D 
 4441      5F547970 
 4441      65446566 
 4442              	.LASF275:
 4443 023f 57484F41 		.ascii	"WHOAMI_VALUE\000"
 4443      4D495F56 
 4443      414C5545 
 4443      00
 4444              	.LASF193:
 4445 024c 6F735F69 		.ascii	"os_instance_config_t\000"
 4445      6E737461 
 4445      6E63655F 
 4445      636F6E66 
 4445      69675F74 
 4446              	.LASF231:
 4447 0261 656E645F 		.ascii	"end_cb\000"
 4447      636200
 4448              	.LASF18:
 4449 0268 696E7431 		.ascii	"int16_t\000"
 4449      365F7400 
 4450              	.LASF281:
 4451 0270 6779726F 		.ascii	"gyro_rads\000"
 4451      5F726164 
 4451      7300
 4452              	.LASF94:
 4453 027a 68616C74 		.ascii	"halt\000"
 4453      00
 4454              	.LASF16:
 4455 027f 6C6F6E67 		.ascii	"long long unsigned int\000"
 4455      206C6F6E 
 4455      6720756E 
 4455      7369676E 
 4455      65642069 
 4456              	.LASF118:
 4457 0296 49445F41 		.ascii	"ID_AFR\000"
 4457      465200
 4458              	.LASF93:
 4459 029d 72656173 		.ascii	"reason\000"
 4459      6F6E00
 4460              	.LASF69:
 4461 02a4 74726163 		.ascii	"trace_buffer\000"
ARM GAS  /tmp/ccugAzZM.s 			page 84


 4461      655F6275 
 4461      66666572 
 4461      00
 4462              	.LASF201:
 4463 02b1 76656374 		.ascii	"vector\000"
 4463      6F7200
 4464              	.LASF37:
 4465 02b8 70717565 		.ascii	"pqueue\000"
 4465      756500
 4466              	.LASF9:
 4467 02bf 5F5F7569 		.ascii	"__uint16_t\000"
 4467      6E743136 
 4467      5F7400
 4468              	.LASF32:
 4469 02ca 636E745F 		.ascii	"cnt_t\000"
 4469      7400
 4470              	.LASF148:
 4471 02d0 41484253 		.ascii	"AHBSCR\000"
 4471      435200
 4472              	.LASF206:
 4473 02d7 4D4F4445 		.ascii	"MODER\000"
 4473      5200
 4474              	.LASF232:
 4475 02dd 7373706F 		.ascii	"ssport\000"
 4475      727400
 4476              	.LASF223:
 4477 02e4 68616C5F 		.ascii	"hal_spi_driver\000"
 4477      7370695F 
 4477      64726976 
 4477      657200
 4478              	.LASF98:
 4479 02f3 74696D65 		.ascii	"time\000"
 4479      00
 4480              	.LASF213:
 4481 02f8 41465248 		.ascii	"AFRH\000"
 4481      00
 4482              	.LASF214:
 4483 02fd 73746D33 		.ascii	"stm32_gpio_t\000"
 4483      325F6770 
 4483      696F5F74 
 4483      00
 4484              	.LASF47:
 4485 030a 6F776E65 		.ascii	"owner\000"
 4485      7200
 4486              	.LASF190:
 4487 0310 6D61696E 		.ascii	"mainthread_end\000"
 4487      74687265 
 4487      61645F65 
 4487      6E6400
 4488              	.LASF205:
 4489 031f 636C6561 		.ascii	"clear\000"
 4489      7200
 4490              	.LASF56:
 4491 0325 6D74786C 		.ascii	"mtxlist\000"
 4491      69737400 
 4492              	.LASF175:
 4493 032d 63685F76 		.ascii	"ch_virtual_timers_list\000"
ARM GAS  /tmp/ccugAzZM.s 			page 85


 4493      69727475 
 4493      616C5F74 
 4493      696D6572 
 4493      735F6C69 
 4494              	.LASF294:
 4495 0344 2F686F6D 		.ascii	"/home/bprl-dev/Documents/BPRL_flight\000"
 4495      652F6270 
 4495      726C2D64 
 4495      65762F44 
 4495      6F63756D 
 4496              	.LASF66:
 4497 0369 72666375 		.ascii	"rfcu\000"
 4497      00
 4498              	.LASF277:
 4499 036e 41434345 		.ascii	"ACCEL_SCALE\000"
 4499      4C5F5343 
 4499      414C4500 
 4500              	.LASF34:
 4501 037a 74687265 		.ascii	"thread_t\000"
 4501      61645F74 
 4501      00
 4502              	.LASF95:
 4503 0383 75736572 		.ascii	"user\000"
 4503      00
 4504              	.LASF237:
 4505 0388 64756D6D 		.ascii	"dummyrx\000"
 4505      79727800 
 4506              	.LASF4:
 4507 0390 73697A65 		.ascii	"size_t\000"
 4507      5F7400
 4508              	.LASF38:
 4509 0397 7264796D 		.ascii	"rdymsg\000"
 4509      736700
 4510              	.LASF165:
 4511 039e 52584452 		.ascii	"RXDR\000"
 4511      00
 4512              	.LASF264:
 4513 03a3 73747278 		.ascii	"strxfrm\000"
 4513      66726D00 
 4514              	.LASF119:
 4515 03ab 49445F4D 		.ascii	"ID_MFR\000"
 4515      465200
 4516              	.LASF87:
 4517 03b2 63685F70 		.ascii	"ch_priority_queue_t\000"
 4517      72696F72 
 4517      6974795F 
 4517      71756575 
 4517      655F7400 
 4518              	.LASF104:
 4519 03c6 43505549 		.ascii	"CPUID\000"
 4519      4400
 4520              	.LASF108:
 4521 03cc 53485052 		.ascii	"SHPR\000"
 4521      00
 4522              	.LASF204:
 4523 03d1 31327374 		.ascii	"12stm32_gpio_t\000"
 4523      6D33325F 
ARM GAS  /tmp/ccugAzZM.s 			page 86


 4523      6770696F 
 4523      5F7400
 4524              	.LASF135:
 4525 03e0 4943494D 		.ascii	"ICIMVAU\000"
 4525      56415500 
 4526              	.LASF184:
 4527 03e8 63685F6D 		.ascii	"ch_mutex\000"
 4527      75746578 
 4527      00
 4528              	.LASF115:
 4529 03f1 41465352 		.ascii	"AFSR\000"
 4529      00
 4530              	.LASF228:
 4531 03f6 53504943 		.ascii	"SPIConfig\000"
 4531      6F6E6669 
 4531      6700
 4532              	.LASF299:
 4533 0400 49434D32 		.ascii	"ICM20948\000"
 4533      30393438 
 4533      00
 4534              	.LASF153:
 4535 0409 4D304152 		.ascii	"M0AR\000"
 4535      00
 4536              	.LASF61:
 4537 040e 63685F6F 		.ascii	"ch_os_instance\000"
 4537      735F696E 
 4537      7374616E 
 4537      636500
 4538              	.LASF215:
 4539 041d 696F706F 		.ascii	"ioportid_t\000"
 4539      72746964 
 4539      5F7400
 4540              	.LASF209:
 4541 0428 50555044 		.ascii	"PUPDR\000"
 4541      5200
 4542              	.LASF261:
 4543 042e 73747263 		.ascii	"strcoll\000"
 4543      6F6C6C00 
 4544              	.LASF192:
 4545 0436 69646C65 		.ascii	"idlethread_end\000"
 4545      74687265 
 4545      61645F65 
 4545      6E6400
 4546              	.LASF297:
 4547 0445 38534342 		.ascii	"8SCB_Type\000"
 4547      5F547970 
 4547      6500
 4548              	.LASF111:
 4549 044f 48465352 		.ascii	"HFSR\000"
 4549      00
 4550              	.LASF89:
 4551 0454 7072696F 		.ascii	"prio\000"
 4551      00
 4552              	.LASF76:
 4553 0459 63686172 		.ascii	"char\000"
 4553      00
 4554              	.LASF90:
ARM GAS  /tmp/ccugAzZM.s 			page 87


 4555 045e 63685F64 		.ascii	"ch_delta_list_t\000"
 4555      656C7461 
 4555      5F6C6973 
 4555      745F7400 
 4556              	.LASF70:
 4557 046e 72666375 		.ascii	"rfcu_mask_t\000"
 4557      5F6D6173 
 4557      6B5F7400 
 4558              	.LASF136:
 4559 047a 4443494D 		.ascii	"DCIMVAC\000"
 4559      56414300 
 4560              	.LASF245:
 4561 0482 5F5A4E38 		.ascii	"_ZN8ICM209488set_bankEh\000"
 4561      49434D32 
 4561      30393438 
 4561      38736574 
 4561      5F62616E 
 4562              	.LASF80:
 4563 049a 74696D65 		.ascii	"time_conv_t\000"
 4563      5F636F6E 
 4563      765F7400 
 4564              	.LASF227:
 4565 04a6 7478646D 		.ascii	"txdmamode\000"
 4565      616D6F64 
 4565      6500
 4566              	.LASF49:
 4567 04b0 77616261 		.ascii	"wabase\000"
 4567      736500
 4568              	.LASF71:
 4569 04b7 63685F72 		.ascii	"ch_rfcu\000"
 4569      66637500 
 4570              	.LASF269:
 4571 04bf 42325F47 		.ascii	"B2_GYRO_SMPLRT\000"
 4571      59524F5F 
 4571      534D504C 
 4571      525400
 4572              	.LASF257:
 4573 04ce 5F747862 		.ascii	"_txbuf\000"
 4573      756600
 4574              	.LASF285:
 4575 04d5 62653136 		.ascii	"be16\000"
 4575      00
 4576              	.LASF117:
 4577 04da 49445F44 		.ascii	"ID_DFR\000"
 4577      465200
 4578              	.LASF46:
 4579 04e1 72717565 		.ascii	"rqueue\000"
 4579      756500
 4580              	.LASF107:
 4581 04e8 41495243 		.ascii	"AIRCR\000"
 4581      5200
 4582              	.LASF301:
 4583 04ee 5F5A4E38 		.ascii	"_ZN8ICM209488reg_readEh\000"
 4583      49434D32 
 4583      30393438 
 4583      38726567 
 4583      5F726561 
ARM GAS  /tmp/ccugAzZM.s 			page 88


 4584              	.LASF189:
 4585 0506 6D61696E 		.ascii	"mainthread_base\000"
 4585      74687265 
 4585      61645F62 
 4585      61736500 
 4586              	.LASF202:
 4587 0516 73746D33 		.ascii	"stm32_dma_stream_t\000"
 4587      325F646D 
 4587      615F7374 
 4587      7265616D 
 4587      5F7400
 4588              	.LASF15:
 4589 0529 5F5F7569 		.ascii	"__uint64_t\000"
 4589      6E743634 
 4589      5F7400
 4590              	.LASF17:
 4591 0534 75696E74 		.ascii	"uint8_t\000"
 4591      385F7400 
 4592              	.LASF196:
 4593 053c 31387374 		.ascii	"18stm32_dma_stream_t\000"
 4593      6D33325F 
 4593      646D615F 
 4593      73747265 
 4593      616D5F74 
 4594              	.LASF249:
 4595 0551 5F737069 		.ascii	"_spid\000"
 4595      6400
 4596              	.LASF54:
 4597 0557 6D736771 		.ascii	"msgqueue\000"
 4597      75657565 
 4597      00
 4598              	.LASF168:
 4599 0560 54584352 		.ascii	"TXCRC\000"
 4599      4300
 4600              	.LASF197:
 4601 0566 73747265 		.ascii	"stream\000"
 4601      616D00
 4602              	.LASF60:
 4603 056d 63685F74 		.ascii	"ch_thread\000"
 4603      68726561 
 4603      6400
 4604              	.LASF270:
 4605 0577 42325F47 		.ascii	"B2_GYRO_CFG1\000"
 4605      59524F5F 
 4605      43464731 
 4605      00
 4606              	.LASF163:
 4607 0584 54584452 		.ascii	"TXDR\000"
 4607      00
 4608              	.LASF296:
 4609 0589 31347472 		.ascii	"14trace_buffer_t\000"
 4609      6163655F 
 4609      62756666 
 4609      65725F74 
 4609      00
 4610              	.LASF147:
 4611 059a 43414352 		.ascii	"CACR\000"
ARM GAS  /tmp/ccugAzZM.s 			page 89


 4611      00
 4612              	.LASF246:
 4613 059f 5F5A4E38 		.ascii	"_ZN8ICM209489reg_writeEhh\000"
 4613      49434D32 
 4613      30393438 
 4613      39726567 
 4613      5F777269 
 4614              	.LASF77:
 4615 05b9 73797374 		.ascii	"system_debug_t\000"
 4615      656D5F64 
 4615      65627567 
 4615      5F7400
 4616              	.LASF271:
 4617 05c8 42325F41 		.ascii	"B2_ACCEL_SMPL_1\000"
 4617      4343454C 
 4617      5F534D50 
 4617      4C5F3100 
 4618              	.LASF272:
 4619 05d8 42325F41 		.ascii	"B2_ACCEL_SMPL_2\000"
 4619      4343454C 
 4619      5F534D50 
 4619      4C5F3200 
 4620              	.LASF127:
 4621 05e8 53544952 		.ascii	"STIR\000"
 4621      00
 4622              	.LASF142:
 4623 05ed 44434349 		.ascii	"DCCISW\000"
 4623      535700
 4624              	.LASF124:
 4625 05f4 43535345 		.ascii	"CSSELR\000"
 4625      4C5200
 4626              	.LASF1:
 4627 05fb 6C6F6E67 		.ascii	"long long int\000"
 4627      206C6F6E 
 4627      6720696E 
 4627      7400
 4628              	.LASF238:
 4629 0609 73706963 		.ascii	"spicallback_t\000"
 4629      616C6C62 
 4629      61636B5F 
 4629      7400
 4630              	.LASF130:
 4631 0617 4D564652 		.ascii	"MVFR1\000"
 4631      3100
 4632              	.LASF141:
 4633 061d 44434349 		.ascii	"DCCIMVAC\000"
 4633      4D564143 
 4633      00
 4634              	.LASF139:
 4635 0626 4443434D 		.ascii	"DCCMVAC\000"
 4635      56414300 
 4636              	.LASF30:
 4637 062e 6D73675F 		.ascii	"msg_t\000"
 4637      7400
 4638              	.LASF110:
 4639 0634 43465352 		.ascii	"CFSR\000"
 4639      00
ARM GAS  /tmp/ccugAzZM.s 			page 90


 4640              	.LASF195:
 4641 0639 626F6F6C 		.ascii	"bool\000"
 4641      00
 4642              	.LASF260:
 4643 063e 5F5F6378 		.ascii	"__cxx11\000"
 4643      78313100 
 4644              	.LASF138:
 4645 0646 4443434D 		.ascii	"DCCMVAU\000"
 4645      56415500 
 4646              	.LASF7:
 4647 064e 5F5F696E 		.ascii	"__int16_t\000"
 4647      7431365F 
 4647      7400
 4648              	.LASF181:
 4649 0658 72656769 		.ascii	"registry_t\000"
 4649      73747279 
 4649      5F7400
 4650              	.LASF298:
 4651 0663 31307370 		.ascii	"10spistate_t\000"
 4651      69737461 
 4651      74655F74 
 4651      00
 4652              	.LASF158:
 4653 0670 444D414D 		.ascii	"DMAMUX_Channel_TypeDef\000"
 4653      55585F43 
 4653      68616E6E 
 4653      656C5F54 
 4653      79706544 
 4654              	.LASF155:
 4655 0687 444D415F 		.ascii	"DMA_Stream_TypeDef\000"
 4655      53747265 
 4655      616D5F54 
 4655      79706544 
 4655      656600
 4656              	.LASF101:
 4657 069a 73697A65 		.ascii	"size\000"
 4657      00
 4658              	.LASF283:
 4659 069f 7E3C6C61 		.ascii	"~<lambda>\000"
 4659      6D626461 
 4659      3E00
 4660              	.LASF116:
 4661 06a9 49445F50 		.ascii	"ID_PFR\000"
 4661      465200
 4662              	.LASF250:
 4663 06b0 5F636667 		.ascii	"_cfg_init\000"
 4663      5F696E69 
 4663      7400
 4664              	.LASF72:
 4665 06ba 6D61736B 		.ascii	"mask\000"
 4665      00
 4666              	.LASF290:
 4667 06bf 5F5F4453 		.ascii	"__DSB\000"
 4667      4200
 4668              	.LASF229:
 4669 06c5 68616C5F 		.ascii	"hal_spi_config\000"
 4669      7370695F 
ARM GAS  /tmp/ccugAzZM.s 			page 91


 4669      636F6E66 
 4669      696700
 4670              	.LASF79:
 4671 06d4 73797369 		.ascii	"sysinterval_t\000"
 4671      6E746572 
 4671      76616C5F 
 4671      7400
 4672              	.LASF84:
 4673 06e2 63685F71 		.ascii	"ch_queue_t\000"
 4673      75657565 
 4673      5F7400
 4674              	.LASF242:
 4675 06ed 5F5A4E38 		.ascii	"_ZN8ICM209484readEPfS0_\000"
 4675      49434D32 
 4675      30393438 
 4675      34726561 
 4675      64455066 
 4676              	.LASF103:
 4677 0705 74726163 		.ascii	"trace_buffer_t\000"
 4677      655F6275 
 4677      66666572 
 4677      5F7400
 4678              	.LASF262:
 4679 0714 73747265 		.ascii	"strerror\000"
 4679      72726F72 
 4679      00
 4680              	.LASF26:
 4681 071d 746D6F64 		.ascii	"tmode_t\000"
 4681      655F7400 
 4682              	.LASF68:
 4683 0725 6D61696E 		.ascii	"mainthread\000"
 4683      74687265 
 4683      616400
 4684              	.LASF120:
 4685 0730 49445F49 		.ascii	"ID_ISAR\000"
 4685      53415200 
 4686              	.LASF208:
 4687 0738 4F535045 		.ascii	"OSPEEDR\000"
 4687      45445200 
 4688              	.LASF266:
 4689 0740 42305F55 		.ascii	"B0_USER_CTRL\000"
 4689      5345525F 
 4689      4354524C 
 4689      00
 4690              	.LASF211:
 4691 074d 4C4F434B 		.ascii	"LOCKR\000"
 4691      5200
 4692              	.LASF2:
 4693 0753 6C6F6E67 		.ascii	"long double\000"
 4693      20646F75 
 4693      626C6500 
 4694              	.LASF19:
 4695 075f 75696E74 		.ascii	"uint16_t\000"
 4695      31365F74 
 4695      00
 4696              	.LASF81:
 4697 0768 63685F6C 		.ascii	"ch_list_t\000"
ARM GAS  /tmp/ccugAzZM.s 			page 92


 4697      6973745F 
 4697      7400
 4698              	.LASF199:
 4699 0772 73686966 		.ascii	"shift\000"
 4699      7400
 4700              	.LASF216:
 4701 0778 5350495F 		.ascii	"SPI_UNINIT\000"
 4701      554E494E 
 4701      495400
 4702              	.LASF13:
 4703 0783 5F5F7569 		.ascii	"__uint32_t\000"
 4703      6E743332 
 4703      5F7400
 4704              	.LASF113:
 4705 078e 4D4D4641 		.ascii	"MMFAR\000"
 4705      5200
 4706              	.LASF67:
 4707 0794 636F6E66 		.ascii	"config\000"
 4707      696700
 4708              	.LASF194:
 4709 079b 6D757465 		.ascii	"mutex_t\000"
 4709      785F7400 
 4710              	.LASF28:
 4711 07a3 74726566 		.ascii	"trefs_t\000"
 4711      735F7400 
 4712              	.LASF121:
 4713 07ab 52455345 		.ascii	"RESERVED0\000"
 4713      52564544 
 4713      3000
 4714              	.LASF164:
 4715 07b5 52455345 		.ascii	"RESERVED1\000"
 4715      52564544 
 4715      3100
 4716              	.LASF109:
 4717 07bf 53484353 		.ascii	"SHCSR\000"
 4717      5200
 4718              	.LASF126:
 4719 07c5 52455345 		.ascii	"RESERVED3\000"
 4719      52564544 
 4719      3300
 4720              	.LASF128:
 4721 07cf 52455345 		.ascii	"RESERVED4\000"
 4721      52564544 
 4721      3400
 4722              	.LASF134:
 4723 07d9 52455345 		.ascii	"RESERVED6\000"
 4723      52564544 
 4723      3600
 4724              	.LASF150:
 4725 07e3 41424653 		.ascii	"ABFSR\000"
 4725      5200
 4726              	.LASF149:
 4727 07e9 52455345 		.ascii	"RESERVED8\000"
 4727      52564544 
 4727      3800
 4728              	.LASF248:
 4729 07f3 5F5A4E38 		.ascii	"_ZN8ICM2094810burst_readEhPhj\000"
ARM GAS  /tmp/ccugAzZM.s 			page 93


 4729      49434D32 
 4729      30393438 
 4729      31306275 
 4729      7273745F 
 4730              	.LASF253:
 4731 0811 5F726561 		.ascii	"_ready\000"
 4731      647900
 4732              	.LASF236:
 4733 0818 64756D6D 		.ascii	"dummytx\000"
 4733      79747800 
 4734              	.LASF173:
 4735 0820 706F7274 		.ascii	"port_intctx\000"
 4735      5F696E74 
 4735      63747800 
 4736              	.LASF221:
 4737 082c 73706973 		.ascii	"spistate_t\000"
 4737      74617465 
 4737      5F7400
 4738              	.LASF167:
 4739 0837 43524350 		.ascii	"CRCPOLY\000"
 4739      4F4C5900 
 4740              	.LASF160:
 4741 083f 43464731 		.ascii	"CFG1\000"
 4741      00
 4742              	.LASF161:
 4743 0844 43464732 		.ascii	"CFG2\000"
 4743      00
 4744              	.LASF24:
 4745 0849 706F7274 		.ascii	"port_stkalign_t\000"
 4745      5F73746B 
 4745      616C6967 
 4745      6E5F7400 
 4746              	.LASF170:
 4747 0859 55445244 		.ascii	"UDRDR\000"
 4747      5200
 4748              	.LASF207:
 4749 085f 4F545950 		.ascii	"OTYPER\000"
 4749      455200
 4750              	.LASF203:
 4751 0866 31337472 		.ascii	"13trace_event_t\000"
 4751      6163655F 
 4751      6576656E 
 4751      745F7400 
 4752              	.LASF188:
 4753 0876 63685F6F 		.ascii	"ch_os_instance_config\000"
 4753      735F696E 
 4753      7374616E 
 4753      63655F63 
 4753      6F6E6669 
 4754              	.LASF176:
 4755 088c 646C6973 		.ascii	"dlist\000"
 4755      7400
 4756              	.LASF171:
 4757 0892 49325343 		.ascii	"I2SCFGR\000"
 4757      46475200 
 4758              	.LASF177:
 4759 089a 6C617374 		.ascii	"lasttime\000"
ARM GAS  /tmp/ccugAzZM.s 			page 94


 4759      74696D65 
 4759      00
 4760              	.LASF62:
 4761 08a3 726C6973 		.ascii	"rlist\000"
 4761      7400
 4762              	.LASF218:
 4763 08a9 5350495F 		.ascii	"SPI_READY\000"
 4763      52454144 
 4763      5900
 4764              	.LASF287:
 4765 08b3 6366675F 		.ascii	"cfg_init\000"
 4765      696E6974 
 4765      00
 4766              	.LASF5:
 4767 08bc 5F5F7569 		.ascii	"__uint8_t\000"
 4767      6E74385F 
 4767      7400
 4768              	.LASF151:
 4769 08c6 5343425F 		.ascii	"SCB_Type\000"
 4769      54797065 
 4769      00
 4770              	.LASF240:
 4771 08cf 72656164 		.ascii	"read\000"
 4771      00
 4772              	.LASF278:
 4773 08d4 73746172 		.ascii	"start\000"
 4773      7400
 4774              	.LASF106:
 4775 08da 56544F52 		.ascii	"VTOR\000"
 4775      00
 4776              	.LASF241:
 4777 08df 5F5A4E38 		.ascii	"_ZN8ICM209484initEP14hal_spi_driverPK14hal_spi_conf"
 4777      49434D32 
 4777      30393438 
 4777      34696E69 
 4777      74455031 
 4778 0912 69675334 		.ascii	"igS4_\000"
 4778      5F00
 4779              	.LASF154:
 4780 0918 4D314152 		.ascii	"M1AR\000"
 4780      00
 4781              	.LASF239:
 4782 091d 696E6974 		.ascii	"init\000"
 4782      00
 4783              	.LASF105:
 4784 0922 49435352 		.ascii	"ICSR\000"
 4784      00
 4785              	.LASF14:
 4786 0927 6C6F6E67 		.ascii	"long unsigned int\000"
 4786      20756E73 
 4786      69676E65 
 4786      6420696E 
 4786      7400
 4787              	.LASF187:
 4788 0939 72656164 		.ascii	"ready_list_t\000"
 4788      795F6C69 
 4788      73745F74 
ARM GAS  /tmp/ccugAzZM.s 			page 95


 4788      00
 4789              	.LASF97:
 4790 0946 72747374 		.ascii	"rtstamp\000"
 4790      616D7000 
 4791              	.LASF217:
 4792 094e 5350495F 		.ascii	"SPI_STOP\000"
 4792      53544F50 
 4792      00
 4793              	.LASF20:
 4794 0957 696E7433 		.ascii	"int32_t\000"
 4794      325F7400 
 4795              	.LASF73:
 4796 095f 72666375 		.ascii	"rfcu_t\000"
 4796      5F7400
 4797              	.LASF36:
 4798 0966 71756575 		.ascii	"queue\000"
 4798      6500
 4799              	.LASF224:
 4800 096c 74687265 		.ascii	"thread\000"
 4800      616400
 4801              	.LASF43:
 4802 0973 77747365 		.ascii	"wtsemp\000"
 4802      6D7000
 4803              	.LASF88:
 4804 097a 63685F70 		.ascii	"ch_priority_queue\000"
 4804      72696F72 
 4804      6974795F 
 4804      71756575 
 4804      6500
 4805              	.LASF274:
 4806 098c 5245475F 		.ascii	"REG_BANK_SEL\000"
 4806      42414E4B 
 4806      5F53454C 
 4806      00
 4807              	.LASF276:
 4808 0999 4759524F 		.ascii	"GYRO_SCALE\000"
 4808      5F534341 
 4808      4C4500
 4809              	.LASF85:
 4810 09a4 63685F71 		.ascii	"ch_queue\000"
 4810      75657565 
 4810      00
 4811              	.LASF219:
 4812 09ad 5350495F 		.ascii	"SPI_ACTIVE\000"
 4812      41435449 
 4812      564500
 4813              	.LASF96:
 4814 09b8 74797065 		.ascii	"type\000"
 4814      00
 4815              	.LASF6:
 4816 09bd 756E7369 		.ascii	"unsigned char\000"
 4816      676E6564 
 4816      20636861 
 4816      7200
 4817              	.LASF212:
 4818 09cb 4146524C 		.ascii	"AFRL\000"
 4818      00
ARM GAS  /tmp/ccugAzZM.s 			page 96


 4819              	.LASF282:
 4820 09d0 3C6C616D 		.ascii	"<lambda>\000"
 4820      6264613E 
 4820      00
 4821              	.LASF53:
 4822 09d9 77616974 		.ascii	"waiting\000"
 4822      696E6700 
 4823              	.LASF179:
 4824 09e1 76697274 		.ascii	"virtual_timers_list_t\000"
 4824      75616C5F 
 4824      74696D65 
 4824      72735F6C 
 4824      6973745F 
 4825              	.LASF75:
 4826 09f7 70616E69 		.ascii	"panic_msg\000"
 4826      635F6D73 
 4826      6700
 4827              	.LASF226:
 4828 0a01 7278646D 		.ascii	"rxdmamode\000"
 4828      616D6F64 
 4828      6500
 4829              	.LASF295:
 4830 0a0b 6465636C 		.ascii	"decltype(nullptr)\000"
 4830      74797065 
 4830      286E756C 
 4830      6C707472 
 4830      2900
 4831              	.LASF23:
 4832 0a1d 75696E74 		.ascii	"uint_fast8_t\000"
 4832      5F666173 
 4832      74385F74 
 4832      00
 4833              	.LASF263:
 4834 0a2a 73747274 		.ascii	"strtok\000"
 4834      6F6B00
 4835              	.LASF50:
 4836 0a31 73746174 		.ascii	"state\000"
 4836      6500
 4837              	.LASF172:
 4838 0a37 5350495F 		.ascii	"SPI_TypeDef\000"
 4838      54797065 
 4838      44656600 
 4839              	.LASF59:
 4840 0a43 6F735F69 		.ascii	"os_instance_t\000"
 4840      6E737461 
 4840      6E63655F 
 4840      7400
 4841              	.LASF22:
 4842 0a51 75696E74 		.ascii	"uint64_t\000"
 4842      36345F74 
 4842      00
 4843              	.LASF64:
 4844 0a5a 7265676C 		.ascii	"reglist\000"
 4844      69737400 
 4845              	.LASF41:
 4846 0a62 77747472 		.ascii	"wttrp\000"
 4846      7000
ARM GAS  /tmp/ccugAzZM.s 			page 97


 4847              	.LASF293:
 4848 0a68 7372632F 		.ascii	"src/coms/IMUs/ICM20948.cpp\000"
 4848      636F6D73 
 4848      2F494D55 
 4848      732F4943 
 4848      4D323039 
 4849              	.LASF191:
 4850 0a83 69646C65 		.ascii	"idlethread_base\000"
 4850      74687265 
 4850      61645F62 
 4850      61736500 
 4851              	.LASF289:
 4852 0a93 62616E6B 		.ascii	"bank\000"
 4852      00
 4853              	.LASF57:
 4854 0a98 7265616C 		.ascii	"realprio\000"
 4854      7072696F 
 4854      00
 4855              	.LASF3:
 4856 0aa1 7369676E 		.ascii	"signed char\000"
 4856      65642063 
 4856      68617200 
 4857              	.LASF92:
 4858 0aad 64656C74 		.ascii	"delta\000"
 4858      6100
 4859              	.LASF144:
 4860 0ab3 4954434D 		.ascii	"ITCMCR\000"
 4860      435200
 4861              	.LASF10:
 4862 0aba 73686F72 		.ascii	"short unsigned int\000"
 4862      7420756E 
 4862      7369676E 
 4862      65642069 
 4862      6E7400
 4863              	.LASF25:
 4864 0acd 73746B61 		.ascii	"stkalign_t\000"
 4864      6C69676E 
 4864      5F7400
 4865              	.LASF256:
 4866 0ad8 5F5A4E4B 		.ascii	"_ZNK8ICM209486whoamiEv\000"
 4866      3849434D 
 4866      32303934 
 4866      38367768 
 4866      6F616D69 
 4867              	.LASF162:
 4868 0aef 49464352 		.ascii	"IFCR\000"
 4868      00
 4869              	.LASF268:
 4870 0af4 42305F41 		.ascii	"B0_ACCEL_XOUT_H\000"
 4870      4343454C 
 4870      5F584F55 
 4870      545F4800 
 4871              	.LASF129:
 4872 0b04 4D564652 		.ascii	"MVFR0\000"
 4872      3000
 4873              	.LASF131:
 4874 0b0a 4D564652 		.ascii	"MVFR2\000"
ARM GAS  /tmp/ccugAzZM.s 			page 98


 4874      3200
 4875              	.LASF186:
 4876 0b10 63757272 		.ascii	"current\000"
 4876      656E7400 
 4877              	.LASF279:
 4878 0b18 74686973 		.ascii	"this\000"
 4878      00
 4879              	.LASF114:
 4880 0b1d 42464152 		.ascii	"BFAR\000"
 4880      00
 4881              	.LASF265:
 4882 0b22 42305F57 		.ascii	"B0_WHO_AM_I\000"
 4882      484F5F41 
 4882      4D5F4900 
 4883              	.LASF273:
 4884 0b2e 42325F41 		.ascii	"B2_ACCEL_CFG\000"
 4884      4343454C 
 4884      5F434647 
 4884      00
 4885              	.LASF234:
 4886 0b3b 63666731 		.ascii	"cfg1\000"
 4886      00
 4887              	.LASF235:
 4888 0b40 63666732 		.ascii	"cfg2\000"
 4888      00
 4889              	.LASF122:
 4890 0b45 434C4944 		.ascii	"CLIDR\000"
 4890      5200
 4891              	.LASF166:
 4892 0b4b 52455345 		.ascii	"RESERVED2\000"
 4892      52564544 
 4892      3200
 4893              	.LASF132:
 4894 0b55 52455345 		.ascii	"RESERVED5\000"
 4894      52564544 
 4894      3500
 4895              	.LASF159:
 4896 0b5f 31315350 		.ascii	"11SPI_TypeDef\000"
 4896      495F5479 
 4896      70654465 
 4896      6600
 4897              	.LASF143:
 4898 0b6d 52455345 		.ascii	"RESERVED7\000"
 4898      52564544 
 4898      3700
 4899              	.LASF65:
 4900 0b77 636F7265 		.ascii	"core_id\000"
 4900      5F696400 
 4901              	.LASF243:
 4902 0b7f 7365745F 		.ascii	"set_bank\000"
 4902      62616E6B 
 4902      00
 4903              	.LASF292:
 4904 0b88 474E5520 		.ascii	"GNU C++14 10.2.1 20201103 (release) -mcpu=cortex-m7"
 4904      432B2B31 
 4904      34203130 
 4904      2E322E31 
ARM GAS  /tmp/ccugAzZM.s 			page 99


 4904      20323032 
 4905 0bbb 202D6D74 		.ascii	" -mthumb -mfloat-abi=hard -mfpu=fpv5-d16 -march=arm"
 4905      68756D62 
 4905      202D6D66 
 4905      6C6F6174 
 4905      2D616269 
 4906 0bee 7637652D 		.ascii	"v7e-m+fp.dp -ggdb -O3 -fomit-frame-pointer -falign-"
 4906      6D2B6670 
 4906      2E647020 
 4906      2D676764 
 4906      62202D4F 
 4907 0c21 66756E63 		.ascii	"functions=16 -ffunction-sections -fdata-sections -f"
 4907      74696F6E 
 4907      733D3136 
 4907      202D6666 
 4907      756E6374 
 4908 0c54 6E6F2D63 		.ascii	"no-common -flto -fno-rtti\000"
 4908      6F6D6D6F 
 4908      6E202D66 
 4908      6C746F20 
 4908      2D666E6F 
 4909              	.LASF44:
 4910 0c6e 77746D74 		.ascii	"wtmtxp\000"
 4910      787000
 4911              	.LASF247:
 4912 0c75 62757273 		.ascii	"burst_read\000"
 4912      745F7265 
 4912      616400
 4913              	.LASF220:
 4914 0c80 5350495F 		.ascii	"SPI_COMPLETE\000"
 4914      434F4D50 
 4914      4C455445 
 4914      00
 4915              	.LASF39:
 4916 0c8d 65786974 		.ascii	"exitcode\000"
 4916      636F6465 
 4916      00
 4917              	.LASF200:
 4918 0c96 73656C66 		.ascii	"selfindex\000"
 4918      696E6465 
 4918      7800
 4919              	.LASF33:
 4920 0ca0 636F7265 		.ascii	"core_id_t\000"
 4920      5F69645F 
 4920      7400
 4921              	.LASF244:
 4922 0caa 7265675F 		.ascii	"reg_write\000"
 4922      77726974 
 4922      6500
 4923              	.LASF125:
 4924 0cb4 43504143 		.ascii	"CPACR\000"
 4924      5200
 4925              	.LASF58:
 4926 0cba 6D706F6F 		.ascii	"mpool\000"
 4926      6C00
 4927              	.LASF233:
 4928 0cc0 73737061 		.ascii	"sspad\000"
ARM GAS  /tmp/ccugAzZM.s 			page 100


 4928      6400
 4929              		.text
 4930              		.section	.gnu.lto_.odr_types.c152fa04468e8c8a,"e",%progbits
 4931 0000 789CD362 		.ascii	"x\234\323b``X\300\000\001\214\214\254\374\034\214\014"
 4931      606058C0 
 4931      00018C8C 
 4931      ACFC1C8C 
 4931      0C
 4932 0011 D21C8C8C 		.ascii	"\322\034\214\214\252\034\214L\006\034\214\3146\034\214"
 4932      AA1C8C4C 
 4932      061C8CCC 
 4932      361C8C
 4933 0020 2CF79F1D 		.ascii	",\367\237\035\230\267\242\377\361\256v\306\237}\337"
 4933      98B7A2FF 
 4933      F1AE76C6 
 4933      9F7DDF
 4934 002f 76CFF8F2 		.ascii	"v\317\370\362\360\022;\257\241AqAfqIbIj|\011\003wp\200"
 4934      F0123BAF 
 4934      A1417141 
 4934      66714962 
 4934      496A7C09 
 4935 0047 677CA89F 		.ascii	"g|\250\237\247\237g\010\003'\210\035\034\342\037\300"
 4935      A79F6708 
 4935      0327881D 
 4935      1CE21FC0 
 4936 0057 C0056205 		.ascii	"\300\005b\005\271:\272DB\0248:\207x\206\2712\360\202"
 4936      B93ABA44 
 4936      4214383A 
 4936      877886B9 
 4936      32F082
 4937 006a D8CEFEBE 		.ascii	"\330\316\376\276\001>\256!\256\014\252\372\031\371\271"
 4937      013EAE21 
 4937      AE0CAAFA 
 4937      19F9B9
 4938 0079 A9FA4905 		.ascii	"\251\372I\005E9\272)\251e\372.\371\311\245\271\251y"
 4938      4539BA29 
 4938      A965FA2E 
 4938      F9C9A5B9 
 4938      A979
 4939 008b 25C5FA4E 		.ascii	"%\305\372N\001A>\361i9\231\351\031%\014\006%\031\231"
 4939      01413EF1 
 4939      693999E9 
 4939      19250C06 
 4939      251999
 4940 009e 4529F105 		.ascii	"E)\361\005\211E%\225\372\316\031\231I\231\376\301\372"
 4940      89452595 
 4940      FACE1999 
 4940      4999FEC1 
 4940      FA
 4941 00af F9C5FA19 		.ascii	"\371\305\372\031\2119\372\231y\3119\245)\251 v<\320"
 4941      8939FA99 
 4941      79C939A5 
 4941      29A92076 
 4941      3CD0
 4942 00c1 4DF16586 		.ascii	"M\361e\206z\031\014\0002\003A\345"
 4942      7A190C00 
 4942      320341E5 
ARM GAS  /tmp/ccugAzZM.s 			page 101


 4943              		.text
 4944              		.section	.gnu.lto_.profile.c152fa04468e8c8a,"e",%progbits
 4945 0000 789C6362 		.ascii	"x\234cb\000\001\000\000\022\000\003"
 4945      00010000 
 4945      120003
 4946              		.text
 4947              		.section	.gnu.lto_.icf.c152fa04468e8c8a,"e",%progbits
 4948 0000 789C3364 		.ascii	"x\2343d@\000\016\206\313\237nj1n}\271\357;#\323\235"
 4948      40000E86 
 4948      CB9F6E6A 
 4948      316E7DB9 
 4948      EF3B23D3 
 4949 0015 DF3D1F18 		.ascii	"\337=\037\030\231\327\316\275q\231\227e\303\233=\353"
 4949      99D7CEBD 
 4949      71999765 
 4949      C39B3DEB 
 4950 0025 F959DF6D 		.ascii	"\371Y\337m>\375\203\225\255}\301\262/<\354\227v\276"
 4950      3EFD8395 
 4950      AD7DC1B2 
 4950      2F3CEC97 
 4950      76BE
 4951 0037 9ACCC100 		.ascii	"\232\314\301\000\000\205\375\031$"
 4951      0085FD19 
 4951      24
 4952              		.text
 4953              		.section	.gnu.lto_.ipa_sra.c152fa04468e8c8a,"e",%progbits
 4954 0000 789C654E 		.ascii	"x\234eNQ\026\200 \010c\316\312\237.\325\311\312\263"
 4954      51168020 
 4954      0863CECA 
 4954      9F2ED5C9 
 4954      CAB3
 4955 0012 74D0048B 		.ascii	"t\320\004\213\310\340\301\203967\210G\221\364\214\210"
 4955      C8E0C183 
 4955      39363788 
 4955      4791F48C 
 4955      88
 4956 0023 098719E1 		.ascii	"\011\207\031\341D\011\361\271 ~\354\2309\313\020\004"
 4956      4409F1B9 
 4956      207EEC98 
 4956      39CB1004 
 4957 0033 F606AA11 		.ascii	"\366\006\252\021\246\367\265\310\242H\323\253Y-ZQw3"
 4957      A6F7B5C8 
 4957      A248D3AB 
 4957      592D5A51 
 4957      7733
 4958 0045 ECDDC808 		.ascii	"\354\335\310\010_\271\3614\354\3160\205\231\267vwO\346"
 4958      5FB9F134 
 4958      ECCE3085 
 4958      99B77677 
 4958      4FE6
 4959 0057 DEF57CF4 		.ascii	"\336\365|\364\203\2058)'\261\002\005\263]\266\"\215"
 4959      83853829 
 4959      27B10205 
 4959      B35DB622 
 4959      8D
 4960 0068 8A435BB5 		.ascii	"\212C[\265\337_\037\331\0067"
 4960      DF5F1FD9 
ARM GAS  /tmp/ccugAzZM.s 			page 102


 4960      0637
 4961              		.text
 4962              		.section	.gnu.lto_.inline.c152fa04468e8c8a,"e",%progbits
 4963 0000 789C8D53 		.ascii	"x\234\215S=K\003A\020};s\027\2039c\032\321^\321Fl\304"
 4963      3D4B0341 
 4963      107D3B73 
 4963      17833963 
 4963      1AD15ED1 
 4964 0017 BF71BF41 		.ascii	"\277q\277Ab\022\023;\377@\320\302T\202ARXZ\004+\005"
 4964      6212133B 
 4964      FF40D0C2 
 4964      54824152 
 4964      585A042B 
 4965 002c B5D1D27F 		.ascii	"\265\321\322\177 V\261S\254,\203\225\030\005\337\356"
 4965      2056B153 
 4965      AC2C8395 
 4965      1805DFEE 
 4966 003c B9F92666 		.ascii	"\271\371&f\213\233\307\356\354{\363fn\253\212\356J\003"
 4966      8B9BC7EE 
 4966      EC7BF366 
 4966      6EAB8AEE 
 4966      4A03
 4967 004e 6B9D9BCB 		.ascii	"k\235\233\313+\251\030\205i\252@\267a\034\340b\264\271"
 4967      2BA91885 
 4967      69AA40B7 
 4967      611CE062 
 4967      B4B9
 4968 0060 A9A58B4E 		.ascii	"\251\245\213N\355MJ@\256\366\374\361-E\201\300\034p"
 4968      ED4D4A40 
 4968      AEF6FCF1 
 4968      2D4581C0 
 4968      1C70
 4969 0072 495E1074 		.ascii	"I^\020t1\002\004\016\025\020A\332\307O\015\315[\005"
 4969      3102040E 
 4969      151041DA 
 4969      C74F0DCD 
 4969      5B05
 4970 0084 48C692D5 		.ascii	"H\306\222\325c\037\2039F\255\307\350mid\363\352qo\307"
 4970      631F8339 
 4970      46ADC7E8 
 4970      6D6964F3 
 4970      EA716FC7 
 4971 0098 609D5C0D 		.ascii	"`\235\\\015\255\030\031.HWy\322\226]\026D\360\240\256"
 4971      AD18192E 
 4971      485779D2 
 4971      965D1644 
 4971      F0A0AE
 4972 00ab 2071D23B 		.ascii	" q\322;,bT0\3142\006Np\222\244`\231\034\3572Nr\221'"
 4972      2C625430 
 4972      CC32064E 
 4972      7092A460 
 4972      991CEF32 
 4973 00c3 D7CA1ECC 		.ascii	"\327\312\036\314\023\234\377/9\225G\305\006\031ne\317"
 4973      139CFF2F 
 4973      399547C5 
 4973      06196E65 
 4973      CF
ARM GAS  /tmp/ccugAzZM.s 			page 103


 4974 00d4 407C1331 		.ascii	"@|\0231c=I\301\012\260hO\363'0i\303\363\367mM\213zW"
 4974      633D49C1 
 4974      0AB0684F 
 4974      F3273069 
 4974      C3F3F76D 
 4975 00ec B17072D4 		.ascii	"\261pr\324\272\2232+\232u\205\024\201(\001IE.\325\033"
 4975      BA93322B 
 4975      9A758514 
 4975      81280149 
 4975      452ED51B 
 4976 0100 B457BA77 		.ascii	"\264W\272wCl2\361\223\023\323\221\3661\332.\005+\314"
 4976      436C32F1 
 4976      9313D391 
 4976      F631DA2E 
 4976      052BCC
 4977 0113 78B593CB 		.ascii	"x\265\223\313Z\273\303m\364(\327\347|`@C\363\034<\035"
 4977      5ABBC36D 
 4977      F428D7E7 
 4977      7C604043 
 4977      F31C3C1D 
 4978 0127 ED6FDF10 		.ascii	"\355o\337\020R\321\026\271\317\244\022Bb\242{)\2173"
 4978      52D116B9 
 4978      CFA41242 
 4978      62A27B29 
 4978      8F33
 4979 0139 E67CF8BF 		.ascii	"\346|\370\277\205\263@\346\361\345\347KJF\260\337T\234"
 4979      85B340E6 
 4979      F1E5E74B 
 4979      4A46B0DF 
 4979      549C
 4980 014b 2A3F065A 		.ascii	"*?\006Zv\316`\001m\035\222\246\312w\222\374\374\003"
 4980      76CE6001 
 4980      6D1D92A6 
 4980      CA7792FC 
 4980      FC03
 4981 015d AF232D08 		.ascii	"\257#-\010\223y\272\227`\251\003\357\012\277k\345\240"
 4981      9379BA97 
 4981      60A903EF 
 4981      0ABF6BE5 
 4981      A0
 4982 016e 63       		.ascii	"c"
 4983              		.text
 4984              		.section	.gnu.lto_.jmpfuncs.c152fa04468e8c8a,"e",%progbits
 4985 0000 789CB594 		.ascii	"x\234\265\224_n\2030\014\306\3639i`k\245\266R_z\210"
 4985      5F6E8330 
 4985      0CC6F339 
 4985      69606BA5 
 4985      B6525F7A 
 4986 0015 BEF4103B 		.ascii	"\276\364\020;\026\273\303\316\300\021\366G\2324u\275"
 4986      16BBC3CE 
 4986      C011F647 
 4986      9A3475BD 
 4987 0025 4D0FB077 		.ascii	"M\017\260w\026\333\214\001!@\247\016\311B\374p\234\317"
 4987      16DB8C01 
 4987      2140A70E 
 4987      C942FC70 
 4987      9CCF
ARM GAS  /tmp/ccugAzZM.s 			page 104


 4988 0037 8EE32F6F 		.ascii	"\216\343/o\232'7\004\330\307\322\262\021\031\203O\007"
 4988      9A273704 
 4988      D8C7D2B2 
 4988      1119834F 
 4988      07
 4989 0048 13AC0ACF 		.ascii	"\023\254\012\317\332D\300G\036O\266\264\016$\230\370"
 4989      DA44C047 
 4989      1E4FB6B4 
 4989      0E2498F8 
 4990 0058 97E9B940 		.ascii	"\227\351\271@\\\026\200\276\204Eq]\037L*\301u\302\363"
 4990      5C1680BE 
 4990      8445715D 
 4990      1F4C2AC1 
 4990      75C2F3
 4991 006b C803CF18 		.ascii	"\310\003\317\030\023\215\027\340\025\011|\003\375d\001"
 4991      138D17E0 
 4991      15097C03 
 4991      FD6401
 4992 007a 643F09FC 		.ascii	"d?\011\374\265\372\263\222\270\201Z\026\313Z\275+bg"
 4992      B5FAB392 
 4992      B8815A16 
 4992      CB5ABD2B 
 4992      6267
 4993 008c 3E588217 		.ascii	">X\202\027\354EH\215\316*\356\014\205B=.\231\320K&t"
 4993      EC45488D 
 4993      CE2AEE0C 
 4993      85423D2E 
 4993      99D04B26 
 4994 00a1 3022DE10 		.ascii	"0\"\336\020GS\324\215u\024vLG\322\245V\260mG\333\010"
 4994      4753D48D 
 4994      7514764C 
 4994      47D2A556 
 4994      B06D47DB 
 4995 00b6 DA0872E9 		.ascii	"\332\010r\351\225\355\306\036\331\340\027\207\015pB"
 4995      95EDC61E 
 4995      D9E01787 
 4995      0D7042
 4996 00c5 EB7338C1 		.ascii	"\353s8\301\367N6\032D\3532V\226\017\264T\317\331G\003"
 4996      F74E361A 
 4996      44EB3256 
 4996      960FB454 
 4996      CFD94703 
 4997 00d9 6F056FAF 		.ascii	"o\005o\257\\\265\023\274k+\334\013\332\247\213\326\015"
 4997      5CB513BC 
 4997      6B2BDC0B 
 4997      DAA78BD6 
 4997      0D
 4998 00ea EE4282C0 		.ascii	"\356B\202\300\272nrn\366\234\215\006V\316\2126\351\262"
 4998      BA6E726E 
 4998      F69C8D06 
 4998      56CE8A36 
 4998      E9B2
 4999 00fc E86C4828 		.ascii	"\350lH(\355]x\273\220d\324\321\211\273\342\012;}u'\207"
 4999      ED5D78BB 
 4999      9064D4D1 
 4999      89BBE20A 
 4999      3B7D7527 
ARM GAS  /tmp/ccugAzZM.s 			page 105


 5000 0111 8B7BD0B1 		.ascii	"\213{\320\261X7\336\344\256\377wq\373#\243\011\315\002"
 5000      5837DEE4 
 5000      AEFF7771 
 5000      FB23A309 
 5000      CD02
 5001 0123 EF5169F5 		.ascii	"\357Qi\365*\355\303\201\344\275\214)\322\202.\331f\034"
 5001      2AEDC381 
 5001      E4BD8C29 
 5001      D2822ED9 
 5001      661C
 5002 0135 439E6EAA 		.ascii	"C\236n\252\203\340\303\350\270\322\332\255\344\357J"
 5002      83E0C3E8 
 5002      B8D2DAAD 
 5002      E4EF4A
 5003 0144 3CB36658 		.ascii	"<\263fX\206#]\262q\337\242_\235\0021\242>2\337O\317"
 5003      86235DB2 
 5003      71DFA25F 
 5003      9D0231A2 
 5003      3E32DF4F 
 5004 0159 D43B     		.ascii	"\324;"
 5005              		.text
 5006              		.section	.gnu.lto_.pureconst.c152fa04468e8c8a,"e",%progbits
 5007 0000 789C9364 		.ascii	"x\234\223d``\340`\330\305\312\270\213\225i\027+\363"
 5007      6060E060 
 5007      D8C5CAB8 
 5007      8B956917 
 5007      2BF3
 5008 0012 2C169659 		.ascii	",\026\226Y,\254\273X\331f\261\260\317d\001\000K\014"
 5008      2CACBB58 
 5008      D966B1B0 
 5008      CF640100 
 5008      4B0C
 5009 0024 05B1     		.ascii	"\005\261"
 5010              		.text
 5011              		.section	.gnu.lto_.lto.c152fa04468e8c8a,"e",%progbits
 5012 0000 09000200 		.ascii	"\011\000\002\000\001\000\000\000"
 5012      01000000 
 5013              		.text
 5014              		.section	.gnu.lto__ZN8ICM209488set_bankEh.451.c152fa04468e8c8a,"e",%progbits
 5015 0000 789C8594 		.ascii	"x\234\205\224mL[U\030\307\317s\317\271\275-\214\202"
 5015      6D4C5B55 
 5015      18C7CF73 
 5015      CFB9BD2D 
 5015      8C82
 5016 0012 B6D4B72F 		.ascii	"\266\324\267/\335\314\262L#\267C\214\356\333\224i\322"
 5016      DDCCB24C 
 5016      23B7438C 
 5016      EEDB9469 
 5016      D2
 5017 0023 44A281F8 		.ascii	"D\242\201\370\031G\251\243\221R\322vs\373\264\313{\302"
 5017      1947A9A3 
 5017      9152D276 
 5017      73FBB4CB 
 5017      7BC2
 5018 0035 8CD00DDD 		.ascii	"\214\320\015\335X\260\321\246\361\345\223q\021\335+"
 5018      58B0D1A6 
 5018      F1E59371 
ARM GAS  /tmp/ccugAzZM.s 			page 106


 5018      11DD2B
 5019 0044 BB836D3A 		.ascii	"\273\203m:\324\251\304\227eq$.&\2021\214\200an\216\340"
 5019      D4A9C497 
 5019      6571242E 
 5019      2682318C 
 5019      80616E8E 
 5020 0059 F39C7BDB 		.ascii	"\363\234{\3332\306\260IO\3179\375?\277\347\345<\347"
 5020      32C6B049 
 5020      4FCF39FD 
 5020      3FBFE7E5 
 5020      3CE7
 5021 006b BCA13176 		.ascii	"\274\2411v\21116\200_p28\220\352U\230a\030\3334E\351"
 5021      89313680 
 5021      5F703238 
 5021      90EA5598 
 5021      6118DB34 
 5022 0081 49ED57E0 		.ascii	"I\355W\340$\034\235\031.\021\035)\367\245\324x\245\340"
 5022      241C9D19 
 5022      2E111D29 
 5022      F7A5D478 
 5022      A5E0
 5023 0093 30901A9F 		.ascii	"0\220\032\237?iN>\012_\201\324\011\245\233tgi\345\027"
 5023      3F694E3E 
 5023      0A5F81D4 
 5023      09A59B74 
 5023      6769E517 
 5024 00a7 5D29B7FC 		.ascii	"])\267\374Ua\340\323\361\236\257\323\252\3248\340P\236"
 5024      5561E0D3 
 5024      F19EAFD3 
 5024      AAD438E0 
 5024      509E
 5025 00b9 AB415BAA 		.ascii	"\253A[\252H\316\200\355S\270P\035\032\354S\004\003S"
 5025      48CE80ED 
 5025      53B8501D 
 5025      1AEC5304 
 5025      0353
 5026 00cb 00140646 		.ascii	"\000\024\006F\037`\007\371f\324\376\323\365\316\261"
 5026      1F6007F9 
 5026      66D4FED3 
 5026      F5CEB1
 5027 00da 23607C64 		.ascii	"#`|dB\2263\226\346\314\372\014q8\300\263\034@\3303\005"
 5027      42963396 
 5027      E6CCFA0C 
 5027      7138C0B3 
 5027      1C40D833 
 5028 00ef FC38E3DB 		.ascii	"\3748\343\333\331\246s\206\321?\364\236)\262\234\303"
 5028      D9A67386 
 5028      D13FF49E 
 5028      29B29CC3 
 5029 00ff 178016F0 		.ascii	"\027\200\026\3609\3000Rq#\270\020 \325\253l\223i\030"
 5029      39C03052 
 5029      7123B810 
 5029      20D5AB6C 
 5029      936918
 5030 0112 DF5FFCCC 		.ascii	"\337_\374\31408n\0138.uOB\200T\"\270\204\277\016\333"
 5030      30386E0B 
 5030      382E754F 
ARM GAS  /tmp/ccugAzZM.s 			page 107


 5030      42805422 
 5030      B884BF0E 
 5031 0127 1B470339 		.ascii	"\033G\0039\0078\005\344\227\207i\334\210\200\331\323"
 5031      073805E4 
 5031      978769DC 
 5031      8880D9D3 
 5032 0137 BD3D4659 		.ascii	"\275=FY\247?\313U8\275\334\023c\301\303[H\032\311I\373"
 5032      A73FCB55 
 5032      38BDDC13 
 5032      63C1C35B 
 5032      481AC949 
 5033 014c 870CB3D3 		.ascii	"\207\014\263\323\317Hyf\205\362\315-\322\003\230\000"
 5033      CF487966 
 5033      85F2CD2D 
 5033      D2039800 
 5034 015c 23C0B0EA 		.ascii	"#\300\260\352,\270_na\366x,gQ\016\024\015\214\346\""
 5034      2CB85F6E 
 5034      61F6782C 
 5034      67510E14 
 5034      0D8CE622 
 5035 0170 90E12870 		.ascii	"\220\341(p\316Z\024d\212\224\235\207\273\377\261\000"
 5035      CE5A1464 
 5035      8A949D87 
 5035      BBFFB100 
 5036 0180 5F4A007A 		.ascii	"_J\000zU,g\237L\250\246q{\251\3170\276\363\374\354Z"
 5036      552C679F 
 5036      4CA8A671 
 5036      7BA9CF30 
 5036      BEF3FCEC 
 5037 0195 0F189E43 		.ascii	"\017\030\236C\241\201\212\242\011\034\234*\015\016\034"
 5037      A1818AA2 
 5037      091C9C2A 
 5037      0D0E1C
 5038 01a4 5C1ACD9C 		.ascii	"\\\032\315\2344\270h(\242\241\230\242.\0058\006e\000"
 5038      34B86828 
 5038      A2A198A2 
 5038      2E053806 
 5038      6500
 5039 01b6 27C0434B 		.ascii	"'\300CK/C\262\217f\214\365q68\2710\246\200a2\326\317"
 5039      2F43B28F 
 5039      668CF571 
 5039      3638B930 
 5039      A6806132 
 5040 01cc 156BD181 		.ascii	"\025k\321\201\213?\301\270\366\267\240dg\240\375\324"
 5040      8B3FC1B8 
 5040      F6B7A064 
 5040      67A0FDD4 
 5041 01dc B437C3C1 		.ascii	"\2647\303\301>\310\"\031\373\007\324S\316,/\316\360"
 5041      3EC82219 
 5041      FB07D453 
 5041      CE2C2FCE 
 5041      F0
 5042 01ed 52B8082C 		.ascii	"R\270\010,`-\005\214\303\273\262\007\246\241sj\314\207"
 5042      602D058C 
 5042      C3BBB207 
 5042      A6A1736A 
 5042      CC87
ARM GAS  /tmp/ccugAzZM.s 			page 108


 5043 01ff 66195E26 		.ascii	"f\031^&;\242\237\3636\024\025\360\273\011=7U\232\243"
 5043      3BA29FF3 
 5043      361415F0 
 5043      BB093D37 
 5043      559AA3
 5044 0212 4DB90B38 		.ascii	"M\271\0138\334#\342\224\222\345\353\340\033Db\260\225"
 5044      DC23E294 
 5044      92E5EBE0 
 5044      1B4462B0 
 5044      95
 5045 0223 B646C0B7 		.ascii	"\266F\300\267\000\217!\221\242\021\260d\321nz\021\327"
 5045      008F2191 
 5045      A211B064 
 5045      D16E7A11 
 5045      D7
 5046 0234 71ABFBAA 		.ascii	"q\253\373\252\232\341\012\372\244?K@\220\217\331\336"
 5046      9AE10AFA 
 5046      A43F4B40 
 5046      908FD9DE 
 5047 0244 45F85F27 		.ascii	"E\370_'?\254t2\001\3608:A\232\344\377\353\245\237\014"
 5047      3FAC7432 
 5047      01F0383A 
 5047      419AE4FF 
 5047      EBA59F0C 
 5048 0258 DD26620E 		.ascii	"\335&b\016\364bb\236U\012!\241\355\264\263\016~\264"
 5048      F462629E 
 5048      550A21A1 
 5048      EDB4B30E 
 5048      7EB4
 5049 026a 989DB6C4 		.ascii	"\230\235\266\304\015?\001\005\333\356\307\342\2435\001"
 5049      0D3F0105 
 5049      DBEEC7E2 
 5049      A33501
 5050 0279 37E4615E 		.ascii	"7\344a^\273\276\245`Z\005\246N'\350/\200\004\331\231"
 5050      BBBEA560 
 5050      5A05A64E 
 5050      27E82F80 
 5050      04D999
 5051 028c 9773E623 		.ascii	"\227s\346#\244\267\314q\230_|\353\304\215\313\036l\037"
 5051      A4B7CC71 
 5051      985F7CEB 
 5051      C48DCB1E 
 5051      6C1F
 5052 029e 19E9991B 		.ascii	"\031\351\231\033\207\001_\000v\035\3326\320=\035\246"
 5052      87015F00 
 5052      761DDA36 
 5052      D03D1DA6 
 5053 02ae E4D78F40 		.ascii	"\344\327\217@7\206P&\350\352^\001\353@\004\306e\010"
 5053      37865026 
 5053      E8EA5E01 
 5053      EB4004C6 
 5053      6508
 5054 02c0 3A1081D8 		.ascii	":\020\201\330mL\206UL\220\271\337&>T)U\351\003\317r"
 5054      6D4C8655 
 5054      4C90B9DF 
 5054      263E5429 
 5054      55E903CF 
ARM GAS  /tmp/ccugAzZM.s 			page 109


 5055 02d5 B23A4329 		.ascii	"\262:C)z\311\360\026\340\314CU\366\251\012b\324\374"
 5055      7AC9F016 
 5055      E0CC4355 
 5055      F6A90A62 
 5055      D4FC
 5056 02e7 B9F25C46 		.ascii	"\271\362\\F\267{\220\304\0116\003\243\263\275\271\336"
 5056      B77B90C4 
 5056      093603A3 
 5056      B3BDB9DE 
 5057 02f7 B90F587E 		.ascii	"\271\017X~f\\\3510\334\313\012x?\\\005\370\025;\351"
 5057      665CE930 
 5057      DCCB0A78 
 5057      3F5C05F8 
 5057      153BE9
 5058 030a 7DB9F4C0 		.ascii	"}\271\364\300$VO\241\003\340\271Bu\034\355F,6U\261\365"
 5058      24564FA1 
 5058      03E0B942 
 5058      751CED46 
 5058      2C3655B1 
 5059 031f B6F80BC5 		.ascii	"\266\370\013\305\364\311\204\034wt\330\035\305\031]"
 5059      F4C9841C 
 5059      7774D81D 
 5059      C5195D
 5060 032e 569CB1E5 		.ascii	"V\234\261\345\305\311WdE\332h8@\206\347-\303A2\274P"
 5060      C5C95764 
 5060      45DA6838 
 5060      4086E72D 
 5060      C34132BC 
 5061 0343 30BC7057 		.ascii	"0\274pWU\257\025\030\265tq\310j\321+\357\317\307\345"
 5061      55AF1518 
 5061      B57471C8 
 5061      6AD12BEF 
 5061      CFC7E5
 5062 0356 192EEE7D 		.ascii	"\031.\356}k\234\360;\346J\327f\026\360\021\352\004\354"
 5062      6B9CF03B 
 5062      E64AD766 
 5062      16F011EA 
 5062      04EC
 5063 0368 486F9A36 		.ascii	"Ho\2326\320,\313\313%j\311BM\2733\\]\013\365\207\215"
 5063      D02CCBCB 
 5063      256AC942 
 5063      4DBB335C 
 5063      5D0BF587 
 5064 037d 22B12BC3 		.ascii	"\"\261+\303\035\367\326\272`\032\265B\272\355\262\335"
 5064      1DF7D6BA 
 5064      601AB542 
 5064      BAEDB2DD 
 5065 038d FAD2B481 		.ascii	"\372\322\264\201.\3202\313\037\220\236S\345V\022\245"
 5065      2ED032CB 
 5065      1F909E53 
 5065      E55612A5 
 5066 039d 19AEADE5 		.ascii	"\031\256\255\345\371\257\325\222P\211\246\345\2228h"
 5066      F9AFD592 
 5066      5089A6E5 
 5066      923868
 5067 03ac A33009E7 		.ascii	"\2430\011\347Z\250\353yT\267\215z0\315\035\204r\322"
 5067      5AA8EB79 
ARM GAS  /tmp/ccugAzZM.s 			page 110


 5067      54B78D7A 
 5067      30CD1D84 
 5067      72D2
 5068 03be D13F04D8 		.ascii	"\321?\004\330|\236,\177XB\337\266\241\370H\271\326\202"
 5068      7C9E2C7F 
 5068      5842DFB6 
 5068      A1F848B9 
 5068      D682
 5069 03d0 CEAF169F 		.ascii	"\316\257\026\237FPW.\276C\345\371\363*Z\013\265\260"
 5069      4650572E 
 5069      BE43E5F9 
 5069      F32A5A0B 
 5069      B5B0
 5070 03e2 1ACA49A8 		.ascii	"\032\312I\250\242\034jP\242\216L\227\344\237\036e\225"
 5070      A21C6A50 
 5070      A28E4C97 
 5070      E49F1E65 
 5070      95
 5071 03f3 E7F2A6F5 		.ascii	"\347\362\246\365\\Z\217d?\327\012/\360\034\335H\371"
 5071      5C5A8F64 
 5071      3FD70A2F 
 5071      F01CDD48 
 5071      F9
 5072 0404 E9E3606D 		.ascii	"\351\343`m\267\233\264\334\2507\305\242a\275\2415\336"
 5072      B79BB4DC 
 5072      A837C5A2 
 5072      61BDA135 
 5072      DE
 5073 0415 FC446378 		.ascii	"\374Dcx\267\276=\026\332\025\015\267$\023\372s/\327"
 5073      B7BE3D16 
 5073      DA150DB7 
 5073      2413FA73 
 5073      2FD7
 5074 0427 BE58FF5A 		.ascii	"\276X\377ZsdgS\222=\222\210\207\364P,\232\320\2035\257"
 5074      73646753 
 5074      923D9288 
 5074      87F4502C 
 5074      9AD08335 
 5075 043c E0505D53 		.ascii	"\340P]S\031\330Z\365LE\250\265\225\211dS$\341[\276U"
 5075      19D85AF5 
 5075      4C45A8B5 
 5075      95896453 
 5075      24E15BBE 
 5076 0451 5155F974 		.ascii	"QU\371tU`k\370)&\032v\264\274\316\303-\215j\"\271#\236"
 5076      55606BF8 
 5076      29261A76 
 5076      B4BCCEC3 
 5076      2D8D6A22 
 5077 0468 7C1EA5F1 		.ascii	"|\036\245\361\306\372V\234\356\325\253\233\"\015\221"
 5077      C6FA569C 
 5077      EED5AB9B 
 5077      220D91
 5078 0477 97EAF458 		.ascii	"\227\352\364X\202\310\321X\213\036\336\223\324\237\255"
 5078      82C8D158 
 5078      8B1EDE93 
 5078      D49FAD
 5079 0486 ADD1AB6B 		.ascii	"\255\321\253k\352\202uzu,\036\326\203-\241\346]\215"
ARM GAS  /tmp/ccugAzZM.s 			page 111


 5079      EA82757A 
 5079      752C1ED6 
 5079      832DA1E6 
 5079      5D8D
 5080 0498 613D144D 		.ascii	"a=\024MD\022\365;C\241\212&\346lL4\370\003{^`Z4\034"
 5080      4412F53B 
 5080      43A18A26 
 5080      E66C4C34 
 5080      F8037B5E 
 5081 04b0 8DC5F732 		.ascii	"\215\305\3672g\304\336\370\017\271\024\203\236"
 5081      67C4DEF8 
 5081      0FB91483 
 5081      9E
 5082              		.text
 5083              		.section	.gnu.lto__ZN8ICM209484initEP14hal_spi_driverPK14hal_spi_configS4_.452.c152fa04468e8c8a,"e
 5084 0000 789C8D92 		.ascii	"x\234\215\222OH\323a\030\307\237\357\357}\177\366s\225"
 5084      4F48D361 
 5084      18C79FEF 
 5084      EF7D7FF6 
 5084      7395
 5085 0012 0EC22E5D 		.ascii	"\016\302.]\272\204$\344\226\031%],\275\014\022\"\260"
 5085      BA8424E4 
 5085      9619255D 
 5085      2CBD0C12 
 5085      22B0
 5086 0024 ABD59C3A 		.ascii	"\253\325\234:\360\317p\313\253\257\377\010\3640g\321"
 5086      F0CF70CB 
 5086      ABAFFF08 
 5086      F43067D1 
 5087 0034 416CD858 		.ascii	"Al\330X%\035\352P\331\262\322I\205\021e\352\255k'\025"
 5087      251DEA50 
 5087      D9B2D249 
 5087      851165EA 
 5087      AD6B2715 
 5088 0048 AC211121 		.ascii	"\254!\021!\201=\357\373\033\270\213\342a?\236w\317\367"
 5088      813DEFFB 
 5088      1BB88BE2 
 5088      613F9E77 
 5088      CFF7
 5089 005a F3FC7F20 		.ascii	"\363\374\177 \210z\210\350\"\377`\023\306\022\303\026"
 5089      887A88E8 
 5089      22FF6013 
 5089      C612C316 
 5090 006a 29A56A0F 		.ascii	")\245j\017X\326`b\304\302\034\376,\347*\344@\242d\370"
 5090      58D66062 
 5090      C4C21CFE 
 5090      2CE72AE4 
 5090      40A264F8 
 5091 007e 69BC4C0A 		.ascii	"i\274L\012\334u\\\277D_\302c,P\257%$zqG\234\314*\365"
 5091      DC755CBF 
 5091      445FC263 
 5091      2C50AF25 
 5091      247A7147 
 5092 0096 77E8DEB7 		.ascii	"w\350\336\267\337E\343SY\2449xR\020\316\300\317\341"
 5092      DF45E353 
 5092      59A43978 
 5092      5210CEC0 
ARM GAS  /tmp/ccugAzZM.s 			page 112


 5092      CFE1
 5093 00a8 6942604C 		.ascii	"iB`L\244\005 \363\226\205\343l\211z*\377\240\324\350"
 5093      A40520F3 
 5093      9685E36C 
 5093      897A2AFF 
 5093      A0D4E8
 5094 00bb C46456A6 		.ascii	"\304dV\246\205\300+hf\032x\011B\206\203\210@\306\257"
 5094      85C02B68 
 5094      661A7809 
 5094      42868388 
 5094      40C6AF
 5095 00ce 75D7A99C 		.ascii	"u\327\251\234\303/}\312(ULi\316\370\272P9\303J\031\230"
 5095      C32F7DCA 
 5095      28554C69 
 5095      CEF8BA50 
 5095      39C34A19 
 5096 00e3 37CA90AB 		.ascii	"7\312\220\253\374\225W\332xS\250|\313J;\360\325(;]\345"
 5096      FC9557DA 
 5096      7853A87C 
 5096      CB4A3BF0 
 5096      D5283B5D 
 5097 00f8 9381DBCA 		.ascii	"\223\201\333\312+\265\362]\241r\326(\277s\365En's\340"
 5097      2BB5F25D 
 5097      A172D628 
 5097      BF73F545 
 5097      6E2773E0 
 5098 010c 31712BCF 		.ascii	"1q+\317V\354\254\372\267\035Wj\241l\372\364\021\213"
 5098      56ECACFA 
 5098      B71D576A 
 5098      A16CFAF4 
 5098      118B
 5099 011e 9390D01F 		.ascii	"\223\220\320\037\033\\r\021\270\032\007\234\310\003"
 5099      1B5C7211 
 5099      B81A079C 
 5099      C803
 5100 012c 8EE16507 		.ascii	"\216\341e\007\363q\241\007\247$T\226hTX\356\243\217"
 5100      F371A107 
 5100      A7245496 
 5100      685458EE 
 5100      A38F
 5101 013e 1FEB503F 		.ascii	"\037\353P?\2367\352\340?\321?\276V\232\037\017\017\226"
 5101      9E37EAE0 
 5101      3FD13FBE 
 5101      569A1F0F 
 5101      0F96
 5102 0150 AD4760DD 		.ascii	"\255G`\335\252\225\026N\212\313\313\202\374\374vt\373"
 5102      AA95164E 
 5102      8ACBCB82 
 5102      FCFC7674 
 5102      FB
 5103 0161 F3B8CF03 		.ascii	"\363\270\317\003\246\024\007\327\021^\024\340\273A6"
 5103      A61407D7 
 5103      115E14E0 
 5103      BB4136
 5104 0170 DE33040D 		.ascii	"\3363\004\0159\006\232\336\027\364\221!KC\036\003e\014"
 5104      39069ADE 
 5104      17F49121 
ARM GAS  /tmp/ccugAzZM.s 			page 113


 5104      4B431E03 
 5104      650C
 5105 0182 B4B9BA17 		.ascii	"\264\271\272\027T\214\005\206\270>\335I1\266a\310\231"
 5105      548C0586 
 5105      B83EDD49 
 5105      31B661C8 
 5105      99
 5106 0193 7D9084CF 		.ascii	"}\220\204\317LJ\227\324\323\326\340,(\207\241\311\013"
 5106      4C4A97D4 
 5106      D3D6E02C 
 5106      2887A1C9 
 5106      0B
 5107 01a4 3408263C 		.ascii	"4\010&<I\267\007\333\015\316\363=hT\313eF\325\224\022"
 5107      49B707DB 
 5107      0DCEF33D 
 5107      6854CB65 
 5107      46D59412 
 5108 01b8 5EA33B94 		.ascii	"^\243;\224t\313\266\261\310\233<\254s\347\2067\260g"
 5108      74CBB6B1 
 5108      C89B3CAC 
 5108      73E78637 
 5108      B067
 5109 01ca D94B9CDC 		.ascii	"\331K\234\334\326\220\327\204\\\001\255ap\255\216\337"
 5109      D690D784 
 5109      5C01AD61 
 5109      70AD8EDF 
 5110 01da 6EB275BD 		.ascii	"n\262u\275\177\275@\261\224\333\232B~\201V\005\363\271"
 5110      7FBD40B1 
 5110      94DB9A42 
 5110      7E815605 
 5110      F3B9
 5111 01ec 91873905 		.ascii	"\221\2079\005}\207\364X\030U~9\306\313\007\256\207Y"
 5111      7D87F458 
 5111      18557E39 
 5111      C6CB07AE 
 5111      8759
 5112 01fe E0727677 		.ascii	"\340rvwy\270\021\231\022\226i\243$\251\007\311\205\246"
 5112      79B81199 
 5112      129669A3 
 5112      24A907C9 
 5112      85A6
 5113 0210 45A9492D 		.ascii	"E\251I-wng\023\375\265\354\322\340\026\004\276\300J"
 5113      776E6713 
 5113      FDB5ECD2 
 5113      E01604BE 
 5113      C04A
 5114 0222 6E5CE353 		.ascii	"n\\\343SbV\3170.\260stD'|m]\035!\337\315Hw\373\251\346"
 5114      6256CF30 
 5114      2EB07374 
 5114      44277C6D 
 5114      5D1D21DF 
 5115 023c 508FAFBE 		.ascii	"P\217\257\276+x\253#\324\031\213\372.]\271z\271\251"
 5115      2B78AB23 
 5115      D4198BFA 
 5115      2E5DB97A 
 5115      B9A9
 5116 024e A53DDCDA 		.ascii	"\245=\334\332\026\243c\321\356\240/\330\325\021\365"
ARM GAS  /tmp/ccugAzZM.s 			page 114


 5116      16A363D1 
 5116      EEA02FD8 
 5116      D511F5
 5117 025d 051A1AF9 		.ascii	"\005\032\032\371S\327P\345\257\251>_\031\214DH\306\332"
 5117      53D750E5 
 5117      AFA93E5F 
 5117      198C4448 
 5117      C6DA
 5118 026f C2D1A385 		.ascii	"\302\321\243\205\177UVW\235\253\366\327\204\316\222"
 5118      7F555657 
 5118      9DABF6D7 
 5118      84CE92
 5119 027e 8C46C2CD 		.ascii	"\214F\302\315N\260\245\265)\334\031\216\031\243\345"
 5119      4EB0A5B5 
 5119      29DC198E 
 5119      19A3E5
 5120 028d 4634F61F 		.ascii	"F4\366\037z\034>^"
 5120      7A1C3E5E 
 5121              		.text
 5122              		.section	.gnu.lto__ZN8ICM209484readEPfS0_.456.c152fa04468e8c8a,"e",%progbits
 5123 0000 789C4D91 		.ascii	"x\234M\221OhSA\020\306\347{\263M\223h\257E\020\264\227"
 5123      4F685341 
 5123      10C6E77B 
 5123      B34D9368 
 5123      AF4510B4 
 5124 0015 123C98C4 		.ascii	"\022<\230\304\032\377\364V\265 \001\013\"x\256m\032"
 5124      1AFFF456 
 5124      B520010B 
 5124      2278AE6D 
 5124      1A
 5125 0026 9B4A6342 		.ascii	"\233JcB\022\225\202\3205\215\012\212\266\251\342\241"
 5125      129582D0 
 5125      358D0A8A 
 5125      B6A9E2A1 
 5126 0036 F48FC647 		.ascii	"\364\217\306G\321S\275\250\265\251\3724\325z\024\257"
 5126      D153BDA8 
 5126      B5A9FA34 
 5126      D57A14AF 
 5127 0046 1EAC7AAA 		.ascii	"\036\254z\252\007\011^\324\"\324\331\227Z\003\357\015"
 5127      07095ED4 
 5127      22D4D997 
 5127      5A03EF0D 
 5128 0056 33BBBFF9 		.ascii	"3\273\277\371\346\333\335v\213\350\"\021\035\222\037"
 5128      E6DBDD76 
 5128      8BE82211 
 5128      1D921F
 5129 0065 0D84F1E2 		.ascii	"\015\204\361\3425\213\264\326\035\215\226U(\336\264"
 5129      358BB4D6 
 5129      1D8D9655 
 5129      28DEB4
 5130 0074 50C1D595 		.ascii	"P\301\325\225\217-j\244\270\345\367\214\275S1n{k\373"
 5130      8F2D6AA4 
 5130      B8E5F78C 
 5130      BD53316E 
 5130      7B6BFB
 5131 0087 0A978A7E 		.ascii	"\012\227\212~7\003\015[\2540\214[\274\313\321\372\327"
 5131      37030D5B 
ARM GAS  /tmp/ccugAzZM.s 			page 115


 5131      AC308C5B 
 5131      BCCBD1FA 
 5131      D7
 5132 0098 E53B37BE 		.ascii	"\345;7\276\356\230x\340\300f\242i&\354EX\344i\2221\316"
 5132      EE9878E0 
 5132      C066A269 
 5132      26EC4558 
 5132      E4699231 
 5133 00ad 36036A23 		.ascii	"6\003j#\263\320\"\031wR`I\353\261\311\273\216\262\231"
 5133      B3D02219 
 5133      77526049 
 5133      EBB1C9BB 
 5133      8EB299
 5134 00c0 F114A6E7 		.ascii	"\361\024\246\347\011\360\030\204y\021\341\350l\320p"
 5134      09F01884 
 5134      7911E1E8 
 5134      6CD070
 5135 00cf A72820F2 		.ascii	"\247( \362\357\313\363Z\373\310\226\211\317\352\311"
 5135      EFCBF35A 
 5135      FBC89689 
 5135      CFEAC9
 5136 00de 05215574 		.ascii	"\005!Ut\316%\317\324\310O\233d\271\236\\t\311r\320u"
 5136      CE25CFD4 
 5136      C84F9B64 
 5136      B99E5C74 
 5136      C972D075 
 5137 00f2 C439135B 		.ascii	"\3049\023[\345 \325\251\312\225\246G\332ks\003\236\343"
 5137      E520D5A9 
 5137      CA95A647 
 5137      DA6B7303 
 5137      9EE3
 5138 0104 9F6FBC00 		.ascii	"\237o\274\000Q\364zx\323\374\326M\363+n\377\220\333"
 5138      51F47A78 
 5138      D3FCD64D 
 5138      F32B6EFF 
 5138      90DB
 5139 0116 3F26FD13 		.ascii	"?&\375\023\367\217\272\355\036\274r\333\035\340\245"
 5139      F78FBAED 
 5139      1EBC72DB 
 5139      1DE0A5
 5140 0125 8C7B6D04 		.ascii	"\214{m\004\226\203\036\223\0315\263U\2215\371h\356C"
 5140      96831E93 
 5140      1935B355 
 5140      9135F968 
 5140      EE43
 5141 0137 83A3FFAC 		.ascii	"\203\243\377\254\217j\375s\333\347\252\307\017qKl\202"
 5141      8F6AFD73 
 5141      DBE7AAC7 
 5141      0F714B6C 
 5141      82
 5142 0148 32C103B9 		.ascii	"2\301\003\271\200F\310\331\274\020\333D\243l._+h\207"
 5142      8046C8D9 
 5142      BC10DB44 
 5142      A36C2E5F 
 5142      2B6887
 5143 015b 688CAD5A 		.ascii	"h\214\255Z1\"\3057\350/3o\375F\371;\362\213\017\233"
 5143      3122C537 
ARM GAS  /tmp/ccugAzZM.s 			page 116


 5143      E82F336F 
 5143      FD46F93B 
 5143      F28B0F9B 
 5144 016f 4A8C0DA7 		.ascii	"J\214\015\247\362@\222\315BXq\347-\211\301%P\270V\022"
 5144      F24092CD 
 5144      425871E7 
 5144      2D89C125 
 5144      50B85612 
 5145 0183 DE608ACD 		.ascii	"\336`\212\315\363\254\242\260Zi.\325z\\wdf\360\273\365"
 5145      F3ACA2B0 
 5145      5A692ED5 
 5145      7A5C7764 
 5145      66F0BBF5 
 5146 0197 7B6B7067 		.ascii	"{kpgT\341)\261*\300\262\3317\315B\210T\211\033K,:~\027"
 5146      54E129B1 
 5146      2AC0B2D9 
 5146      37CD4288 
 5146      54891B4B 
 5147 01af 56FF0DFD 		.ascii	"V\377\015\375@\276C\000#\275\006\3062\254\205\200\270"
 5147      40BE4300 
 5147      23BD06C6 
 5147      32AC8580 
 5147      B8
 5148 01c0 130156E6 		.ascii	"\023\001V\346 \250\241y\307\214i\015%R\311x\2507\235"
 5148      20A8A179 
 5148      C78C690D 
 5148      2552C978 
 5148      A8379D
 5149 01d3 19DCDD17 		.ascii	"\031\334\335\027?\037\352L\305\316%\343gs\331\320\341"
 5149      3F1FEA4C 
 5149      C5CE25E3 
 5149      6773D9D0 
 5149      E1
 5150 01e4 E3278E75 		.ascii	"\343'\216u\237\036\034\350O\344h{6\023\013\305R\311"
 5150      9F1E1CE8 
 5150      4FE4687B 
 5150      36130BC5 
 5150      52C9
 5151 01f6 6C28DA75 		.ascii	"l(\332uR\302\221\256\266p{\344`0\226N\223\312%\006\262"
 5151      52C291AE 
 5151      B6707BE4 
 5151      6030964E 
 5151      93CA2506 
 5152 020b CDF54BC1 		.ascii	"\315\365K\301H\333\201H\270=\276\217|=\261X|\260;\231"
 5152      48DB8148 
 5152      B83DBE8F 
 5152      7C3DB158 
 5152      7CB03B99 
 5153 021f 6DF3F50F 		.ascii	"m\363\365\017eR\335\231\236\276\254\352\215\357\331"
 5153      6552DD99 
 5153      9EBEACEA 
 5153      8DEFD9
 5154 022e CF999E0B 		.ascii	"\317\231\236\013\177\001a\235\322\003"
 5154      7F01619D 
 5154      D203
 5155              		.text
 5156              		.section	.gnu.lto__ZN8ICM209488reg_readEh.457.c152fa04468e8c8a,"e",%progbits
ARM GAS  /tmp/ccugAzZM.s 			page 117


 5157 0000 789C8555 		.ascii	"x\234\205UkL\\U\020>s\317\335\027 \024\313\303\244I"
 5157      6B4C5C55 
 5157      103E73CF 
 5157      DD172014 
 5157      CBC3A449 
 5158 0014 B3D434F5 		.ascii	"\263\3244\365\021\270\033\304h\377U\251&\233H\324R\177"
 5158      11B81BC4 
 5158      68FF55A9 
 5158      269B48D4 
 5158      527F
 5159 0026 A35DD642 		.ascii	"\243]\326B\302\262\270KM\373\253\027\330\226J\023\313"
 5159      C2B2B84B 
 5159      4DFBAB17 
 5159      D8964A13 
 5159      CB
 5160 0037 965A5BA5 		.ascii	"\226Z[\245D\267\033S~\251M\265-}\255\265-\345U\0015"
 5160      44B71B53 
 5160      7EA94DB5 
 5160      2D7DADB5 
 5160      2DE55501 
 5161 004c 121F20A0 		.ascii	"\022\037 \240\266\325\210\204&b[\032\2349\347\336\335"
 5161      B6D58884 
 5161      26625B1A 
 5161      9C39E7DE 
 5161      DD
 5162 005d 85B27493 		.ascii	"\205\262t\223\235{\316\334\231o\276\2313sn\267\203\261"
 5162      9D7BCEDC 
 5162      996FBE99 
 5162      33736EB7 
 5162      83B1
 5163 006f 01C6580F 		.ascii	"\001\306X\017\376\301\301`\177\270Ea\272\256o\260)\320"
 5163      FEC1C160 
 5163      7FB84561 
 5163      BAAE6FB0 
 5163      29D0
 5164 0081 16EE9D3C 		.ascii	"\026\356\235<\023\033}\024\256\202\320peWx\257\002_"
 5164      131B7D14 
 5164      AE82D070 
 5164      655778AF 
 5164      025F
 5165 0093 D1CEA986 		.ascii	"\321\316\251\206\302\231\342\251B\333\347\275\315{\307"
 5165      C299E2A9 
 5165      42DBE7BD 
 5165      CD7BC7
 5166 00a2 5E153616 		.ascii	"^\0256\0268\030\356\275\216^GU\030\222nV\345P\353\361"
 5166      3818EEBD 
 5166      8E5E4755 
 5166      18926E56 
 5166      E550EBF1 
 5167 00b6 02E8936E 		.ascii	"\002\350\223n\315\206\233\015\016\242[\337\037\322\315"
 5167      CD869B0D 
 5167      0EA25BDF 
 5167      1FD2CD
 5168 00c5 0E0DE196 		.ascii	"\016\015\341\226\331\366\021\025\316H'`;\025\256Z\254"
 5168      D9F61115 
 5168      CE482760 
 5168      3B15AE5A 
ARM GAS  /tmp/ccugAzZM.s 			page 118


 5168      AC
 5169 00d6 F86627E7 		.ascii	"\370f'\347\014b*@B0\372\001\263\246\320\267\361\307"
 5169      0C622A40 
 5169      4230FA01 
 5169      B3A6D0B7 
 5169      F1C7
 5170 00e8 63BAFEDF 		.ascii	"c\272\376\337\256\203]\223+?8\026\203(g\254\003A\236"
 5170      AE835D93 
 5170      2B3F3816 
 5170      832867AC 
 5170      03419E
 5171 00fb 021719B4 		.ascii	"\002\027\031\264s\330\317\243\034@5V\0128q\3057\262"
 5171      73D8CFA3 
 5171      1C403556 
 5171      0A3871C5 
 5171      37B2
 5172 010d 759774BD 		.ascii	"u\227t\275\265\375\243\230\032\345\034N\002\371|\011"
 5172      B5FDA398 
 5172      1AE51C4E 
 5172      02F97C09 
 5173 011d F005E2A2 		.ascii	"\360\005\342\242\302}\265\220\254^g\353\020|\260\377"
 5173      C27DB590 
 5173      AC5E67EB 
 5173      107CB0FF 
 5174 012d 84AE7354 		.ascii	"\204\256sT38\015ql\334\272\207\012\031\022\243x\370"
 5174      33380D71 
 5174      6CDCBA87 
 5174      0A1912A3 
 5174      78F8
 5175 013f 4407B106 		.ascii	"D\007\261\0068\013\024\227W\222\\\213\000\323\347\217"
 5175      380B1497 
 5175      57925C8B 
 5175      00D3E78F 
 5176 014f BE7555C7 		.ascii	"\276uU\307@*\234K\016\304\230{J\304\2512-[\333\365X"
 5176      402A9C4B 
 5176      0EC4987B 
 5176      4AC4A932 
 5176      2D5BDBF5 
 5177 0164 C8C9C8F2 		.ascii	"\310\311\310\362\302\"\313\211B\021\000b\000\347\201"
 5177      C222CB89 
 5177      42110062 
 5177      00E781
 5178 0173 61ED98FB 		.ascii	"a\355\230\373\027\241\302\032\332\031\236\024F&2p\321"
 5178      17A1C21A 
 5178      DA199E14 
 5178      46263270 
 5178      D1
 5179 0184 2420D828 		.ascii	"$ \330(pIn\022f\2120\273\014\367\277\221\000\335&\000"
 5179      70496E12 
 5179      668A30BB 
 5179      0CF7BF91 
 5179      00DD2600 
 5180 0198 31FA6CA0 		.ascii	"1\372l\240\251Y_\021r.E~O\321\203i\317\031\264{\001"
 5180      A9595F11 
 5180      722E457E 
 5180      4FD18369 
 5180      CF19B47B 
ARM GAS  /tmp/ccugAzZM.s 			page 119


 5181 01ad 7A0CDA77 		.ascii	"z\014\332w\223h\367\305\243\366\307i'\336H\246\327\026"
 5181      9368F7C5 
 5181      A3F6C769 
 5181      27DE48A6 
 5181      D716
 5182 01bf 314DF80C 		.ascii	"1M\370\014\012\037\014\244\312\262\310(\237\016[b\372"
 5182      0A1F0CA4 
 5182      CAB2C828 
 5182      9F0E5B62 
 5182      FA
 5183 01d0 DCFC3E5D 		.ascii	"\334\374>]\037[5\336a{\014\220\230EAa\245C\264\251$"
 5183      1F5B35DE 
 5183      617B0C90 
 5183      98454161 
 5183      A543B4A9 
 5184 01e5 2C28EC56 		.ascii	",(\354VZ\331H\330I8H\244\221]:\2259\203Hg\001tA6\300"
 5184      5AD948D8 
 5184      493848A4 
 5184      915D3A95 
 5184      39834867 
 5185 01fe 29C8215D 		.ascii	")\310!].\303(\371\264Z\3150\222\223L\012\250\025\030"
 5185      2EC328F9 
 5185      B45ACD30 
 5185      92934C0A 
 5185      A81518
 5186 0211 DBC75903 		.ascii	"\333\307Y\003\362S@\2171\326\312\025\271i\302\315\237"
 5186      F253408F 
 5186      31D6CA15 
 5186      B969C2CD 
 5186      9F
 5187 0222 A04FDCBE 		.ascii	"\240O\334\276\242\260)h\332\337\374\267\022\341\020"
 5187      A2B02968 
 5187      DADFFCB7 
 5187      12E110
 5188 0231 E159D48B 		.ascii	"\341Y\324\213\026\320\001\265\215\323-\367\300hO\207"
 5188      16D001B5 
 5188      8DD32DF7 
 5188      C0684F87 
 5189 0241 48F4131A 		.ascii	"H\364\023\032\214\033\231Q\236\026\341\331\360\255\320"
 5189      8C1B9951 
 5189      9E16E1D9 
 5189      F0ADD0
 5190 0250 B948A544 		.ascii	"\271H\245Dy:|\007G(`\261a\303\340{\200'P\201\300\"\326"
 5190      793A7C07 
 5190      472860B1 
 5190      61C3E07B 
 5190      80275081 
 5191 0267 5D11AB71 		.ascii	"]\021\253q\346F\326\003\241~X\0145\002\360$*\210\012"
 5191      E646D603 
 5191      A17E580C 
 5191      3502F024 
 5191      2A880A
 5192 027a 83798977 		.ascii	"\203y\211w\017\361\360\031\241\353\200\200\017\264`"
 5192      0FF1F019 
 5192      A1EB8080 
 5192      0FB460
 5193 0289 023926B6 		.ascii	"\0029&\266}\021t#i\322\341'\211\0342L2\340g\240J4:\261"
ARM GAS  /tmp/ccugAzZM.s 			page 120


 5193      7D117423 
 5193      69D2E127 
 5193      891C324C 
 5193      32E067A0 
 5194 02a1 76E84D80 		.ascii	"v\350M\200k\342`\271F\366\017AL\246O%%\320Q@\004\321"
 5194      6BE260B9 
 5194      46F60F41 
 5194      4CA64F25 
 5194      25D05140 
 5195 02b7 5763A6FB 		.ascii	"Wc\246\373y\262\227\356(n\335~\267kvd%\366\254\240z"
 5195      79B297EE 
 5195      286EDD7E 
 5195      B76B7664 
 5195      25F6ACA0 
 5196 02cc 61F610E0 		.ascii	"a\366\020\340\025\306\376\201\2065t;\234\240\272\026"
 5196      15C6FE81 
 5196      8635743B 
 5196      9CA0BA16 
 5197 02dc 9C83DD48 		.ascii	"\234\203\335H!S\245\013c\\\264e+\347\310KW\351|T\204"
 5197      2153A50B 
 5197      635CB465 
 5197      2BE7C84B 
 5197      57E97C54 
 5198 02f1 DDC004AD 		.ascii	"\335\300\004\255t\002\231\031\2378\271\231R\0251nBh"
 5198      74029919 
 5198      9F38B999 
 5198      5215316E 
 5198      4268
 5199 0303 B414DF50 		.ascii	"\264\024\337PP\374\335\001\\\345(x\210\371\252\2020"
 5199      50FCDD01 
 5199      5CE52878 
 5199      88F9AA82 
 5199      30
 5200 0314 6AFC98B9 		.ascii	"j\374\230\271\231\321\\3\")\0046\005\027\247[\314\223"
 5200      99D15C33 
 5200      22290436 
 5200      0517A75B 
 5200      CC93
 5201 0326 CD02165F 		.ascii	"\315\002\026_\351?6\351\231I\005\\\001\277\001L\002"
 5201      E93F36E9 
 5201      9949055C 
 5201      01BF014C 
 5201      02
 5202 0337 737D2CB6 		.ascii	"s},\266\331\360;V\017\350D\025\263PM\307w#l>\302\312"
 5202      D9F03B56 
 5202      0FE84415 
 5202      B3504DC7 
 5202      77236C3E 
 5203 034d FBCC9928 		.ascii	"\373\314\231(f\276H\310\262\240\341\026\024\347bRq\276"
 5203      66BE48C8 
 5203      B2A0E116 
 5203      14E76252 
 5203      71BE
 5204 035f 4E2E4EBC 		.ascii	"N.N\274\"\213\322F\307\003\344xY:\036&\307+\011\307"
 5204      228BD246 
 5204      C703E478 
 5204      593A1E26 
ARM GAS  /tmp/ccugAzZM.s 			page 121


 5204      C72B09C7 
 5205 0373 CBF755F5 		.ascii	"\313\367U\365f\002#\232FCNn\363\262\017\317v\346F8_"
 5205      6602239A 
 5205      46434E6E 
 5205      F3B20FCF 
 5205      76E64638 
 5206 0388 A25D5C72 		.ascii	"\242]\\rk\203\2770[\005a\246\001/\221\020`g>\334\201"
 5206      6B83BF30 
 5206      5B0561A6 
 5206      012F9110 
 5206      60673EDC 
 5207 039d 1F024C1F 		.ascii	"\037\002L\037S])\260\302\335\022\353ff\204\253\313a"
 5207      535D29B0 
 5207      C2DD12EB 
 5207      666684AB 
 5207      CB61
 5208 03af 4D195864 		.ascii	"M\031Xd\354\210pKj[;L\243-\027qw\031qs:\270JqU\364\214"
 5208      EC88704B 
 5208      6A5B3B4C 
 5208      A32D1771 
 5208      77197173 
 5209 03ca CA369B68 		.ascii	"\3126\233h3BwfE\270u\271\320\267\226J\303BpV3\215\367"
 5209      33427766 
 5209      45B875B9 
 5209      D0B7964A 
 5209      C3427056 
 5210 03e1 4CAC9C08 		.ascii	"L\254\234\010\267-\207\365o\034\253\331\300\312\353"
 5210      B72D87F5 
 5210      6F1CABD9 
 5210      C0CAEB
 5211 03f0 E056C2B2 		.ascii	"\340V\302\262\321\371\347\0036\030b\344F\371#\002\370"
 5211      D1F9E703 
 5211      361862E4 
 5211      46F92302 
 5211      F8
 5212 0401 FD2460FB 		.ascii	"\375$`\373r\300w\226\"i#`\273I\362pw\342\334\034\313"
 5212      72C07796 
 5212      22692360 
 5212      BB49F270 
 5212      77E2DC1C 
 5213 0416 61DD5B0A 		.ascii	"a\335[\012\313NX\016\023\353\303n\363\356\350\003\331"
 5213      CB4E580E 
 5213      13EBC36E 
 5213      F3EEE803 
 5213      D9
 5214 0427 B1BD89F9 		.ascii	"\261\275\211\3715\307\177u|\374\177]8\376\272b\216\177"
 5214      35C77F75 
 5214      7CFC7F5D 
 5214      38FEBA62 
 5214      8E7F
 5215 0439 83628C7F 		.ascii	"\203b\214\177\017\331\337\327\341\203I\035>\264d\207"
 5215      0FD9DFD7 
 5215      E183491D 
 5215      3EB46487 
 5216 0449 D3885817 		.ascii	"\323\210X\027\317<q\311\220\215;|z\263\244\230\230\371"
 5216      CF3C71C9 
 5216      908D3B7C 
ARM GAS  /tmp/ccugAzZM.s 			page 122


 5216      7AB3A498 
 5216      98F9
 5217 045b 0C8A2466 		.ascii	"\014\212$f\036W\271\026\254\270\323F3oK1\363i\004\026"
 5217      1E57B916 
 5217      ACB8D346 
 5217      336F4B31 
 5217      F3690416 
 5218 046f 9FF994B3 		.ascii	"\237\371\224\263\035R\216\310&K[8\333Nt\207\353IUr\012"
 5218      1D528EC8 
 5218      264B5B38 
 5218      DB4E7487 
 5218      EB495572 
 5219 0484 D2F6D473 		.ascii	"\322\366\324s\335\237\224\365@\352\271N\244f\316\365"
 5219      DD9F94F5 
 5219      40EAB94E 
 5219      A466CEF5 
 5220 0494 B5A4B9FE 		.ascii	"\265\244\271\376&y\256\027\016\363\360\351S\361a>\""
 5220      2679AE17 
 5220      0EF3F0E9 
 5220      53F1613E 
 5220      22
 5221 04a5 9B62B033 		.ascii	"\233b\2603/\302\013R\335\375\272~,\223.\377=\230\242"
 5221      2FC20B52 
 5221      DDFDBA7E 
 5221      2C932EFF 
 5221      3D98A2
 5222 04b8 457E568E 		.ascii	"E~V\216\345\321\227\344\035E|V\330\014\346\206\376L"
 5222      E5D197E4 
 5222      1D457C56 
 5222      D80CE686 
 5222      FE4C
 5223 04ca 7C2F4166 		.ascii	"|/Af\326\030\243\355Z\255\312\357\363j[\352\0025\205"
 5223      D618A3ED 
 5223      5AADCAEF 
 5223      F36A5BEA 
 5223      023585
 5224 04dd 95DEB7B5 		.ascii	"\225\336\267\265\215~\3176\237\267\266>\250=\377\312"
 5224      8D7ECF36 
 5224      9FB7B63E 
 5224      A83DFFCA 
 5225 04ed A6972ADE 		.ascii	"\246\227*\336\254\251\336ZU\317V\005\003\036\315\343"
 5225      ACA9DE5A 
 5225      55CF5605 
 5225      031ECDE3 
 5226 04fd F7053577 		.ascii	"\367\0055w\331k(J\313\212]\353K\236-\362\324\3251\265"
 5226      D96B284A 
 5226      CB8A5DEB 
 5226      4B9E2DF2 
 5226      D4D531B5 
 5227 0511 BEAA3A98 		.ascii	"\276\252:\230\227\254**)~\246\304\265\336\3734\343\001"
 5227      97AC2A2A 
 5227      297EA6C4 
 5227      B5DEFB34 
 5227      E301
 5228 0523 EF56EEAD 		.ascii	"\357V\356\255\255\264\004\353\337\010\324\277\200\226"
 5228      ADB404EB 
 5228      DF08D4BF 
ARM GAS  /tmp/ccugAzZM.s 			page 123


 5228      8096
 5229 0531 81CA8A3A 		.ascii	"\201\312\212:\\\356\320J\253\252\267T\277\\\256\371"
 5229      5CEED04A 
 5229      ABAAB754 
 5229      BF5CAEF9 
 5230 0541 8304ECF3 		.ascii	"\203\004\354\363\327j\336\355\365\332s\233\312\264\322"
 5230      D76ADEED 
 5230      F5DA739B 
 5230      CAB4D2
 5231 0550 B27277B9 		.ascii	"\262rw\271V\352\017x5w\255\247f[\245W\363\370\202\325"
 5231      56EA0F78 
 5231      3577ADA7 
 5231      665BA557 
 5231      F3F882D5 
 5232 0564 C18AAD1E 		.ascii	"\301\212\255\036OQ\025\263W\006\2678]\333_d6\237\327"
 5232      4F5115B3 
 5232      5706B738 
 5232      5DDB5F64 
 5232      369FD7
 5233 0577 E70FEC60 		.ascii	"\347\017\354`\366jC\361?\305\230C\310"
 5233      F66A43F1 
 5233      3FC59843 
 5233      C8
 5234              		.text
 5235              		.section	.gnu.lto__ZN8ICM209489reg_writeEhh.458.c152fa04468e8c8a,"e",%progbits
 5236 0000 789C8595 		.ascii	"x\234\205\225kL[u\024\300\317\271\377\333\027bA\030"
 5236      6B4C5B75 
 5236      14C0CFB9 
 5236      FFDB1762 
 5236      4118
 5237 0012 F31563C5 		.ascii	"\363\025c\305,\213\017\270\015bt\337\246LM\023\211:"
 5237      2C8B0FB8 
 5237      0D6274DF 
 5237      A64C4D13 
 5237      893A
 5238 0024 F4338EB6 		.ascii	"\3643\216\266\322&\224b\333\221\355\223\227\362J\360"
 5238      D2269462 
 5238      DB91ED93 
 5238      97F24AF0 
 5239 0034 03742C8B 		.ascii	"\003t,\213\032\326h\327\030\347\0273\243\356\301pw\033"
 5239      1AD668D7 
 5239      18E71733 
 5239      A3EEC170 
 5239      771B
 5240 0046 CA868F8C 		.ascii	"\312\206\217\214Me\250\233\242\211\016\215H0f\306`\346"
 5240      4D65A89B 
 5240      A2890E8D 
 5240      483066C6 
 5240      60E6
 5241 0058 39FF7B6F 		.ascii	"9\377{o)\014\361&\234\376\377\247\347\374\316\363\226"
 5241      290CF126 
 5241      9CFEFFA7 
 5241      E7FCCEF3 
 5241      96
 5242 0069 5217C014 		.ascii	"R\027\300\024\000t\322\037:\001\367d\006\024\320u}\253"
 5242      0074D21F 
 5242      3A01F764 
ARM GAS  /tmp/ccugAzZM.s 			page 124


 5242      0614D075 
 5242      7DAB
 5243 007b 4BC1E1CC 		.ascii	"K\301\341\314\344\2011\343\362\3358\211R#\224\336\314"
 5243      E48131E3 
 5243      F2DD3889 
 5243      522394DE 
 5243      CC
 5244 008c CB0A9EE6 		.ascii	"\313\012\236\346\233O\355\311x\345\247\212\303\207&"
 5244      9B4FEDC9 
 5244      78E5A78A 
 5244      C38726
 5245 009b FB3F997F 		.ascii	"\373?\231\177F\3328\260+3\360s\266\032\307L\037\204"
 5245      46DA38B0 
 5245      2B33F073 
 5245      B61AC74C 
 5245      1F84
 5246 00ad 9714A13A 		.ascii	"\227\024\241:\220$\240\241\".\013\340\007aX\334C\226"
 5246      9024A0A1 
 5246      222E0BE0 
 5246      076158DC 
 5246      4396
 5247 00bf 7FF5EE9B 		.ascii	"\177\365\356\2339}\233\376\226\201y\001\220\025`>#\002"
 5247      397D9BFE 
 5247      96817901 
 5247      9015603E 
 5247      2302
 5248 00d1 F788BC40 		.ascii	"\367\210\274@T\255\223\202>:\211m\260y\\\327\207F^7"
 5248      54AD9382 
 5248      3E3A896D 
 5248      B0795CD7 
 5248      87465E37 
 5249 00e5 D4BC1078 		.ascii	"\324\274\020x\030\311\003?@|\237\250\244\010,\335\317"
 5249      18C9033F 
 5249      407C9FA8 
 5249      A4082CDD 
 5249      CF
 5250 00f6 56CFC366 		.ascii	"V\317\303fC\327\317M\276\247\353\202\324*\036\225v\017"
 5250      43D7CF4D 
 5250      BEA7EB82 
 5250      D42A1E95 
 5250      760F
 5251 0108 A09FADD4 		.ascii	"\240\237\255\324@o\015[\205L\253\357\012V\243+\2552"
 5251      406F0D5B 
 5251      854CABEF 
 5251      0A56A32B 
 5251      AD32
 5252 011a 35004E2B 		.ascii	"5\000N+'A\016\362\214\370!rv\"\302r\023\001\026.\035"
 5252      27410EF2 
 5252      8CF82172 
 5252      7622C272 
 5252      1301162E 
 5253 012f 78F18C4E 		.ascii	"x\361\214N\3518\360Dq:\000\201\267e\2346\333rhD7z|\300"
 5253      E938F044 
 5253      713A0081 
 5253      B7659C36 
 5253      DB726844 
 5254 0147 96275759 		.ascii	"\226'WYfkd\000<E-B\240&B`\277TQ\213\334@\255\247\310"
ARM GAS  /tmp/ccugAzZM.s 			page 125


 5254      666B6400 
 5254      3C452D42 
 5254      A0264260 
 5254      BF54518B 
 5255 0160 9C0C8EDB 		.ascii	"\234\014\216\333\011\310l\024\374\330\274,\233)\322"
 5255      09C86C14 
 5255      FCD8BC2C 
 5255      9B29D2
 5256 016f 6C02AFFF 		.ascii	"l\002\257\377\306\004\234\225\000\212\252\230\301\336"
 5256      C6049C95 
 5256      008AAA98 
 5256      C1DE
 5257 017d 39EF30F4 		.ascii	"9\3570\364\245k\203\272>}\307\354E\327\235H\3719\025"
 5257      A56B83BA 
 5257      3E7DC7EC 
 5257      45D79D48 
 5257      F93915
 5258 0190 122E6E8A 		.ascii	"\022.n\212[e\341 \341q\362\311\305\302\315\302\303\242"
 5258      5B65E120 
 5258      E171F2C9 
 5258      C5C2CDC2 
 5258      C3A2
 5259 01a2 84332E45 		.ascii	"\2043.E<\206^\304#X\216x\034+XWIC\307*>\001\014\012"
 5259      3C865EC4 
 5259      23588E78 
 5259      1C2B5857 
 5259      4943C72A 
 5260 01ba E8A22C14 		.ascii	"\350\242,\024\324\015\200!\241\230\227n\272\374\202"
 5260      D40D8021 
 5260      A198976E 
 5260      BAFC82
 5261 01c9 FA0F8727 		.ascii	"\372\017\207'\024\230\307\356}\375\277)9\2019Q\312\323"
 5261      1498C7EE 
 5261      7DFDBF29 
 5261      39813951 
 5261      CAD3
 5262 01db 56F11A90 		.ascii	"V\361\032\2206\2750\360\017Z\013P\"\313y\223\267\353"
 5262      36BD30F0 
 5262      0F5A0B50 
 5262      22CB7993 
 5262      B7EB
 5263 01ed 8A372F6E 		.ascii	"\2127/n\310\011/~*u~V)yQ\212\237\341~\036V\235e\243"
 5263      C8092F7E 
 5263      2A757E56 
 5263      2979518A 
 5263      9FE17E1E 
 5264 0205 E2E788F7 		.ascii	"\342\347\210\367\222\202\3002\326Q\031+\375\332\\\331"
 5264      9282C032 
 5264      D651192B 
 5264      FDDA5CD9 
 5265 0215 FFA2CEAD 		.ascii	"\377\242\316\255FM!\336'Q\345\0225J(\372\314\361k\301"
 5265      464D21DE 
 5265      2751E512 
 5265      354A28FA 
 5265      CCF16BC1 
 5266 0229 CCBD0394 		.ascii	"\314\275\003\224{\205\215u\257\242\246YS\212\027Lh\217"
 5266      7B858D75 
ARM GAS  /tmp/ccugAzZM.s 			page 126


 5266      AFA2A659 
 5266      538A174C 
 5266      688F
 5267 023b 6572237E 		.ascii	"er#~\201\334\204\264\217\372D\336\014\254.\300*\255"
 5267      81DC84B4 
 5267      8FFA44DE 
 5267      0CAC2EC0 
 5267      2AAD
 5268 024d C2BD6898 		.ascii	"\302\275h\230\225\363R2\364+$\202\334\242i\333\335`"
 5268      95F35232 
 5268      F42B2482 
 5268      DCA269DB 
 5268      DD60
 5269 025f 7BD39DC4 		.ascii	"{\323\235\304\037\007\007\217]\275XI\243\226\251\236"
 5269      1F07078F 
 5269      5DBD5849 
 5269      A396A99E 
 5270 026f B8FA0AD2 		.ascii	"\270\372\012\322\253\014\277cW5\277xG\270\245w\235\304"
 5270      AB0CBF63 
 5270      5735BF78 
 5270      47B8A577 
 5270      9DC4
 5271 0281 3E4AA14C 		.ascii	">J\241L\345wqF.\341\220\020\224\227\256\362hT\302n\005"
 5271      E5777146 
 5271      2EE19010 
 5271      9497AEF2 
 5271      6854C26E 
 5272 0296 99560943 		.ascii	"\231V\011C\026g\317\217>\313\245\312\030s\330s\271\201"
 5272      1667CF8F 
 5272      3ECBA5CA 
 5272      1873D873 
 5272      B981
 5273 02a8 BEE1A0F4 		.ascii	"\276\341\240\364\374\215t\252Ph~U\252B\030\2650aaW\264"
 5273      FC8D74AA 
 5273      50687E55 
 5273      AA4218B5 
 5273      30616157 
 5274 02bd D44F2485 		.ascii	"\324O$\205a\363xja\300\036j9B\341\244\177\335\255{\213"
 5274      61F3786A 
 5274      61C01E6A 
 5274      3942E1A4 
 5274      7FDDAD7B 
 5275 02d2 1A78137E 		.ascii	"\032x\023~\213\370\015\202\377\015y\255\300K\324=\344"
 5275      8BF80D82 
 5275      FF0D79AD 
 5275      C04BD43D 
 5275      E4
 5276 02e3 092876A3 		.ascii	"\011(v\243\272\337\355#l\025a\315\037\013\337r3\253"
 5276      BADFED23 
 5276      6C1561CD 
 5276      1F0BDF72 
 5276      33AB
 5277 02f5 64418E15 		.ascii	"dA\216\025\273\266\2429\343E\315\371\250\2709\205\216"
 5277      BBB6A239 
 5277      E345CDF9 
 5277      A8B83985 
 5277      8E
ARM GAS  /tmp/ccugAzZM.s 			page 127


 5278 0306 AC2A9B1C 		.ascii	"\254*\233\034\367\262\343\204\351\370*;\236Yv<{]Wg\227"
 5278      F7B2E384 
 5278      E9F82A3B 
 5278      9E59763C 
 5278      7B5D5767 
 5279 031b 19F9127E 		.ascii	"\031\371\022~\245\331m\314\\\301\343\007)k\261\306\272"
 5279      A5D96DCC 
 5279      5CC1E307 
 5279      296BB1C6 
 5279      BA
 5280 032c F8CDAB1B 		.ascii	"\370\315\253\033\177\244j\025\302, \375d\364 -eeV\010"
 5280      7FA46A15 
 5280      C22C20FD 
 5280      64F4202D 
 5280      65655608 
 5281 0340 2E9F4ADD 		.ascii	".\237J\335`\346n\261\346\2749\241\256\307\372\311b\261"
 5281      60E66EB1 
 5281      E6BC39A1 
 5281      AEC7FAC9 
 5281      62B1
 5282 0352 B127271C 		.ascii	"\261''\034\377m\353\301+d+d\334^+nUV\250\034\227\226"
 5282      FF6DEBC1 
 5282      2B642B64 
 5282      DC5E2B6E 
 5282      5556A81C 
 5283 0368 CF91171B 		.ascii	"\317\221\027\033e\350)\273\214\262\234p\256\027\372"
 5283      65E829BB 
 5283      8CB29C70 
 5283      AE17FA
 5284 0377 D7B5CA70 		.ascii	"\327\265\312p0\316i\227q\301fQ\031\256\365X\363\005"
 5284      30CE6997 
 5284      71C16651 
 5284      19AEF558 
 5284      F305
 5285 0389 569FC5BA 		.ascii	"V\237\305\2729+\234\314r\361\374oAZ\260\212\274\270"
 5285      392B9CCC 
 5285      72F1FC6F 
 5285      415AB08A 
 5285      BCB8
 5286 039b 5552BFB4 		.ascii	"UR\277\264\251\033r\302\275\036uq\255\014]Lu\333\031"
 5286      A91B72C2 
 5286      BD1E7571 
 5286      AD0C5D4C 
 5286      75DB19
 5287 03ae 4E170DCD 		.ascii	"N\027\015\315\263\036\353\317\265Xnfy\230\265\210\351"
 5287      B31EEBCF 
 5287      B5586E66 
 5287      7998B588 
 5287      E9
 5288 03bf EF679E90 		.ascii	"\357g\236\220\377\340\006\005\232\273\2316\370\272I"
 5288      FFE00605 
 5288      9ABB9936 
 5288      F8BA49
 5289 03ce 8BC46361 		.ascii	"\213\304ca\255\245#\321V\023\012wj\333\342\301\235\261"
 5289      ADA523D1 
 5289      56130A77 
 5289      6ADBE2C1 
ARM GAS  /tmp/ccugAzZM.s 			page 128


 5289      9DB1
 5290 03e0 707B2AA9 		.ascii	"p{*\251=\372\364\366'\233_h\213\266FRp{2\021\324\202"
 5290      3DFAF4F6 
 5290      279B5F68 
 5290      8BB64652 
 5290      707B3211 
 5291 03f6 F158520B 		.ascii	"\361XR\0134>G\242\241\261\316\277\245\376\341\332`G"
 5291      343E47A2 
 5291      A1B1CEBF 
 5291      A5FEE1DA 
 5291      6047
 5292 0408 07A8A948 		.ascii	"\007\250\251H4\271\261XU[_\367P\275\177K\370A\020\211"
 5292      34B9B158 
 5292      555B5FF7 
 5292      50BD7F4B 
 5292      F8411089 
 5293 041c 70ABE8DC 		.ascii	"p\253\350\334\321&\302\355!G2\265#\221z\214\254\023"
 5293      D126C2ED 
 5293      214732B5 
 5293      23917A8C 
 5293      AC13
 5294 042e A1E60E3A 		.ascii	"\241\346\016:\356\326\032\"\321\226\350SMZ<\311\360"
 5294      EED61A22 
 5294      D196E853 
 5294      4D5A3CC9 
 5294      F0
 5295 043f 58BC5D0B 		.ascii	"X\274]\013\357Ji\217lo\324\032\032\233\002MZC<\021\326"
 5295      EF4A698F 
 5295      6C6FD41A 
 5295      1A9B024D 
 5295      5A433C11 
 5296 0454 02EDC1B6 		.ascii	"\002\355\301\266\235\241\260\026\214%\243\311\346\326"
 5296      9DA1B016 
 5296      8C25A3C9 
 5296      E6D6
 5297 0462 60B03602 		.ascii	"`\2606\002\356P\262\305\347\337\3658\270b\341X<\261"
 5297      EE50B2C5 
 5297      E7DFF538 
 5297      B862E158 
 5297      3CB1
 5298 0474 1BDC514B 		.ascii	"\033\334QK\361/\334\335\\U"
 5298      F12FDCDD 
 5298      5C55
 5299              		.text
 5300              		.section	.gnu.lto__ZN8ICM2094810burst_readEhPhj.459.c152fa04468e8c8a,"e",%progbits
 5301 0000 789C8556 		.ascii	"x\234\205V}PTU\024\277\347\335\367v\227\005\001\025"
 5301      7D505455 
 5301      14BFE7DD 
 5301      F7769705 
 5301      0115
 5302 0012 09A27425 		.ascii	"\011\242t%\030\247\006};fS\376ga\315l\023c\251\375m"
 5302      18A7067D 
 5302      3B6653FE 
 5302      6761CD6C 
 5302      1363A9FD 
 5303 0027 B1AC42E3 		.ascii	"\261\254B\343\262\264\213\215\376\345s\371J\234\202"
 5303      B2B48B8D 
ARM GAS  /tmp/ccugAzZM.s 			page 129


 5303      FEE573F9 
 5303      4A9C82
 5304 0036 05239B41 		.ascii	"\005#\233A\246\326\235\006\377*\355\213Ls\025\362c\311"
 5304      A6D69D06 
 5304      FF2AED8B 
 5304      4C7315F2 
 5304      63C9
 5305 0048 0F5027FB 		.ascii	"\017P'\3732\255\246\021\247\210t\034Me\350\234\373\336"
 5305      32ADA611 
 5305      A788741C 
 5305      4D65E89C 
 5305      FBDE
 5306 005a DB7D8B40 		.ascii	"\333}\213@o\206\273\367\236w\316\357\374\316\271\347"
 5306      6F86BBF7 
 5306      9E77CEEF 
 5306      FCCEB9E7 
 5307 006a 9CC72A27 		.ascii	"\234\307*'c\347\030c'\360\0172\030tDZ%\246i\332\012"
 5307      63E71863 
 5307      27F00F32 
 5307      1874445A 
 5307      25A669DA 
 5308 007f BB049D91 		.ascii	"\273\004\235\221D\377\241\370\245G\340[\020\022.5Ev"
 5308      44FFA1F8 
 5308      A547E05B 
 5308      10122E35 
 5308      4576
 5309 0091 48F00D9D 		.ascii	"H\360\015\235\\rc$[\374\312\320\271/\321\262c\374%\241"
 5309      5C726324 
 5309      5BFCCAD0 
 5309      B92FD1B2 
 5309      63FC25A1 
 5310 00a5 A3405724 		.ascii	"\243@W$q\034\255\366\310pA7\263I\273\332\367/\2043\272"
 5310      711CADF6 
 5310      C8704137 
 5310      B349BBDA 
 5310      F72F8433 
 5311 00ba 598B6166 		.ascii	"Y\213af\207.4\033\034X-t\034\260-\322\372Ko1\034\326"
 5311      872E341B 
 5311      1C582D74 
 5311      1CB02DD2 
 5311      FA4B6F31 
 5312 00d0 6D806D95 		.ascii	"m\200m\225\270\254\330\360\305V\316\031\304e\200\324"
 5312      B8ACD8F0 
 5312      C556CE19 
 5312      C46580D4 
 5313 00e0 C2E80166 		.ascii	"\302\350\001f\233F\336\311\037E\220\333M]\243\375\013"
 5313      9B46DEC9 
 5313      1F4590DB 
 5313      4D5DA3FD 
 5313      0B
 5314 00f1 B4DE38C4 		.ascii	"\264\3368\3048c=\234\351O7\207\016\036\343\000\262\261"
 5314      38633D9C 
 5314      E94F3787 
 5314      0E1EE300 
 5314      B2B1
 5315 0103 93C0853B 		.ascii	"\223\300\205;\276\222-\032\320\264\366\356\367\343r"
 5315      BE922D1A 
ARM GAS  /tmp/ccugAzZM.s 			page 130


 5315      D0B4F6EE 
 5315      F7E372
 5316 0112 8C73F802 		.ascii	"\214s\370\002\320\002>\007\370\014QQ\340y\263\214\264"
 5316      D0023E07 
 5316      F80C5151 
 5316      E079B38C 
 5316      B4
 5317 0123 5E618BE2 		.ascii	"^a\213\342\232vv\360SM\343(\226\341K\241\3678\270IK"
 5317      9A7676F0 
 5317      534DE328 
 5317      96E14BA1 
 5317      F738B849 
 5318 0138 F6448456 		.ascii	"\366D\204V\225\2565\322\247i\031(V\340\253t4\305\263"
 5318      95AE35D2 
 5318      A7691928 
 5318      56E0AB74 
 5318      34C5B3
 5319 014b 5BE855EB 		.ascii	"[\350U\353z\343\206\236\015\016\245\353\331<{\313\030"
 5319      7AE3869E 
 5319      0D0EA5EB 
 5319      D93C7BCB 
 5319      18
 5320 015c 86A9B3B7 		.ascii	"\206\251\263\267\241\211\330c\260@q\360\327h-E\210\261"
 5320      A189D863 
 5320      B04071F0 
 5320      D7682D45 
 5320      88B1
 5321 016e 3B7B5E3F 		.ascii	";{^?\241\311\344\352\210\025\2021\317\200\360Tkj\266"
 5321      A1C9E4EA 
 5321      88158231 
 5321      CF80F054 
 5321      6B6AB6
 5322 0181 776BF146 		.ascii	"wk\361F\227 \325?I\263\257L8\200\001\200\243\300\360"
 5322      9720D53F 
 5322      49B3AF4C 
 5322      38800180 
 5322      A3C0F0
 5323 0194 2698E713 		.ascii	"&\230\347\023!\302d:\030^;z&2p\314$ \330HpB?\244\324"
 5323      21C2643A 
 5323      185E3B7A 
 5323      263270CC 
 5323      2420D848 
 5324 01ad 24A17612 		.ascii	"$\241v\022\356\177\243\003\014\232\000\304\350\343\355"
 5324      EE7FA303 
 5324      0C9A00C4 
 5324      E8E3ED
 5325 01bc 4D2D5A6E 		.ascii	"M-Zn\243k*\362\227\312\376\237\366\260A\3734\300)\203"
 5325      A36B2AF2 
 5325      97CAFE9F 
 5325      F6B041FB 
 5325      34C02983 
 5326 01d0 F69085F6 		.ascii	"\366\220\205\366\231\244\327\263I\332\2517:\323\341"
 5326      99A4D7B3 
 5326      49DAA937 
 5326      3AD3E1
 5327 01df 494C5336 		.ascii	"ILS6\347\205\015:\222\365\264\350^>\032V\342\332\275"
 5327      E7850D3A 
ARM GAS  /tmp/ccugAzZM.s 			page 131


 5327      92F5B4E8 
 5327      5E3E1A56 
 5327      E2DABD
 5328 01f2 89364D9B 		.ascii	"\2116M\233\230\177\245\313\271\030\220\230]\302\305"
 5328      987FA5CB 
 5328      B9189098 
 5328      5DC2C5
 5329 0201 41459121 		.ascii	"AE\221!\343\342Th\261\341\222i\247\235\203\026\272\344"
 5329      E3E25468 
 5329      B1E19269 
 5329      A79D8316 
 5329      BAE4
 5330 0213 2C27ED32 		.ascii	",'\3552i\311\"\345Y\270\314\312\246\254\347P\014s\000"
 5330      69C922E5 
 5330      59B8CCCA 
 5330      A6ACE750 
 5330      0C7300
 5331 0226 0E401E40 		.ascii	"\016@\036@\037\344\003|\015\005\364\242\220\241\347"
 5331      1FE4037C 
 5331      0D05F4A2 
 5331      90A1E7
 5332 0235 22DA1533 		.ascii	"\"\332\0253\364^Bz\245\000\007\221V\033g\333\220\263"
 5332      F45E427A 
 5332      A5000791 
 5332      561B67DB 
 5332      90B3
 5333 0247 045A9CB1 		.ascii	"\004Z\234\261v.\351\207\006<\\\003\355\327\177\216K"
 5333      762EE987 
 5333      063C5C03 
 5333      EDD77F8E 
 5333      4B
 5334 0258 6C141A3A 		.ascii	"l\024\032:Z\376\222\242\034\242|\016\325\273\0354@i"
 5334      5AFE92A2 
 5334      1CA27C0E 
 5334      D5BB1D34 
 5334      4069
 5335 026a 78AC751C 		.ascii	"x\254u\034\214\026\310\026\301\177H\255w5;\306s\242"
 5335      8C16C816 
 5335      C17F48AD 
 5335      77353BC6 
 5335      73A2
 5336 027c 3C0FBE13 		.ascii	"<\017\276\02327\211\244\030\317\205\213\260\233\212"
 5336      323789A4 
 5336      18CF858B 
 5336      B09B8A
 5337 028b 70A9A123 		.ascii	"p\251\241#\303\367\000\217\241\000\201\205\257\033\302"
 5337      C3F7008F 
 5337      A1008185 
 5337      AF1BC2
 5338 029a 577867EB 		.ascii	"Wxg\353\317\350H2\200\035\260P\000c\214\271\004\372"
 5338      CFE84832 
 5338      801DB050 
 5338      00638CB9 
 5338      04FA
 5339 02ac 23B0463A 		.ascii	"#\260F:\314\206\237\220\374\0304\367\312(@\3749=\330"
 5339      CC869F90 
 5339      FC1834F7 
ARM GAS  /tmp/ccugAzZM.s 			page 132


 5339      CA2840FC 
 5339      393DD8
 5340 02bf E5882591 		.ascii	"\345\210%\221\325\\\230@\214\374\030\317\023\3107\021"
 5340      D55C9840 
 5340      8CFC18CF 
 5340      13C83711 
 5341 02cf 197FA334 		.ascii	"\031\177\2434yt\027\370\266\300$\354\230\3047L\222\\"
 5341      797417F8 
 5341      B6C024EC 
 5341      98C4374C 
 5341      925C
 5342 02e1 B8ACD36D 		.ascii	"\270\254\323m4Tf\303\025\240\234\204]\230E\264&\300"
 5342      345466C3 
 5342      15A09C84 
 5342      5D9845B4 
 5342      26C0
 5343 02f3 E2245861 		.ascii	"\342$Xa\222n\234\231|e\002\375\315\340\253\300\357\246"
 5343      926E9C99 
 5343      7C6502FD 
 5343      CDE0ABC0 
 5343      EFA6
 5344 0305 F951D2D7 		.ascii	"\371Q\322\327\315q\271\261\257\355\300\255\213s\261"
 5344      CD71B9B1 
 5344      AFEDC0AD 
 5344      8B73B1
 5345 0314 A205D5C3 		.ascii	"\242\005\325\303\267v\001NK\3667l+\246It\2002\274\260"
 5345      B776014E 
 5345      4BF6376C 
 5345      2BA64974 
 5345      8032BCB0 
 5346 0328 1F9A91C2 		.ascii	"\037\232\221\302<\231\206\323\037\242h\3339G^\232L7"
 5346      3C9986D3 
 5346      1FA268DB 
 5346      39475E9A 
 5346      4C37
 5347 033a 2523EC0A 		.ascii	"%#\354\012&he\023\310\365+\321\303k)T\341c\004\032/"
 5347      26686513 
 5347      C8F52BD1 
 5347      C36B2954 
 5347      E163041A 
 5348 034f 95E31B72 		.ascii	"\225\343\033r\212\317\035\300]\201\204\327Y$K\010#'"
 5348      8ACF1DC0 
 5348      5D8184D7 
 5348      59244B08 
 5348      2327
 5349 0361 2F9C9B11 		.ascii	"/\234\233\021\335kA$N`\243pt\254\325\274\343|`\311\235"
 5349      DD6B4124 
 5349      4E60A370 
 5349      74ACD5BC 
 5349      E37C60C9 
 5350 0376 F6438396 		.ascii	"\366C\203\226mI\340\0030\002p\025\230\373\003q,\200"
 5350      6D49E003 
 5350      30027015 
 5350      98FB0371 
 5350      2C80
 5351 0388 6B983DA0 		.ascii	"k\230=\240\373\340f\242\032\3667#l\021\302\352\323\323"
 5351      FBE066A2 
ARM GAS  /tmp/ccugAzZM.s 			page 133


 5351      1AF63723 
 5351      6C11C2EA 
 5351      D3D3
 5352 039a 954A6691 		.ascii	"\225Jf\221\010HI+\275\264\344\034\263$\347\27059\311"
 5352      0848492B 
 5352      BDB4E41C 
 5352      B324E7B8 
 5352      3539C9
 5353 03ad 8C4C0A1B 		.ascii	"\214L\012\033\015w\222\341I\335\360=2L\244\014\007\357"
 5353      0D7792E1 
 5353      49DDF03D 
 5353      324CA40C 
 5353      07EF
 5354 03bf CBEA680A 		.ascii	"\313\352h\012#\346\244\021@f\267\364\212<\270w^\224"
 5354      23E6A411 
 5354      4066B7F4 
 5354      8A3CB877 
 5354      5E94
 5355 03d1 CB53948B 		.ascii	"\313S\224\213[?:a\014\243\225\030\325#\216\030Q\216"
 5355      5B3F3A61 
 5355      0CA39518 
 5355      D5238E18 
 5355      518E
 5356 03e3 853D5CA6 		.ascii	"\205=\\\246\360q\242>(\260\3765\260F0\375\312LX7\014"
 5356      F071A23E 
 5356      28B0FE35 
 5356      B04630FD 
 5356      CA4C5837 
 5357 03f8 2C52CE88 		.ascii	",R\316\210r\333\364\272\231p\023u\271\360\333d\370-"
 5357      72DBF4BA 
 5357      99701375 
 5357      B9F0DB64 
 5357      F82D
 5358 040a EAE10AF9 		.ascii	"\352\341\012\371U\3202\306\037\022\256\357\232a\240"
 5358      55D032C6 
 5358      1F12AEEF 
 5358      9A61A0
 5359 0419 BD7D26D7 		.ascii	"\275}&\327\267\247\012\303Fpv3\214q\023+/\312\0353a"
 5359      B7A70AC3 
 5359      46707633 
 5359      8C71132B 
 5359      2FCA1D33 
 5360 042e DD4D86D1 		.ascii	"\335M\206\321\320M\027\217\241\344\323\305\333\360#"
 5360      D04D178F 
 5360      A1E4D3C5 
 5360      DBF023
 5361 043d 3B062D06 		.ascii	";\006-\006\376\303=\334N\370\016\241P\2005\032\343\363"
 5361      FEC33DDC 
 5361      4EF80EA1 
 5361      5080351A 
 5361      E3F3
 5362 044f 85A3098B 		.ascii	"\205\243\011\213#\347L\216&\246\"\355 P\247I:\222H\335"
 5362      23E74C8E 
 5362      26A622ED 
 5362      2050A749 
 5362      3A9248DD 
 5363 0463 63E64C58 		.ascii	"c\346LXai\012\254\014\302\3124\261:\023\346,9\003z\005"
ARM GAS  /tmp/ccugAzZM.s 			page 134


 5363      61690AAC 
 5363      0CC2CA34 
 5363      B13A13E6 
 5363      2C39037A 
 5364 0478 9F4EF5B3 		.ascii	"\237N\365\2639\016\212\223\343\340r\3728h\222\314q\320"
 5364      390E8A93 
 5364      E3E072FA 
 5364      386892CC 
 5364      71D0
 5365 048a 2C19E3E0 		.ascii	",\031\343\340\024\351\337W\361\347-\025\177a\312\212"
 5365      14E9DF57 
 5365      F1E72D15 
 5365      7F61CA8A 
 5366 049a A796B14D 		.ascii	"\247\226\261M\236\001\304%G/\344\216\241\265:\305\324"
 5366      9E01C425 
 5366      472FE48E 
 5366      A1B53AC5 
 5366      D4
 5367 04ab 0CC8214F 		.ascii	"\014\310!Ob\006\340\256P\301\031Pb\247\031`\237f\006"
 5367      6206E0AE 
 5367      50C11950 
 5367      62A71960 
 5367      9F6606
 5368 04be 64115872 		.ascii	"d\021Xr\006L\333\353\3331k\242\330\263\322{\275\004"
 5368      064CDBEB 
 5368      DB316BA2 
 5368      D8B3D27B 
 5368      BD04
 5369 04d0 CDE14F4B 		.ascii	"\315\341OK\226J\004i\307\364}~\326\022\365\320\364}"
 5369      964A0469 
 5369      C7F47D7E 
 5369      D612F5D0 
 5369      F47D
 5370 04e2 9E0ACDEC 		.ascii	"\236\012\315\354\363aK\237\237\263\366yzsw\014\365%"
 5370      F3614B9F 
 5370      9FB3F679 
 5370      7A73770C 
 5370      F525
 5371 04f4 9BFB9D84 		.ascii	"\233\373\235\204\345s3+yaGX\332\367\346-\311\374\336"
 5371      E573332B 
 5371      79614758 
 5371      DAF7E62D 
 5371      C9FCDE
 5372 0507 BC2DA57D 		.ascii	"\274-\245}o\026\364p'\305\\\212\306\342S\343b\327!|"
 5372      6F16F470 
 5372      27C55C8A 
 5372      C6E253E3 
 5372      62D7217C 
 5373 051b F9DDE7C5 		.ascii	"\371\335\347\305\377\210m\034\364(\303q:\226\252\325"
 5373      FF886D1C 
 5373      F428C371 
 5373      3A96AAD5 
 5374 052b 01BF4FAD 		.ascii	"\001\277O\255\254\013n\\\\\345{C]\031\360n\362\373j"
 5374      AC0B6E5C 
 5374      5CE57B43 
 5374      5D19F06E 
 5374      F2FB6A
ARM GAS  /tmp/ccugAzZM.s 			page 135


 5375 053e EB43EA33 		.ascii	"\353C\3523/\256~a\335\372\2155\033\252\353YQ(\350U\275"
 5375      2FAE7E61 
 5375      DDFA8D35 
 5375      1BAAEB59 
 5375      5128E855 
 5376 0553 017F48F5 		.ascii	"\001\177H\365T\274\214Ky\305R\367\362eO-\361\326\325"
 5376      54BC8C4B 
 5376      79C552F7 
 5376      F2654F2D 
 5376      F1D6D5
 5377 0566 31B9BEBA 		.ascii	"1\271\276\272&\224o\025-Y\266\364\311e\356\345\276'"
 5377      26946F15 
 5377      2D59B6F4 
 5377      C965EEE5 
 5377      BE27
 5378 0578 180FFA36 		.ascii	"\030\017\3726\360\312M\353\241\226\373j\253\224P\375"
 5378      F0CA4DEB 
 5378      A196FB6A 
 5378      AB9450FD 
 5379 0588 ABC1FA67 		.ascii	"\253\301\372gQ?X\265\256\016\267[\324\362\352\232\312"
 5379      513F58B5 
 5379      AE0EB75B 
 5379      D4F2EA9A 
 5379      CA
 5380 0599 9A556BD4 		.ascii	"\232Uk\324@\210\340\375\201Z\325\267\271^}zu\205Z^\261"
 5380      4088E0FD 
 5380      815AD5B7 
 5380      B95E7D7A 
 5380      75855A5E 
 5381 05ae C6B3462D 		.ascii	"\306\263F-\017\004}\252\247\326\273qS\225O\365\372C"
 5381      0F047DAA 
 5381      A7D6BB71 
 5381      53954FF5 
 5381      FA43
 5382 05c0 35A1751B 		.ascii	"5\241u\033\274\336%\325\314Q\025\252t\2717?\307\354"
 5382      BCDE25D5 
 5382      CC5115AA 
 5382      74B9373F 
 5382      C7EC
 5383 05d2 7E9F3F10 		.ascii	"~\237?\020\334\302\0345\206\340?\324\275d\370"
 5383      DCC21C35 
 5383      86E03FD4 
 5383      BD64F8
 5384              		.text
 5385              		.section	.gnu.lto__ZN8ICM209484initEP14hal_spi_driverPK14hal_spi_configS4_.part.0.483.c152fa04468e
 5386 0000 789C7D94 		.ascii	"x\234}\224]H\223Q\030\307\237\377{\336\275\233}\230"
 5386      5D489351 
 5386      18C79FFF 
 5386      7BDEBD9B 
 5386      7D98
 5387 0012 4606D18D 		.ascii	"F\006\321\215\024\"\005\271aFY\004R^4H\210\300k\253"
 5387      142205B9 
 5387      61465904 
 5387      525E3448 
 5387      88C06BAB 
 5388 0026 3975E0C7 		.ascii	"9u\340\307r\313[\337D\015,p\246D\204\015\211U\336u\023"
 5388      72CB5BDF 
ARM GAS  /tmp/ccugAzZM.s 			page 136


 5388      440D2C70 
 5388      A644840D 
 5388      8955DE75 
 5389 003b B53EA84D 		.ascii	"\265>\250M\314\314\020C\002\261\310\213\240\020/bX\321"
 5389      CCCC1043 
 5389      02B1C88B 
 5389      A0102F62 
 5389      58D1
 5390 004d 37F59CF3 		.ascii	"7\365\234\363\356K\322\215\355=g\317\371=\377\363\177"
 5390      EE4BD28D 
 5390      ED3D67CF 
 5390      F93DFFF3 
 5390      7F
 5391 005e CE7936C3 		.ascii	"\316y6\303F\324AD\007\371\003\033a\310A\246iV\331ul"
 5391      46D44144 
 5391      07F9031B 
 5391      61C841A6 
 5391      6956D975 
 5392 0073 56A386C1 		.ascii	"V\243\206\301\201\276\271\253Q\035\223P\001\201\363"
 5392      81BEB9AB 
 5392      511D9350 
 5392      0181F3
 5393 0082 037D9A05 		.ascii	"\003}\232\005\201:uM\240\023\203bX`W\3144\277\367\\"
 5393      813A754D 
 5393      A0138362 
 5393      586057CC 
 5393      34BFF75C 
 5394 0096 99F9625C 		.ascii	"\231\371b\\\033\215!\"\210\302\202\260\027.\226&\271"
 5394      1B8D2122 
 5394      88C282B0 
 5394      172E9626 
 5394      B9
 5395 00a7 18CAC4A1 		.ascii	"\030\312\304\241\342\270\013\"\316\274,\"\034\321\223"
 5395      E2B80B22 
 5395      CEBC2C22 
 5395      1CD193
 5396 00b6 330DC53C 		.ascii	"3\015\305<\023\325r\245t\234\323\206GbzD\010D!\005\357"
 5396      13D572A5 
 5396      749CD386 
 5396      47627A44 
 5396      08442105 
 5397 00cb 03F74078 		.ascii	"\003\367@x\300J\302\035u\375G`\005AdH\261ST\312\006"
 5397      C04AC21D 
 5397      75FD4760 
 5397      05416448 
 5397      B15354CA 
 5398 00e0 5E4D464D 		.ascii	"^MFM3\217\"B\307\243l\255\307L\352\356\270k7W\225\270"
 5398      338F2242 
 5398      C7A36CAD 
 5398      C74CEAEE 
 5398      B86B3757 
 5399 00f6 78336142 		.ascii	"x3aB\006\350\266 \365\222\002^%\220\230Y8{,\"lx\222"
 5399      06E8B620 
 5399      F592025E 
 5399      25909859 
 5399      387B2C22 
 5400 010d 9DFE9469 		.ascii	"\235\376\224i\233{ze\272mEzk2\375uo~H.\"\236-0\246\004"
ARM GAS  /tmp/ccugAzZM.s 			page 137


 5400      9B7B7A65 
 5400      BA6D457A 
 5400      6B32FD75 
 5400      6F7E482E 
 5401 0127 E6730818 		.ascii	"\346s\010\030\326a\216C~)QR\227.\230\005\335\305\251"
 5401      D6618E43 
 5401      7E295152 
 5401      972E9805 
 5401      DDC5A9
 5402 013a 5A90A9C5 		.ascii	"Z\220\251\305\312\220Ph\330\214u\027S\31202\206We\342"
 5402      CA905068 
 5402      D88C7517 
 5402      53CA3032 
 5402      865765E2 
 5403 014e D9CC9864 		.ascii	"\331\314\230d\014\302s`\002x\006ui\274?\361[\244\243"
 5403      0CC27360 
 5403      02780675 
 5403      69BC3FF1 
 5403      5BA4A3
 5404 0161 77666DA6 		.ascii	"wfm\246\371\373o??v\024\026\002x\010\215\344\025S\277"
 5404      F9FB6F3F 
 5404      3F761416 
 5404      0278088D 
 5404      E41553BF 
 5405 0175 903D62EA 		.ascii	"\220=b\352\214\207\204nM\005-\241\013k\234\262t\276"
 5405      8C87846E 
 5405      4D052DA1 
 5405      0B6B9CB2 
 5405      74BE
 5406 0187 048D45F1 		.ascii	"\004\215E\361\002i\220\257\326\221}\026\322\273\244"
 5406      026990AF 
 5406      D6917D16 
 5406      D2BBA4
 5407 0196 78F7A91C 		.ascii	"x\367\251\034\324\230E\261\315\227\262\216\220\3202"
 5407      D49845B1 
 5407      CD97B28E 
 5407      90D032
 5408 01a5 0ECCF773 		.ascii	"\016\314\367s\265\334\315\224@\357\310a\352\206\026"
 5408      B5DCCD94 
 5408      40EFC861 
 5408      EA8616
 5409 01b4 11465868 		.ascii	"\021FXhD7\254\376\263\303\260\2068\373s\250\204\371"
 5409      4437ACFE 
 5409      B3C3B086 
 5409      38FB73A8 
 5409      84F9
 5410 01c6 22A6F994 		.ascii	"\"\246\371\224\024\234\027\226m%\221uX\264G\304z\205"
 5410      149C1796 
 5410      6D259175 
 5410      58B447C4 
 5410      7A85
 5411 01d8 BC595D10 		.ascii	"\274Y]\020\323I\315\264\326\273\265\264\312SR\013\271"
 5411      D349CDB4 
 5411      D6BBB5B4 
 5411      CA53520B 
 5411      B9
 5412 01e9 BC096B28 		.ascii	"\274\011k(H\311}\226r=#\207,xC\230O4\003sd\243\242\276"
ARM GAS  /tmp/ccugAzZM.s 			page 138


 5412      48C97D96 
 5412      723D2387 
 5412      2C784398 
 5412      4F340373 
 5413 0201 16E59024 		.ascii	"\026\345\220$\274M\273\373\266:\210\331$kO\201?\326"
 5413      BC4DBBFB 
 5413      B63A88D9 
 5413      246B4F81 
 5413      3FD6
 5414 0213 00E790A5 		.ascii	"\000\347\220\245\366+\327\266\205Y\340\237\\\340\026"
 5414      F62BD7B6 
 5414      8559E09F 
 5414      5CE016
 5415 0222 6BD89682 		.ascii	"k\330\226\202\007&\264UkVzV\275\203\214|B\327\362h~"
 5415      0726B455 
 5415      6B567A56 
 5415      BD838C7C 
 5415      42D7F268 
 5416 0237 F24F255F 		.ascii	"\362O%_\375rn\201\233s\223D?\200\\\334\021\213\234O"
 5416      FD726E81 
 5416      9B739344 
 5416      3F805CDC 
 5416      118B9C4F 
 5417 024b F888EBB2 		.ascii	"\370\210\353\262q$G\200\022\0302T\333\210T\333,\243"
 5417      71244780 
 5417      12183254 
 5417      DB8854DB 
 5417      2CA3
 5418 025d AB8AF760 		.ascii	"\253\212\367`[\364\223\033k\021\332\324N\331D\375\002"
 5418      5BF4931B 
 5418      6B11DAD4 
 5418      4ED944FD 
 5418      02
 5419 026e 1622574A 		.ascii	"\026\"WJ\234Mm-^\347\031\177{\363\236zo\207\263\272"
 5419      9C4D6D2D 
 5419      5EE7197F 
 5419      7BF39E7A 
 5419      6F87B3BA 
 5420 0282 CD73AEC5 		.ascii	"\315s\256\305\333\032\0148\217\2348y\274\256\241\331"
 5420      DB1A0C38 
 5420      8F9C3879 
 5420      BCAEA1D9 
 5421 0292 D7D814A4 		.ascii	"\327\330\024\244\355\201v\217\323\323\326\022p\272k"
 5421      ED81768F 
 5421      D3D3D612 
 5421      70BA6B
 5422 02a1 6AF971B4 		.ascii	"j\371q\264\246\334UYq\240\314\343\367\223\036l\362\005"
 5422      A6DC5559 
 5422      71A0CCE3 
 5422      F7931E6C 
 5422      F205
 5423 02b3 B66687CA 		.ascii	"\266f\207\312*\312\367W\270*\275\373H\017\370}\365\016"
 5423      2ACAF757 
 5423      B82ABDFB 
 5423      480FF87D 
 5423      F50E
 5424 02c5 4F43639D 		.ascii	"OCc\235\257\325\027T\223\206\323\201\340?\267\322\220"
ARM GAS  /tmp/ccugAzZM.s 			page 139


 5424      AFD51754 
 5424      9386D381 
 5424      E03FB7D2 
 5424      90
 5425 02d6 0E       		.ascii	"\016"
 5426              		.text
 5427              		.section	.gnu.lto__ZN8ICM209484readEPfS0_.part.0.493.c152fa04468e8c8a,"e",%progbits
 5428 0000 789CCD98 		.ascii	"x\234\315\230kLTG\024\307\347\334\271\354\203\227\200"
 5428      6B4C5447 
 5428      14C7E7DC 
 5428      B9EC8397 
 5428      80
 5429 0011 884F1445 		.ascii	"\210O\024E|\263\213\210(\366\203\246\265iHjb\232\364"
 5429      7CB38B88 
 5429      28F683A6 
 5429      B569486A 
 5429      629AF4
 5430 0024 3355A46A 		.ascii	"3U\244j\003\005\001\333\370\241\361J\021\254\370@\264"
 5430      030501DB 
 5430      F8A1F14A 
 5430      11ACF840 
 5430      B4
 5431 0035 462DD2CD 		.ascii	"F-\322\315\2625$m\243}Y\024E\352\003\225\276\254\272"
 5431      B235246D 
 5431      A37D5914 
 5431      45EA0395 
 5431      BEACBA
 5432 0048 202A88A2 		.ascii	" *\210\242\326\232h\250\251\2555Zz\316\334\273\367\021"
 5432      D69A68A8 
 5432      A9AD355A 
 5432      7ACEDCBB 
 5432      F711
 5433 005a AFA45F48 		.ascii	"\257\244_H\372\301\331\2313\377\363?3\277\331;w\361"
 5433      FAC1D999 
 5433      33FFF33F 
 5433      33BFD93B 
 5433      77F1
 5434 006c 780C631B 		.ascii	"x\014c\033\030c\363\360\037\2041\330\341b\212\242,p"
 5434      1863F3F0 
 5434      1F8431D8 
 5434      E1628AA2 
 5434      2C70
 5435 007e CA10273E 		.ascii	"\312\020'>%\330\276mc\377\236F\031\332@\0048\254\333"
 5435      25D8BE6D 
 5435      63FF9E46 
 5435      19DA4004 
 5435      38ACDB
 5436 0091 B6515245 		.ascii	"\266QRE\300\326\312\022\207\265\260\235\327r\230\332"
 5436      C0D6CA12 
 5436      87B5B09D 
 5436      D77298DA 
 5437 00a1 A2288FD6 		.ascii	"\242(\217\326\357\334\334;vOC\013\0048cu\234\301,HC"
 5437      EFDCDC3B 
 5437      764F430B 
 5437      04386375 
 5437      9CC12C48 
 5438 00b6 6B4693D5 		.ascii	"kF\223\325F\034D\034\276\006\3060\263\206\0070\"k=\011"
ARM GAS  /tmp/ccugAzZM.s 			page 140


 5438      461C441C 
 5438      BE06C630 
 5438      B3860730 
 5438      226B3D09 
 5439 00ca 92B0C717 		.ascii	"\222\260\307\027\322\314\344\223\230V\353k\221\003\234"
 5439      D2CCE493 
 5439      9856EB6B 
 5439      91039C
 5440 00d9 432390E1 		.ascii	"C#\220\341\267\000\007\201\301!t\342\331\373<\317(\300"
 5440      B7000781 
 5440      C12174E2 
 5440      D9FB3CCF 
 5440      28C0
 5441 00eb A22013FE 		.ascii	"\242 \023\376\206\260\302\025\234kjT\0247\013p\031\232"
 5441      86B0C215 
 5441      9C6B6A54 
 5441      14370B70 
 5441      199A
 5442 00fd CC664750 		.ascii	"\314fGP*g\357\367\220\246\272V!3U\001\026\2050{K7\273"
 5442      2A67EFF7 
 5442      90A6BA56 
 5442      21335501 
 5442      1685307B 
 5443 0114 A69B359B 		.ascii	"\246\2335\233\315\216\011\263&\253Y\263\331L(\230\330"
 5443      CD8E09B3 
 5443      26AB59B3 
 5443      D94C2898 
 5443      D8
 5444 0125 3A2FA536 		.ascii	":/\2456\005q\366\355=Q\021u@q\005x\030|\007!tp\034\021"
 5444      0571F6ED 
 5444      3D511175 
 5444      40710578 
 5444      187C0721 
 5445 013d 6557A5E9 		.ascii	"eW\245\351\224\"uJ=\"\177\215\310\257\306\374=\365\257"
 5445      9422754A 
 5445      3D227F8D 
 5445      C8AFC6FC 
 5445      3DF5AF
 5446 0150 8874079C 		.ascii	"\210t\007\234\022\351'\001N`\261V28\355A\225\203\006"
 5446      12E92701 
 5446      4E60B156 
 5446      3238ED41 
 5446      958306
 5447 0163 6448B3A7 		.ascii	"dH\263\247\341y\205\301(\374\034o0{3\264=\013p\006\304"
 5447      E17985C1 
 5447      28FC1C6F 
 5447      307B33B4 
 5447      3D0B7006 
 5448 0178 B1A2AD43 		.ascii	"\261\242\255C\224\302\221\004\337\213\"\374\275\320"
 5448      94C29104 
 5448      DF8B22FC 
 5448      BDD0
 5449 0186 51F6EDAD 		.ascii	"Q\366\355\255\337\271%\246\032\267\357\204\037\200\024"
 5449      DFB925A6 
 5449      1AB7EF84 
 5449      1F8014
 5450 0195 1A911F29 		.ascii	"\032\221\037)\224\375\247\227\352\221n\363\211\337\025"
ARM GAS  /tmp/ccugAzZM.s 			page 141


 5450      94FDA797 
 5450      EA916EF3 
 5450      89DF15
 5451 01a4 38A3C821 		.ascii	"8\243\310!!\030B\215[%\204\316\241oooM4y\272\340g\263"
 5451      2118428D 
 5451      5B2584CE 
 5451      A16F6F6F 
 5451      4D3479BA 
 5452 01bb E7390A65 		.ascii	"\3479\012e\367\013\317\026\341\271J8\25220d\252\243"
 5452      F70BCF16 
 5452      E1B94A38 
 5452      AA323064 
 5452      AAA3
 5453 01cd 03513CBA 		.ascii	"\003Q<\272\270\316\011\277\000\374\204\3616\362\302"
 5453      B8CE09BF 
 5453      00FC84F1 
 5453      36F2C2
 5454 01dc CD31380F 		.ascii	"\31518\017\332F\376\333\322R\264s/Ob\003\026k\014b\261"
 5454      DA46FEDB 
 5454      D252B473 
 5454      2F4F6203 
 5454      166B0C62 
 5455 01f1 20C0454B 		.ascii	" \300EK\261\366\301)\366\210\212u\002\\\262\024\273"
 5455      B1F6C129 
 5455      F6888A75 
 5455      025CB214 
 5455      BB
 5456 0202 3C483B6B 		.ascii	"<H;k\307b]\000W-\305\272\007igT\354:@\217\245\330\215"
 5456      C7625D00 
 5456      572DC5BA 
 5456      07696754 
 5456      EC3A408F 
 5457 0219 41DA5907 		.ascii	"A\332Y\007\026\273\005p\323R\354\266(\2062\247\376\230"
 5457      16BB0570 
 5457      D352ECB6 
 5457      288632A7 
 5457      FE98
 5458 022b 4AFA631A 		.ascii	"J\372c\032CW\243x\314\352\3337\307/\016p\267x4~\003"
 5458      4357A378 
 5458      CCEADB37 
 5458      C72F0E70 
 5458      B778347E 
 5459 0240 B843C62C 		.ascii	"\270C\306,E)\247\005\336\363A\003-\320-\036#u\026\356"
 5459      4529A705 
 5459      DEF34103 
 5459      2DD02D1E 
 5459      237516EE 
 5460 0254 8226A8FE 		.ascii	"\202&\250\376\250\241\245\214\326\366\377\232\306\007"
 5460      A8A1A58C 
 5460      D6F6FF9A 
 5460      C607
 5461 0262 7FFFF930 		.ascii	"\177\377\3710Ey\322\277UQj=\261/\003\300a\220P\033\316"
 5461      4579D2BF 
 5461      55516A3D 
 5461      B12F03C0 
 5461      6190501B 
 5462 0277 B18990A9 		.ascii	"\261\211\220\251\011\303&\322A1'\365\\\324\320\265\031"
ARM GAS  /tmp/ccugAzZM.s 			page 142


 5462      09C326D2 
 5462      413127F5 
 5462      5CD4D0B5 
 5462      19
 5463 0288 154E4D04 		.ascii	"\025NM\004\300Q\210\244\331(\022GS3\204$1\024\213\245"
 5463      C05188A4 
 5463      D9281247 
 5463      53338424 
 5463      31148BA5 
 5464 029c 5E1C3543 		.ascii	"^\0345CI\034O\3150\232H \335pjF\320\354H\212\215\242"
 5464      491C4FCD 
 5464      309A4820 
 5464      DD706A46 
 5464      D0EC488A 
 5465 02b2 DE686AC6 		.ascii	"\336hj\306\220.\221\232\26141\216t\264\203\210\3614"
 5465      902E919A 
 5465      B134318E 
 5465      74B48388 
 5465      F134
 5466 02c4 3B8162C9 		.ascii	";\201b\311\324\233HM\012\351&Q3\031\240\005\246\320"
 5466      D49B484D 
 5466      0AE92651 
 5466      3319A005 
 5466      A6D0
 5467 02d6 EC54124F 		.ascii	"\354T\022O\243f:IfP,\225z\036j\274$N\243f&M\244\223"
 5467      A3663A49 
 5467      66502C95 
 5467      7A1E6ABC 
 5467      244EA366 
 5468 02ee 6E163519 		.ascii	"n\0265\0314;\233b\231\324\233C\315\\\322eQ3\217\321"
 5468      343B9B62 
 5468      99D49B43 
 5468      CD5CD265 
 5468      51338FD1 
 5469 0302 CB8F6DE5 		.ascii	"\313\217m\345\364\366Td\240\256\254v9\253\346R\250{"
 5469      F4F65464 
 5469      A0AEAC76 
 5469      39ABE652 
 5469      A87B
 5470 0314 17941B5F 		.ascii	"\027\224\033_\264\206\343\027\214\365\301z\337\013\254"
 5470      B486E317 
 5470      8CF5C17A 
 5470      DF0BAC
 5471 0323 1CA4008F 		.ascii	"\034\244\000\217\256\303\267\031\363\253_\253!\200^"
 5471      AEC3B719 
 5471      F3AB5FAB 
 5471      21805E
 5472 0332 3142F94D 		.ascii	"1B\371M\253$>\017:P]\351\233\257\252c\353\350\015\243"
 5472      AB243E0F 
 5472      3A505DE9 
 5472      9BAFAA63 
 5472      EBE80DA3 
 5473 0346 AB53CBE9 		.ascii	"\253S\313\351\355}gb\200\307\321e\335&\302C!2\300\343"
 5473      ED7D6762 
 5473      80C7D165 
 5473      DD26C243 
 5473      2132C0E3 
ARM GAS  /tmp/ccugAzZM.s 			page 143


 5474 035a 45729366 		.ascii	"Er\223fr\336\201\037eIx\001\212\204\2061\001>\014\257"
 5474      72DE811F 
 5474      65497801 
 5474      8A848631 
 5474      013E0CAF 
 5475 036e 765A0AC6 		.ascii	"vZ\012\306}\021x9\352\023\232\023\345\3656\265\356\000"
 5475      7D117839 
 5475      EA139A13 
 5475      E5F536B5 
 5475      EE00
 5476 0380 BC2785C7 		.ascii	"\274'\205\307\321\326M\000\027\200\335\207\262]UO\235"
 5476      D1D64D00 
 5476      1780DD87 
 5476      B25D554F 
 5476      9D
 5477 0391 7E1E7A16 		.ascii	"~\036z\026\\\342\201\024\371t\321\352\016\373h3\011"
 5477      5CE28114 
 5477      F974D1EA 
 5477      0EFB6833 
 5477      09
 5478 03a2 F018E06F 		.ascii	"\360\030\340od\202iO*\377\332]\013~\3161\027\307\357"
 5478      6482694F 
 5478      2AFFDA5D 
 5478      0B7ECE31 
 5478      17C7EF
 5479 03b5 3FAE088E 		.ascii	"?\256\010\216\360s\031\003d\023\001.Utj\244\237\207"
 5479      F0731903 
 5479      6413012E 
 5479      55746AA4 
 5479      9F87
 5480 03c7 615CAD74 		.ascii	"a\\\255t\017G\016\275\022\014T\351\037\200\247F\245"
 5480      0F470EBD 
 5480      120C54E9 
 5480      1F80A746 
 5480      A5
 5481 03d8 C30E3FC7 		.ascii	"\303\016?\307U:\250RM\345C\264q\011_'m\271\347BE-e\342"
 5481      553AA852 
 5481      4DE543B4 
 5481      71095F27 
 5481      6DB9E742 
 5482 03f0 C6454277 		.ascii	"\306EBwE\020\327\341F\015\311\017T\340*\303q\234X\246"
 5482      4510D7E1 
 5482      460DC90F 
 5482      54E02AC3 
 5482      719C58A6 
 5483 0404 28E50FFA 		.ascii	"(\345\017\372\373\3473q\266JK\331\037\265\370\372\211"
 5483      FBE73371 
 5483      B64A4BD9 
 5483      1FB5F8FA 
 5483      89
 5484 0415 A294BE8D 		.ascii	"\242\224\276\215\301\020\001<s\261\204(?\356b\235\204"
 5484      C110013C 
 5484      73B18428 
 5484      3FEE629D 
 5484      84
 5485 0426 E7132E90 		.ascii	"\347\023.\220\005\005\3762\337*|\031\210U\273,\334\223"
 5485      0505FE32 
ARM GAS  /tmp/ccugAzZM.s 			page 144


 5485      DF2A7C19 
 5485      8855BB2C 
 5485      DC93
 5486 0438 F035A139 		.ascii	"\3605\2419\014\0277\213z\232\332\031\020T\341\352\200"
 5486      0C17378B 
 5486      7A9ADA19 
 5486      1054E1EA 
 5486      80
 5487 0449 F512944B 		.ascii	"\365\022\224K\314tB\025\222\345\204\332M'\324a:\241"
 5487      CC744215 
 5487      92E584DA 
 5487      4D27D461 
 5487      3AA1
 5488 045b 489D9BEA 		.ascii	"H\235\233\352\3164g\215\327\007\022l\2204^\017q\373"
 5488      CE34678D 
 5488      D707126C 
 5488      90345E0F 
 5488      71FB
 5489 046d B8FC48E3 		.ascii	"\270\374H\343\\\2421\000O\3008\223!\0303\316$F\367\346"
 5489      5CA23100 
 5489      4FC03893 
 5489      211833CE 
 5489      2446F7E6 
 5490 0481 76DE9B24 		.ascii	"v\336\233$\250\012y#\314XL0\016\"N\230\305\212\203\010"
 5490      A80A7923 
 5490      CC584C30 
 5490      0E224E98 
 5490      C58A8308 
 5491 0495 6A071134 		.ascii	"j\007\0214\037\304P\324\350\007\021\217cP\244g\230\313"
 5491      1FC450D4 
 5491      E807118F 
 5491      6350A467 
 5491      98CB
 5492 04a7 06F32DC4 		.ascii	"\006\363-\304\\\375\312w\350\314/\3313\3574\230\313"
 5492      5CFDCA77 
 5492      E8CC2FD9 
 5492      33EF3498 
 5492      CB
 5493 04b8 0330AF91 		.ascii	"\0030\257\221`\233\205\371v+\363\313&\346WL\314\207"
 5493      609B85F9 
 5493      762BF3CB 
 5493      26E6574C 
 5493      CC87
 5494 04ca E95C643B 		.ascii	"\351\\d;.;%\370\320\314<\0013\014\346\3031`aN1\203\371"
 5494      2E3B25F8 
 5494      D0CC3C01 
 5494      330CE6C3 
 5494      3160614E 
 5495 04e1 48DD3BCC 		.ascii	"H\335;\314\316{\267\004\273L\314Ga\202\301|\2640\033"
 5495      CE7BB704 
 5495      BB4CCC47 
 5495      6182C17C 
 5495      B4301B
 5496 04f4 25987768 		.ascii	"%\230wh\314;\315\314\307\240Fg\236\210c;\346.\203\371"
 5496      CC3BCDCC 
 5496      C7A04667 
 5496      9E88633B 
ARM GAS  /tmp/ccugAzZM.s 			page 145


 5496      E62E83F9 
 5497 0508 47C43C51 		.ascii	"G\304<Q@\350\324\231_\265g\336e0w\014\300\374c\011\352"
 5497      40E8D499 
 5497      5FB567DE 
 5497      6530770C 
 5497      C0FC6309 
 5498 051d 2CCC7D56 		.ascii	",\314}V\346\335&\346\327L\314\307\352\\\034v\\\352%"
 5498      E6DD26E6 
 5498      D74CCCC7 
 5498      EA5C1C76 
 5498      5CEA25
 5499 0530 F09B998F 		.ascii	"\360\233\231\217\303\014\203y\022\006,\314\307c\314"
 5499      C30C8379 
 5499      12062CCC 
 5499      C763CC
 5500 053f 603E41F7 		.ascii	"`>A\367v\332y\357\223\340\023\023\363dL0\230O\024f\311"
 5500      76DA79EF 
 5500      93E01313 
 5500      F3644C30 
 5500      984F1466 
 5501 0554 8279A7C6 		.ascii	"\202y\247\306\274\313\314<\0055:\363I8\026\027\316}"
 5501      BCCBCC3C 
 5501      05353AF3 
 5501      49381617 
 5501      CE7D
 5502 0566 E3C2F175 		.ascii	"\343\302\361u7W\231/\234\020\376\311\35253I\360\270"
 5502      3757992F 
 5502      9C10FEC9 
 5502      EA353349 
 5502      F0B8
 5503 0578 A2E3EFB1 		.ascii	"\242\343\357\261\307\177\335\300\357\032\000\377g\022"
 5503      C77FDDC0 
 5503      EF1A00FF 
 5503      6712
 5504 0586 7C6AC1FF 		.ascii	"|j\301\377\271\025\377\015\023\376^\023\376):\"\227"
 5504      B915FF0D 
 5504      13FE5E13 
 5504      FE293A22 
 5504      97
 5505 0597 1DA20312 		.ascii	"\035\242\003\022\3547\343\237\212\031\006\376i\030\260"
 5505      EC37E39F 
 5505      8A1906FE 
 5505      6918B0
 5506 05a6 E09F8E31 		.ascii	"\340\237\2161\003\377\014\335\333m\347\375\225\004_"
 5506      03FF0CDD 
 5506      DB6DE7FD 
 5506      95045F
 5507 05b5 9AF0A762 		.ascii	"\232\360\247b\202\201\337#\314R\005\376+\032\376\353"
 5507      8281DF23 
 5507      CC5205FE 
 5507      2B1AFEEB 
 5508 05c5 66FC5ED4 		.ascii	"f\374^\324\350\370\323p\014\015\322\263\244\305\345"
 5508      E8F8D370 
 5508      0C0DD2B3 
 5508      A4C5E5
 5509 05d4 9226B6DE 		.ascii	"\222&\266\336\245\223\276iO\372\226A:|\000\322\215\370"
 5509      A593BE69 
ARM GAS  /tmp/ccugAzZM.s 			page 146


 5509      4FFA9641 
 5509      3A7C00D2 
 5509      8DF8
 5510 05e6 D78C85F4 		.ascii	"\327\214\205\364!+\351\333&\322\277\232H\317\324i\204"
 5510      212BE9DB 
 5510      26D2BF9A 
 5510      48CFD469 
 5510      84
 5511 05f7 DBD13822 		.ascii	"\333\3218\"A\223\231t:f\030\244ga\300B:\003c\006\351"
 5511      41939974 
 5511      3A6618A4 
 5511      6761C042 
 5511      3A036306 
 5512 060c D9BA7784 		.ascii	"\331\272w\204\235\3671\011\232M\24431\301 =G\230e\012"
 5512      9DF73109 
 5512      9A4DA433 
 5512      31C1203D 
 5512      4798650A 
 5513 0620 D25D1AE9 		.ascii	"\322]\032\351[!\322]\270\222\271\250\321Ig\341\330\226"
 5513      5B21D25D 
 5513      B892B9A8 
 5513      D14967E1 
 5513      D896
 5514 0632 B4B852B2 		.ascii	"\264\270R\262\304\326\257!i\206\277\236x\350\327\323"
 5514      C4D6AF21 
 5514      6986BF9E 
 5514      78E8D7D3 
 5515 0642 7D388E7F 		.ascii	"}8\216\177i\234\205\254\011\010\220=\200\262\005\250"
 5515      699C85AC 
 5515      0908903D 
 5515      80B205A8 
 5516 0652 A5FFDE78 		.ascii	"\245\377\336x\014\363h\331\014\177\234\267%\023\305"
 5516      0CF368D9 
 5516      0C7F9CB7 
 5516      2513C5
 5517 0661 AD1CD424 		.ascii	"\255\034\324$rH\361\256(,\310\363.-*\316O]\226\367\216"
 5517      7248F1AE 
 5517      282CC8F3 
 5517      2E2D2ACE 
 5517      4F5D96F7 
 5518 0676 776161EE 		.ascii	"waa\356\352\202\274\267KK\274/.~\355\325\2347\363W."
 5518      EA82BCB7 
 5518      4B4BBC2F 
 5518      2E7EEDD5 
 5518      9C37F357 
 5519 068b 5F51CA46 		.ascii	"_Q\312F\227\024\347zs\013\013J\274\331\213^\307\346"
 5519      9714E77A 
 5519      730B0B4A 
 5519      BCD98B5E 
 5519      C7E6
 5520 069d A545E969 		.ascii	"\245E\351iY\031s=\271EEL.]\261\262$\301\034\362d\244"
 5520      5919733D 
 5520      B945454C 
 5520      2E5DB1B2 
 5520      24C11CF2 
 5521 06b3 CFC948CB 		.ascii	"\317\311H\313\312\233\315\334Krs\363\362s\012J\322\335"
 5521      CA9BCDDC 
ARM GAS  /tmp/ccugAzZM.s 			page 147


 5521      4B7273F3 
 5521      F2730A4A 
 5521      D2DD
 5522 06c5 CBD71417 		.ascii	"\313\327\024\027\346\024/YV\"/\315\233\231\311\213\227"
 5522      E6142F59 
 5522      56222FCD 
 5522      9B99C98B 
 5522      97
 5523 06d6 BCEBCEC9 		.ascii	"\274\353\316\311\311\315/,Y]\234\007E\377\002\253@)"
 5523      C9CD2F2C 
 5523      595D9C07 
 5523      45FF02AB 
 5523      4029
 5524 06e8 9A       		.ascii	"\232"
 5525              		.text
 5526              		.section	.gnu.lto_.symbol_nodes.c152fa04468e8c8a,"e",%progbits
 5527 0000 789C7D92 		.ascii	"x\234}\222\313J\303@\024\206\317\231\223I\357\267'\360"
 5527      CB4AC340 
 5527      1486CF99 
 5527      9349EFB7 
 5527      27F0
 5528 0012 F55CF90A 		.ascii	"\365\\\371\012gR\202\005\013*\010\212\012\202\245\013"
 5528      67528205 
 5528      0B2A088A 
 5528      0A82A50B 
 5529 0022 5F41976D 		.ascii	"_A\227m\026\365V\253\250K7f+\270r\321Mmf\246\220\003"
 5529      16F556AB 
 5529      A84B3766 
 5529      2BB872D1 
 5529      4D6D66A6 
 5530 0038 8EB3FBF2 		.ascii	"\216\263\373\362\315\374'\3713\333\021\000\250)1\234"
 5530      CDFC27F9 
 5530      33DB1100 
 5530      A829319C 
 5531 0048 7EFC4C15 		.ascii	"~\374L\025\036\316\001\030\340\306$\010\010\305R\267"
 5531      1ECE0118 
 5531      E0C62408 
 5531      08C552B7 
 5532 0058 C4981863 		.ascii	"\304\230\030c\376\224w\304*(?\211i\355L\264\221\327"
 5532      FE9477C4 
 5532      2A283F89 
 5532      69ED4CB4 
 5532      91D7
 5533 006a 699218B5 		.ascii	"i\222\030\265\321\031q$t\371\354=\261\016\006\177\021"
 5533      D1197124 
 5533      74F9EC3D 
 5533      B10E067F 
 5533      11
 5534 007b C7FF04CF 		.ascii	"\307\377\004\317\210+\241`|&\256\256\374\332\262\033"
 5534      882BA160 
 5534      7C26AEAE 
 5534      FCDAB21B 
 5535 008b 00D67B0B 		.ascii	"\000\326{\013\213\013\342Z\310=\021\327CnN\334\010\271"
 5535      8B0BE25A 
 5535      C83D11D7 
 5535      436E4EDC 
 5535      08B9
ARM GAS  /tmp/ccugAzZM.s 			page 148


 5536 009d 47E266C8 		.ascii	"G\342f\310=\020\267B\356\225\270\035r/\304\235\220{"
 5536      3D10B742 
 5536      EE95B81D 
 5536      722FC49D 
 5536      907B
 5537 00af 27EE86DC 		.ascii	"'\356\206\334\033q/\340\010Z\256\356\354\330\230.A\323"
 5537      1B712FE0 
 5537      085AAEEE 
 5537      ECD8982E 
 5537      41D3
 5538 00c1 D389A586 		.ascii	"\323\211\245\206\243\361\231\245\272\243\364\334R\315"
 5538      A3F199A5 
 5538      BAA3F4DC 
 5538      52CD
 5539 00cf 51EEA8EA 		.ascii	"Q\356\250\352\317]\024\204>3?\262\3443s;\001\033\345"
 5539      CF5D1484 
 5539      3E333FB2 
 5539      E433733B 
 5539      011BE5
 5540 00e2 09D82E4F 		.ascii	"\011\330.O\300Zy\002V\313\023\224\310T\"S\211LU/g*\221"
 5540      C05A7902 
 5540      56CB1394 
 5540      C8542253 
 5540      894C552F 
 5541 00f9 A9442681 		.ascii	"\251D&\201\273.\223\003K\312Q_\320d_8A\223\241pC\221"
 5541      BB2E9303 
 5541      4BCA515F 
 5541      D0645F38 
 5541      4193A170 
 5542 010f B9279CA3 		.ascii	"\271'\234\243\216\243l \334@\270]\341,EP\336\031\241"
 5542      8EA36C20 
 5542      DC40B85D 
 5542      E12C4550 
 5542      DE19A1
 5543 0122 9FE08816 		.ascii	"\237\340\210\026\337\313+\304\221\235\256{\276\011$"
 5543      DFCB2BC4 
 5543      919DAE7B 
 5543      BE0924
 5544 0131 ED0B4B6D 		.ascii	"\355\013KmE\332\027\226\332\212\264/,w\344\177Bn\013"
 5544      45DA1796 
 5544      DA8AB42F 
 5544      2C77E47F 
 5544      426E0B
 5545 0144 D3BEB0CC 		.ascii	"\323\276\260\314V\244}ac\373cu\327\273\035\212\265{"
 5545      56A47D61 
 5545      63FB6375 
 5545      D7BB1D8A 
 5545      B57B
 5546 0156 8BD1FA09 		.ascii	"\213\321\372\011R\274\371\352\342ZQ%\236\255.\227\210"
 5546      52BCF9EA 
 5546      E25A5125 
 5546      9EAD2E97 
 5546      88
 5547 0167 FDC2C12F 		.ascii	"\375\302\301/\3260x+"
 5547      D630782B 
 5548              		.text
 5549              		.section	.gnu.lto_.refs.c152fa04468e8c8a,"e",%progbits
ARM GAS  /tmp/ccugAzZM.s 			page 149


 5550 0000 789C6364 		.ascii	"x\234cd\000\002\000\000\012\000\002"
 5550      00020000 
 5550      0A0002
 5551              		.text
 5552              		.section	.gnu.lto_.decls.c152fa04468e8c8a,"e",%progbits
 5553 0000 789C9D7B 		.ascii	"x\234\235{\013T\025W\232n\375\265\253\340p\004d\324"
 5553      0B541557 
 5553      9A6EFDB5 
 5553      ABE07004 
 5553      64D4
 5554 0012 9E64A67B 		.ascii	"\236d\246{2N\226sCO\217\362\210\3351\367\366\275\035"
 5554      324E9673 
 5554      434F8FF2 
 5554      88DD31F7 
 5554      F6BD1D
 5555 0025 03A6C38A 		.ascii	"\003\246\303\212\246]\022\273Wg\335\265\316E8\012\011"
 5555      A65D12BB 
 5555      5767DDB5 
 5555      CE45380A 
 5555      09
 5556 0036 AF866362 		.ascii	"\257\206cb\346\256u\247TP|!\276EP\021T\304\250\240\242"
 5556      E6AE75A7 
 5556      54507C21 
 5556      BE455011 
 5556      54C4A8A0 
 5557 004b 22021E1E 		.ascii	"\"\002\036\036\"\017\025\024\337\017|+\202\030TT$\250"
 5557      220F1514 
 5557      DF0F7C2B 
 5557      82185454 
 5557      24A8
 5558 005d F7DF7BD7 		.ascii	"\367\337{\327\353p\216I&\307\374\247j\357\372\366\377"
 5558      EB708E49 
 5558      26C7FCA7 
 5558      6AEFFAF6 
 5558      FF
 5559 006e 7FFFBFFF 		.ascii	"\177\377\277\377\177\327\256:\344\313 AH\366\021\204"
 5559      7FD7AE3A 
 5559      E4CB2041 
 5559      48F61184 
 5560 007e 5259105E 		.ascii	"RY\020^\341\007O\205\223(\276(\007P\312Q\252P\236\242"
 5560      E1074F85 
 5560      9328BE28 
 5560      0750CA51 
 5560      AA509EA2 
 5561 0092 F4A30008 		.ascii	"\364\243\000\010\202\214\362%J\026\3122\224\317\261"
 5561      828CF225 
 5561      4A16CA32 
 5561      94CFB1
 5562 00a1 7FA2C03F 		.ascii	"\177\242\300?\303Pr\261/\037\245\010e\037\312\036\224"
 5562      C35072B1 
 5562      2F1FA508 
 5562      651FCA1E 
 5562      94
 5563 00b2 4A947A94 		.ascii	"J\224z\224#(\015(M(\255(\247P.\241\\A\271\205\322\201"
 5563      23280D28 
 5563      4D28AD28 
 5563      A7502EA1 
ARM GAS  /tmp/ccugAzZM.s 			page 150


 5563      5C41B985 
 5564 00c8 D287228A 		.ascii	"\322\207\"\212\202\333\347}\"\010\277\304c\254jg\204"
 5564      82DBE77D 
 5564      2208BFC4 
 5564      63AC6A67 
 5564      84
 5565 00d9 CA8BF2A3 		.ascii	"\312\213\362\243<~\205\307w\004\203\333\023<\357FiB"
 5565      3C7E85C7 
 5565      770483DB 
 5565      133CEF46 
 5565      6942
 5566 00eb F92B0A41 		.ascii	"\371+\012A\2353\360h\305\343N\224e(~(\012b\377\023e"
 5566      9D33F068 
 5566      C5E34E94 
 5566      65287E28 
 5566      0A62FF13 
 5567 0100 179E5FC4 		.ascii	"\027\236_\304c\261\310}m\241\276\342\361>\312w(9\330"
 5567      63B1C87D 
 5567      6DA1BEE2 
 5567      F13ECA77 
 5567      2839D8
 5568 0113 FF108F5D 		.ascii	"\377\020\217](>\252\237\245\330w@\344\374/\251\376\264"
 5568      283EAA9F 
 5568      A5D87740 
 5568      E4FC2FA9 
 5568      FEB4
 5569 0125 AAFE513F 		.ascii	"\252\376Q?\007\177\354\350C\200\032[\263\017\032g\352"
 5569      077FECE8 
 5569      43801A5B 
 5569      B30F1A67 
 5569      EA
 5570 0136 83C69BFA 		.ascii	"\203\306\233\372U\206\272s\260\377 \0367\341\261\034"
 5570      5586BA73 
 5570      B0FF201E 
 5570      37E1B11C 
 5571 0146 8FA578F4 		.ascii	"\217\245x\364\022\014.\275*\307\307(=(\222\300c\256"
 5571      120C2EBD 
 5571      2AC7C728 
 5571      3D2892C0 
 5571      63AE
 5572 0158 CD039D03 		.ascii	"\315\003\235\003J\345\354 .\213\220\313\020\017\\\350"
 5572      4AE5EC20 
 5572      2E8B90CB 
 5572      100F5CE8 
 5573 0168 5C56D0F8 		.ascii	"\\V\320\370\233bX\205\355:U\017\265C/\037Q\347t\360"
 5573      9B625885 
 5573      ED3A550F 
 5573      B5432F1F 
 5573      51E774F0 
 5574 017c 6702EAFD 		.ascii	"g\002\352\375\007\225\277Y\357\217\315\321O\235\237"
 5574      0795BF59 
 5574      EF8FCDD1 
 5574      4F9D9F
 5575 018b C3EAFCDC 		.ascii	"\303\352\374\334T\3430xn\026\341\371#u\216\362_3G\267"
 5575      54E33078 
 5575      6E16E1F9 
 5575      23758EF2 
ARM GAS  /tmp/ccugAzZM.s 			page 151


 5575      5F3347B7 
 5576 019f 7E608E22 		.ascii	"~`\216\"\221\377?\012?/\317~N\216I\257\311\257\242\237"
 5576      91FF3F0A 
 5576      3F2FCF7E 
 5576      4E8E49AF 
 5576      C9AFA29F 
 5577 01b3 915FFF17 		.ascii	"\221_\377\027\271\377\313\017p\2476)\377\031\203|\240"
 5577      B9FFCB0F 
 5577      70A73629 
 5577      FF19837C 
 5577      A0
 5578 01c4 F51127B8 		.ascii	"\365\021'\270\373\342\024y}\203\370\323\346\205\316"
 5578      FBE21479 
 5578      7D83F8D3 
 5578      E685CE
 5579 01d3 49351E9F 		.ascii	"I5\036\237\251\265c\366\253W\235\033\232s\225&\337\304"
 5579      A9B563F6 
 5579      AB579D1B 
 5579      9A739526 
 5579      DFC4
 5580 01e5 1F989B3E 		.ascii	"\037\230\233>\017>~\371#5T#r\177\267\341y\255\310\327"
 5580      0F3E7EF9 
 5580      23355423 
 5580      727FB7E1 
 5580      79ADC8D7 
 5581 01f9 ABBB60D4 		.ascii	"\253\273`\324\222\346\243\226\313\224\347\036\265N\212"
 5581      92E6A396 
 5581      CB94E71E 
 5581      B54E8A
 5582 0208 D43528F7 		.ascii	"\3245(\36755\263\004m\277\351\301\266\271f\216\342\261"
 5582      3535B304 
 5582      6DBFE9C1 
 5582      B6B9668E 
 5582      E2B1
 5583 021a 11E5B8C8 		.ascii	"\021\345\270\310cM\343G\307L\0228\007\312\215\3628!"
 5583      634DE347 
 5583      C74C1238 
 5583      07CA8DF2 
 5583      3821
 5584 022c F2F594CE 		.ascii	"\362\365\224\316I\005\036[\260\335\240\346\217\240\362"
 5584      49051E5B 
 5584      B0DDA0E6 
 5584      8FA0F2
 5585 023b D26AECA2 		.ascii	"\322j\354\242\3109Uz\210\007\316S\016\361:\322\276p"
 5585      C839557A 
 5585      8807CE53 
 5585      0EF13AD2 
 5585      BE70
 5586 024d 9DF84B00 		.ascii	"\235\370K\000\374\317G\204\0030GQ$<8\025\245CI\363\025"
 5586      FCCF4784 
 5586      03304751 
 5586      243C3815 
 5586      A54349F3 
 5587 0262 E05D0816 		.ascii	"\340]\010\026\240\024\260K\200}\000\373a9\201a \341"
 5587      A014B04B 
 5587      807D00FB 
 5587      61398161 
ARM GAS  /tmp/ccugAzZM.s 			page 152


 5587      20E1
 5588 0274 F7081899 		.ascii	"\367\010\030\231C\304\307\317\033\017\370\370\"\274"
 5588      43C4C7CF 
 5588      1B0FF8F8 
 5588      22BC
 5589 0282 47C9ABA1 		.ascii	"G\311\253\241#\341 @\031\015C9~!\354W\360\012\330A "
 5589      23E12040 
 5589      190D4339 
 5589      7E21EC57 
 5589      F00AD841 
 5590 0297 DE68503C 		.ascii	"\336hP<V\277\244\001\254L\177\315l\242\032\250\004\370"
 5590      56BFA401 
 5590      AC4C7FCD 
 5590      6CA21AA8 
 5590      04F8
 5591 02a9 95001500 		.ascii	"\225\000\025\000\207\270~'\035\37193\360d\345\271<B"
 5591      87B87E27 
 5591      1DF93933 
 5591      F064E5B9 
 5591      3C42
 5592 02bb 731D9CA8 		.ascii	"s\035\234\250b(U\361\240\177\251\342\213]P\003P\015"
 5592      622855F1 
 5592      A07FA9E2 
 5592      8B5D5003 
 5592      500D
 5593 02cd 021B3192 		.ascii	"\002\0331\2221RD\362\006o\3773\3426\036h\332i\265*\224"
 5593      315244F2 
 5593      066FFF33 
 5593      E2361E68 
 5593      DA69B52A 
 5594 02e2 9B33CD07 		.ascii	"\2333\315\007;5j\230\"\020\004G\0011{\352\012\024q\030"
 5594      3B356A98 
 5594      22100447 
 5594      01317BEA 
 5594      0A147118 
 5595 02f6 62D2948C 		.ascii	"b\322\224\214\377\203,\217\000\260\005\253\021\030\214"
 5595      FF832C8F 
 5595      00B005AB 
 5595      11188C
 5596 0305 9A6B7D7E 		.ascii	"\232k}~|\223E\207T\201'\214\013\313A\024\233\221\367"
 5596      7C934587 
 5596      5481278C 
 5596      0BCB4114 
 5596      9B91F7
 5597 0318 5B02E317 		.ascii	"[\002\343\027\314\270Y\310\277\362f \031-\220\261\002"
 5597      CCB859C8 
 5597      BFF26620 
 5597      192D90B1 
 5597      02
 5598 0329 F9EF0209 		.ascii	"\371\357\002\011\027\202\024\366\271\221$\300\031>]"
 5598      178214F6 
 5598      B99124C0 
 5598      193E5D
 5599 0338 5F0C21B3 		.ascii	"_\014!\263q\354r\252Q*yy\276\326:<\220a2\234\014\000"
 5599      71EC72AA 
 5599      512A7979 
 5599      BED63A3C 
ARM GAS  /tmp/ccugAzZM.s 			page 153


 5599      9061329C 
 5600 034e 17012E00 		.ascii	"\027\001.\000\234\245\015\354\355[\321|t\356;s\010\355"
 5600      9CA50DEC 
 5600      ED5BD17C 
 5600      74EE3B73 
 5600      08ED
 5601 0360 3BAF760B 		.ascii	";\257v\013p\0165\3641N\253\213\357\326\371\017\247\343"
 5601      700E35F4 
 5601      314EAB8B 
 5601      EFD6F90F 
 5601      A7E3
 5602 0372 9D9A824B 		.ascii	"\235\232\202K\206\002\004\014\264\365\255\264\030sy"
 5602      8602040C 
 5602      B4F5ADB4 
 5602      187379
 5603 0381 D9984B5A 		.ascii	"\331\230KZgd\216(\220\305(\313Q\012h\362H\247\372.]"
 5603      67648E28 
 5603      90C528CB 
 5603      510A68F2 
 5603      48A7FA2E 
 5604 0396 F709A42A 		.ascii	"\367\011\244*K\372d\001n\002\\\327\355^\003\301\205"
 5604      4BFA6401 
 5604      6E025CD7 
 5604      ED5E03C1 
 5604      85
 5605 03a7 EB0DA0D7 		.ascii	"\353\015\240\327\331E\262\207\216\026o.\256=\354;\334"
 5605      D945B287 
 5605      8E166F2E 
 5605      AE3DEC3B 
 5605      DC
 5606 03b8 0574CB00 		.ascii	"\005t\313\000!\240\367\326\302\376!\006\237\333\006"
 5606      21A0F7D6 
 5606      C2FE2106 
 5606      9FDB06
 5607 03c7 9F3B940F 		.ascii	"\237;\224\017\026\016\251\027\371t_\343\001U\274r\310"
 5607      160EA917 
 5607      F9745FE3 
 5607      0155BC72 
 5607      C8
 5608 03d8 888AFCE5 		.ascii	"\210\212\374\345\353\375F\215\032\0368\212}\234yJ_\325"
 5608      EBFD468D 
 5608      1A1E388A 
 5608      7D9C794A 
 5608      5FD5
 5609 03ea EA83FF3B 		.ascii	"\352\203\377;w\2163\315\027=\201v\200nC\025\356d\360"
 5609      778E33CD 
 5609      173D8176 
 5609      806E4315 
 5609      EE64F0
 5610 03fd 5C4054C9 		.ascii	"\\@T\311\241\3224\205\370\322\031nc\020\232\232\002"
 5610      A1D23485 
 5610      F8D2196E 
 5610      63109A9A 
 5610      02
 5611 040e D0B59622 		.ascii	"\320\265\226\"h\002\344\255u~,@'\300=\234\372\007\014"
 5611      6802E4AD 
 5611      757E2C40 
ARM GAS  /tmp/ccugAzZM.s 			page 154


 5611      27C03D9C 
 5611      FA070C
 5612 0421 7416E021 		.ascii	"t\026\340!@\027@/\300}\200\307\000=\000\337\001<Rg\245"
 5612      4017402F 
 5612      C07D80C7 
 5612      003D00DF 
 5612      013C5267 
 5613 0436 67BDBF40 		.ascii	"g\275\277@q\035zdpQQ\362\224\236\346\362\264\0141c\301"
 5613      711D7A64 
 5613      705151F2 
 5613      949EE6F2 
 5613      B40C3163 
 5614 044b 9BD00470 		.ascii	"\233\320\004p\234\251by\005\307P5K\257\020J\252\247"
 5614      9CA96279 
 5614      05C75035 
 5614      4BAF104A 
 5614      AAA7
 5615 045d F2728765 		.ascii	"\362r\207e\255\023(\253\326\301\254Np\336eei\212\217"
 5615      AD1328AB 
 5615      D6C1AC4E 
 5615      70DE6565 
 5615      698A8F
 5616 0470 2F0605AE 		.ascii	"/\006\005\256\272\271\026\302l\0353\331\2527\331\252"
 5616      BAB916C2 
 5616      6C1D33D9 
 5616      AA37D9AA 
 5617 0480 455B870D 		.ascii	"E[\207\015[\025\252-\254\342S\203m\235\344\266\312\271"
 5617      5B15AA2D 
 5617      ACE25383 
 5617      6D9DE4B6 
 5617      CAB9
 5618 0492 2D0CE369 		.ascii	"-\014\343i\027[-\\\013\316Z\356\325\3573MYd\302<\341"
 5618      175B2D5C 
 5618      0BCE5AEE 
 5618      D5EF334D 
 5618      5964C23C 
 5619 04a7 B55273E0 		.ascii	"\265Rs\340\325\035\231\001\234\036\0008\217\177\005"
 5619      D51D9901 
 5619      9C1E0038 
 5619      8F7F05
 5620 04b6 BAA71CCA 		.ascii	"\272\247\034\312\316\004\322\315\222e\371\343g\015^"
 5620      CE04D2CD 
 5620      9265F9E3 
 5620      670D5E
 5621 04c5 56A75ACB 		.ascii	"V\247Z\313\202:\004\236\003\374U\200>\200g|\341\030"
 5621      823A049E 
 5621      03FC5580 
 5621      3E80677C 
 5621      E118
 5622 04d7 82D0D367 		.ascii	"\202\320\323g\332n\311\236\312~\200\225\375\367\034"
 5622      DA6EC99E 
 5622      CA7E8095 
 5622      FDF71C
 5623 04e6 E9CB12E6 		.ascii	"\351\313\022\346\032\325\235\177t\345p\323\022\360\022"
 5623      1AD59D7F 
 5623      74E570D3 
 5623      12F012
ARM GAS  /tmp/ccugAzZM.s 			page 155


 5624 04f5 E00585BF 		.ascii	"\340\005\205\277\0026\204\"2V\277X\347c^\002<`v\314"
 5624      02368422 
 5624      3256BF58 
 5624      E7635E02 
 5624      3C6076CC 
 5625 0509 AEAAF435 		.ascii	"\256\252\3645\374VD\335\356l\221\271\365\216\356\326"
 5625      FC5644DD 
 5625      EE6C91B9 
 5625      F58EEED6 
 5626 0519 3BE8562F 		.ascii	";\350V/s\353D\203\363\251\277\273[i\"\274#\300\\\021"
 5626      73EB4483 
 5626      F3A9BFBB 
 5626      5B6922BC 
 5626      23C05C11 
 5627 052d E6888C6C 		.ascii	"\346\210\214l \231C\260\370\010\035r\377\310\275c~\356"
 5627      209943B0 
 5627      F8081D72 
 5627      FFC8BD63 
 5627      7EEE
 5628 053f 43328C21 		.ascii	"C2\214!d\025\202\327\242\344\242\354\246\203\244\363"
 5628      641582D7 
 5628      A2E4A2EC 
 5628      A683A4F3 
 5629 054f 275EAE1E 		.ascii	"'^\256\036\312*\265o\355\206\256\004\001\226\212\260"
 5629      CA2AB56F 
 5629      ED86AE04 
 5629      01968AB0 
 5630 055f 44D43212 		.ascii	"D\3242\022\253\332\245\0143Ez]+\303\202\222\201\315"
 5630      ABDAA50C 
 5630      33457A5D 
 5630      2BC38292 
 5630      81CD
 5631 0571 92EBBAB1 		.ascii	"\222\353\272\261\304\005\320\261\365\371E\311\360<\313"
 5631      C405D0B1 
 5631      F5F945C9 
 5631      F03CCB
 5632 0580 F09CDEF3 		.ascii	"\360\234\336\363\311\034I \331(\271\022\257\3257\311"
 5632      C91C4920 
 5632      D928B912 
 5632      AFD537C9 
 5633 0590 1E6CED47 		.ascii	"\036l\355G\251\223(\267\313\225\267\353-\214[Y\353\235"
 5633      A99328B7 
 5633      CB95B7EB 
 5633      2D8C5B59 
 5633      EB9D
 5634 05a2 AC674304 		.ascii	"\254gC\004X'\302Z\235\334\232A\344\262Ez]\263]xw\363"
 5634      5827C25A 
 5634      9DDC9A41 
 5634      E4B2457A 
 5634      5DB35D78 
 5635 05b8 43D31AB1 		.ascii	"C\323\032\261\316\260\235\303\243>\014\002\370\322\000"
 5635      CEB09DC3 
 5635      A33E0C02 
 5635      F8D200
 5636 05c7 245316C8 		.ascii	"$S\026\310J\224u([dj\372\310\336E\313$\036\226\252."
 5636      4A947528 
 5636      5B646AFA 
ARM GAS  /tmp/ccugAzZM.s 			page 156


 5636      C8DE45CB 
 5636      241E96AA 
 5637 05dc E7B99100 		.ascii	"\347\271\221\000\005\"l\322M\347\0152\235/\322\353|"
 5637      05226CD2 
 5637      4DE70D32 
 5637      9D2FD2EB 
 5637      7C
 5638 05ed 0D6BA70A 		.ascii	"\015k\247\012\304\316E\2332\206\272\256a\233\015\020"
 5638      C4CE459B 
 5638      3286BAAE 
 5638      619B0D10 
 5639 05fd 5D74DBAF 		.ascii	"]t\333\257\244\0175\370m1\370m\345\374F\340\315\216"
 5639      A40F35F8 
 5639      6D31F86D 
 5639      E5FC46E0 
 5639      CD8E
 5640 060f DC4546DD 		.ascii	"\334EF\335(\217P\006\0303\347\236\236\303\376\203\226"
 5640      288F5006 
 5640      1833E79E 
 5640      9EC3FE83 
 5640      96
 5641 0620 FB9D22EC 		.ascii	"\373\235\"\354\020\365\345\276l\335\243\326\020\201"
 5641      10F5E5BE 
 5641      6CDDA3D6 
 5641      1081
 5642 062e F67CAB13 		.ascii	"\366|\253\023\336\216K\342\036/jw\301\372\212t\253+"
 5642      DE8E4BE2 
 5642      1E2F6A77 
 5642      C1FA8A74 
 5642      AB2B
 5643 0640 B15DC670 		.ascii	"\261]\306pzW\353\314\337d\"Vl\020+\241\223VI\265X\352"
 5643      7A57EBCC 
 5643      DF642256 
 5643      6C102BA1 
 5643      935649B5 
 5644 0656 FA32D75B 		.ascii	"\3722\327[F\005\016\037EqKk33!k6A\000\354\026\241T\034"
 5644      46050E1F 
 5644      45714B6B 
 5644      3333216B 
 5644      364100EC 
 5645 066e BC86D292 		.ascii	"\274\206\322\222[2\327K\240\227\\8\361\302qJ\002\024"
 5645      5B32D74B 
 5645      A0975C38 
 5645      F1C2714A 
 5645      0214
 5646 0680 8A74A580 		.ascii	"\212t\245\200\275l8.\235\373D\330C\367?T\177\246I\177"
 5646      BD6C382E 
 5646      9DFB44D8 
 5646      43F73F54 
 5646      7FA6497F 
 5647 0694 919B7EB6 		.ascii	"\221\233~\266\266\014l9{\005\206\273\251\3335X\035\251"
 5647      B60C6C39 
 5647      7B0586BB 
 5647      A9DB3558 
 5647      1DA9
 5648 06a6 F112C831 		.ascii	"\361\022\3101\352\202t\250x_\275<(\220\345\250\332\010"
 5648      EA8274A8 
ARM GAS  /tmp/ccugAzZM.s 			page 157


 5648      785FBD3C 
 5648      2890E5A8 
 5648      DA08
 5649 06b8 64DFC5A7 		.ascii	"d\337\305\247YK\2215v\225\351\254q\207I\024\266aY\330"
 5649      594B9135 
 5649      7695E9AC 
 5649      71874914 
 5649      B66159D8 
 5650 06cc FB72CEA0 		.ascii	"\373r\316\240)>d\214\247\005\371\340\352*\321\210d\205"
 5650      293E648C 
 5650      A705F9E0 
 5650      EA2AD188 
 5650      6485
 5651 06de C1BB926E 		.ascii	"\301\273\222n\035\211\365\320\206\303\205\342\360Q\243"
 5651      1D89F5D0 
 5651      86C385E2 
 5651      F051A3
 5652 06ed 024719CC 		.ascii	"\002G\031\314\327\213\220+\012P-B\025c\356\024\241F"
 5652      D78B902B 
 5652      0A502D42 
 5652      1563EE14 
 5652      A146
 5653 06ff 84C35A2C 		.ascii	"\204\303Z,^\366\366X\032p%\256d\241\250\022]\327Y5\326"
 5653      5EF6F658 
 5653      1A7025AE 
 5653      64A1A812 
 5653      5DD75935 
 5654 0714 FD8FD218 		.ascii	"\375\217\322\030h\277\010\333\030\210\207C_\370\021"
 5654      68BF08DB 
 5654      18888743 
 5654      5FF811
 5655 0723 F21C3757 		.ascii	"\362\0347WU\203\374\242\372\007T\375[E\330\350\256\237"
 5655      5583FCA2 
 5655      FA0754FD 
 5655      5B45D8E8 
 5655      AE9F
 5656 0735 C5FA656E 		.ascii	"\305\372en\346Y\313p7\306\207<0&\031\336\002Y\312\242"
 5656      E659CB70 
 5656      37C6873C 
 5656      302619DE 
 5656      0259CAA2 
 5657 0749 75736BD5 		.ascii	"usk\325R?\017\371\016GD\226\361$\037\241E(\305(\273"
 5657      523F0FF9 
 5657      0E474496 
 5657      F1241FA1 
 5657      4528C528 
 5658 075e E9104BF6 		.ascii	"\351\020K\366\232u\315^\326@\276\011\035\2641<&B3\032"
 5658      9A75CD5E 
 5658      D640BE09 
 5658      1DB4313C 
 5658      2642331A 
 5659 0772 3D2EC209 		.ascii	"=.\302\011\021\251X\260\005M\2723\270]\246\327q\317"
 5659      11A958B0 
 5659      054DBA33 
 5659      B85DA6D7 
 5659      71CF
 5660 0784 3AF0CF78 		.ascii	":\360\317x$\373Qg-\325\351u\272\360\3425\340\032\255"
ARM GAS  /tmp/ccugAzZM.s 			page 158


 5660      24FB5167 
 5660      2DD5E975 
 5660      BAF0E235 
 5660      E01AAD
 5661 0797 78F9F7D0 		.ascii	"x\371\367\320&\212(L\373\2727\015\345m\250\374\224\010"
 5661      268A284C 
 5661      FBBA370D 
 5661      E56DA8FC 
 5661      9408
 5662 07a9 2745CC94 		.ascii	"'E\314\224\276E\271\327\375\002-4#6dvF\3436L\204V\335"
 5662      BE45B9D7 
 5662      FD022D34 
 5662      23366476 
 5662      46E3364C 
 5663 07c0 560B0B5C 		.ascii	"V\013\013\\\207r\015\243\326&r\005\247E\212\301"
 5663      87720DA3 
 5663      D6267205 
 5663      A7458AC1 
 5664 07d0 58307E6C 		.ascii	"X0~l\261\011\346\213\015!'(\217\267sv\265w\021\234\372"
 5664      B109E68B 
 5664      0D212728 
 5664      8FB77376 
 5664      B577119C 
 5665 07e5 512370F6 		.ascii	"Q#p\366\251\320O\240\021\324s8\034)\334\023\341\002"
 5665      A9D04FA0 
 5665      11D47338 
 5665      1C29DC13 
 5665      E102
 5666 07f7 53D421C2 		.ascii	"S\324!\302]\021\356\210p[\204[\"\\\023\341\262\010\227"
 5666      5D11EE88 
 5666      705B845B 
 5666      225C13E1 
 5666      B20897
 5667 080a 44B8A826 		.ascii	"D\270\250&FI\321\374\243J\000\356c\026\210p\236\015"
 5667      4649D1FC 
 5667      A34A00EE 
 5667      63168870 
 5667      9E0D
 5668 081c D2266E9E 		.ascii	"\322&n\236\250nd\024%\013\267:\222\027\205\314w\207"
 5668      A86E6414 
 5668      250BB73A 
 5668      921785CC 
 5668      7787
 5669 082e B0BC5011 		.ascii	"\260\274P\021WDX\350\202\2503e\027'\250\316\336U\221"
 5669      574458E8 
 5669      82A83365 
 5669      1727A8CE 
 5669      DE5591
 5670 0841 8211D9AE 		.ascii	"\202\021\331\256\022Q5,\023a\021\2734h\317\241(\001"
 5670      1251352C 
 5670      136111BB 
 5670      3468CFA1 
 5670      2801
 5671 0853 D82B68C1 		.ascii	"\330+h\301[.\232\254^\027a\205\273\325\020w\2437E\212"
 5671      5B2E9AAC 
 5671      5E176185 
 5671      BBD51077 
ARM GAS  /tmp/ccugAzZM.s 			page 159


 5671      A337458A 
 5672 0867 45E00D4F 		.ascii	"E\340\015OF\257{4z\3350\272R4\215\311\021a\265\213\321"
 5672      46AF7B34 
 5672      7ADD30BA 
 5672      52348DC9 
 5672      1161B58B 
 5673 087c 55A2E16A 		.ascii	"U\242\341jNa\213\302V\236Z\02160\024Ov\243\334h\350"
 5673      4E618BC2 
 5673      569E5A11 
 5673      3630144F 
 5673      76A3DC68 
 5674 0891 97A8A1AF 		.ascii	"\227\250\241\257\027\241\316E\225Z34\3513\216.\345k"
 5674      17A1CE45 
 5674      955A3334 
 5674      E9338E2E 
 5674      E56B
 5675 08a3 186E908E 		.ascii	"\030n\220\216\272\200\202tE=\003[\226.\201\022\205\320"
 5675      BA808274 
 5675      453D035B 
 5675      962E8112 
 5675      85D0
 5676 08b5 E4696020 		.ascii	"\344i` \276\3172\312\266/\035\327#\354w\331Ncu]m\\\271"
 5676      BECF32CA 
 5676      B62F1DD7 
 5676      23EC77D9 
 5676      4E63755D 
 5677 08cc C577B85B 		.ascii	"\305w\270[\372\340\266\371'\244\017\216?\231\267\376"
 5677      FAE0B6F9 
 5677      27A40F8E 
 5677      3F99B7FE 
 5678 08dc A697519D 		.ascii	"\246\227Q\235\235\006\275.Z\233\347Y\011\227\017\264"
 5678      9D06BD2E 
 5678      5A9BE759 
 5678      09970FB4 
 5679 08ec 3C328116 		.ascii	"<2\201\026\030\240n\012\272\206Ev\033\245\023\245\207"
 5679      18A06E0A 
 5679      BA864576 
 5679      1BA513A5 
 5679      87
 5680 08fd 0D682B3A 		.ascii	"\015h+:|\334\307}G\362P\324\367f\344\005\202\323,\002"
 5680      7CDCC77D 
 5680      47F250D4 
 5680      F766E405 
 5680      82D32C02 
 5681 0911 59616177 		.ascii	"Yaaw\374\007\345\335\376\374\266\233U\260\373 >f>\023"
 5681      FC07E5DD 
 5681      FEFCB69B 
 5681      55B0FB20 
 5681      3E663E13 
 5682 0925 E1895E6A 		.ascii	"\341\211^j\275\203n\273OEz]\177JY\177\340\256i\177\371"
 5682      BD836EBB 
 5682      4F457A5D 
 5682      7F4A597F 
 5682      E0AE697F 
 5683 093a CCA0D7C7 		.ascii	"\314\240\327\307\350Q\013b\366\226C\245\262\007\020"
 5683      E8510B62 
 5683      F69643A5 
ARM GAS  /tmp/ccugAzZM.s 			page 160


 5683      B20710
 5684 0949 3C1739AC 		.ascii	"<\0279\254\213\301N>\356x\002\354\261\0157\317I\254"
 5684      8BC14E3E 
 5684      EE7802EC 
 5684      B10D37CF 
 5684      49AC
 5685 095b 804556C0 		.ascii	"\200EV\300\001xq\305\332\364\353\276o \217\373\2122"
 5685      017871C5 
 5685      DAF4EBBE 
 5685      6F208FFB 
 5685      8A32
 5686 096d 0262E1A5 		.ascii	"\002b\341\245\010/hN\274\302\210\017\260\225],\253\317"
 5686      082F684E 
 5686      BCC2880F 
 5686      B0955D2C 
 5686      ABCF
 5687 097f 986D35CC 		.ascii	"\230m5\314\2742\270(\370\304O\0361#%\231\375\253|=\200"
 5687      BC32B828 
 5687      F8C44F1E 
 5687      31232599 
 5687      FDAB7C3D 
 5688 0994 00D384C1 		.ascii	"\000\323\204\301\024\037\201,\360A\350\210\332\356\005"
 5688      141F812C 
 5688      F041E888 
 5688      DAEE05
 5689 09a3 193EA386 		.ascii	"\031>\243\206\363Ub\024\275\353\226\341R\224\376G\205"
 5689      F3556214 
 5689      BDEB96E1 
 5689      5294FE47 
 5689      85
 5690 09b4 AED53811 		.ascii	"\256\3258\021\017D\230Gt\033\271F\012\253\371\300\237"
 5690      0F449847 
 5690      741BB946 
 5690      0AABF9C0 
 5690      9F
 5691 09c5 4C6131A1 		.ascii	"La1\2410\314\207\014\002\363\011,\"\260\200\300B\002"
 5691      30CC870C 
 5691      02F3092C 
 5691      22B080C0 
 5691      4202
 5692 09d7 E9049610 		.ascii	"\351\004\226\020\310$\352Mf\327\0265Y\361\231\361{\027"
 5692      C824EA4D 
 5692      66D71635 
 5692      59F199F1 
 5692      7B17
 5693 09e9 CD46B296 		.ascii	"\315F\262\226\024\035\251W\002f\373\322g\202\271L\255"
 5693      141DA957 
 5693      0266FBD2 
 5693      6782B94C 
 5693      AD
 5694 09fa 395729E0 		.ascii	"9W)\340j:/\213G\"\364\270(1\325NO\347m~\277A\037\276"
 5694      6A3A2F8B 
 5694      4722F4B8 
 5694      2831D54E 
 5694      4FE76D7E 
 5695 0a12 73F781D7 		.ascii	"s\367\201\327\316%\215N\277\010\217\3355\361\312\310"
 5695      CE258D4E 
ARM GAS  /tmp/ccugAzZM.s 			page 161


 5695      BF088FDD 
 5695      35F1CAC8 
 5696 0a22 A5958197 		.ascii	"\245\225\201\227\\\036p\315\026\272E\270\3572x\225n"
 5696      5C1E70CD 
 5696      16BA45B8 
 5696      EF327895 
 5696      6E
 5697 0a33 415D0A10 		.ascii	"A]\012\020\221F\334\020\007Y\201\225o\250/\367c\005"
 5697      9146DC10 
 5697      07598195 
 5697      6FA82FF7 
 5697      6305
 5698 0a45 E6340714 		.ascii	"\3464\007\024\237\223\177,\24088\275\241w\256i\037\274"
 5698      9F937F2C 
 5698      A03838BD 
 5698      A177AE69 
 5698      1FBC
 5699 0a57 D4B09045 		.ascii	"\324\260\220E\370\003m\335\346\315\246\315j\225\361"
 5699      F8036DDD 
 5699      E6CDA6CD 
 5699      6A95F1
 5700 0a66 E4B38C03 		.ascii	"\344\263\214\003\3267]:\355s\033\237\016P\241\024\003"
 5700      D6375D3A 
 5700      ED731B9F 
 5700      0E50A114 
 5700      03
 5701 0a77 F81CFF3B 		.ascii	"\370\034\377;\374\262\012\237\023a\204\"*\242\177\014"
 5701      FCB20A9F 
 5701      13618422 
 5701      2AA27F0C 
 5702 0a87 11ADC44A 		.ascii	"\021\255\304Jb\254\347\245\241\201\275\344\003\213\030"
 5702      62ACE7A5 
 5702      A181BDE4 
 5702      038B18
 5703 0a96 38D46AD9 		.ascii	"8\324j\331V\013\001V\331\"\212\035\3361\326\300~\334"
 5703      560B0156 
 5703      D9228A1D 
 5703      DE31D6C0 
 5703      7EDC
 5704 0aa8 E6E5798D 		.ascii	"\346\345y\215\374@\221b\026\377\242\303[\021\263>\035"
 5704      FC409162 
 5704      16FFA2C3 
 5704      5B11B33E 
 5704      1D
 5705 0ab9 F1EE07F8 		.ascii	"\361\356\007\370\335\341\335\00018j\262d\011\300\263"
 5705      DDE1DD00 
 5705      31386AB2 
 5705      6409C0B3 
 5706 0ac9 0E6F6B2F 		.ascii	"\016ok/\311[\342\025s\\\314x\007\032\300\032\023:\002"
 5706      C95BE215 
 5706      735CCC78 
 5706      071AC01A 
 5706      133A02
 5707 0adc 3DFFC062 		.ascii	"=\377\300by\353\255\032RC\350\253\015\213\245d\327/"
 5707      79EBAD1A 
 5707      5243E8AB 
 5707      0D8BA564 
ARM GAS  /tmp/ccugAzZM.s 			page 162


 5707      D72F
 5708 0aee AC1DDE43 		.ascii	"\254\035\336CQG`\314\310\200\230\221C\033@\216\211\261"
 5708      514760CC 
 5708      C8809891 
 5708      431B408E 
 5708      89B1
 5709 0b00 8E081490 		.ascii	"\216\010\024\220ELh\350\007\242\025UK\226\006\010%\340"
 5709      454C68E8 
 5709      07A21555 
 5709      4B960608 
 5709      25E0
 5710 0b12 1BAA5CEF 		.ascii	"\033\252\\\357z\303*[}\336\032\031(\0101\302G\270\302"
 5710      7AC32A5B 
 5710      7DDE1A19 
 5710      280831C2 
 5710      47B8C2
 5711 0b25 0179A57D 		.ascii	"\001y\245}\300\033\215\306\030M\200@\253\030*\222O:"
 5711      C01B8DC6 
 5711      184D8040 
 5711      AB182A92 
 5711      4F3A
 5712 0b37 BCE90BBD 		.ascii	"\274\351\013\275\221\270\037\223,\276\276\240\340\301"
 5712      91B81F93 
 5712      2CBEBEA0 
 5712      E0C1
 5713 0b45 C7F649CC 		.ascii	"\307\366I\314\344P\253\320\341\215wyq\004{\2422FZ1\015"
 5713      E450ABD0 
 5713      E18D7779 
 5713      71047BA2 
 5713      32465A31 
 5714 0b5a A0682ACE 		.ascii	"\240h*\316\015\373G\277@\375\242/\307\250\230\315\360"
 5714      0DFB47BF 
 5714      40FDA22F 
 5714      C7A898CD 
 5714      F0
 5715 0b6b 0FF68B2A 		.ascii	"\017\366\213*\220B\200\243\365\253\372\021w\025\\\217"
 5715      904280A3 
 5715      F5ABFA11 
 5715      77155C8F 
 5716 0b7b FA6A8E0F 		.ascii	"\372j\216\017\325\214\260K&\345\374u\032\277\242\351"
 5716      D58CB04B 
 5716      26E5FC75 
 5716      1ABFA2E9 
 5717 0b8b E5D6F4B1 		.ascii	"\345\326\364\261\202NPP-\011\324\006\323$\012.,\\u\017"
 5717      824E5050 
 5717      2D09D406 
 5717      D3240A2E 
 5717      2C5C750F 
 5718 0b9f A2082E4C 		.ascii	"\242\010.L\250\016\201\247\336\306\252s\377q\007\303"
 5718      A80E81A7 
 5718      DEC6AA73 
 5718      FF7107C3 
 5719 0baf A6949E39 		.ascii	"\246\224\2369u\301\012\001Y\037\010@Jp]i\240\353\212"
 5719      75C10A01 
 5719      591F0840 
 5719      4A705D69 
 5719      A0EB8A
ARM GAS  /tmp/ccugAzZM.s 			page 163


 5720 0bc2 98F36863 		.ascii	"\230\363hc\211/[\3470\347\222p\005\256?\325>\337k\320"
 5720      892F5BE7 
 5720      30E79270 
 5720      05AE3FD5 
 5720      3EDF6BD0 
 5721 0bd6 AE782D81 		.ascii	"\256x-\2015\304\330\025W\255\246o.\260\307\345\315\005"
 5721      35C4D815 
 5721      57ADA66F 
 5721      2EB0C7E5 
 5721      CD05
 5722 0be8 2AEB7F59 		.ascii	"*\353\177Y4\327\224\305k\2144\317\346Y|{\307\222\345"
 5722      34D794C5 
 5722      6B8C34CF 
 5722      E6597C7B 
 5722      C792E5
 5723 0bfb 3ECC5A36 		.ascii	">\314Z6\201\325\004{\256\257xr\336\367M\367\2454\007"
 5723      81D5047B 
 5723      AEAF7872 
 5723      DEF74DF7 
 5723      A53407
 5724 0c0e F779EB08 		.ascii	"\367y\353\010}?B\237\333;\013/\212o\257-Q\372N\355\232"
 5724      7D3F429F 
 5724      DB3B0B2F 
 5724      8A6FAF2D 
 5724      51FA4EED 
 5725 0c23 7D147215 		.ascii	"}\024r\025'\356\334\024\011/\301*\242\337\324\021\275"
 5725      27EEDC14 
 5725      092FC12A 
 5725      A2DFD411 
 5725      BD
 5726 0c34 82E023FC 		.ascii	"\202\340#\374\027w\202I7:\230n\365\344\240+\207\215"
 5726      17778249 
 5726      373A986E 
 5726      F5E4A02B 
 5726      878D
 5727 0c46 94C3E9AC 		.ascii	"\224\303\351\254\015\233\375u\016\364\031^%\261\011"
 5727      0D9BFD75 
 5727      0EF4195E 
 5727      25B109
 5728 0c55 55E66924 		.ascii	"U\346i$\366\235{\270Y\242$z\312\013\346\371\267\322"
 5728      F69D7BB8 
 5728      59A2247A 
 5728      CA0BE6F9 
 5728      B7D2
 5729 0c67 F8002260 		.ascii	"\370\000\"`\203\316`\275\316\240l4\311\264\012d\233"
 5729      83CE60BD 
 5729      CEA06C34 
 5729      C9B40A64 
 5729      9B
 5730 0c78 670677FA 		.ascii	"g\006w\372n\376\247\326\336B\011<\332\330\264\316O\243"
 5730      6EFEA7D6 
 5730      DE42093C 
 5730      DAD8B4CE 
 5730      4FA3
 5731 0c8a B495F67C 		.ascii	"\264\225\366|{a{\267\305CX\266\241\211B\215Qo}\346\377"
 5731      7B617BB7 
 5731      C54358B6 
ARM GAS  /tmp/ccugAzZM.s 			page 164


 5731      A189428D 
 5731      516F7DE6 
 5732 0c9f 60842ED4 		.ascii	"`\204.\324\376m\033\255O\274\014\233u:\005:\235\373"
 5732      FE6D1BAD 
 5732      4FBC0C9B 
 5732      753A053A 
 5732      9DFB
 5733 0cb1 FF4EF620 		.ascii	"\377N\366 \235G(\337\016\241\224\232N\366\215e\366\256"
 5733      9D4728DF 
 5733      0EA1949A 
 5733      4EF68D65 
 5733      F6AE
 5734 0cc3 70463557 		.ascii	"pF5W+\257\373j\035;)\201\354\236\007KE\355\376\267\213"
 5734      2BAFFB6A 
 5734      1D3B2981 
 5734      EC9E074B 
 5734      45EDFEB7 
 5735 0cd8 F62CA9DB 		.ascii	"\366,\251\333\337O4\222\305\264\247pw\327\200\237N\362"
 5735      DF4F3492 
 5735      C5B4A770 
 5735      77D7809F 
 5735      4EF2
 5736 0cea 8011B7DD 		.ascii	"\200\021\267\335h\271Dc9\357D\233\002o\257\315RJZ\312"
 5736      68B94463 
 5736      39EF449B 
 5736      026FAFCD 
 5736      524A5ACA 
 5737 0cfe 14455694 		.ascii	"\024EV\224\331\022\002`\207\312\023\366\020\370Vg\272"
 5737      D9120260 
 5737      87CA13F6 
 5737      10F85667 
 5737      BA
 5738 0d0f 2D18476C 		.ascii	"-\030Gl?\336\265H\237!J/\267\247\261J\362d\250\024\007"
 5738      3FDEB548 
 5738      9F214A2F 
 5738      B7A7B14A 
 5738      F264A814 
 5739 0d24 EE6586DE 		.ascii	"\356e\206\336\316\312\302U<\317\211\317\002\004\273"
 5739      CECAC255 
 5739      3CCF89CF 
 5739      0204BB
 5740 0d33 61BB49FD 		.ascii	"a\273I\375vM\275@J\206\010\344\004\013A\316\341\203"
 5740      764DBD40 
 5740      4A8608E4 
 5740      040B41CE 
 5740      E183
 5741 0d45 851233D2 		.ascii	"\205\0223\322\317cp\345\376\275\325\334\343e\004\312"
 5741      CF6370E5 
 5741      FEBDD5DC 
 5741      E36504CA 
 5742 0d55 A87F7D07 		.ascii	"\250\177}\007W7\373h\023u\220\366\314/\335\264f\250"
 5742      5737FB68 
 5742      137590F6 
 5742      CC2FDDB4 
 5742      66A8
 5743 0d67 C6AC9CF6 		.ascii	"\306\254\234\366\254\231\223\336\347\357a\242*\320\346"
 5743      AC9993DE 
ARM GAS  /tmp/ccugAzZM.s 			page 165


 5743      E7EF61A2 
 5743      2AD0E6
 5744 0d76 212D04AD 		.ascii	"!-\004\255\371\007\033e:S%\017\346\316W\002x\362V\020"
 5744      F9071B65 
 5744      3A53250F 
 5744      E6CE5702 
 5744      78F25610 
 5745 0d8a 38A0CFD5 		.ascii	"8\240\317\325~=\002}\277!\027\220d\037J\226/%\272[q"
 5745      7E3D027D 
 5745      BF211790 
 5745      641F4A96 
 5745      2F25BA5B 
 5746 0d9f 5EE03B91 		.ascii	"^\340;\221\211\214\24733\253\323WmWS\0127Vl\254\225"
 5746      898CA733 
 5746      33ABD357 
 5746      6D57530A 
 5746      37566CAC 
 5747 0db4 355235B4 		.ascii	"5R5\264\347\370\376\333y\242\247x\325\241\231Z\215\325"
 5747      E7F8FEDB 
 5747      79A2A778 
 5747      D5A1995A 
 5747      8DD5
 5748 0dc6 E1272B3A 		.ascii	"\341'+:e61KTV83u\004\234Z\350\216\0208\254\363Z=\306"
 5748      6536314B 
 5748      54563833 
 5748      75049C5A 
 5748      E88E1038 
 5749 0ddf 25C488AB 		.ascii	"%\304\210\2532\341\252\214\020\257b\254\253\026\027"
 5749      32E1AA8C 
 5749      10AF62AC 
 5749      AB1617
 5750 0dee 2EF37F7B 		.ascii	".\363\177{-{bZ\270{d\365\334\274@\272\2779\252{|\224"
 5750      2D7B625A 
 5750      B87B64F5 
 5750      DCBC40BA 
 5750      BF39AA7B 
 5751 0e04 DEC90452 		.ascii	"\336\311\004R\300\320\017\013_\366Y(\272\244c\351|g"
 5751      C0D00F0B 
 5751      5FF65928 
 5751      BAA463E9 
 5751      7C67
 5752 0e16 8048A18D 		.ascii	"\200H\241\215:\264\221C\213\031\364bOq\026\017G\034"
 5752      3AB49143 
 5752      8B19F462 
 5752      4F71160F 
 5752      471C
 5753 0e28 0BC7DD15 		.ascii	"\013\307\335\025\245\365D\233\307c\324\373Ku-\325\376"
 5753      A5F5449B 
 5753      C763D4FB 
 5753      4B752DD5 
 5753      FE
 5754 0e39 5AEA1E67 		.ascii	"Z\352\036g\325t\253|\361\020\017\373\265\026d}\202\257"
 5754      D574AB7C 
 5754      F1100FFB 
 5754      B516647D 
 5754      82AF
 5755 0e4b 4CA7076E 		.ascii	"L\247\007n,\002\306\340\005g\320B\240Yg\320\314\031"
ARM GAS  /tmp/ccugAzZM.s 			page 166


 5755      2C02C6E0 
 5755      0567D042 
 5755      A05967D0 
 5755      CC19
 5756 0e5d 1C600CB6 		.ascii	"\034`\014\266\335\334[\355\307\240Wu\262'u\350I\016"
 5756      DDDC5BED 
 5756      C7A05775 
 5756      B22775E8 
 5756      490E
 5757 0e6f ADF6F554 		.ascii	"\255\366\365TgK.W\377Ecv\232\340~\322\213-\351\336\354"
 5757      674B2E57 
 5757      FF456376 
 5757      9AE07ED2 
 5757      8B2DE9DE 
 5758 0e84 8CAE28B3 		.ascii	"\214\256(\263H\023\033\370\335\33135^\372\233J}\343"
 5758      48131BF8 
 5758      DDD93335 
 5758      5EFA9B4A 
 5758      7DE3
 5759 0e96 7C1E71B8 		.ascii	"|\036q\270\257Ac\324\255\265u\313\012\375t\267.\020"
 5759      AF4163D4 
 5759      ADB575CB 
 5759      0AFD74B7 
 5759      2E10
 5760 0ea8 DDAF8BE8 		.ascii	"\335\257\213\350\327\031\356\327\305\374\353\217\031"
 5760      D719EED7 
 5760      C5FCEB8F 
 5760      19
 5761 0eb5 D99E2BC5 		.ascii	"\331\236+\305\3632\025\230\214\027\241Mg\333\306\331"
 5761      F3321598 
 5761      8C17A14D 
 5761      67DBC6D9 
 5762 0ec5 B632A3C5 		.ascii	"\2662\243\305-\347\012\330,\364,\330}\355\032dX\251"
 5762      2DE70AD8 
 5762      2CF42CD8 
 5762      7DED1A64 
 5762      58A9
 5763 0ed7 679775EC 		.ascii	"g\227u\354e\216mg\330{}i]\274\022f0\317\372\273/\334"
 5763      658E6D67 
 5763      D87B7D69 
 5763      5DBC1266 
 5763      30CFFABB 
 5764 0eed 11D569B9 		.ascii	"\021\325i\271J\311=\273\327\330\352\247\315\3135\332"
 5764      4AC93DBB 
 5764      D7D8EAA7 
 5764      CDCB35DA 
 5765 0efd B3E0E5F9 		.ascii	"\263\340\345\371V\037\315\373\353\254xv\334\330i\361"
 5765      561FCDFB 
 5765      EBAC7876 
 5765      DCD869F1 
 5766 0f0d 302F3791 		.ascii	"0/7\221\377\015\316?\377\324\253\313V\026\354\001\036"
 5766      FF0DCE3F 
 5766      FFD4ABCB 
 5766      5616EC01 
 5766      1E
 5767 0f1e EC9B04DA 		.ascii	"\354\233\004\332uJ\355\234R'\243\324V\374\364\202\205"
 5767      754AED9C 
ARM GAS  /tmp/ccugAzZM.s 			page 167


 5767      5227A3D4 
 5767      56FCF482 
 5767      85
 5768 0f2f E94F1719 		.ascii	"\351O\027\031\247\253\227z\263=M\373]T\177\207\253/"
 5768      A7AB977A 
 5768      B33D4DFB 
 5768      5D547F87 
 5768      AB2F
 5769 0f41 38BDF4B4 		.ascii	"8\275\364\264D\325\227]\274\273i7\336Yj\3609\211\300"
 5769      44D5975D 
 5769      BCBB6937 
 5769      DE596AF0 
 5769      3989C0
 5770 0f54 6DDDC26D 		.ascii	"m\335\302mna\263\037.\235~l\317\236s\247\311\233\376"
 5770      6E61B31F 
 5770      2E9D7E6C 
 5770      CF9E73A7 
 5770      C99BFE
 5771 0f67 7ED34937 		.ascii	"~\323I7\350%\254/\177\313\206S\3243\270\217\232\273"
 5771      E825AC2F 
 5771      7FCB8653 
 5771      D433B88F 
 5771      9ABB
 5772 0f79 88A7D5E5 		.ascii	"\210\247\325\345\330\235\374\256!j|\036\260\305\363"
 5772      D89DFCAE 
 5772      216A7C1E 
 5772      B0C5F3
 5773 0f88 69DA651F 		.ascii	"i\332e\0375\200\337\321\216\263s\027?\365\377\2272?"
 5773      3580DFD1 
 5773      8EB37317 
 5773      3FF5FF97 
 5773      323F
 5774 0f9a F6F6B732 		.ascii	"\366\366\2672\373\336"
 5774      FBDE
 5775 0fa0 5E3EFE21 		.ascii	"^>\376!\226T9\263\362p\343\343\255^\324\312c\002\217"
 5775      965439B3 
 5775      F270E3E3 
 5775      AD5ED4CA 
 5775      63028F
 5776 0fb3 B0B786F5 		.ascii	"\260\267\206\365~\273fs+\343\363\004m\367RE\275W^\264"
 5776      7EBB6673 
 5776      2BE3F304 
 5776      6DF75245 
 5776      BD575EB4 
 5777 0fc7 82EEF60C 		.ascii	"\202\356\366\014\3566<\305\313\317Pz\270\343k\323o\034"
 5777      EE363CC5 
 5777      CBCF507A 
 5777      B8E36BD3 
 5777      6F1C
 5778 0fd9 C5FACC50 		.ascii	"\305\372\314P\372J\037</\364B\307\347\344\371^#\010"
 5778      FA4A1F3C 
 5778      2FF442C7 
 5778      E7E4F95E 
 5778      2308
 5779 0feb 817BDC79 		.ascii	"\201{\334y\350F\364=\356\376r\1777\327\007\273\335\357"
 5779      E846F43D 
 5779      EEFE727F 
ARM GAS  /tmp/ccugAzZM.s 			page 168


 5779      37D707BB 
 5779      DDEF
 5780 0ffd D1EDD3   		.ascii	"\321\355\323"
 5781 1000 979A5B78 		.ascii	"\227\232[x\307\3470@\021\003\035\253\363e\325\355\027"
 5781      C7E73040 
 5781      11031DAB 
 5781      F365D5ED 
 5781      17
 5782 1011 C4DDABC1 		.ascii	"\304\335\253\301\036\275\242\230yk\316\316\261\272y"
 5782      1EBDA298 
 5782      796BCECE 
 5782      B1BA79
 5783 1020 A4E02E7C 		.ascii	"\244\340.|6\312K\316fCc\351n\346QIc\231\222&\347-V\224"
 5783      36CA4BCE 
 5783      664363E9 
 5783      6EE65149 
 5783      63999226 
 5784 1038 7A6F04C0 		.ascii	"zo\004\300s\325\237\357Q\335s\242n\213\372*\266\037"
 5784      73D59FEF 
 5784      51DD73A2 
 5784      6E8BFA2A 
 5784      B61F
 5785 104a 333DCA36 		.ascii	"3=\3126\031\033\356\271\222\372v\330\213\316\322\301"
 5785      191BEEB9 
 5785      92FA76D8 
 5785      8BCED2C1 
 5786 105a 8C661F4F 		.ascii	"\214f\037O\277\030\244K\364\027\2034\211!\275\331\223"
 5786      BF18A44B 
 5786      F4178334 
 5786      8921BDD9 
 5786      93
 5787 106b E138C41F 		.ascii	"\3418\304\037\332W\235-\353?\0074\2130_\202y\324\227"
 5787      DA579D2D 
 5787      EB3F0734 
 5787      8B305F82 
 5787      79D497
 5788 107e 0C898DA1 		.ascii	"\014\211\215\241\246w6\346m\365f\277s:\215\327YM\246"
 5788      A67736E6 
 5788      6DF566BF 
 5788      733A8DD7 
 5788      594DA6
 5789 1091 D75974E1 		.ascii	"\327Yt\341\250<y\325\320\263@r\323\303\354n\223I6\233"
 5789      A83C79D5 
 5789      D0B34072 
 5789      D3C3EC6E 
 5789      9349369B 
 5790 10a5 9979CEBB 		.ascii	"\231y\316\273\255\026\353\265\037x\363\317\360y2\331"
 5790      AD16EBB5 
 5790      1F78F3CF 
 5790      F07932D9 
 5791 10b5 C8F087CF 		.ascii	"\310\360\207\317>\255\363\362\344V\026s+\210Vk^S\033"
 5791      3EADF3F2 
 5791      E4561673 
 5791      2B88566B 
 5791      5E531B
 5792 10c8 63D0A328 		.ascii	"c\320\243(y\250\307x \221\030\214\252\371\376\356\274"
 5792      79A8C778 
ARM GAS  /tmp/ccugAzZM.s 			page 169


 5792      2091188C 
 5792      AAF9FEEE 
 5792      BC
 5793 10d9 3F1810D3 		.ascii	"?\030\020\323\353\000\015C\212\3749\323\2652)\361\027"
 5793      EB000D43 
 5793      8AFC39D3 
 5793      B53229F1 
 5793      17
 5794 10ea C83EB599 		.ascii	"\310>\265\231%\223\012l\326\252\315>\376\253\261\023"
 5794      25930A6C 
 5794      D6AACD3E 
 5794      FEABB113 
 5795 10fa 4893DA23 		.ascii	"H\223\332#\243\366\212\364\342\247\222'\222\033\030"
 5795      A3F68AF4 
 5795      E2A79227 
 5795      921B18
 5796 1109 C9F5125D 		.ascii	"\311\365\022]'7\256\256'<N\234e\216\304\037\3326J\014"
 5796      2737AEAE 
 5796      273C4E9C 
 5796      658EC41F 
 5796      DA364A0C 
 5797 111d C712A37A 		.ascii	"\307\022\243zk\204\001A\226\2031\314b\217DN#\245K*\201"
 5797      6B840141 
 5797      968331CC 
 5797      628F444E 
 5797      23A54B2A 
 5798 1132 0E89DCC2 		.ascii	"\016\211\334\302f\247\332\274&\221G\330\354W\233\347"
 5798      66A7DABC 
 5798      269147D8 
 5798      EC579BE7 
 5799 1142 25A20C15 		.ascii	"%\242\014\025H\306P\336l\225H\0266\327\251\315\006\211"
 5799      48C650DE 
 5799      6C954816 
 5799      36D7A9CD 
 5799      0689
 5800 1154 E4637307 		.ascii	"\344cs\007\373I\372yA\177\027aS\343\374\241\251qJd\017"
 5800      FB49FA79 
 5800      417F1761 
 5800      53E3FCA1 
 5800      A9714A64 
 5801 1169 8E295355 		.ascii	"\216)SU(<\261~\317\177\212\"\244J\355\367\247w\367c"
 5801      283CB17E 
 5801      CF7F8A22 
 5801      A44AEDF7 
 5801      A777F763 
 5802 117d CEECA19E 		.ascii	"\316\354\241\236\342R\301\342r\210\306\245\263\255\260"
 5802      E252C1E2 
 5802      7288C6A5 
 5802      B3ADB0
 5803 118c D9628ECB 		.ascii	"\331b\216\313A\011\312h\376TJ\014G\231\235\335\334\350"
 5803      4109CA68 
 5803      FE544A0C 
 5803      47999DDD 
 5803      DCE8
 5804 119e E31297C1 		.ascii	"\343\022\227\301\030\322\240Z\315\340?\214\365\3627"
 5804      18D2A05A 
 5804      CDE03F8C 
ARM GAS  /tmp/ccugAzZM.s 			page 170


 5804      F5F237
 5805 11ad 20796F90 		.ascii	" yo\220\343\352\205\313T\317\265\352\335\231\376\236"
 5805      E3EA85CB 
 5805      54CFB5EA 
 5805      DD99FE9E 
 5806 11bd F81C617C 		.ascii	"\370\034a|\352(\237\334\035\371%^f>Xs\325\324V\275\304"
 5806      EA289FDC 
 5806      1DF9255E 
 5806      663E5873 
 5806      D5D456BD 
 5807 11d2 70544FCF 		.ascii	"pTO\317\263\366nWB\203A\344\234\026\036 W0Z\267\324"
 5807      B3F66E57 
 5807      428341E4 
 5807      9C161E20 
 5807      57305AB7 
 5808 11e7 669F40BA 		.ascii	"f\237@\272\260\371\235\332\354\021\310\023\365t\004"
 5808      B0F99DDA 
 5808      EC11C813 
 5808      F57404
 5809 11f6 678C0F9A 		.ascii	"g\214\017\232l2:rN\326\373z\242z\232Q-\243\333\242\252"
 5809      6C323A72 
 5809      4ED6FB7A 
 5809      A27A9A51 
 5809      2DA3DBA2 
 5810 120b FED2227F 		.ascii	"\376\322\"\1773\325S\022\234\244,\316H\014G\365\264"
 5810      33D55312 
 5810      9CA42CCE 
 5810      480C47F5 
 5810      B4
 5811 121c E4B465FB 		.ascii	"\344\264e\373\031\230\275\222\033\210\347\205@\346\007"
 5811      1998BD92 
 5811      1B88E785 
 5811      40E607
 5812 122b F053BA8C 		.ascii	"\360S\272\214\255\350\374\276\330\243\365\213\314\372"
 5812      ADE8FCBE 
 5812      D8A3F58B 
 5812      CCFA
 5813 1239 051AA8CD 		.ascii	"\005\032\250\315\247\026\315\3635[\327\3367^\222\030"
 5813      A716CDF3 
 5813      355BD7DE 
 5813      375E9218 
 5814 1249 8EBDE7BA 		.ascii	"\216\275\347\272\260\244Bv\261>\030\304\323P \231\001"
 5814      B0A44276 
 5814      B13E18C4 
 5814      D3502099 
 5814      01
 5815 125a B81F43C9 		.ascii	"\270\037C\311\015\240\343\366=\030(\361\370\363\347"
 5815      0DA0E3F6 
 5815      3D1828F1 
 5815      F8F3E7
 5816 1269 75669F6E 		.ascii	"uf\237n\275\347\337zt\323\305y\355\207\203\033\022\203"
 5816      BDE7DF7A 
 5816      74D3C579 
 5816      ED87831B 
 5816      1283
 5817 127b 5135B52B 		.ascii	"Q5\265+\322[]\315\017\0061\363\343H\001Z\336\206\262"
 5817      D25B5DCD 
ARM GAS  /tmp/ccugAzZM.s 			page 171


 5817      0F0631F3 
 5817      E348015A 
 5817      DE86B2
 5818 128e 13652F4A 		.ascii	"\023e/J\031J%J\015J\003c\264\270\375z\377PZ\034\257"
 5818      194A254A 
 5818      0D4A0363 
 5818      B4B8FD7A 
 5818      FF505A1C 
 5819 12a3 F9930F7A 		.ascii	"\371\223\017z\177h\253>\353\245\257\204\335\222\333"
 5819      7F68AB3E 
 5819      EBA5AF84 
 5819      DD92DB
 5820 12b2 0FACE438 		.ascii	"\017\254\3448\252;\211r\006\345\022\3125\224\333(]("
 5820      AA3B8972 
 5820      06E512CA 
 5820      3594DB28 
 5820      5D28
 5821 12c4 4FD4F0EF 		.ascii	"O\324\360\357\220y%\375[\016\211\275t\244\340/\352k"
 5821      907925FD 
 5821      5B0E89BD 
 5821      74A4E02F 
 5821      EA6B
 5822 12d6 34B7CF70 		.ascii	"4\267\317p\017}\332\347:nf\007\012k\236\374\272\246"
 5822      0F7DDAE7 
 5822      3A6E6607 
 5822      0A6B9EFC 
 5822      BAA6
 5823 12e8 80BD755B 		.ascii	"\200\275u[\"\301]\011\226\311z\030\317\032o\335J..\345"
 5823      22C15D09 
 5823      96C97A18 
 5823      CF1A6FDD 
 5823      4A2E2EE5 
 5824 12fc EFBE964B 		.ascii	"\357\276\226K\260\313\005\264S\342 \324V\262]\005\241"
 5824      B0CB05B4 
 5824      53E220D4 
 5824      56B25D05 
 5824      A1
 5825 130d A67B2E20 		.ascii	"\246{. \355\225\375u\266#\326A[\\@\233%\335\\\317\367"
 5825      ED95FD75 
 5825      B623D641 
 5825      5B5C409B 
 5825      25DD5CCF 
 5826 1322 4902BDF4 		.ascii	"I\002\275\364T\322\366-O$:\270\347\273\226\205\374\315"
 5826      54D2F62D 
 5826      4F243AB8 
 5826      E7BB9685 
 5826      FCCD
 5827 1334 198E5EE5 		.ascii	"\031\216^\3452z\245\211\307%\303\304\016\027\320v\012"
 5827      327AA589 
 5827      C725C3C4 
 5827      0E17D076 
 5827      0A
 5828 1345 0A6198AB 		.ascii	"\012a\230\253\006f\253;\015\366\012\256\244\302p\272"
 5828      0666AB3B 
 5828      0DF60AAE 
 5828      A4C270BA 
 5829 1355 D505D362 		.ascii	"\325\005\323b2\226c(z\344\012\002\335\3306\003\323\345"
ARM GAS  /tmp/ccugAzZM.s 			page 172


 5829      32966328 
 5829      7AE40A02 
 5829      DDD83603 
 5829      D3E5
 5830 1367 82D17E86 		.ascii	"\202\321~\206\240\240\015\006\350;\027P\256)z\367\015"
 5830      A0A00D06 
 5830      E83B1750 
 5830      AE297AF7 
 5830      0D
 5831 1378 50B60B68 		.ascii	"P\266\013h\215\341Z\243\201ip\30189\3466b\252T\014f"
 5831      8DE15AA3 
 5831      816970C1 
 5831      3839E636 
 5831      62AA540C 
 5832 138d FB7117CC 		.ascii	"\373q\027\3141\325\265-\010*/v2\320e\011\357\020\024"
 5832      31D5B52D 
 5832      082A2F76 
 5832      32D06509 
 5832      EF1014
 5833 13a0 A4D5E539 		.ascii	"\244\325\3459\303\330\267\206\261\016\367\354\341\230"
 5833      C3D8B786 
 5833      B10EF7EC 
 5833      E198
 5834 13ae 070666B5 		.ascii	"\007\006f\265\373\244q\314e\003\363\255\373\234\251"
 5834      FBA471CC 
 5834      6503F3AD 
 5834      FB9CA9
 5835 13bd DEAF3340 		.ascii	"\336\2573@\217]@\352k\\\352Y\266\341Y\257\033\206\333"
 5835      8F5D40EA 
 5835      6B5CEA59 
 5835      B6E159AF 
 5835      1B86DB
 5836 13d0 DA65A8B9 		.ascii	"\332e\250\271\355\002\271%\031z*\015='\334#\304\023"
 5836      ED02B925 
 5836      197A2A0D 
 5836      3D27DC23 
 5836      C413
 5837 13e2 A44B0D50 		.ascii	"\244K\015P\236\004\271\014\243\335\212\327\351\2304"
 5837      9E04B90C 
 5837      A3DD8AD7 
 5837      E99834
 5838 13f1 652D7DBD 		.ascii	"e-}\275\332'\3013<\274`\250\263Xl2,\226a\216\014[e\330"
 5838      DA27C133 
 5838      3CBC60A8 
 5838      B3586C32 
 5838      2C96618E 
 5839 1409 22439A0C 		.ascii	"\"C\232\014\3712\314\225a\203\014\337K\260@\206\347"
 5839      F932CC95 
 5839      61830CDF 
 5839      4BB04086 
 5839      E7
 5840 141a 12AC9121 		.ascii	"\022\254\221!S\206M2|+C\256\014\0312\254\222a\266\014"
 5840      53864D32 
 5840      7C2B43AE 
 5840      0C1932AC 
 5840      9261B60C 
 5841 142e 4B65982F 		.ascii	"Ke\230/C\241\214\373\037\230'\303f\234\027\031W\004"
ARM GAS  /tmp/ccugAzZM.s 			page 173


 5841      43A18CFB 
 5841      1F9827C3 
 5841      669C1719 
 5841      5704
 5842 1440 2892715F 		.ascii	"(\222q_\002\313e\334G\301v\031\372%x%\301\"\031\262"
 5842      02CB65DC 
 5842      47C17619 
 5842      FA257825 
 5842      C12219B2 
 5843 1454 65582983 		.ascii	"eX)\203\"\303\200\00492\024\310\270_\201t\031\326\311"
 5843      22C38004 
 5843      393214C8 
 5843      B85F8174 
 5843      19D6C9
 5844 1467 B0508697 		.ascii	"\260P\206\227\022\254\220a\265\014\033\351\337\323Q"
 5844      12AC9061 
 5844      B50C1BE9 
 5844      DFD351
 5845 1476 CF5B0CCF 		.ascii	"\317[\014\317\367\270x^bLW\237\021\302\025.\230L\003"
 5845      F7B8785E 
 5845      624C579F 
 5845      11C2152E 
 5845      984C03
 5846 1489 D36E60B6 		.ascii	"\323n`\266\271`\012M9vH\015\341Y\011\332\030H\273\363"
 5846      B9600A4D 
 5846      3976480D 
 5846      E15909DA 
 5846      1848BBF3 
 5847 149d DCD35F85 		.ascii	"\334\323_\205\227<7\352p\251\273157v\032\326\356\270"
 5847      973C37EA 
 5847      70A9BB31 
 5847      3537761A 
 5847      D6EEB8
 5848 14b0 4F2ACFFA 		.ascii	"O*\317\372\023\206g\373\\0\245&EW\014EE\356\264\271"
 5848      138667FB 
 5848      5C30A526 
 5848      45570C45 
 5848      45EEB4B9 
 5849 14c4 6BDD0666 		.ascii	"k\335\006f\255{\031\252\212\356\031\240\002\027\320"
 5849      AD7B19AA 
 5849      8AEE19A0 
 5849      0217D0
 5850 14d3 2683D141 		.ascii	"&\203\321A\203Q\273\013\346\212IQ\263\241\350\260\013"
 5850      8351BB0B 
 5850      E68A4951 
 5850      B3A1E8B0 
 5850      0B
 5851 14e4 E880C1A8 		.ascii	"\350\200\301\250\310\300t\272\257\275\034\323o`\026"
 5851      C8C074BA 
 5851      AFBD1CD3 
 5851      6F6016
 5852 14f3 BB601619 		.ascii	"\273`\026\031z\032\014L\223\013\246\3214i\305\352\244"
 5852      7A1A0C4C 
 5852      930BA6D1 
 5852      3469C5EA 
 5852      A4
 5853 1504 DD947027 		.ascii	"\335\224p'IA\332\035S\375\023\253M\210\331H1\263}\341"
ARM GAS  /tmp/ccugAzZM.s 			page 174


 5853      4941DA1D 
 5853      53FD13AB 
 5853      4D88D948 
 5853      31B37DE1 
 5854 1518 8104F719 		.ascii	"\201\004\367\031F\273\321\2552\010u\032\306\362\335"
 5854      46BBD1AD 
 5854      3208751A 
 5854      C6F2DD
 5855 1527 23A4DE7A 		.ascii	"#\244\336z\232TcG%\250e m\033\3454\205h\275\241\251"
 5855      9A546347 
 5855      25A86520 
 5855      6D1BE534 
 5855      8568BDA1 
 5856 153c C77DF1E4 		.ascii	"\307}\361\344\326r\015\314C\367\225Z-\373\303\306\204"
 5856      D6720DCC 
 5856      43F7955A 
 5856      2DFBC3C6 
 5856      84
 5857 154d 34BBFBCF 		.ascii	"4\273\373\317\363\361\274\221\217\273\335\013DUt\334"
 5857      F3F1BC91 
 5857      8FBBDD0B 
 5857      445574DC 
 5858 155d 50B4DF3D 		.ascii	"P\264\337=\3278\243\013\006\243b\367\273*\317\2202C"
 5858      D738A30B 
 5858      06A362F7 
 5858      BB2ACF90 
 5858      3243
 5859 156f CF55F70C 		.ascii	"\317U\367\014\341\204\216\251!\252\222\240\234c\324"
 5859      E1848EA9 
 5859      21AA92A0 
 5859      9C63D4
 5860 157e ADEF0195 		.ascii	"\255\357\001\225\020}\037\270\377\311.0\236\020\315"
 5860      107D1FB8 
 5860      FFC92E30 
 5860      9E10CD
 5861 158d C664FE08 		.ascii	"\306d\376\010\275\345\305\013\323O|\027\215\267\335"
 5861      BDE5C50B 
 5861      D34F7C17 
 5861      8DB7DD
 5862 159c BB38E0E1 		.ascii	"\2738\340\341\372Mi\246\237\032[\014@1\002H\355\337"
 5862      FA4D69A6 
 5862      9F1A5B0C 
 5862      40310248 
 5862      EDDF
 5863 15ae 09A4F1EF 		.ascii	"\011\244\361\357(pQMm.{\006\336\315\007\316?\224\331"
 5863      2870514D 
 5863      6D2E7B06 
 5863      DECD07CE 
 5863      3F94D9
 5864 15c1 6CF5F0E2 		.ascii	"l\365\360\342b\257,@\222 \274\235\265V\351k\337u\352"
 5864      62AF2C40 
 5864      9220BC9D 
 5864      B556E96B 
 5864      DF75EA
 5865 15d4 90F7A132 		.ascii	"\220\367\2412EIW\2249\277\246\327\240D\346\017\272{"
 5865      45495794 
 5865      39BFA6D7 
ARM GAS  /tmp/ccugAzZM.s 			page 175


 5865      A044E60F 
 5865      BA7B
 5866 15e6 6428A52D 		.ascii	"d(\245-\355\325\335\326\020\262~\230\233\035\252\245"
 5866      EDD5DDD6 
 5866      10B27E98 
 5866      9B1DAAA5 
 5867 15f6 A4E950F2 		.ascii	"\244\351P\3626E\311j\020\351\370}\352\370\3752\034\240"
 5867      3645C96A 
 5867      10E9F87D 
 5867      EAF8FD32 
 5867      1CA0
 5868 1608 2D6D7C71 		.ascii	"-m|q\010}\242h?\261\322\364\347\0339\2063e\234\364\242"
 5868      087DA268 
 5868      3FB1D2F4 
 5868      E71B3986 
 5868      33659CF4 
 5869 161d 53F7CE98 		.ascii	"S\367\316\230~}\335d\000\016r\300\312\345\031\025&@"
 5869      7E7DDD64 
 5869      000E72C0 
 5869      CAE51915 
 5869      2640
 5870 162f A90128A7 		.ascii	"\251\001(\247\341(\030&\344\022\221\375\362\320\301"
 5870      E1281826 
 5870      E41291FD 
 5870      F2D0C1
 5871 163e 7E795077 		.ascii	"~yPw\2032T\310p\204\250\277=\234\332uro\240\210]\002"
 5871      833254C8 
 5871      7084A8BF 
 5871      3D9CDA75 
 5871      726FA088 
 5872 1654 EF13E010 		.ascii	"\357\023\340\020\373s+\347\372\203GL\263Ug(\257\342"
 5872      FB732BE7 
 5872      FA83474C 
 5872      B3556728 
 5872      AFE2
 5873 1666 D66757DC 		.ascii	"\326gW\334\337\344o\000n\032\200\303\034\260\367\345"
 5873      DFE46F00 
 5873      6E1A80C3 
 5873      1CB0F7E5 
 5874 1676 F6FBA63F 		.ascii	"\366\373\246?{\232-\031\333\000\016H[\323\323l\002<"
 5874      7B9A2D19 
 5874      DB000E48 
 5874      5BD3D36C 
 5874      023C
 5875 1688 33345473 		.ascii	"34Ts@\265\363L\267)!\266\031\200\032\0168Q\333\336M"
 5875      40B5F34C 
 5875      B72921B6 
 5875      19801A0E 
 5875      3851DBDE 
 5876 169d 0CC05D03 		.ascii	"\014\300]\003PK#\260}\230\022L\177a\354p\032\356\327"
 5876      504B23B0 
 5876      7D98124C 
 5876      7F61EC70 
 5876      1AEED7
 5877 16b0 19EE1B03 		.ascii	"\031\356\033\003\217\030\271X/\253\027\234\036.\240"
 5877      8F18B958 
 5877      2FAB179C 
ARM GAS  /tmp/ccugAzZM.s 			page 176


 5877      1E2EA0
 5878 16bf C99B99C5 		.ascii	"\311\233\231\3057\207\016~\331\340\272\303\276\232Y"
 5878      37870E7E 
 5878      D9E0BAC3 
 5878      BE9A59
 5879 16ce B7DD44BB 		.ascii	"\267\335D\273\301T\3022\333\313\277\011\257\330_j\277"
 5879      C154C232 
 5879      DBCBBF09 
 5879      AFD85F6A 
 5879      BF
 5880 16df 098AF2FF 		.ascii	"\011\212\362\377\310>\226J\231M'r\330\033\204\373\212"
 5880      C83E964A 
 5880      994D2772 
 5880      D81B84FB 
 5880      8A
 5881 16f0 730E4E06 		.ascii	"s\016N\006OQ8&\303\233\0024\313\320D\237\340we\357Z"
 5881      4F513826 
 5881      C39B0234 
 5881      CBD0449F 
 5881      E07765EF 
 5882 1705 68FAD9B3 		.ascii	"h\372\331\263\302\360\367\204l\366\247\302\264\264\320"
 5882      C2F0F784 
 5882      6CF6A7C2 
 5882      B4B4D0
 5883 1714 40540E13 		.ascii	"@T\016\023\310\035f\246\344\301\341\"\376N\257Q\206"
 5883      C81D66A6 
 5883      E4C1E122 
 5883      FE4EAF51 
 5883      86
 5884 1725 242D3F8C 		.ascii	"$-?\214_\246N\313\320fdG\0006\314y\341\372\247\211u"
 5884      5FA64ECB 
 5884      D0666447 
 5884      0036CC79 
 5884      E1FAA789 
 5885 173a 06D6307D 		.ascii	"\006\3260}\306\264\001\223\371\377:\201'pJ\326_\237"
 5885      C6B40193 
 5885      F9FF3A81 
 5885      27704AD6 
 5885      5F9F
 5886 174c 1F97F5FA 		.ascii	"\037\227\365\372;\217\332\317\241T\374\310UZZ\255Ee"
 5886      3B8FDACF 
 5886      A154FCC8 
 5886      555A5AAD 
 5886      4565
 5887 175e 4EFA6B47 		.ascii	"N\372kG\365\177\203\0132\234T\015\303E\031Z\365\302"
 5887      F57F830B 
 5887      329C540D 
 5887      C345195A 
 5887      F5C2
 5888 1770 6A0F12A4 		.ascii	"j\017\022\244iII\361\3363\343\022\035\343l\016\357\250"
 5888      694949F1 
 5888      DE33E312 
 5888      1DE36C0E 
 5888      EFA8
 5889 1782 F8B81989 		.ascii	"\370\270\031\211\366\030/[\312\254i3\247{\331\034\364"
 5889      F6182F5B 
 5889      CAAC6933 
ARM GAS  /tmp/ccugAzZM.s 			page 177


 5889      A77BD91C 
 5889      F4
 5890 1793 E06DFB3A 		.ascii	"\340m\373:6)*!\016{\355Q1\337\310\266iQ\211_\372\330"
 5890      36292A21 
 5890      0E7BED51 
 5890      31DFC8B6 
 5890      6951895F 
 5891 17a9 A2A7CFB0 		.ascii	"\242\247\317\260M\217Ju\374cjJtPtRBjP\304\244\251\370"
 5891      4D8F4A75 
 5891      FC636A4A 
 5891      74507452 
 5891      426A50C4 
 5892 17c0 15362934 		.ascii	"\0256)4\370\375\261\343\306D''[\377\370\351"
 5892      F8FDB1E3 
 5892      C6442727 
 5892      5BFFF8E9 
 5893 17d0 D49161BF 		.ascii	"\324\221a\277\371M\310X\341\357\315\375c\306\206\276"
 5893      F94DC858 
 5893      E1EFCDFD 
 5893      63C686BE 
 5894 17e0 3736F87D 		.ascii	"76\370}\373o\205\200\220\261\261Q\361\266\324\3448["
 5894      FB6F8580 
 5894      90B1B151 
 5894      F1B6D4E4 
 5894      385B
 5895 17f2 7452E2F4 		.ascii	"tR\342\364\270\031\376\256\315\177\015\212MJ\260\007"
 5895      B819FEAE 
 5895      CD7F0D8A 
 5895      4D4AB007 
 5896 1802 4D4B4E89 		.ascii	"MKN\211\037\035c\377*(<)zf\202=\321\221\032\364\341"
 5896      1F1D63FF 
 5896      2A283C29 
 5896      7A66823D 
 5896      D1911AF4 
 5897 1817 E429136D 		.ascii	"\344)\023m\323\221o\254C\010v\304\306\245\304\330\222"
 5897      D3916FAC 
 5897      430876C4 
 5897      C6A5C4D8 
 5897      92
 5898 1828 A3521CDF 		.ascii	"\243R\034\337\004\205\305\306M\213\373SdPRj\020\352"
 5898      0485C5C6 
 5898      4D8BFB53 
 5898      6450526A 
 5898      10EA
 5899 183a 0A8A4B8C 		.ascii	"\012\212K\214\216\237\031c\017\322\364~\0252&V\360\211"
 5899      8E9F1963 
 5899      0FD2F47E 
 5899      15322656 
 5899      F089
 5900 184c 9C1C11C6 		.ascii	"\234\034\021\306\014p?\342\022\343\0342\275\034c\"\024"
 5900      0C703FE2 
 5900      12E31C32 
 5900      BD1C6322 
 5900      14
 5901 185d 9312F795 		.ascii	"\223\022\367\225=\305\337\265IG\206\363\263q\232K\026"
 5901      3DC5DFB5 
 5901      494786F3 
ARM GAS  /tmp/ccugAzZM.s 			page 178


 5901      B3719A4B 
 5901      16
 5902 186e EDE49FC6 		.ascii	"\355\344\237\306\004\275&\030\261\311\311\202Wj\334"
 5902      04BD2618 
 5902      B1C9C982 
 5902      576ADC
 5903 187d 7FD86D0E 		.ascii	"\177\330m\016\277\324oR1\334\366\224\257P\261\303'e"
 5903      BFD46F52 
 5903      31DCF694 
 5903      AF50B1C3 
 5903      2765
 5904 188f 564C4254 		.ascii	"VLBTBR\214\335B'\341\335P\233Ct\314\"\3307\"d\\\252"
 5904      42528CDD 
 5904      4227E1DD 
 5904      509B4374 
 5904      CC22D837 
 5905 18a7 23013BF0 		.ascii	"#\001;\360\334\226\352\300\330'\330\034\303\334\273"
 5905      DC96EAC0 
 5905      D827D81C 
 5905      C3DCBB
 5906 18b6 FEE70F38 		.ascii	"\376\347\0178\237\234\224\202\241\212\374l\322\273\241"
 5906      9F9C9482 
 5906      A18AFC6C 
 5906      D2BBA1
 5907 18c5 41132786 		.ascii	"A\023'\206\007\205O\032\377Uh\220\256\003#\361\367\237"
 5907      07854F1A 
 5907      FF556890 
 5907      AE0323F1 
 5907      F79F
 5908 18d7 0E7678AA 		.ascii	"\016vx\252#\3306AL\231\365\013\017Wl\023\0106\375BB"
 5908      23D83641 
 5908      4C99F50B 
 5908      0F576C13 
 5908      0836FD42 
 5909 18ec 300AB6CF 		.ascii	"0\012\266\317\276I\266\207\333\247\0171\235\277\216"
 5909      BE49B687 
 5909      DBA70F31 
 5909      9DBF8E
 5910 18fb 0B462421 		.ascii	"\013F$!)1\310>\313\201d8\237\217\337\2335\2133\211}"
 5910      2931C83E 
 5910      CB816438 
 5910      9F8FDF9B 
 5910      358B3389 
 5911 1910 EFB7EFCE 		.ascii	"\357\267\357\316\232\205\\\344\204\231\016\373,9\351"
 5911      9A855CE4 
 5911      84990EFB 
 5911      2C39E9
 5912 191f EB447B8A 		.ascii	"\353D{\212\365\375\350X\233#\226f\234\217~6\3465\352"
 5912      F5FDE858 
 5912      9B239666 
 5912      9C8F7E36 
 5912      E635EA
 5913 1932 531CFA34 		.ascii	"S\034\3724G\307&M\373\302\036\355HE}\026>\312\346\220"
 5913      47C7264D 
 5913      FBC21EED 
 5913      48457D16 
 5913      3ECAE690 
ARM GAS  /tmp/ccugAzZM.s 			page 179


 5914 1946 FF36D33E 		.ascii	"\3776\323>\323.%\242}\237q\250\2155-\332\311\277\377"
 5914      D32E25A2 
 5914      7D9F71A8 
 5914      8D352DDA 
 5914      C9BFFF
 5915 1959 14ADF171 		.ascii	"\024\255\361q\251L\247U\033esH\311)\366\257\230>\306"
 5915      A94CA755 
 5915      1B657348 
 5915      C929F6AF 
 5915      983EC6
 5916 196c DBA29DFC 		.ascii	"\333\242\235\374\333O\321\227\340\240\036{\263\0016"
 5916      DB4FD197 
 5916      E0A01E7B 
 5916      B30136
 5917 197b 8717673A 		.ascii	"\207\027g:L%\234b\237nO\261'F\243\021/^\007r\252#\312"
 5917      4C259C62 
 5917      9F6E4FB1 
 5917      2746A311 
 5917      2F5E0772 
 5918 1992 61876829 		.ascii	"a\207h):6*\3057$\030g\201\365\330\034V\343\324\307\241"
 5918      3A362AC5 
 5918      37241867 
 5918      81F5D81C 
 5918      56E3D4C7 
 5919 19a7 E59277CC 		.ascii	"\345\222w\314\314\204\204o\034\263$L\356P\372\025\""
 5919      CC84846F 
 5919      1CB3244C 
 5919      EE50FA15 
 5919      22
 5920 19b8 A7A62647 		.ascii	"\247\246&G\305\370\322\034cU\213\325\356\205]\230\037"
 5920      C5F8D21C 
 5920      63558BD5 
 5920      EE855D98 
 5920      1F
 5921 19c9 FE21A13C 		.ascii	"\376!\241<!f$\307%\331\034\276\346\306\037\376\013\271"
 5921      216624C7 
 5921      25D91CBE 
 5921      E6C61FFE 
 5921      0BB9
 5922 19db F5C7C911 		.ascii	"\365\307\311\021\177\322\223\213\016\247\321\212K\242"
 5922      7FD2938B 
 5922      0EA7D18A 
 5922      4BA2
 5923 19e9 B0389C03 		.ascii	"\2608\234\003/{b\214-z\232\037\322\215\216\212\217\237"
 5923      2F7B628C 
 5923      2D7A9A1F 
 5923      D28D8E8A 
 5923      8F9F
 5924 19fb 1615FDA5 		.ascii	"\026\025\375\245\315a\211\216K\211\236\031\037\225\302"
 5924      CD61898E 
 5924      4B899E19 
 5924      1F95C2
 5925 1a0a 09A7CC22 		.ascii	"\011\247\314\"!\277\023\206F\245$|\365\236}t\302o\246"
 5925      21BF1386 
 5925      46A5247C 
 5925      F59E7D74 
 5925      C26FA6
ARM GAS  /tmp/ccugAzZM.s 			page 180


 5926 1a1d 278F8949 		.ascii	"'\217\211I\306\220\243\012\373\254\321\011\357\011o"
 5926      C690A30A 
 5926      FBACD109 
 5926      EF096F
 5927 1a2c D83EFF54 		.ascii	"\330>\377T/\273q\251v\007[\213&\304Z\264\323_\276~1"
 5927      2FBB71A9 
 5927      76075B8B 
 5927      26C45AB4 
 5927      D35FBE7E 
 5928 1a41 1A3438C5 		.ascii	"\03248\305>\203\255g8X;\375\0073\340}\332\373uJ\234"
 5928      3E83AD67 
 5928      38583BFD 
 5928      0733E07D 
 5928      DAFB754A 
 5929 1a56 C33E2136 		.ascii	"\303>!6\326Go\374\301\214\031K\327\215\011\223\007\327"
 5929      D6476FFC 
 5929      C18C194B 
 5929      D78D0993 
 5929      07D7
 5930 1a68 C9E44F06 		.ascii	"\311\344O\006\257j\221cmch\020\307\004\217\373\271\343"
 5930      AF6A9163 
 5930      6D636810 
 5930      C7048FFB 
 5930      B9E3
 5931 1a7a 258AFD27 		.ascii	"%\212\375'\363\350\220\340i3SR\035\252\027\223c\277"
 5931      F3E890E0 
 5931      69335352 
 5931      1DAA1793 
 5931      63BF
 5932 1a8c B01AEDB7 		.ascii	"\260\032\355\267\\\3140\304\344\351\221\301\032\213"
 5932      5CCC30C4 
 5932      E4E991C1 
 5932      1A8B
 5933 1a9a 375E7359 		.ascii	"7^sY\242\247t\212\246\330\343\355Q\251\366\017g\246"
 5933      A2A7748A 
 5933      A6D8E3ED 
 5933      51A9F60F 
 5933      67A6
 5934 1aac 0EC1D6D4 		.ascii	"\016\301\326\324\304TlG;\274\361<\022\347\321\207\035"
 5934      C4546C47 
 5934      3BBCF13C 
 5934      12E7D187 
 5934      1D
 5935 1abd 698F859E 		.ascii	"i\217\205\2369P\247\234\220:\203\256m\311q\343\243\377"
 5935      3950A79C 
 5935      903A83AE 
 5935      6DC971E3 
 5935      A3FF
 5936 1acf 36332E45 		.ascii	"63.E\033:a\026fl\342\014;\326\315g\2611\221\361v{\362"
 5936      1B3A6116 
 5936      666CE20C 
 5936      3BD6CD67 
 5936      B13191F1 
 5937 1ae6 4FAA625E 		.ascii	"O\252b^\011\264\342\274\022\354\011\321\311\337HHh\272"
 5937      09B4E2BC 
 5937      12EC09D1 
 5937      C9DF4848 
ARM GAS  /tmp/ccugAzZM.s 			page 181


 5937      68BA
 5938 1af8 7762125E 		.ascii	"wb\022^H\372\032B\274\247'\216LM\266GcOb\342\314\370"
 5938      48FA1A42 
 5938      BCA7278E 
 5938      4C4DB647 
 5938      634F62E2 
 5939 1b0e F83F0625 		.ascii	"\370?\006%%;\202fDG\217\306\354\031\215\235\366\321"
 5939      253B8266 
 5939      44478FC6 
 5939      EC198D9D 
 5939      F6D1
 5940 1b20 F6A86971 		.ascii	"\366\250iq\243C\202G\207\006\207\006\217\376\333\330"
 5940      A3438247 
 5940      87068706 
 5940      8FFEDBD8 
 5941 1b30 D109515F 		.ascii	"\321\011Q_$\245\004\271\\\326\015\342b\032\2278C\265"
 5941      24A504B9 
 5941      5CD60DE2 
 5941      621A9738 
 5941      43B5
 5942 1b42 86C9248F 		.ascii	"\206\311$\217\377\360\243\310)>S&DN\230\362\347\011"
 5942      FFF0A3C8 
 5942      293E5326 
 5942      444E98F2 
 5942      E709
 5943 1b54 E1E3BCC6 		.ascii	"\341\343\274\306\177\374ad\330\024)l|\330\024z>\031"
 5943      7FFC6164 
 5943      D814296C 
 5943      7CD8147A 
 5943      3E19
 5944 1b66 0FE19F85 		.ascii	"\017\341\237\205M\302C\004;\350\320\367\274\302\303"
 5944      4DC24304 
 5944      3BE8D0F7 
 5944      BCC2C3
 5945 1b75 C22222FF 		.ascii	"\302\"\"\377b\241\207I\177\036\037&\343I\344_\274\361"
 5945      62A18749 
 5945      7F1E1F26 
 5945      E349E45F 
 5945      BCF1
 5946 1b87 9BB6D4E3 		.ascii	"\233\266\324\343T\354\215`\275\014\343\035\301\216S"
 5946      54EC8D60 
 5946      BD0CE31D 
 5946      C18E53
 5947 1b96 752DBFA3 		.ascii	"u-\277\243=\343'N4z~+O\372\363GSB\331w\010\373\016\326"
 5947      3DE3274E 
 5947      347A7E2B 
 5947      4FFAF347 
 5947      5342D977 
 5948 1bae AF8D9522 		.ascii	"\257\215\225\"?\2130(\274+\207M\246<\303\"#'L\304CX"
 5948      3F8B3028 
 5948      BC2B874D 
 5948      A63CC322 
 5948      23274CC4 
 5949 1bc4 6444F814 		.ascii	"dD\370\024\022\366\331\0249l\"\236\351\270`\357\210"
 5949      12F6D914 
 5949      396C229E 
 5949      E9B860EF 
ARM GAS  /tmp/ccugAzZM.s 			page 182


 5949      88
 5950 1bd5 705B44E4 		.ascii	"p[D\344x\364!\3346\351#v\030\317\017\341\3740\371\243"
 5950      78F421DC 
 5950      36E92376 
 5950      18CF0FE1 
 5950      FC30F9A3 
 5951 1be9 29D2780C 		.ascii	")\322x\014\204\364\341G\343\247\310\223&\341\267\024"
 5951      84F4E147 
 5951      E3A7C893 
 5951      26E1B714 
 5952 1bf9 4EDB1FD3 		.ascii	"N\333\037\323\2570\374\222#?\016\303\323\310\217'\243"
 5952      AF30FC92 
 5952      233F0EC3 
 5952      D3C88F27 
 5952      A3
 5953 1c0a 85B02904 		.ascii	"\205\260)\004\203$\217\217\230\202\241\372\363g\177"
 5953      83248F8F 
 5953      9882A1FA 
 5953      F3677F
 5954 1c19 9A2245E0 		.ascii	"\232\"E\340Ed35\"\334g\\d\330\207\354>a\321N\302\177"
 5954      45643335 
 5954      22DC675C 
 5954      64D887EC 
 5954      3E61D14E 
 5955 1c2f FC6E317E 		.ascii	"\374n1~\312\244\240\260I\221\021\221AaI)\366\240\010"
 5955      CAA4A0B0 
 5955      49911191 
 5955      41614929 
 5955      F6A008
 5956 1c42 2D3FB061 		.ascii	"-?\260a\213Nx\217\3364l\266\360\310\017\375\242\342"
 5956      8B4E788F 
 5956      DE346CB6 
 5956      F0C80FFD 
 5956      A2E2
 5957 1c54 BF8EFA26 		.ascii	"\277\216\372&\025o\344\361q\211\366\011?_qBj\\\252\015"
 5957      156FE4F1 
 5957      7189F609 
 5957      3F5F7142 
 5957      6A5CAA0D 
 5958 1c68 D3886B8E 		.ascii	"\323\210k\216\210\374\320\353\367Q\230.\377\313:\306"
 5958      88FCD0EB 
 5958      F751982E 
 5958      FFCB3AC6 
 5959 1c78 468FB690 		.ascii	"F\217\266\220\367C\274q\015\015\371\235\315\021h\373"
 5959      F743BC71 
 5959      0D0DF99D 
 5959      CD1168FB 
 5960 1c88 DC73154D 		.ascii	"\334s\025M\370\364\223\251\361\223?\211\235`\213\216"
 5960      F8F493A9 
 5960      F1933F89 
 5960      9D608B8E 
 5961 1c98 9F10196A 		.ascii	"\237\020\031j\263&%\333S\242\034I)\201\277\376\377\226"
 5961      B32625DB 
 5961      53A21C49 
 5961      2981BFFE 
 5961      FF96
 5962 1caa 5183A8   		.ascii	"Q\203\250"
ARM GAS  /tmp/ccugAzZM.s 			page 183


 5963              		.text
 5964              		.section	.gnu.lto_.symtab.c152fa04468e8c8a,"e",%progbits
 5965 0000 5F5A4E38 		.ascii	"_ZN8ICM209488set_bankEh\000"
 5965      49434D32 
 5965      30393438 
 5965      38736574 
 5965      5F62616E 
 5966 0018 00       		.ascii	"\000"
 5967 0019 00       		.ascii	"\000"
 5968 001a 00       		.ascii	"\000"
 5969 001b 00000000 		.ascii	"\000\000\000\000\000\000\000\000"
 5969      00000000 
 5970 0023 9C010000 		.ascii	"\234\001\000\000"
 5971 0027 5F5A4E38 		.ascii	"_ZN8ICM209488reg_readEh\000"
 5971      49434D32 
 5971      30393438 
 5971      38726567 
 5971      5F726561 
 5972 003f 00       		.ascii	"\000"
 5973 0040 00       		.ascii	"\000"
 5974 0041 00       		.ascii	"\000"
 5975 0042 00000000 		.ascii	"\000\000\000\000\000\000\000\000"
 5975      00000000 
 5976 004a A2010000 		.ascii	"\242\001\000\000"
 5977 004e 5F5A4E38 		.ascii	"_ZN8ICM209489reg_writeEhh\000"
 5977      49434D32 
 5977      30393438 
 5977      39726567 
 5977      5F777269 
 5978 0068 00       		.ascii	"\000"
 5979 0069 00       		.ascii	"\000"
 5980 006a 00       		.ascii	"\000"
 5981 006b 00000000 		.ascii	"\000\000\000\000\000\000\000\000"
 5981      00000000 
 5982 0073 A9010000 		.ascii	"\251\001\000\000"
 5983 0077 5F5A4E38 		.ascii	"_ZN8ICM209484initEP14hal_spi_driverPK14hal_spi_conf"
 5983      49434D32 
 5983      30393438 
 5983      34696E69 
 5983      74455031 
 5984 00aa 69675334 		.ascii	"igS4_\000"
 5984      5F00
 5985 00b0 00       		.ascii	"\000"
 5986 00b1 00       		.ascii	"\000"
 5987 00b2 00       		.ascii	"\000"
 5988 00b3 00000000 		.ascii	"\000\000\000\000\000\000\000\000"
 5988      00000000 
 5989 00bb B2010000 		.ascii	"\262\001\000\000"
 5990 00bf 5F5A4E38 		.ascii	"_ZN8ICM2094810burst_readEhPhj\000"
 5990      49434D32 
 5990      30393438 
 5990      31306275 
 5990      7273745F 
 5991 00dd 00       		.ascii	"\000"
 5992 00de 00       		.ascii	"\000"
 5993 00df 00       		.ascii	"\000"
 5994 00e0 00000000 		.ascii	"\000\000\000\000\000\000\000\000"
ARM GAS  /tmp/ccugAzZM.s 			page 184


 5994      00000000 
 5995 00e8 BD010000 		.ascii	"\275\001\000\000"
 5996 00ec 5F5A4E38 		.ascii	"_ZN8ICM209484readEPfS0_\000"
 5996      49434D32 
 5996      30393438 
 5996      34726561 
 5996      64455066 
 5997 0104 00       		.ascii	"\000"
 5998 0105 00       		.ascii	"\000"
 5999 0106 00       		.ascii	"\000"
 6000 0107 00000000 		.ascii	"\000\000\000\000\000\000\000\000"
 6000      00000000 
 6001 010f C5010000 		.ascii	"\305\001\000\000"
 6002 0113 73706952 		.ascii	"spiReleaseBus\000"
 6002      656C6561 
 6002      73654275 
 6002      7300
 6003 0121 00       		.ascii	"\000"
 6004 0122 02       		.ascii	"\002"
 6005 0123 00       		.ascii	"\000"
 6006 0124 00000000 		.ascii	"\000\000\000\000\000\000\000\000"
 6006      00000000 
 6007 012c C8010000 		.ascii	"\310\001\000\000"
 6008 0130 73706955 		.ascii	"spiUnselect\000"
 6008      6E73656C 
 6008      65637400 
 6009 013c 00       		.ascii	"\000"
 6010 013d 02       		.ascii	"\002"
 6011 013e 00       		.ascii	"\000"
 6012 013f 00000000 		.ascii	"\000\000\000\000\000\000\000\000"
 6012      00000000 
 6013 0147 CA010000 		.ascii	"\312\001\000\000"
 6014 014b 73706953 		.ascii	"spiSend\000"
 6014      656E6400 
 6015 0153 00       		.ascii	"\000"
 6016 0154 02       		.ascii	"\002"
 6017 0155 00       		.ascii	"\000"
 6018 0156 00000000 		.ascii	"\000\000\000\000\000\000\000\000"
 6018      00000000 
 6019 015e D0010000 		.ascii	"\320\001\000\000"
 6020 0162 73706953 		.ascii	"spiSelect\000"
 6020      656C6563 
 6020      7400
 6021 016c 00       		.ascii	"\000"
 6022 016d 02       		.ascii	"\002"
 6023 016e 00       		.ascii	"\000"
 6024 016f 00000000 		.ascii	"\000\000\000\000\000\000\000\000"
 6024      00000000 
 6025 0177 D2010000 		.ascii	"\322\001\000\000"
 6026 017b 73706953 		.ascii	"spiStart\000"
 6026      74617274 
 6026      00
 6027 0184 00       		.ascii	"\000"
 6028 0185 02       		.ascii	"\002"
 6029 0186 00       		.ascii	"\000"
 6030 0187 00000000 		.ascii	"\000\000\000\000\000\000\000\000"
 6030      00000000 
ARM GAS  /tmp/ccugAzZM.s 			page 185


 6031 018f DB010000 		.ascii	"\333\001\000\000"
 6032 0193 73706941 		.ascii	"spiAcquireBus\000"
 6032      63717569 
 6032      72654275 
 6032      7300
 6033 01a1 00       		.ascii	"\000"
 6034 01a2 02       		.ascii	"\002"
 6035 01a3 00       		.ascii	"\000"
 6036 01a4 00000000 		.ascii	"\000\000\000\000\000\000\000\000"
 6036      00000000 
 6037 01ac DD010000 		.ascii	"\335\001\000\000"
 6038 01b0 73706945 		.ascii	"spiExchange\000"
 6038      78636861 
 6038      6E676500 
 6039 01bc 00       		.ascii	"\000"
 6040 01bd 02       		.ascii	"\002"
 6041 01be 00       		.ascii	"\000"
 6042 01bf 00000000 		.ascii	"\000\000\000\000\000\000\000\000"
 6042      00000000 
 6043 01c7 E4010000 		.ascii	"\344\001\000\000"
 6044 01cb 63685468 		.ascii	"chThdSleep\000"
 6044      64536C65 
 6044      657000
 6045 01d6 00       		.ascii	"\000"
 6046 01d7 02       		.ascii	"\002"
 6047 01d8 00       		.ascii	"\000"
 6048 01d9 00000000 		.ascii	"\000\000\000\000\000\000\000\000"
 6048      00000000 
 6049 01e1 E8010000 		.ascii	"\350\001\000\000"
 6050              		.text
 6051              		.section	.gnu.lto_.ext_symtab.c152fa04468e8c8a,"e",%progbits
 6052 0000 01       		.ascii	"\001"
 6053 0001 01       		.ascii	"\001"
 6054 0002 00       		.ascii	"\000"
 6055 0003 01       		.ascii	"\001"
 6056 0004 00       		.ascii	"\000"
 6057 0005 01       		.ascii	"\001"
 6058 0006 00       		.ascii	"\000"
 6059 0007 01       		.ascii	"\001"
 6060 0008 00       		.ascii	"\000"
 6061 0009 01       		.ascii	"\001"
 6062 000a 00       		.ascii	"\000"
 6063 000b 01       		.ascii	"\001"
 6064 000c 00       		.ascii	"\000"
 6065 000d 01       		.ascii	"\001"
 6066 000e 00       		.ascii	"\000"
 6067 000f 01       		.ascii	"\001"
 6068 0010 00       		.ascii	"\000"
 6069 0011 01       		.ascii	"\001"
 6070 0012 00       		.ascii	"\000"
 6071 0013 01       		.ascii	"\001"
 6072 0014 00       		.ascii	"\000"
 6073 0015 01       		.ascii	"\001"
 6074 0016 00       		.ascii	"\000"
 6075 0017 01       		.ascii	"\001"
 6076 0018 00       		.ascii	"\000"
 6077 0019 01       		.ascii	"\001"
ARM GAS  /tmp/ccugAzZM.s 			page 186


 6078 001a 00       		.ascii	"\000"
 6079 001b 01       		.ascii	"\001"
 6080 001c 00       		.ascii	"\000"
 6081              		.text
 6082              		.section	.gnu.lto_.opts,"e",%progbits
 6083 0000 272D666E 		.ascii	"'-fno-openmp' '-fno-openacc' '-fno-pie' '-fcf-prote"
 6083      6F2D6F70 
 6083      656E6D70 
 6083      2720272D 
 6083      666E6F2D 
 6084 0033 6374696F 		.ascii	"ction=none' '-g' '-mcpu=cortex-m7' '-mthumb' '-mflo"
 6084      6E3D6E6F 
 6084      6E652720 
 6084      272D6727 
 6084      20272D6D 
 6085 0066 61742D61 		.ascii	"at-abi=hard' '-mfpu=fpv5-d16' '-march=armv7e-m+fp.d"
 6085      62693D68 
 6085      61726427 
 6085      20272D6D 
 6085      6670753D 
 6086 0099 70272027 		.ascii	"p' '-O3' '-fomit-frame-pointer' '-falign-functions="
 6086      2D4F3327 
 6086      20272D66 
 6086      6F6D6974 
 6086      2D667261 
 6087 00cc 31362720 		.ascii	"16' '-ffunction-sections' '-fdata-sections' '-fno-c"
 6087      272D6666 
 6087      756E6374 
 6087      696F6E2D 
 6087      73656374 
 6088 00ff 6F6D6D6F 		.ascii	"ommon' '-flto' '-Xassembler' '-alms=build/lst/ICM20"
 6088      6E272027 
 6088      2D666C74 
 6088      6F272027 
 6088      2D586173 
 6089 0132 3934382E 		.ascii	"948.lst'\000"
 6089      6C737427 
 6089      00
 6090              		.text
 6091              		.comm	__gnu_lto_slim,1,1
 6092              		.ident	"GCC: (GNU Arm Embedded Toolchain 10-2020-q4-major) 10.2.1 20201103 (release)"
ARM GAS  /tmp/ccugAzZM.s 			page 187


DEFINED SYMBOLS
                            *ABS*:0000000000000000 ICM20948.cpp
     /tmp/ccugAzZM.s:45     .gnu.debuglto_.debug_info:0000000000000000 ICM20948.cpp.427409e5
                            *COM*:0000000000000001 __gnu_lto_slim

NO UNDEFINED SYMBOLS
