ARM GAS  /tmp/ccXPGahD.s 			page 1


   1              		.cpu cortex-m7
   2              		.eabi_attribute 28, 1
   3              		.eabi_attribute 20, 1
   4              		.eabi_attribute 21, 1
   5              		.eabi_attribute 23, 3
   6              		.eabi_attribute 24, 1
   7              		.eabi_attribute 25, 1
   8              		.eabi_attribute 26, 1
   9              		.eabi_attribute 30, 2
  10              		.eabi_attribute 34, 1
  11              		.eabi_attribute 18, 4
  12              		.file	"ICM20602.cpp"
  13              		.file 1 "/opt/gcc-arm-none-eabi-10-2020-q4-major/lib/gcc/arm-none-eabi/10.2.1/include/stddef.h"
  14              		.file 2 "/opt/gcc-arm-none-eabi-10-2020-q4-major/arm-none-eabi/include/machine/_default_types.h"
  15              		.file 3 "/opt/gcc-arm-none-eabi-10-2020-q4-major/arm-none-eabi/include/sys/_stdint.h"
  16              		.file 4 "/opt/gcc-arm-none-eabi-10-2020-q4-major/arm-none-eabi/include/stdint.h"
  17              		.file 5 "third_party/ChibiOS/os/common/ports/ARM-common/chtypes.h"
  18              		.file 6 "third_party/ChibiOS/os/rt/include/chearly.h"
  19              		.file 7 "third_party/ChibiOS/os/rt/include/chobjects.h"
  20              		.file 8 "third_party/ChibiOS/os/rt/include/chrfcu.h"
  21              		.file 9 "third_party/ChibiOS/os/rt/include/chdebug.h"
  22              		.file 10 "third_party/ChibiOS/os/rt/include/chtime.h"
  23              		.file 11 "third_party/ChibiOS/os/rt/include/chlists.h"
  24              		.file 12 "third_party/ChibiOS/os/rt/include/chtrace.h"
  25              		.file 13 "third_party/ChibiOS/os/common/ext/ARM/CMSIS/Core/Include/core_cm7.h"
  26              		.file 14 "third_party/ChibiOS/os/common/ext/ST/STM32H7xx/stm32h753xx.h"
  27              		.file 15 "third_party/ChibiOS/os/common/ports/ARMv7-M/chcore.h"
  28              		.file 16 "third_party/ChibiOS/os/rt/include/chsem.h"
  29              		.file 17 "third_party/ChibiOS/os/rt/include/chmtx.h"
  30              		.file 18 "third_party/ChibiOS/os/hal/ports/STM32/LLD/DMAv2/stm32_dma.h"
  31              		.file 19 "third_party/ChibiOS/os/hal/ports/STM32/LLD/GPIOv2/stm32_gpio.h"
  32              		.file 20 "third_party/ChibiOS/os/hal/ports/STM32/LLD/GPIOv2/hal_pal_lld.h"
  33              		.file 21 "third_party/ChibiOS/os/hal/include/hal_spi_v1.h"
  34              		.file 22 "./src/coms/IMUs/ICM20602.hpp"
  35              		.file 23 "/opt/gcc-arm-none-eabi-10-2020-q4-major/arm-none-eabi/include/c++/10.2.1/cstring"
  36              		.file 24 "/opt/gcc-arm-none-eabi-10-2020-q4-major/arm-none-eabi/include/c++/10.2.1/arm-none-eabi/t
  37              		.file 25 "/opt/gcc-arm-none-eabi-10-2020-q4-major/arm-none-eabi/include/string.h"
  38              		.file 26 "src/coms/IMUs/ICM20602.cpp"
  39              		.file 27 "third_party/ChibiOS/os/common/ext/ARM/CMSIS/Core/Include/cmsis_gcc.h"
  40              		.file 28 "<built-in>"
  41              		.section	.gnu.debuglto_.debug_info,"e",%progbits
  42              	.Ldebug_info0:
  43              		.hidden	ICM20602.cpp.4d6aee34
  44              		.weak	ICM20602.cpp.4d6aee34
  45              	ICM20602.cpp.4d6aee34:
  46 0000 2F180000 		.4byte	0x182f
  47 0004 0400     		.2byte	0x4
  48 0006 00000000 		.4byte	.Ldebug_abbrev0
  49 000a 04       		.byte	0x4
  50 000b 01       		.uleb128 0x1
  51 000c 1B0B0000 		.4byte	.LASF286
  52 0010 04       		.byte	0x4
  53 0011 D60A0000 		.4byte	.LASF287
  54 0015 87030000 		.4byte	.LASF288
  55 0019 00000000 		.4byte	.Ldebug_line0
  56 001d 02       		.uleb128 0x2
  57 001e 04       		.byte	0x4
ARM GAS  /tmp/ccXPGahD.s 			page 2


  58 001f 05       		.byte	0x5
  59 0020 696E7400 		.ascii	"int\000"
  60 0024 03       		.uleb128 0x3
  61 0025 D3030000 		.4byte	.LASF4
  62 0029 01       		.byte	0x1
  63 002a D1       		.byte	0xd1
  64 002b 17       		.byte	0x17
  65 002c 30000000 		.4byte	0x30
  66 0030 04       		.uleb128 0x4
  67 0031 04       		.byte	0x4
  68 0032 07       		.byte	0x7
  69 0033 CF000000 		.4byte	.LASF0
  70 0037 04       		.uleb128 0x4
  71 0038 08       		.byte	0x8
  72 0039 05       		.byte	0x5
  73 003a 17060000 		.4byte	.LASF1
  74 003e 04       		.uleb128 0x4
  75 003f 08       		.byte	0x8
  76 0040 04       		.byte	0x4
  77 0041 62070000 		.4byte	.LASF2
  78 0045 05       		.uleb128 0x5
  79 0046 DB090000 		.4byte	.LASF289
  80 004a 04       		.uleb128 0x4
  81 004b 01       		.byte	0x1
  82 004c 06       		.byte	0x6
  83 004d 510A0000 		.4byte	.LASF3
  84 0051 03       		.uleb128 0x3
  85 0052 BC080000 		.4byte	.LASF5
  86 0056 02       		.byte	0x2
  87 0057 2B       		.byte	0x2b
  88 0058 18       		.byte	0x18
  89 0059 5D000000 		.4byte	0x5d
  90 005d 04       		.uleb128 0x4
  91 005e 01       		.byte	0x1
  92 005f 08       		.byte	0x8
  93 0060 8D090000 		.4byte	.LASF6
  94 0064 03       		.uleb128 0x3
  95 0065 6A060000 		.4byte	.LASF7
  96 0069 02       		.byte	0x2
  97 006a 37       		.byte	0x37
  98 006b 18       		.byte	0x18
  99 006c 70000000 		.4byte	0x70
 100 0070 04       		.uleb128 0x4
 101 0071 02       		.byte	0x2
 102 0072 05       		.byte	0x5
 103 0073 56010000 		.4byte	.LASF8
 104 0077 03       		.uleb128 0x3
 105 0078 F0020000 		.4byte	.LASF9
 106 007c 02       		.byte	0x2
 107 007d 39       		.byte	0x39
 108 007e 19       		.byte	0x19
 109 007f 83000000 		.4byte	0x83
 110 0083 04       		.uleb128 0x4
 111 0084 02       		.byte	0x2
 112 0085 07       		.byte	0x7
 113 0086 6A0A0000 		.4byte	.LASF10
 114 008a 03       		.uleb128 0x3
ARM GAS  /tmp/ccXPGahD.s 			page 3


 115 008b 16010000 		.4byte	.LASF11
 116 008f 02       		.byte	0x2
 117 0090 4D       		.byte	0x4d
 118 0091 18       		.byte	0x18
 119 0092 96000000 		.4byte	0x96
 120 0096 04       		.uleb128 0x4
 121 0097 04       		.byte	0x4
 122 0098 05       		.byte	0x5
 123 0099 00000000 		.4byte	.LASF12
 124 009d 03       		.uleb128 0x3
 125 009e 92070000 		.4byte	.LASF13
 126 00a2 02       		.byte	0x2
 127 00a3 4F       		.byte	0x4f
 128 00a4 19       		.byte	0x19
 129 00a5 A9000000 		.4byte	0xa9
 130 00a9 04       		.uleb128 0x4
 131 00aa 04       		.byte	0x4
 132 00ab 07       		.byte	0x7
 133 00ac 04090000 		.4byte	.LASF14
 134 00b0 03       		.uleb128 0x3
 135 00b1 74050000 		.4byte	.LASF15
 136 00b5 02       		.byte	0x2
 137 00b6 69       		.byte	0x69
 138 00b7 19       		.byte	0x19
 139 00b8 BC000000 		.4byte	0xbc
 140 00bc 04       		.uleb128 0x4
 141 00bd 08       		.byte	0x8
 142 00be 07       		.byte	0x7
 143 00bf B0020000 		.4byte	.LASF16
 144 00c3 03       		.uleb128 0x3
 145 00c4 7F050000 		.4byte	.LASF17
 146 00c8 03       		.byte	0x3
 147 00c9 18       		.byte	0x18
 148 00ca 13       		.byte	0x13
 149 00cb 51000000 		.4byte	0x51
 150 00cf 06       		.uleb128 0x6
 151 00d0 C3000000 		.4byte	0xc3
 152 00d4 07       		.uleb128 0x7
 153 00d5 C3000000 		.4byte	0xc3
 154 00d9 03       		.uleb128 0x3
 155 00da 99020000 		.4byte	.LASF18
 156 00de 03       		.byte	0x3
 157 00df 20       		.byte	0x20
 158 00e0 13       		.byte	0x13
 159 00e1 64000000 		.4byte	0x64
 160 00e5 03       		.uleb128 0x3
 161 00e6 6E070000 		.4byte	.LASF19
 162 00ea 03       		.byte	0x3
 163 00eb 24       		.byte	0x24
 164 00ec 14       		.byte	0x14
 165 00ed 77000000 		.4byte	0x77
 166 00f1 03       		.uleb128 0x3
 167 00f2 34090000 		.4byte	.LASF20
 168 00f6 03       		.byte	0x3
 169 00f7 2C       		.byte	0x2c
 170 00f8 13       		.byte	0x13
 171 00f9 8A000000 		.4byte	0x8a
ARM GAS  /tmp/ccXPGahD.s 			page 4


 172 00fd 03       		.uleb128 0x3
 173 00fe E1000000 		.4byte	.LASF21
 174 0102 03       		.byte	0x3
 175 0103 30       		.byte	0x30
 176 0104 14       		.byte	0x14
 177 0105 9D000000 		.4byte	0x9d
 178 0109 06       		.uleb128 0x6
 179 010a FD000000 		.4byte	0xfd
 180 010e 07       		.uleb128 0x7
 181 010f 09010000 		.4byte	0x109
 182 0113 03       		.uleb128 0x3
 183 0114 210A0000 		.4byte	.LASF22
 184 0118 03       		.byte	0x3
 185 0119 3C       		.byte	0x3c
 186 011a 14       		.byte	0x14
 187 011b B0000000 		.4byte	0xb0
 188 011f 06       		.uleb128 0x6
 189 0120 13010000 		.4byte	0x113
 190 0124 03       		.uleb128 0x3
 191 0125 ED090000 		.4byte	.LASF23
 192 0129 04       		.byte	0x4
 193 012a 34       		.byte	0x34
 194 012b 1F       		.byte	0x1f
 195 012c 30000000 		.4byte	0x30
 196 0130 03       		.uleb128 0x3
 197 0131 3A080000 		.4byte	.LASF24
 198 0135 05       		.byte	0x5
 199 0136 48       		.byte	0x48
 200 0137 1D       		.byte	0x1d
 201 0138 13010000 		.4byte	0x113
 202 013c 03       		.uleb128 0x3
 203 013d 8E0A0000 		.4byte	.LASF25
 204 0141 06       		.byte	0x6
 205 0142 50       		.byte	0x50
 206 0143 19       		.byte	0x19
 207 0144 30010000 		.4byte	0x130
 208 0148 03       		.uleb128 0x3
 209 0149 21070000 		.4byte	.LASF26
 210 014d 06       		.byte	0x6
 211 014e 53       		.byte	0x53
 212 014f 19       		.byte	0x19
 213 0150 C3000000 		.4byte	0xc3
 214 0154 03       		.uleb128 0x3
 215 0155 FC010000 		.4byte	.LASF27
 216 0159 06       		.byte	0x6
 217 015a 54       		.byte	0x54
 218 015b 19       		.byte	0x19
 219 015c C3000000 		.4byte	0xc3
 220 0160 03       		.uleb128 0x3
 221 0161 B2070000 		.4byte	.LASF28
 222 0165 06       		.byte	0x6
 223 0166 55       		.byte	0x55
 224 0167 19       		.byte	0x19
 225 0168 C3000000 		.4byte	0xc3
 226 016c 03       		.uleb128 0x3
 227 016d 53020000 		.4byte	.LASF29
 228 0171 06       		.byte	0x6
ARM GAS  /tmp/ccXPGahD.s 			page 5


 229 0172 57       		.byte	0x57
 230 0173 19       		.byte	0x19
 231 0174 FD000000 		.4byte	0xfd
 232 0178 03       		.uleb128 0x3
 233 0179 4A060000 		.4byte	.LASF30
 234 017d 06       		.byte	0x6
 235 017e 58       		.byte	0x58
 236 017f 19       		.byte	0x19
 237 0180 F1000000 		.4byte	0xf1
 238 0184 03       		.uleb128 0x3
 239 0185 0D020000 		.4byte	.LASF31
 240 0189 06       		.byte	0x6
 241 018a 5A       		.byte	0x5a
 242 018b 19       		.byte	0x19
 243 018c FD000000 		.4byte	0xfd
 244 0190 03       		.uleb128 0x3
 245 0191 FB020000 		.4byte	.LASF32
 246 0195 06       		.byte	0x6
 247 0196 5C       		.byte	0x5c
 248 0197 19       		.byte	0x19
 249 0198 F1000000 		.4byte	0xf1
 250 019c 03       		.uleb128 0x3
 251 019d 330C0000 		.4byte	.LASF33
 252 01a1 06       		.byte	0x6
 253 01a2 80       		.byte	0x80
 254 01a3 12       		.byte	0x12
 255 01a4 30000000 		.4byte	0x30
 256 01a8 03       		.uleb128 0x3
 257 01a9 BD030000 		.4byte	.LASF34
 258 01ad 06       		.byte	0x6
 259 01ae 85       		.byte	0x85
 260 01af 1A       		.byte	0x1a
 261 01b0 B4010000 		.4byte	0x1b4
 262 01b4 08       		.uleb128 0x8
 263 01b5 D0050000 		.4byte	.LASF60
 264 01b9 48       		.byte	0x48
 265 01ba 07       		.byte	0x7
 266 01bb 9C       		.byte	0x9c
 267 01bc 08       		.byte	0x8
 268 01bd 35030000 		.4byte	0x335
 269 01c1 09       		.uleb128 0x9
 270 01c2 0C       		.byte	0xc
 271 01c3 07       		.byte	0x7
 272 01c4 A0       		.byte	0xa0
 273 01c5 09       		.byte	0x9
 274 01c6 EF010000 		.4byte	0x1ef
 275 01ca 0A       		.uleb128 0xa
 276 01cb D0010000 		.4byte	.LASF35
 277 01cf 07       		.byte	0x7
 278 01d0 A4       		.byte	0xa4
 279 01d1 21       		.byte	0x21
 280 01d2 64040000 		.4byte	0x464
 281 01d6 0A       		.uleb128 0xa
 282 01d7 43090000 		.4byte	.LASF36
 283 01db 07       		.byte	0x7
 284 01dc A8       		.byte	0xa8
 285 01dd 21       		.byte	0x21
ARM GAS  /tmp/ccXPGahD.s 			page 6


 286 01de 91040000 		.4byte	0x491
 287 01e2 0A       		.uleb128 0xa
 288 01e3 E9020000 		.4byte	.LASF37
 289 01e7 07       		.byte	0x7
 290 01e8 AC       		.byte	0xac
 291 01e9 21       		.byte	0x21
 292 01ea CB040000 		.4byte	0x4cb
 293 01ee 00       		.byte	0
 294 01ef 09       		.uleb128 0x9
 295 01f0 04       		.byte	0x4
 296 01f1 07       		.byte	0x7
 297 01f2 EB       		.byte	0xeb
 298 01f3 09       		.byte	0x9
 299 01f4 5F020000 		.4byte	0x25f
 300 01f8 0A       		.uleb128 0xa
 301 01f9 DA030000 		.4byte	.LASF38
 302 01fd 07       		.byte	0x7
 303 01fe F2       		.byte	0xf2
 304 01ff 21       		.byte	0x21
 305 0200 78010000 		.4byte	0x178
 306 0204 0A       		.uleb128 0xa
 307 0205 200C0000 		.4byte	.LASF39
 308 0209 07       		.byte	0x7
 309 020a F9       		.byte	0xf9
 310 020b 21       		.byte	0x21
 311 020c 78010000 		.4byte	0x178
 312 0210 0B       		.uleb128 0xb
 313 0211 35010000 		.4byte	.LASF40
 314 0215 07       		.byte	0x7
 315 0216 0001     		.2byte	0x100
 316 0218 22       		.byte	0x22
 317 0219 93060000 		.4byte	0x693
 318 021d 0B       		.uleb128 0xb
 319 021e 320A0000 		.4byte	.LASF41
 320 0222 07       		.byte	0x7
 321 0223 0701     		.2byte	0x107
 322 0225 22       		.byte	0x22
 323 0226 480E0000 		.4byte	0xe48
 324 022a 0B       		.uleb128 0xb
 325 022b 05020000 		.4byte	.LASF42
 326 022f 07       		.byte	0x7
 327 0230 0C01     		.2byte	0x10c
 328 0232 21       		.byte	0x21
 329 0233 78010000 		.4byte	0x178
 330 0237 0B       		.uleb128 0xb
 331 0238 50090000 		.4byte	.LASF43
 332 023c 07       		.byte	0x7
 333 023d 1501     		.2byte	0x115
 334 023f 22       		.byte	0x22
 335 0240 760E0000 		.4byte	0xe76
 336 0244 0B       		.uleb128 0xb
 337 0245 010C0000 		.4byte	.LASF44
 338 0249 07       		.byte	0x7
 339 024a 1E01     		.2byte	0x11e
 340 024c 22       		.byte	0x22
 341 024d B10E0000 		.4byte	0xeb1
 342 0251 0B       		.uleb128 0xb
ARM GAS  /tmp/ccXPGahD.s 			page 7


 343 0252 7D010000 		.4byte	.LASF45
 344 0256 07       		.byte	0x7
 345 0257 2601     		.2byte	0x126
 346 0259 21       		.byte	0x21
 347 025a 84010000 		.4byte	0x184
 348 025e 00       		.byte	0
 349 025f 0C       		.uleb128 0xc
 350 0260 68647200 		.ascii	"hdr\000"
 351 0264 07       		.byte	0x7
 352 0265 AD       		.byte	0xad
 353 0266 05       		.byte	0x5
 354 0267 C1010000 		.4byte	0x1c1
 355 026b 00       		.byte	0
 356 026c 0C       		.uleb128 0xc
 357 026d 63747800 		.ascii	"ctx\000"
 358 0271 07       		.byte	0x7
 359 0272 B1       		.byte	0xb1
 360 0273 21       		.byte	0x21
 361 0274 B20D0000 		.4byte	0xdb2
 362 0278 0C       		.byte	0xc
 363 0279 0D       		.uleb128 0xd
 364 027a 44050000 		.4byte	.LASF46
 365 027e 07       		.byte	0x7
 366 027f B6       		.byte	0xb6
 367 0280 21       		.byte	0x21
 368 0281 91040000 		.4byte	0x491
 369 0285 10       		.byte	0x10
 370 0286 0D       		.uleb128 0xd
 371 0287 40030000 		.4byte	.LASF47
 372 028b 07       		.byte	0x7
 373 028c BB       		.byte	0xbb
 374 028d 22       		.byte	0x22
 375 028e B70E0000 		.4byte	0xeb7
 376 0292 18       		.byte	0x18
 377 0293 0D       		.uleb128 0xd
 378 0294 3B030000 		.4byte	.LASF48
 379 0298 07       		.byte	0x7
 380 0299 C0       		.byte	0xc0
 381 029a 22       		.byte	0x22
 382 029b 1D040000 		.4byte	0x41d
 383 029f 1C       		.byte	0x1c
 384 02a0 0D       		.uleb128 0xd
 385 02a1 22050000 		.4byte	.LASF49
 386 02a5 07       		.byte	0x7
 387 02a6 C9       		.byte	0xc9
 388 02a7 22       		.byte	0x22
 389 02a8 BD0E0000 		.4byte	0xebd
 390 02ac 20       		.byte	0x20
 391 02ad 0D       		.uleb128 0xd
 392 02ae 010A0000 		.4byte	.LASF50
 393 02b2 07       		.byte	0x7
 394 02b3 CE       		.byte	0xce
 395 02b4 21       		.byte	0x21
 396 02b5 54010000 		.4byte	0x154
 397 02b9 24       		.byte	0x24
 398 02ba 0D       		.uleb128 0xd
 399 02bb 82000000 		.4byte	.LASF51
ARM GAS  /tmp/ccXPGahD.s 			page 8


 400 02bf 07       		.byte	0x7
 401 02c0 D2       		.byte	0xd2
 402 02c1 21       		.byte	0x21
 403 02c2 48010000 		.4byte	0x148
 404 02c6 25       		.byte	0x25
 405 02c7 0D       		.uleb128 0xd
 406 02c8 27010000 		.4byte	.LASF52
 407 02cc 07       		.byte	0x7
 408 02cd D7       		.byte	0xd7
 409 02ce 21       		.byte	0x21
 410 02cf 60010000 		.4byte	0x160
 411 02d3 26       		.byte	0x26
 412 02d4 0E       		.uleb128 0xe
 413 02d5 7500     		.ascii	"u\000"
 414 02d7 07       		.byte	0x7
 415 02d8 2801     		.2byte	0x128
 416 02da 21       		.byte	0x21
 417 02db EF010000 		.4byte	0x1ef
 418 02df 28       		.byte	0x28
 419 02e0 0F       		.uleb128 0xf
 420 02e1 A9090000 		.4byte	.LASF53
 421 02e5 07       		.byte	0x7
 422 02e6 2D01     		.2byte	0x12d
 423 02e8 21       		.byte	0x21
 424 02e9 64040000 		.4byte	0x464
 425 02ed 2C       		.byte	0x2c
 426 02ee 0F       		.uleb128 0xf
 427 02ef BA050000 		.4byte	.LASF54
 428 02f3 07       		.byte	0x7
 429 02f4 3301     		.2byte	0x133
 430 02f6 21       		.byte	0x21
 431 02f7 91040000 		.4byte	0x491
 432 02fb 30       		.byte	0x30
 433 02fc 0F       		.uleb128 0xf
 434 02fd C6000000 		.4byte	.LASF55
 435 0301 07       		.byte	0x7
 436 0302 3901     		.2byte	0x139
 437 0304 21       		.byte	0x21
 438 0305 84010000 		.4byte	0x184
 439 0309 38       		.byte	0x38
 440 030a 0F       		.uleb128 0xf
 441 030b 68030000 		.4byte	.LASF56
 442 030f 07       		.byte	0x7
 443 0310 4001     		.2byte	0x140
 444 0312 22       		.byte	0x22
 445 0313 B10E0000 		.4byte	0xeb1
 446 0317 3C       		.byte	0x3c
 447 0318 0F       		.uleb128 0xf
 448 0319 DA080000 		.4byte	.LASF57
 449 031d 07       		.byte	0x7
 450 031e 4401     		.2byte	0x144
 451 0320 21       		.byte	0x21
 452 0321 6C010000 		.4byte	0x16c
 453 0325 40       		.byte	0x40
 454 0326 0F       		.uleb128 0xf
 455 0327 670C0000 		.4byte	.LASF58
 456 032b 07       		.byte	0x7
ARM GAS  /tmp/ccXPGahD.s 			page 9


 457 032c 4B01     		.2byte	0x14b
 458 032e 22       		.byte	0x22
 459 032f 93060000 		.4byte	0x693
 460 0333 44       		.byte	0x44
 461 0334 00       		.byte	0
 462 0335 03       		.uleb128 0x3
 463 0336 130A0000 		.4byte	.LASF59
 464 033a 06       		.byte	0x6
 465 033b 8A       		.byte	0x8a
 466 033c 1F       		.byte	0x1f
 467 033d 41030000 		.4byte	0x341
 468 0341 10       		.uleb128 0x10
 469 0342 5F040000 		.4byte	.LASF61
 470 0346 9008     		.2byte	0x890
 471 0348 07       		.byte	0x7
 472 0349 8A01     		.2byte	0x18a
 473 034b 08       		.byte	0x8
 474 034c CF030000 		.4byte	0x3cf
 475 0350 0F       		.uleb128 0xf
 476 0351 A3080000 		.4byte	.LASF62
 477 0355 07       		.byte	0x7
 478 0356 8E01     		.2byte	0x18e
 479 0358 21       		.byte	0x21
 480 0359 EE0E0000 		.4byte	0xeee
 481 035d 00       		.byte	0
 482 035e 0F       		.uleb128 0xf
 483 035f 42010000 		.4byte	.LASF63
 484 0363 07       		.byte	0x7
 485 0364 9201     		.2byte	0x192
 486 0366 21       		.byte	0x21
 487 0367 090E0000 		.4byte	0xe09
 488 036b 10       		.byte	0x10
 489 036c 0F       		.uleb128 0xf
 490 036d 2A0A0000 		.4byte	.LASF64
 491 0371 07       		.byte	0x7
 492 0372 9901     		.2byte	0x199
 493 0374 21       		.byte	0x21
 494 0375 300E0000 		.4byte	0xe30
 495 0379 28       		.byte	0x28
 496 037a 0F       		.uleb128 0xf
 497 037b 130B0000 		.4byte	.LASF65
 498 037f 07       		.byte	0x7
 499 0380 9E01     		.2byte	0x19e
 500 0382 21       		.byte	0x21
 501 0383 9C010000 		.4byte	0x19c
 502 0387 30       		.byte	0x30
 503 0388 0F       		.uleb128 0xf
 504 0389 AC030000 		.4byte	.LASF66
 505 038d 07       		.byte	0x7
 506 038e A401     		.2byte	0x1a4
 507 0390 21       		.byte	0x21
 508 0391 F6030000 		.4byte	0x3f6
 509 0395 34       		.byte	0x34
 510 0396 0F       		.uleb128 0xf
 511 0397 A3070000 		.4byte	.LASF67
 512 039b 07       		.byte	0x7
 513 039c A901     		.2byte	0x1a9
ARM GAS  /tmp/ccXPGahD.s 			page 10


 514 039e 22       		.byte	0x22
 515 039f 620F0000 		.4byte	0xf62
 516 03a3 38       		.byte	0x38
 517 03a4 0F       		.uleb128 0xf
 518 03a5 29070000 		.4byte	.LASF68
 519 03a9 07       		.byte	0x7
 520 03aa AD01     		.2byte	0x1ad
 521 03ac 21       		.byte	0x21
 522 03ad A8010000 		.4byte	0x1a8
 523 03b1 3C       		.byte	0x3c
 524 03b2 0E       		.uleb128 0xe
 525 03b3 64626700 		.ascii	"dbg\000"
 526 03b7 07       		.byte	0x7
 527 03b8 B101     		.2byte	0x1b1
 528 03ba 21       		.byte	0x21
 529 03bb 34040000 		.4byte	0x434
 530 03bf 84       		.byte	0x84
 531 03c0 0F       		.uleb128 0xf
 532 03c1 D5020000 		.4byte	.LASF69
 533 03c5 07       		.byte	0x7
 534 03c6 B601     		.2byte	0x1b6
 535 03c8 21       		.byte	0x21
 536 03c9 FA060000 		.4byte	0x6fa
 537 03cd 88       		.byte	0x88
 538 03ce 00       		.byte	0
 539 03cf 03       		.uleb128 0x3
 540 03d0 F8040000 		.4byte	.LASF70
 541 03d4 08       		.byte	0x8
 542 03d5 3F       		.byte	0x3f
 543 03d6 12       		.byte	0x12
 544 03d7 FD000000 		.4byte	0xfd
 545 03db 08       		.uleb128 0x8
 546 03dc 29050000 		.4byte	.LASF71
 547 03e0 04       		.byte	0x4
 548 03e1 08       		.byte	0x8
 549 03e2 44       		.byte	0x44
 550 03e3 10       		.byte	0x10
 551 03e4 F6030000 		.4byte	0x3f6
 552 03e8 0D       		.uleb128 0xd
 553 03e9 D6060000 		.4byte	.LASF72
 554 03ed 08       		.byte	0x8
 555 03ee 48       		.byte	0x48
 556 03ef 21       		.byte	0x21
 557 03f0 CF030000 		.4byte	0x3cf
 558 03f4 00       		.byte	0
 559 03f5 00       		.byte	0
 560 03f6 03       		.uleb128 0x3
 561 03f7 3C090000 		.4byte	.LASF73
 562 03fb 08       		.byte	0x8
 563 03fc 49       		.byte	0x49
 564 03fd 03       		.byte	0x3
 565 03fe DB030000 		.4byte	0x3db
 566 0402 08       		.uleb128 0x8
 567 0403 AB010000 		.4byte	.LASF74
 568 0407 04       		.byte	0x4
 569 0408 09       		.byte	0x9
 570 0409 3E       		.byte	0x3e
ARM GAS  /tmp/ccXPGahD.s 			page 11


 571 040a 10       		.byte	0x10
 572 040b 1D040000 		.4byte	0x41d
 573 040f 0D       		.uleb128 0xd
 574 0410 C7090000 		.4byte	.LASF75
 575 0414 09       		.byte	0x9
 576 0415 46       		.byte	0x46
 577 0416 24       		.byte	0x24
 578 0417 23040000 		.4byte	0x423
 579 041b 00       		.byte	0
 580 041c 00       		.byte	0
 581 041d 11       		.uleb128 0x11
 582 041e 04       		.byte	0x4
 583 041f 2F040000 		.4byte	0x42f
 584 0423 06       		.uleb128 0x6
 585 0424 1D040000 		.4byte	0x41d
 586 0428 04       		.uleb128 0x4
 587 0429 01       		.byte	0x1
 588 042a 08       		.byte	0x8
 589 042b AA040000 		.4byte	.LASF76
 590 042f 07       		.uleb128 0x7
 591 0430 28040000 		.4byte	0x428
 592 0434 03       		.uleb128 0x3
 593 0435 F5050000 		.4byte	.LASF77
 594 0439 09       		.byte	0x9
 595 043a 51       		.byte	0x51
 596 043b 03       		.byte	0x3
 597 043c 02040000 		.4byte	0x402
 598 0440 03       		.uleb128 0x3
 599 0441 88000000 		.4byte	.LASF78
 600 0445 0A       		.byte	0xa
 601 0446 6D       		.byte	0x6d
 602 0447 12       		.byte	0x12
 603 0448 FD000000 		.4byte	0xfd
 604 044c 03       		.uleb128 0x3
 605 044d F0060000 		.4byte	.LASF79
 606 0451 0A       		.byte	0xa
 607 0452 79       		.byte	0x79
 608 0453 12       		.byte	0x12
 609 0454 FD000000 		.4byte	0xfd
 610 0458 03       		.uleb128 0x3
 611 0459 0C050000 		.4byte	.LASF80
 612 045d 0A       		.byte	0xa
 613 045e 9B       		.byte	0x9b
 614 045f 12       		.byte	0x12
 615 0460 13010000 		.4byte	0x113
 616 0464 03       		.uleb128 0x3
 617 0465 77070000 		.4byte	.LASF81
 618 0469 0B       		.byte	0xb
 619 046a 32       		.byte	0x32
 620 046b 18       		.byte	0x18
 621 046c 70040000 		.4byte	0x470
 622 0470 08       		.uleb128 0x8
 623 0471 93010000 		.4byte	.LASF82
 624 0475 04       		.byte	0x4
 625 0476 0B       		.byte	0xb
 626 0477 38       		.byte	0x38
 627 0478 08       		.byte	0x8
ARM GAS  /tmp/ccXPGahD.s 			page 12


 628 0479 8B040000 		.4byte	0x48b
 629 047d 0D       		.uleb128 0xd
 630 047e DC000000 		.4byte	.LASF83
 631 0482 0B       		.byte	0xb
 632 0483 39       		.byte	0x39
 633 0484 1A       		.byte	0x1a
 634 0485 8B040000 		.4byte	0x48b
 635 0489 00       		.byte	0
 636 048a 00       		.byte	0
 637 048b 11       		.uleb128 0x11
 638 048c 04       		.byte	0x4
 639 048d 64040000 		.4byte	0x464
 640 0491 03       		.uleb128 0x3
 641 0492 FE060000 		.4byte	.LASF84
 642 0496 0B       		.byte	0xb
 643 0497 3F       		.byte	0x3f
 644 0498 19       		.byte	0x19
 645 0499 9D040000 		.4byte	0x49d
 646 049d 08       		.uleb128 0x8
 647 049e 74090000 		.4byte	.LASF85
 648 04a2 08       		.byte	0x8
 649 04a3 0B       		.byte	0xb
 650 04a4 45       		.byte	0x45
 651 04a5 08       		.byte	0x8
 652 04a6 C5040000 		.4byte	0x4c5
 653 04aa 0D       		.uleb128 0xd
 654 04ab DC000000 		.4byte	.LASF83
 655 04af 0B       		.byte	0xb
 656 04b0 46       		.byte	0x46
 657 04b1 1A       		.byte	0x1a
 658 04b2 C5040000 		.4byte	0x4c5
 659 04b6 00       		.byte	0
 660 04b7 0D       		.uleb128 0xd
 661 04b8 8E010000 		.4byte	.LASF86
 662 04bc 0B       		.byte	0xb
 663 04bd 47       		.byte	0x47
 664 04be 1A       		.byte	0x1a
 665 04bf C5040000 		.4byte	0x4c5
 666 04c3 04       		.byte	0x4
 667 04c4 00       		.byte	0
 668 04c5 11       		.uleb128 0x11
 669 04c6 04       		.byte	0x4
 670 04c7 91040000 		.4byte	0x491
 671 04cb 03       		.uleb128 0x3
 672 04cc F5030000 		.4byte	.LASF87
 673 04d0 0B       		.byte	0xb
 674 04d1 4E       		.byte	0x4e
 675 04d2 22       		.byte	0x22
 676 04d3 D7040000 		.4byte	0x4d7
 677 04d7 08       		.uleb128 0x8
 678 04d8 57090000 		.4byte	.LASF88
 679 04dc 0C       		.byte	0xc
 680 04dd 0B       		.byte	0xb
 681 04de 55       		.byte	0x55
 682 04df 08       		.byte	0x8
 683 04e0 0C050000 		.4byte	0x50c
 684 04e4 0D       		.uleb128 0xd
ARM GAS  /tmp/ccXPGahD.s 			page 13


 685 04e5 DC000000 		.4byte	.LASF83
 686 04e9 0B       		.byte	0xb
 687 04ea 56       		.byte	0x56
 688 04eb 1A       		.byte	0x1a
 689 04ec 0C050000 		.4byte	0x50c
 690 04f0 00       		.byte	0
 691 04f1 0D       		.uleb128 0xd
 692 04f2 8E010000 		.4byte	.LASF86
 693 04f6 0B       		.byte	0xb
 694 04f7 57       		.byte	0x57
 695 04f8 1A       		.byte	0x1a
 696 04f9 0C050000 		.4byte	0x50c
 697 04fd 04       		.byte	0x4
 698 04fe 0D       		.uleb128 0xd
 699 04ff A5040000 		.4byte	.LASF89
 700 0503 0B       		.byte	0xb
 701 0504 58       		.byte	0x58
 702 0505 19       		.byte	0x19
 703 0506 6C010000 		.4byte	0x16c
 704 050a 08       		.byte	0x8
 705 050b 00       		.byte	0
 706 050c 11       		.uleb128 0x11
 707 050d 04       		.byte	0x4
 708 050e CB040000 		.4byte	0x4cb
 709 0512 03       		.uleb128 0x3
 710 0513 E8040000 		.4byte	.LASF90
 711 0517 0B       		.byte	0xb
 712 0518 5F       		.byte	0x5f
 713 0519 1E       		.byte	0x1e
 714 051a 1E050000 		.4byte	0x51e
 715 051e 08       		.uleb128 0x8
 716 051f EE010000 		.4byte	.LASF91
 717 0523 0C       		.byte	0xc
 718 0524 0B       		.byte	0xb
 719 0525 64       		.byte	0x64
 720 0526 08       		.byte	0x8
 721 0527 53050000 		.4byte	0x553
 722 052b 0D       		.uleb128 0xd
 723 052c DC000000 		.4byte	.LASF83
 724 0530 0B       		.byte	0xb
 725 0531 65       		.byte	0x65
 726 0532 1A       		.byte	0x1a
 727 0533 53050000 		.4byte	0x553
 728 0537 00       		.byte	0
 729 0538 0D       		.uleb128 0xd
 730 0539 8E010000 		.4byte	.LASF86
 731 053d 0B       		.byte	0xb
 732 053e 66       		.byte	0x66
 733 053f 1A       		.byte	0x1a
 734 0540 53050000 		.4byte	0x553
 735 0544 04       		.byte	0x4
 736 0545 0D       		.uleb128 0xd
 737 0546 5D0A0000 		.4byte	.LASF92
 738 054a 0B       		.byte	0xb
 739 054b 67       		.byte	0x67
 740 054c 19       		.byte	0x19
 741 054d 4C040000 		.4byte	0x44c
ARM GAS  /tmp/ccXPGahD.s 			page 14


 742 0551 08       		.byte	0x8
 743 0552 00       		.byte	0
 744 0553 11       		.uleb128 0x11
 745 0554 04       		.byte	0x4
 746 0555 12050000 		.4byte	0x512
 747 0559 12       		.uleb128 0x12
 748 055a 10       		.byte	0x10
 749 055b 0C       		.byte	0xc
 750 055c 6C       		.byte	0x6c
 751 055d 10       		.byte	0x10
 752 055e 66080000 		.4byte	.LASF203
 753 0562 8D060000 		.4byte	0x68d
 754 0566 09       		.uleb128 0x9
 755 0567 08       		.byte	0x8
 756 0568 0C       		.byte	0xc
 757 0569 7F       		.byte	0x7f
 758 056a 09       		.byte	0x9
 759 056b 44060000 		.4byte	0x644
 760 056f 13       		.uleb128 0x13
 761 0570 08       		.byte	0x8
 762 0571 0C       		.byte	0xc
 763 0572 83       		.byte	0x83
 764 0573 0C       		.byte	0xc
 765 0574 93050000 		.4byte	0x593
 766 0578 0C       		.uleb128 0xc
 767 0579 6E747000 		.ascii	"ntp\000"
 768 057d 0C       		.byte	0xc
 769 057e 87       		.byte	0x87
 770 057f 1E       		.byte	0x1e
 771 0580 8D060000 		.4byte	0x68d
 772 0584 00       		.byte	0
 773 0585 0D       		.uleb128 0xd
 774 0586 35010000 		.4byte	.LASF40
 775 058a 0C       		.byte	0xc
 776 058b 8B       		.byte	0x8b
 777 058c 1E       		.byte	0x1e
 778 058d 93060000 		.4byte	0x693
 779 0591 04       		.byte	0x4
 780 0592 00       		.byte	0
 781 0593 13       		.uleb128 0x13
 782 0594 08       		.byte	0x8
 783 0595 0C       		.byte	0xc
 784 0596 90       		.byte	0x90
 785 0597 0C       		.byte	0xc
 786 0598 B6050000 		.4byte	0x5b6
 787 059c 0C       		.uleb128 0xc
 788 059d 747000   		.ascii	"tp\000"
 789 05a0 0C       		.byte	0xc
 790 05a1 94       		.byte	0x94
 791 05a2 1E       		.byte	0x1e
 792 05a3 8D060000 		.4byte	0x68d
 793 05a7 00       		.byte	0
 794 05a8 0C       		.uleb128 0xc
 795 05a9 6D736700 		.ascii	"msg\000"
 796 05ad 0C       		.byte	0xc
 797 05ae 98       		.byte	0x98
 798 05af 1D       		.byte	0x1d
ARM GAS  /tmp/ccXPGahD.s 			page 15


 799 05b0 78010000 		.4byte	0x178
 800 05b4 04       		.byte	0x4
 801 05b5 00       		.byte	0
 802 05b6 13       		.uleb128 0x13
 803 05b7 04       		.byte	0x4
 804 05b8 0C       		.byte	0xc
 805 05b9 9D       		.byte	0x9d
 806 05ba 0C       		.byte	0xc
 807 05bb CD050000 		.4byte	0x5cd
 808 05bf 0D       		.uleb128 0xd
 809 05c0 3B030000 		.4byte	.LASF48
 810 05c4 0C       		.byte	0xc
 811 05c5 A1       		.byte	0xa1
 812 05c6 1E       		.byte	0x1e
 813 05c7 1D040000 		.4byte	0x41d
 814 05cb 00       		.byte	0
 815 05cc 00       		.byte	0
 816 05cd 13       		.uleb128 0x13
 817 05ce 04       		.byte	0x4
 818 05cf 0C       		.byte	0xc
 819 05d0 A6       		.byte	0xa6
 820 05d1 0C       		.byte	0xc
 821 05d2 E4050000 		.4byte	0x5e4
 822 05d6 0D       		.uleb128 0xd
 823 05d7 CE020000 		.4byte	.LASF93
 824 05db 0C       		.byte	0xc
 825 05dc AA       		.byte	0xaa
 826 05dd 1E       		.byte	0x1e
 827 05de 1D040000 		.4byte	0x41d
 828 05e2 00       		.byte	0
 829 05e3 00       		.byte	0
 830 05e4 13       		.uleb128 0x13
 831 05e5 08       		.byte	0x8
 832 05e6 0C       		.byte	0xc
 833 05e7 AF       		.byte	0xaf
 834 05e8 0C       		.byte	0xc
 835 05e9 08060000 		.4byte	0x608
 836 05ed 0C       		.uleb128 0xc
 837 05ee 75703100 		.ascii	"up1\000"
 838 05f2 0C       		.byte	0xc
 839 05f3 B3       		.byte	0xb3
 840 05f4 1E       		.byte	0x1e
 841 05f5 93060000 		.4byte	0x693
 842 05f9 00       		.byte	0
 843 05fa 0C       		.uleb128 0xc
 844 05fb 75703200 		.ascii	"up2\000"
 845 05ff 0C       		.byte	0xc
 846 0600 B7       		.byte	0xb7
 847 0601 1E       		.byte	0x1e
 848 0602 93060000 		.4byte	0x693
 849 0606 04       		.byte	0x4
 850 0607 00       		.byte	0
 851 0608 14       		.uleb128 0x14
 852 0609 737700   		.ascii	"sw\000"
 853 060c 0C       		.byte	0xc
 854 060d 8C       		.byte	0x8c
 855 060e 07       		.byte	0x7
ARM GAS  /tmp/ccXPGahD.s 			page 16


 856 060f 6F050000 		.4byte	0x56f
 857 0613 14       		.uleb128 0x14
 858 0614 72647900 		.ascii	"rdy\000"
 859 0618 0C       		.byte	0xc
 860 0619 99       		.byte	0x99
 861 061a 07       		.byte	0x7
 862 061b 93050000 		.4byte	0x593
 863 061f 14       		.uleb128 0x14
 864 0620 69737200 		.ascii	"isr\000"
 865 0624 0C       		.byte	0xc
 866 0625 A2       		.byte	0xa2
 867 0626 07       		.byte	0x7
 868 0627 B6050000 		.4byte	0x5b6
 869 062b 0A       		.uleb128 0xa
 870 062c AB020000 		.4byte	.LASF94
 871 0630 0C       		.byte	0xc
 872 0631 AB       		.byte	0xab
 873 0632 07       		.byte	0x7
 874 0633 CD050000 		.4byte	0x5cd
 875 0637 0A       		.uleb128 0xa
 876 0638 C6030000 		.4byte	.LASF95
 877 063c 0C       		.byte	0xc
 878 063d B8       		.byte	0xb8
 879 063e 07       		.byte	0x7
 880 063f E4050000 		.4byte	0x5e4
 881 0643 00       		.byte	0
 882 0644 15       		.uleb128 0x15
 883 0645 88090000 		.4byte	.LASF96
 884 0649 0C       		.byte	0xc
 885 064a 70       		.byte	0x70
 886 064b 19       		.byte	0x19
 887 064c FD000000 		.4byte	0xfd
 888 0650 04       		.byte	0x4
 889 0651 03       		.byte	0x3
 890 0652 1D       		.byte	0x1d
 891 0653 00       		.byte	0
 892 0654 15       		.uleb128 0x15
 893 0655 010A0000 		.4byte	.LASF50
 894 0659 0C       		.byte	0xc
 895 065a 74       		.byte	0x74
 896 065b 19       		.byte	0x19
 897 065c FD000000 		.4byte	0xfd
 898 0660 04       		.byte	0x4
 899 0661 05       		.byte	0x5
 900 0662 18       		.byte	0x18
 901 0663 00       		.byte	0
 902 0664 15       		.uleb128 0x15
 903 0665 23090000 		.4byte	.LASF97
 904 0669 0C       		.byte	0xc
 905 066a 7A       		.byte	0x7a
 906 066b 19       		.byte	0x19
 907 066c FD000000 		.4byte	0xfd
 908 0670 04       		.byte	0x4
 909 0671 18       		.byte	0x18
 910 0672 00       		.byte	0
 911 0673 00       		.byte	0
 912 0674 0D       		.uleb128 0xd
ARM GAS  /tmp/ccXPGahD.s 			page 17


 913 0675 24030000 		.4byte	.LASF98
 914 0679 0C       		.byte	0xc
 915 067a 7E       		.byte	0x7e
 916 067b 19       		.byte	0x19
 917 067c 40040000 		.4byte	0x440
 918 0680 04       		.byte	0x4
 919 0681 0C       		.uleb128 0xc
 920 0682 7500     		.ascii	"u\000"
 921 0684 0C       		.byte	0xc
 922 0685 B9       		.byte	0xb9
 923 0686 05       		.byte	0x5
 924 0687 66050000 		.4byte	0x566
 925 068b 08       		.byte	0x8
 926 068c 00       		.byte	0
 927 068d 11       		.uleb128 0x11
 928 068e 04       		.byte	0x4
 929 068f A8010000 		.4byte	0x1a8
 930 0693 16       		.uleb128 0x16
 931 0694 04       		.byte	0x4
 932 0695 03       		.uleb128 0x3
 933 0696 1E020000 		.4byte	.LASF99
 934 069a 0C       		.byte	0xc
 935 069b BA       		.byte	0xba
 936 069c 03       		.byte	0x3
 937 069d 59050000 		.4byte	0x559
 938 06a1 17       		.uleb128 0x17
 939 06a2 0808     		.2byte	0x808
 940 06a4 0C       		.byte	0xc
 941 06a5 C0       		.byte	0xc0
 942 06a6 10       		.byte	0x10
 943 06a7 DF050000 		.4byte	.LASF290
 944 06ab E4060000 		.4byte	0x6e4
 945 06af 0D       		.uleb128 0xd
 946 06b0 9F000000 		.4byte	.LASF100
 947 06b4 0C       		.byte	0xc
 948 06b5 C4       		.byte	0xc4
 949 06b6 19       		.byte	0x19
 950 06b7 E5000000 		.4byte	0xe5
 951 06bb 00       		.byte	0
 952 06bc 0D       		.uleb128 0xd
 953 06bd B6060000 		.4byte	.LASF101
 954 06c1 0C       		.byte	0xc
 955 06c2 C8       		.byte	0xc8
 956 06c3 19       		.byte	0x19
 957 06c4 E5000000 		.4byte	0xe5
 958 06c8 02       		.byte	0x2
 959 06c9 0C       		.uleb128 0xc
 960 06ca 70747200 		.ascii	"ptr\000"
 961 06ce 0C       		.byte	0xc
 962 06cf CC       		.byte	0xcc
 963 06d0 1A       		.byte	0x1a
 964 06d1 E4060000 		.4byte	0x6e4
 965 06d5 04       		.byte	0x4
 966 06d6 0D       		.uleb128 0xd
 967 06d7 98000000 		.4byte	.LASF102
 968 06db 0C       		.byte	0xc
 969 06dc D0       		.byte	0xd0
ARM GAS  /tmp/ccXPGahD.s 			page 18


 970 06dd 19       		.byte	0x19
 971 06de EA060000 		.4byte	0x6ea
 972 06e2 08       		.byte	0x8
 973 06e3 00       		.byte	0
 974 06e4 11       		.uleb128 0x11
 975 06e5 04       		.byte	0x4
 976 06e6 95060000 		.4byte	0x695
 977 06ea 18       		.uleb128 0x18
 978 06eb 95060000 		.4byte	0x695
 979 06ef FA060000 		.4byte	0x6fa
 980 06f3 19       		.uleb128 0x19
 981 06f4 30000000 		.4byte	0x30
 982 06f8 7F       		.byte	0x7f
 983 06f9 00       		.byte	0
 984 06fa 03       		.uleb128 0x3
 985 06fb 09070000 		.4byte	.LASF103
 986 06ff 0C       		.byte	0xc
 987 0700 D1       		.byte	0xd1
 988 0701 03       		.byte	0x3
 989 0702 A1060000 		.4byte	0x6a1
 990 0706 1A       		.uleb128 0x1a
 991 0707 AC02     		.2byte	0x2ac
 992 0709 0D       		.byte	0xd
 993 070a C801     		.2byte	0x1c8
 994 070c 01       		.byte	0x1
 995 070d 96040000 		.4byte	.LASF291
 996 0711 EA090000 		.4byte	0x9ea
 997 0715 0F       		.uleb128 0xf
 998 0716 09040000 		.4byte	.LASF104
 999 071a 0D       		.byte	0xd
 1000 071b C901     		.2byte	0x1c9
 1001 071d 12       		.byte	0x12
 1002 071e 0E010000 		.4byte	0x10e
 1003 0722 00       		.byte	0
 1004 0723 0F       		.uleb128 0xf
 1005 0724 F2080000 		.4byte	.LASF105
 1006 0728 0D       		.byte	0xd
 1007 0729 CA01     		.2byte	0x1ca
 1008 072b 12       		.byte	0x12
 1009 072c 09010000 		.4byte	0x109
 1010 0730 04       		.byte	0x4
 1011 0731 0F       		.uleb128 0xf
 1012 0732 E3080000 		.4byte	.LASF106
 1013 0736 0D       		.byte	0xd
 1014 0737 CB01     		.2byte	0x1cb
 1015 0739 12       		.byte	0x12
 1016 073a 09010000 		.4byte	0x109
 1017 073e 08       		.byte	0x8
 1018 073f 0F       		.uleb128 0xf
 1019 0740 4B050000 		.4byte	.LASF107
 1020 0744 0D       		.byte	0xd
 1021 0745 CC01     		.2byte	0x1cc
 1022 0747 12       		.byte	0x12
 1023 0748 09010000 		.4byte	0x109
 1024 074c 0C       		.byte	0xc
 1025 074d 0E       		.uleb128 0xe
 1026 074e 53435200 		.ascii	"SCR\000"
ARM GAS  /tmp/ccXPGahD.s 			page 19


 1027 0752 0D       		.byte	0xd
 1028 0753 CD01     		.2byte	0x1cd
 1029 0755 12       		.byte	0x12
 1030 0756 09010000 		.4byte	0x109
 1031 075a 10       		.byte	0x10
 1032 075b 0E       		.uleb128 0xe
 1033 075c 43435200 		.ascii	"CCR\000"
 1034 0760 0D       		.byte	0xd
 1035 0761 CE01     		.2byte	0x1ce
 1036 0763 12       		.byte	0x12
 1037 0764 09010000 		.4byte	0x109
 1038 0768 14       		.byte	0x14
 1039 0769 0F       		.uleb128 0xf
 1040 076a 0F040000 		.4byte	.LASF108
 1041 076e 0D       		.byte	0xd
 1042 076f CF01     		.2byte	0x1cf
 1043 0771 12       		.byte	0x12
 1044 0772 FA090000 		.4byte	0x9fa
 1045 0776 18       		.byte	0x18
 1046 0777 0F       		.uleb128 0xf
 1047 0778 CE070000 		.4byte	.LASF109
 1048 077c 0D       		.byte	0xd
 1049 077d D001     		.2byte	0x1d0
 1050 077f 12       		.byte	0x12
 1051 0780 09010000 		.4byte	0x109
 1052 0784 24       		.byte	0x24
 1053 0785 0F       		.uleb128 0xf
 1054 0786 50060000 		.4byte	.LASF110
 1055 078a 0D       		.byte	0xd
 1056 078b D101     		.2byte	0x1d1
 1057 078d 12       		.byte	0x12
 1058 078e 09010000 		.4byte	0x109
 1059 0792 28       		.byte	0x28
 1060 0793 0F       		.uleb128 0xf
 1061 0794 A0040000 		.4byte	.LASF111
 1062 0798 0D       		.byte	0xd
 1063 0799 D201     		.2byte	0x1d2
 1064 079b 12       		.byte	0x12
 1065 079c 09010000 		.4byte	0x109
 1066 07a0 2C       		.byte	0x2c
 1067 07a1 0F       		.uleb128 0xf
 1068 07a2 03010000 		.4byte	.LASF112
 1069 07a6 0D       		.byte	0xd
 1070 07a7 D301     		.2byte	0x1d3
 1071 07a9 12       		.byte	0x12
 1072 07aa 09010000 		.4byte	0x109
 1073 07ae 30       		.byte	0x30
 1074 07af 0F       		.uleb128 0xf
 1075 07b0 9D070000 		.4byte	.LASF113
 1076 07b4 0D       		.byte	0xd
 1077 07b5 D401     		.2byte	0x1d4
 1078 07b7 12       		.byte	0x12
 1079 07b8 09010000 		.4byte	0x109
 1080 07bc 34       		.byte	0x34
 1081 07bd 0F       		.uleb128 0xf
 1082 07be B70A0000 		.4byte	.LASF114
 1083 07c2 0D       		.byte	0xd
ARM GAS  /tmp/ccXPGahD.s 			page 20


 1084 07c3 D501     		.2byte	0x1d5
 1085 07c5 12       		.byte	0x12
 1086 07c6 09010000 		.4byte	0x109
 1087 07ca 38       		.byte	0x38
 1088 07cb 0F       		.uleb128 0xf
 1089 07cc 4B040000 		.4byte	.LASF115
 1090 07d0 0D       		.byte	0xd
 1091 07d1 D601     		.2byte	0x1d6
 1092 07d3 12       		.byte	0x12
 1093 07d4 09010000 		.4byte	0x109
 1094 07d8 3C       		.byte	0x3c
 1095 07d9 0F       		.uleb128 0xf
 1096 07da C5060000 		.4byte	.LASF116
 1097 07de 0D       		.byte	0xd
 1098 07df D701     		.2byte	0x1d7
 1099 07e1 12       		.byte	0x12
 1100 07e2 140A0000 		.4byte	0xa14
 1101 07e6 40       		.byte	0x40
 1102 07e7 0F       		.uleb128 0xf
 1103 07e8 3D050000 		.4byte	.LASF117
 1104 07ec 0D       		.byte	0xd
 1105 07ed D801     		.2byte	0x1d8
 1106 07ef 12       		.byte	0x12
 1107 07f0 0E010000 		.4byte	0x10e
 1108 07f4 48       		.byte	0x48
 1109 07f5 0F       		.uleb128 0xf
 1110 07f6 C7020000 		.4byte	.LASF118
 1111 07fa 0D       		.byte	0xd
 1112 07fb D901     		.2byte	0x1d9
 1113 07fd 12       		.byte	0x12
 1114 07fe 0E010000 		.4byte	0x10e
 1115 0802 4C       		.byte	0x4c
 1116 0803 0F       		.uleb128 0xf
 1117 0804 EE030000 		.4byte	.LASF119
 1118 0808 0D       		.byte	0xd
 1119 0809 DA01     		.2byte	0x1da
 1120 080b 12       		.byte	0x12
 1121 080c 2E0A0000 		.4byte	0xa2e
 1122 0810 50       		.byte	0x50
 1123 0811 0F       		.uleb128 0xf
 1124 0812 34070000 		.4byte	.LASF120
 1125 0816 0D       		.byte	0xd
 1126 0817 DB01     		.2byte	0x1db
 1127 0819 12       		.byte	0x12
 1128 081a 480A0000 		.4byte	0xa48
 1129 081e 60       		.byte	0x60
 1130 081f 0F       		.uleb128 0xf
 1131 0820 BA070000 		.4byte	.LASF121
 1132 0824 0D       		.byte	0xd
 1133 0825 DC01     		.2byte	0x1dc
 1134 0827 12       		.byte	0x12
 1135 0828 4D0A0000 		.4byte	0xa4d
 1136 082c 74       		.byte	0x74
 1137 082d 0F       		.uleb128 0xf
 1138 082e C60A0000 		.4byte	.LASF122
 1139 0832 0D       		.byte	0xd
 1140 0833 DD01     		.2byte	0x1dd
ARM GAS  /tmp/ccXPGahD.s 			page 21


 1141 0835 12       		.byte	0x12
 1142 0836 0E010000 		.4byte	0x10e
 1143 083a 78       		.byte	0x78
 1144 083b 0E       		.uleb128 0xe
 1145 083c 43545200 		.ascii	"CTR\000"
 1146 0840 0D       		.byte	0xd
 1147 0841 DE01     		.2byte	0x1de
 1148 0843 12       		.byte	0x12
 1149 0844 0E010000 		.4byte	0x10e
 1150 0848 7C       		.byte	0x7c
 1151 0849 0F       		.uleb128 0xf
 1152 084a 0F010000 		.4byte	.LASF123
 1153 084e 0D       		.byte	0xd
 1154 084f DF01     		.2byte	0x1df
 1155 0851 12       		.byte	0x12
 1156 0852 0E010000 		.4byte	0x10e
 1157 0856 80       		.byte	0x80
 1158 0857 0F       		.uleb128 0xf
 1159 0858 10060000 		.4byte	.LASF124
 1160 085c 0D       		.byte	0xd
 1161 085d E001     		.2byte	0x1e0
 1162 085f 12       		.byte	0x12
 1163 0860 09010000 		.4byte	0x109
 1164 0864 84       		.byte	0x84
 1165 0865 0F       		.uleb128 0xf
 1166 0866 610C0000 		.4byte	.LASF125
 1167 086a 0D       		.byte	0xd
 1168 086b E101     		.2byte	0x1e1
 1169 086d 12       		.byte	0x12
 1170 086e 09010000 		.4byte	0x109
 1171 0872 88       		.byte	0x88
 1172 0873 0F       		.uleb128 0xf
 1173 0874 D4070000 		.4byte	.LASF126
 1174 0878 0D       		.byte	0xd
 1175 0879 E201     		.2byte	0x1e2
 1176 087b 12       		.byte	0x12
 1177 087c 5D0A0000 		.4byte	0xa5d
 1178 0880 8C       		.byte	0x8c
 1179 0881 1B       		.uleb128 0x1b
 1180 0882 04060000 		.4byte	.LASF127
 1181 0886 0D       		.byte	0xd
 1182 0887 E301     		.2byte	0x1e3
 1183 0889 12       		.byte	0x12
 1184 088a 09010000 		.4byte	0x109
 1185 088e 0002     		.2byte	0x200
 1186 0890 1B       		.uleb128 0x1b
 1187 0891 DE070000 		.4byte	.LASF128
 1188 0895 0D       		.byte	0xd
 1189 0896 E401     		.2byte	0x1e4
 1190 0898 12       		.byte	0x12
 1191 0899 6D0A0000 		.4byte	0xa6d
 1192 089d 0402     		.2byte	0x204
 1193 089f 1B       		.uleb128 0x1b
 1194 08a0 9E0A0000 		.4byte	.LASF129
 1195 08a4 0D       		.byte	0xd
 1196 08a5 E501     		.2byte	0x1e5
 1197 08a7 12       		.byte	0x12
ARM GAS  /tmp/ccXPGahD.s 			page 22


 1198 08a8 0E010000 		.4byte	0x10e
 1199 08ac 4002     		.2byte	0x240
 1200 08ae 1B       		.uleb128 0x1b
 1201 08af 33060000 		.4byte	.LASF130
 1202 08b3 0D       		.byte	0xd
 1203 08b4 E601     		.2byte	0x1e6
 1204 08b6 12       		.byte	0x12
 1205 08b7 0E010000 		.4byte	0x10e
 1206 08bb 4402     		.2byte	0x244
 1207 08bd 1B       		.uleb128 0x1b
 1208 08be A40A0000 		.4byte	.LASF131
 1209 08c2 0D       		.byte	0xd
 1210 08c3 E701     		.2byte	0x1e7
 1211 08c5 12       		.byte	0x12
 1212 08c6 0E010000 		.4byte	0x10e
 1213 08ca 4802     		.2byte	0x248
 1214 08cc 1B       		.uleb128 0x1b
 1215 08cd F10A0000 		.4byte	.LASF132
 1216 08d1 0D       		.byte	0xd
 1217 08d2 E801     		.2byte	0x1e8
 1218 08d4 12       		.byte	0x12
 1219 08d5 4D0A0000 		.4byte	0xa4d
 1220 08d9 4C02     		.2byte	0x24c
 1221 08db 1B       		.uleb128 0x1b
 1222 08dc FB000000 		.4byte	.LASF133
 1223 08e0 0D       		.byte	0xd
 1224 08e1 E901     		.2byte	0x1e9
 1225 08e3 12       		.byte	0x12
 1226 08e4 09010000 		.4byte	0x109
 1227 08e8 5002     		.2byte	0x250
 1228 08ea 1B       		.uleb128 0x1b
 1229 08eb E8070000 		.4byte	.LASF134
 1230 08ef 0D       		.byte	0xd
 1231 08f0 EA01     		.2byte	0x1ea
 1232 08f2 12       		.byte	0x12
 1233 08f3 4D0A0000 		.4byte	0xa4d
 1234 08f7 5402     		.2byte	0x254
 1235 08f9 1B       		.uleb128 0x1b
 1236 08fa 23040000 		.4byte	.LASF135
 1237 08fe 0D       		.byte	0xd
 1238 08ff EB01     		.2byte	0x1eb
 1239 0901 12       		.byte	0x12
 1240 0902 09010000 		.4byte	0x109
 1241 0906 5802     		.2byte	0x258
 1242 0908 1B       		.uleb128 0x1b
 1243 0909 04050000 		.4byte	.LASF136
 1244 090d 0D       		.byte	0xd
 1245 090e EC01     		.2byte	0x1ec
 1246 0910 12       		.byte	0x12
 1247 0911 09010000 		.4byte	0x109
 1248 0915 5C02     		.2byte	0x25c
 1249 0917 1B       		.uleb128 0x1b
 1250 0918 92000000 		.4byte	.LASF137
 1251 091c 0D       		.byte	0xd
 1252 091d ED01     		.2byte	0x1ed
 1253 091f 12       		.byte	0x12
 1254 0920 09010000 		.4byte	0x109
ARM GAS  /tmp/ccXPGahD.s 			page 23


 1255 0924 6002     		.2byte	0x260
 1256 0926 1B       		.uleb128 0x1b
 1257 0927 62060000 		.4byte	.LASF138
 1258 092b 0D       		.byte	0xd
 1259 092c EE01     		.2byte	0x1ee
 1260 092e 12       		.byte	0x12
 1261 092f 09010000 		.4byte	0x109
 1262 0933 6402     		.2byte	0x264
 1263 0935 1B       		.uleb128 0x1b
 1264 0936 42060000 		.4byte	.LASF139
 1265 093a 0D       		.byte	0xd
 1266 093b EF01     		.2byte	0x1ef
 1267 093d 12       		.byte	0x12
 1268 093e 09010000 		.4byte	0x109
 1269 0942 6802     		.2byte	0x268
 1270 0944 1B       		.uleb128 0x1b
 1271 0945 13000000 		.4byte	.LASF140
 1272 0949 0D       		.byte	0xd
 1273 094a F001     		.2byte	0x1f0
 1274 094c 12       		.byte	0x12
 1275 094d 09010000 		.4byte	0x109
 1276 0951 6C02     		.2byte	0x26c
 1277 0953 1B       		.uleb128 0x1b
 1278 0954 39060000 		.4byte	.LASF141
 1279 0958 0D       		.byte	0xd
 1280 0959 F101     		.2byte	0x1f1
 1281 095b 12       		.byte	0x12
 1282 095c 09010000 		.4byte	0x109
 1283 0960 7002     		.2byte	0x270
 1284 0962 1B       		.uleb128 0x1b
 1285 0963 09060000 		.4byte	.LASF142
 1286 0967 0D       		.byte	0xd
 1287 0968 F201     		.2byte	0x1f2
 1288 096a 12       		.byte	0x12
 1289 096b 09010000 		.4byte	0x109
 1290 096f 7402     		.2byte	0x274
 1291 0971 1B       		.uleb128 0x1b
 1292 0972 090B0000 		.4byte	.LASF143
 1293 0976 0D       		.byte	0xd
 1294 0977 F301     		.2byte	0x1f3
 1295 0979 12       		.byte	0x12
 1296 097a 7D0A0000 		.4byte	0xa7d
 1297 097e 7802     		.2byte	0x278
 1298 0980 1B       		.uleb128 0x1b
 1299 0981 630A0000 		.4byte	.LASF144
 1300 0985 0D       		.byte	0xd
 1301 0986 F401     		.2byte	0x1f4
 1302 0988 12       		.byte	0x12
 1303 0989 09010000 		.4byte	0x109
 1304 098d 9002     		.2byte	0x290
 1305 098f 1B       		.uleb128 0x1b
 1306 0990 20010000 		.4byte	.LASF145
 1307 0994 0D       		.byte	0xd
 1308 0995 F501     		.2byte	0x1f5
 1309 0997 12       		.byte	0x12
 1310 0998 09010000 		.4byte	0x109
 1311 099c 9402     		.2byte	0x294
ARM GAS  /tmp/ccXPGahD.s 			page 24


 1312 099e 1B       		.uleb128 0x1b
 1313 099f F4000000 		.4byte	.LASF146
 1314 09a3 0D       		.byte	0xd
 1315 09a4 F601     		.2byte	0x1f6
 1316 09a6 12       		.byte	0x12
 1317 09a7 09010000 		.4byte	0x109
 1318 09ab 9802     		.2byte	0x298
 1319 09ad 1B       		.uleb128 0x1b
 1320 09ae F0050000 		.4byte	.LASF147
 1321 09b2 0D       		.byte	0xd
 1322 09b3 F701     		.2byte	0x1f7
 1323 09b5 12       		.byte	0x12
 1324 09b6 09010000 		.4byte	0x109
 1325 09ba 9C02     		.2byte	0x29c
 1326 09bc 1B       		.uleb128 0x1b
 1327 09bd 01030000 		.4byte	.LASF148
 1328 09c1 0D       		.byte	0xd
 1329 09c2 F801     		.2byte	0x1f8
 1330 09c4 12       		.byte	0x12
 1331 09c5 09010000 		.4byte	0x109
 1332 09c9 A002     		.2byte	0x2a0
 1333 09cb 1B       		.uleb128 0x1b
 1334 09cc F8070000 		.4byte	.LASF149
 1335 09d0 0D       		.byte	0xd
 1336 09d1 F901     		.2byte	0x1f9
 1337 09d3 12       		.byte	0x12
 1338 09d4 4D0A0000 		.4byte	0xa4d
 1339 09d8 A402     		.2byte	0x2a4
 1340 09da 1B       		.uleb128 0x1b
 1341 09db F2070000 		.4byte	.LASF150
 1342 09df 0D       		.byte	0xd
 1343 09e0 FA01     		.2byte	0x1fa
 1344 09e2 12       		.byte	0x12
 1345 09e3 09010000 		.4byte	0x109
 1346 09e7 A802     		.2byte	0x2a8
 1347 09e9 00       		.byte	0
 1348 09ea 18       		.uleb128 0x18
 1349 09eb CF000000 		.4byte	0xcf
 1350 09ef FA090000 		.4byte	0x9fa
 1351 09f3 19       		.uleb128 0x19
 1352 09f4 30000000 		.4byte	0x30
 1353 09f8 0B       		.byte	0xb
 1354 09f9 00       		.byte	0
 1355 09fa 06       		.uleb128 0x6
 1356 09fb EA090000 		.4byte	0x9ea
 1357 09ff 18       		.uleb128 0x18
 1358 0a00 0E010000 		.4byte	0x10e
 1359 0a04 0F0A0000 		.4byte	0xa0f
 1360 0a08 19       		.uleb128 0x19
 1361 0a09 30000000 		.4byte	0x30
 1362 0a0d 01       		.byte	0x1
 1363 0a0e 00       		.byte	0
 1364 0a0f 07       		.uleb128 0x7
 1365 0a10 FF090000 		.4byte	0x9ff
 1366 0a14 06       		.uleb128 0x6
 1367 0a15 0F0A0000 		.4byte	0xa0f
 1368 0a19 18       		.uleb128 0x18
ARM GAS  /tmp/ccXPGahD.s 			page 25


 1369 0a1a 0E010000 		.4byte	0x10e
 1370 0a1e 290A0000 		.4byte	0xa29
 1371 0a22 19       		.uleb128 0x19
 1372 0a23 30000000 		.4byte	0x30
 1373 0a27 03       		.byte	0x3
 1374 0a28 00       		.byte	0
 1375 0a29 07       		.uleb128 0x7
 1376 0a2a 190A0000 		.4byte	0xa19
 1377 0a2e 06       		.uleb128 0x6
 1378 0a2f 290A0000 		.4byte	0xa29
 1379 0a33 18       		.uleb128 0x18
 1380 0a34 0E010000 		.4byte	0x10e
 1381 0a38 430A0000 		.4byte	0xa43
 1382 0a3c 19       		.uleb128 0x19
 1383 0a3d 30000000 		.4byte	0x30
 1384 0a41 04       		.byte	0x4
 1385 0a42 00       		.byte	0
 1386 0a43 07       		.uleb128 0x7
 1387 0a44 330A0000 		.4byte	0xa33
 1388 0a48 06       		.uleb128 0x6
 1389 0a49 430A0000 		.4byte	0xa43
 1390 0a4d 18       		.uleb128 0x18
 1391 0a4e FD000000 		.4byte	0xfd
 1392 0a52 5D0A0000 		.4byte	0xa5d
 1393 0a56 19       		.uleb128 0x19
 1394 0a57 30000000 		.4byte	0x30
 1395 0a5b 00       		.byte	0
 1396 0a5c 00       		.byte	0
 1397 0a5d 18       		.uleb128 0x18
 1398 0a5e FD000000 		.4byte	0xfd
 1399 0a62 6D0A0000 		.4byte	0xa6d
 1400 0a66 19       		.uleb128 0x19
 1401 0a67 30000000 		.4byte	0x30
 1402 0a6b 5C       		.byte	0x5c
 1403 0a6c 00       		.byte	0
 1404 0a6d 18       		.uleb128 0x18
 1405 0a6e FD000000 		.4byte	0xfd
 1406 0a72 7D0A0000 		.4byte	0xa7d
 1407 0a76 19       		.uleb128 0x19
 1408 0a77 30000000 		.4byte	0x30
 1409 0a7b 0E       		.byte	0xe
 1410 0a7c 00       		.byte	0
 1411 0a7d 18       		.uleb128 0x18
 1412 0a7e FD000000 		.4byte	0xfd
 1413 0a82 8D0A0000 		.4byte	0xa8d
 1414 0a86 19       		.uleb128 0x19
 1415 0a87 30000000 		.4byte	0x30
 1416 0a8b 05       		.byte	0x5
 1417 0a8c 00       		.byte	0
 1418 0a8d 1C       		.uleb128 0x1c
 1419 0a8e C6080000 		.4byte	.LASF151
 1420 0a92 0D       		.byte	0xd
 1421 0a93 FB01     		.2byte	0x1fb
 1422 0a95 03       		.byte	0x3
 1423 0a96 06070000 		.4byte	0x706
 1424 0a9a 1D       		.uleb128 0x1d
 1425 0a9b 18       		.byte	0x18
ARM GAS  /tmp/ccXPGahD.s 			page 26


 1426 0a9c 0E       		.byte	0xe
 1427 0a9d 3202     		.2byte	0x232
 1428 0a9f 01       		.byte	0x1
 1429 0aa0 5B020000 		.4byte	.LASF156
 1430 0aa4 FC0A0000 		.4byte	0xafc
 1431 0aa8 0E       		.uleb128 0xe
 1432 0aa9 435200   		.ascii	"CR\000"
 1433 0aac 0E       		.byte	0xe
 1434 0aad 3302     		.2byte	0x233
 1435 0aaf 11       		.byte	0x11
 1436 0ab0 09010000 		.4byte	0x109
 1437 0ab4 00       		.byte	0
 1438 0ab5 0F       		.uleb128 0xf
 1439 0ab6 6E010000 		.4byte	.LASF152
 1440 0aba 0E       		.byte	0xe
 1441 0abb 3402     		.2byte	0x234
 1442 0abd 11       		.byte	0x11
 1443 0abe 09010000 		.4byte	0x109
 1444 0ac2 04       		.byte	0x4
 1445 0ac3 0E       		.uleb128 0xe
 1446 0ac4 50415200 		.ascii	"PAR\000"
 1447 0ac8 0E       		.byte	0xe
 1448 0ac9 3502     		.2byte	0x235
 1449 0acb 11       		.byte	0x11
 1450 0acc 09010000 		.4byte	0x109
 1451 0ad0 08       		.byte	0x8
 1452 0ad1 0F       		.uleb128 0xf
 1453 0ad2 5A040000 		.4byte	.LASF153
 1454 0ad6 0E       		.byte	0xe
 1455 0ad7 3602     		.2byte	0x236
 1456 0ad9 11       		.byte	0x11
 1457 0ada 09010000 		.4byte	0x109
 1458 0ade 0C       		.byte	0xc
 1459 0adf 0F       		.uleb128 0xf
 1460 0ae0 E8080000 		.4byte	.LASF154
 1461 0ae4 0E       		.byte	0xe
 1462 0ae5 3702     		.2byte	0x237
 1463 0ae7 11       		.byte	0x11
 1464 0ae8 09010000 		.4byte	0x109
 1465 0aec 10       		.byte	0x10
 1466 0aed 0E       		.uleb128 0xe
 1467 0aee 46435200 		.ascii	"FCR\000"
 1468 0af2 0E       		.byte	0xe
 1469 0af3 3802     		.2byte	0x238
 1470 0af5 11       		.byte	0x11
 1471 0af6 09010000 		.4byte	0x109
 1472 0afa 14       		.byte	0x14
 1473 0afb 00       		.byte	0
 1474 0afc 1C       		.uleb128 0x1c
 1475 0afd A3060000 		.4byte	.LASF155
 1476 0b01 0E       		.byte	0xe
 1477 0b02 3902     		.2byte	0x239
 1478 0b04 03       		.byte	0x3
 1479 0b05 9A0A0000 		.4byte	0xa9a
 1480 0b09 1D       		.uleb128 0x1d
 1481 0b0a 04       		.byte	0x4
 1482 0b0b 0E       		.byte	0xe
ARM GAS  /tmp/ccXPGahD.s 			page 27


 1483 0b0c 5302     		.2byte	0x253
 1484 0b0e 01       		.byte	0x1
 1485 0b0f D5010000 		.4byte	.LASF157
 1486 0b13 260B0000 		.4byte	0xb26
 1487 0b17 0E       		.uleb128 0xe
 1488 0b18 43435200 		.ascii	"CCR\000"
 1489 0b1c 0E       		.byte	0xe
 1490 0b1d 5402     		.2byte	0x254
 1491 0b1f 12       		.byte	0x12
 1492 0b20 09010000 		.4byte	0x109
 1493 0b24 00       		.byte	0
 1494 0b25 00       		.byte	0
 1495 0b26 1C       		.uleb128 0x1c
 1496 0b27 8C060000 		.4byte	.LASF158
 1497 0b2b 0E       		.byte	0xe
 1498 0b2c 5502     		.2byte	0x255
 1499 0b2e 02       		.byte	0x2
 1500 0b2f 090B0000 		.4byte	0xb09
 1501 0b33 18       		.uleb128 0x18
 1502 0b34 FD000000 		.4byte	0xfd
 1503 0b38 430B0000 		.4byte	0xb43
 1504 0b3c 19       		.uleb128 0x19
 1505 0b3d 30000000 		.4byte	0x30
 1506 0b41 02       		.byte	0x2
 1507 0b42 00       		.byte	0
 1508 0b43 1D       		.uleb128 0x1d
 1509 0b44 54       		.byte	0x54
 1510 0b45 0E       		.byte	0xe
 1511 0b46 C605     		.2byte	0x5c6
 1512 0b48 01       		.byte	0x1
 1513 0b49 FB0A0000 		.4byte	.LASF159
 1514 0b4d 3F0C0000 		.4byte	0xc3f
 1515 0b51 0E       		.uleb128 0xe
 1516 0b52 43523100 		.ascii	"CR1\000"
 1517 0b56 0E       		.byte	0xe
 1518 0b57 C705     		.2byte	0x5c7
 1519 0b59 11       		.byte	0x11
 1520 0b5a 09010000 		.4byte	0x109
 1521 0b5e 00       		.byte	0
 1522 0b5f 0E       		.uleb128 0xe
 1523 0b60 43523200 		.ascii	"CR2\000"
 1524 0b64 0E       		.byte	0xe
 1525 0b65 C805     		.2byte	0x5c8
 1526 0b67 11       		.byte	0x11
 1527 0b68 09010000 		.4byte	0x109
 1528 0b6c 04       		.byte	0x4
 1529 0b6d 0F       		.uleb128 0xf
 1530 0b6e 30080000 		.4byte	.LASF160
 1531 0b72 0E       		.byte	0xe
 1532 0b73 C905     		.2byte	0x5c9
 1533 0b75 11       		.byte	0x11
 1534 0b76 09010000 		.4byte	0x109
 1535 0b7a 08       		.byte	0x8
 1536 0b7b 0F       		.uleb128 0xf
 1537 0b7c 35080000 		.4byte	.LASF161
 1538 0b80 0E       		.byte	0xe
 1539 0b81 CA05     		.2byte	0x5ca
ARM GAS  /tmp/ccXPGahD.s 			page 28


 1540 0b83 11       		.byte	0x11
 1541 0b84 09010000 		.4byte	0x109
 1542 0b88 0C       		.byte	0xc
 1543 0b89 0E       		.uleb128 0xe
 1544 0b8a 49455200 		.ascii	"IER\000"
 1545 0b8e 0E       		.byte	0xe
 1546 0b8f CB05     		.2byte	0x5cb
 1547 0b91 11       		.byte	0x11
 1548 0b92 09010000 		.4byte	0x109
 1549 0b96 10       		.byte	0x10
 1550 0b97 0E       		.uleb128 0xe
 1551 0b98 535200   		.ascii	"SR\000"
 1552 0b9b 0E       		.byte	0xe
 1553 0b9c CC05     		.2byte	0x5cc
 1554 0b9e 11       		.byte	0x11
 1555 0b9f 09010000 		.4byte	0x109
 1556 0ba3 14       		.byte	0x14
 1557 0ba4 0F       		.uleb128 0xf
 1558 0ba5 990A0000 		.4byte	.LASF162
 1559 0ba9 0E       		.byte	0xe
 1560 0baa CD05     		.2byte	0x5cd
 1561 0bac 11       		.byte	0x11
 1562 0bad 09010000 		.4byte	0x109
 1563 0bb1 18       		.byte	0x18
 1564 0bb2 0F       		.uleb128 0xf
 1565 0bb3 BA070000 		.4byte	.LASF121
 1566 0bb7 0E       		.byte	0xe
 1567 0bb8 CE05     		.2byte	0x5ce
 1568 0bba 11       		.byte	0x11
 1569 0bbb FD000000 		.4byte	0xfd
 1570 0bbf 1C       		.byte	0x1c
 1571 0bc0 0F       		.uleb128 0xf
 1572 0bc1 DA050000 		.4byte	.LASF163
 1573 0bc5 0E       		.byte	0xe
 1574 0bc6 CF05     		.2byte	0x5cf
 1575 0bc8 11       		.byte	0x11
 1576 0bc9 09010000 		.4byte	0x109
 1577 0bcd 20       		.byte	0x20
 1578 0bce 0F       		.uleb128 0xf
 1579 0bcf C4070000 		.4byte	.LASF164
 1580 0bd3 0E       		.byte	0xe
 1581 0bd4 D005     		.2byte	0x5d0
 1582 0bd6 11       		.byte	0x11
 1583 0bd7 330B0000 		.4byte	0xb33
 1584 0bdb 24       		.byte	0x24
 1585 0bdc 0F       		.uleb128 0xf
 1586 0bdd E1030000 		.4byte	.LASF165
 1587 0be1 0E       		.byte	0xe
 1588 0be2 D105     		.2byte	0x5d1
 1589 0be4 11       		.byte	0x11
 1590 0be5 09010000 		.4byte	0x109
 1591 0be9 30       		.byte	0x30
 1592 0bea 0F       		.uleb128 0xf
 1593 0beb CC0A0000 		.4byte	.LASF166
 1594 0bef 0E       		.byte	0xe
 1595 0bf0 D205     		.2byte	0x5d2
 1596 0bf2 11       		.byte	0x11
ARM GAS  /tmp/ccXPGahD.s 			page 29


 1597 0bf3 330B0000 		.4byte	0xb33
 1598 0bf7 34       		.byte	0x34
 1599 0bf8 0F       		.uleb128 0xf
 1600 0bf9 28080000 		.4byte	.LASF167
 1601 0bfd 0E       		.byte	0xe
 1602 0bfe D305     		.2byte	0x5d3
 1603 0c00 11       		.byte	0x11
 1604 0c01 09010000 		.4byte	0x109
 1605 0c05 40       		.byte	0x40
 1606 0c06 0F       		.uleb128 0xf
 1607 0c07 C3050000 		.4byte	.LASF168
 1608 0c0b 0E       		.byte	0xe
 1609 0c0c D405     		.2byte	0x5d4
 1610 0c0e 11       		.byte	0x11
 1611 0c0f 09010000 		.4byte	0x109
 1612 0c13 44       		.byte	0x44
 1613 0c14 0F       		.uleb128 0xf
 1614 0c15 A5010000 		.4byte	.LASF169
 1615 0c19 0E       		.byte	0xe
 1616 0c1a D505     		.2byte	0x5d5
 1617 0c1c 11       		.byte	0x11
 1618 0c1d 09010000 		.4byte	0x109
 1619 0c21 48       		.byte	0x48
 1620 0c22 0F       		.uleb128 0xf
 1621 0c23 59080000 		.4byte	.LASF170
 1622 0c27 0E       		.byte	0xe
 1623 0c28 D605     		.2byte	0x5d6
 1624 0c2a 11       		.byte	0x11
 1625 0c2b 09010000 		.4byte	0x109
 1626 0c2f 4C       		.byte	0x4c
 1627 0c30 0F       		.uleb128 0xf
 1628 0c31 92080000 		.4byte	.LASF171
 1629 0c35 0E       		.byte	0xe
 1630 0c36 D705     		.2byte	0x5d7
 1631 0c38 11       		.byte	0x11
 1632 0c39 09010000 		.4byte	0x109
 1633 0c3d 50       		.byte	0x50
 1634 0c3e 00       		.byte	0
 1635 0c3f 1C       		.uleb128 0x1c
 1636 0c40 070A0000 		.4byte	.LASF172
 1637 0c44 0E       		.byte	0xe
 1638 0c45 D905     		.2byte	0x5d9
 1639 0c47 03       		.byte	0x3
 1640 0c48 430B0000 		.4byte	0xb43
 1641 0c4c 1E       		.uleb128 0x1e
 1642 0c4d 11080000 		.4byte	.LASF173
 1643 0c51 64       		.byte	0x64
 1644 0c52 0F       		.byte	0xf
 1645 0c53 E001     		.2byte	0x1e0
 1646 0c55 08       		.byte	0x8
 1647 0c56 B20D0000 		.4byte	0xdb2
 1648 0c5a 0E       		.uleb128 0xe
 1649 0c5b 73313600 		.ascii	"s16\000"
 1650 0c5f 0F       		.byte	0xf
 1651 0c60 E801     		.2byte	0x1e8
 1652 0c62 11       		.byte	0x11
 1653 0c63 FD000000 		.4byte	0xfd
ARM GAS  /tmp/ccXPGahD.s 			page 30


 1654 0c67 00       		.byte	0
 1655 0c68 0E       		.uleb128 0xe
 1656 0c69 73313700 		.ascii	"s17\000"
 1657 0c6d 0F       		.byte	0xf
 1658 0c6e E901     		.2byte	0x1e9
 1659 0c70 11       		.byte	0x11
 1660 0c71 FD000000 		.4byte	0xfd
 1661 0c75 04       		.byte	0x4
 1662 0c76 0E       		.uleb128 0xe
 1663 0c77 73313800 		.ascii	"s18\000"
 1664 0c7b 0F       		.byte	0xf
 1665 0c7c EA01     		.2byte	0x1ea
 1666 0c7e 11       		.byte	0x11
 1667 0c7f FD000000 		.4byte	0xfd
 1668 0c83 08       		.byte	0x8
 1669 0c84 0E       		.uleb128 0xe
 1670 0c85 73313900 		.ascii	"s19\000"
 1671 0c89 0F       		.byte	0xf
 1672 0c8a EB01     		.2byte	0x1eb
 1673 0c8c 11       		.byte	0x11
 1674 0c8d FD000000 		.4byte	0xfd
 1675 0c91 0C       		.byte	0xc
 1676 0c92 0E       		.uleb128 0xe
 1677 0c93 73323000 		.ascii	"s20\000"
 1678 0c97 0F       		.byte	0xf
 1679 0c98 EC01     		.2byte	0x1ec
 1680 0c9a 11       		.byte	0x11
 1681 0c9b FD000000 		.4byte	0xfd
 1682 0c9f 10       		.byte	0x10
 1683 0ca0 0E       		.uleb128 0xe
 1684 0ca1 73323100 		.ascii	"s21\000"
 1685 0ca5 0F       		.byte	0xf
 1686 0ca6 ED01     		.2byte	0x1ed
 1687 0ca8 11       		.byte	0x11
 1688 0ca9 FD000000 		.4byte	0xfd
 1689 0cad 14       		.byte	0x14
 1690 0cae 0E       		.uleb128 0xe
 1691 0caf 73323200 		.ascii	"s22\000"
 1692 0cb3 0F       		.byte	0xf
 1693 0cb4 EE01     		.2byte	0x1ee
 1694 0cb6 11       		.byte	0x11
 1695 0cb7 FD000000 		.4byte	0xfd
 1696 0cbb 18       		.byte	0x18
 1697 0cbc 0E       		.uleb128 0xe
 1698 0cbd 73323300 		.ascii	"s23\000"
 1699 0cc1 0F       		.byte	0xf
 1700 0cc2 EF01     		.2byte	0x1ef
 1701 0cc4 11       		.byte	0x11
 1702 0cc5 FD000000 		.4byte	0xfd
 1703 0cc9 1C       		.byte	0x1c
 1704 0cca 0E       		.uleb128 0xe
 1705 0ccb 73323400 		.ascii	"s24\000"
 1706 0ccf 0F       		.byte	0xf
 1707 0cd0 F001     		.2byte	0x1f0
 1708 0cd2 11       		.byte	0x11
 1709 0cd3 FD000000 		.4byte	0xfd
 1710 0cd7 20       		.byte	0x20
ARM GAS  /tmp/ccXPGahD.s 			page 31


 1711 0cd8 0E       		.uleb128 0xe
 1712 0cd9 73323500 		.ascii	"s25\000"
 1713 0cdd 0F       		.byte	0xf
 1714 0cde F101     		.2byte	0x1f1
 1715 0ce0 11       		.byte	0x11
 1716 0ce1 FD000000 		.4byte	0xfd
 1717 0ce5 24       		.byte	0x24
 1718 0ce6 0E       		.uleb128 0xe
 1719 0ce7 73323600 		.ascii	"s26\000"
 1720 0ceb 0F       		.byte	0xf
 1721 0cec F201     		.2byte	0x1f2
 1722 0cee 11       		.byte	0x11
 1723 0cef FD000000 		.4byte	0xfd
 1724 0cf3 28       		.byte	0x28
 1725 0cf4 0E       		.uleb128 0xe
 1726 0cf5 73323700 		.ascii	"s27\000"
 1727 0cf9 0F       		.byte	0xf
 1728 0cfa F301     		.2byte	0x1f3
 1729 0cfc 11       		.byte	0x11
 1730 0cfd FD000000 		.4byte	0xfd
 1731 0d01 2C       		.byte	0x2c
 1732 0d02 0E       		.uleb128 0xe
 1733 0d03 73323800 		.ascii	"s28\000"
 1734 0d07 0F       		.byte	0xf
 1735 0d08 F401     		.2byte	0x1f4
 1736 0d0a 11       		.byte	0x11
 1737 0d0b FD000000 		.4byte	0xfd
 1738 0d0f 30       		.byte	0x30
 1739 0d10 0E       		.uleb128 0xe
 1740 0d11 73323900 		.ascii	"s29\000"
 1741 0d15 0F       		.byte	0xf
 1742 0d16 F501     		.2byte	0x1f5
 1743 0d18 11       		.byte	0x11
 1744 0d19 FD000000 		.4byte	0xfd
 1745 0d1d 34       		.byte	0x34
 1746 0d1e 0E       		.uleb128 0xe
 1747 0d1f 73333000 		.ascii	"s30\000"
 1748 0d23 0F       		.byte	0xf
 1749 0d24 F601     		.2byte	0x1f6
 1750 0d26 11       		.byte	0x11
 1751 0d27 FD000000 		.4byte	0xfd
 1752 0d2b 38       		.byte	0x38
 1753 0d2c 0E       		.uleb128 0xe
 1754 0d2d 73333100 		.ascii	"s31\000"
 1755 0d31 0F       		.byte	0xf
 1756 0d32 F701     		.2byte	0x1f7
 1757 0d34 11       		.byte	0x11
 1758 0d35 FD000000 		.4byte	0xfd
 1759 0d39 3C       		.byte	0x3c
 1760 0d3a 0E       		.uleb128 0xe
 1761 0d3b 723400   		.ascii	"r4\000"
 1762 0d3e 0F       		.byte	0xf
 1763 0d3f F901     		.2byte	0x1f9
 1764 0d41 11       		.byte	0x11
 1765 0d42 FD000000 		.4byte	0xfd
 1766 0d46 40       		.byte	0x40
 1767 0d47 0E       		.uleb128 0xe
ARM GAS  /tmp/ccXPGahD.s 			page 32


 1768 0d48 723500   		.ascii	"r5\000"
 1769 0d4b 0F       		.byte	0xf
 1770 0d4c FA01     		.2byte	0x1fa
 1771 0d4e 11       		.byte	0x11
 1772 0d4f FD000000 		.4byte	0xfd
 1773 0d53 44       		.byte	0x44
 1774 0d54 0E       		.uleb128 0xe
 1775 0d55 723600   		.ascii	"r6\000"
 1776 0d58 0F       		.byte	0xf
 1777 0d59 FB01     		.2byte	0x1fb
 1778 0d5b 11       		.byte	0x11
 1779 0d5c FD000000 		.4byte	0xfd
 1780 0d60 48       		.byte	0x48
 1781 0d61 0E       		.uleb128 0xe
 1782 0d62 723700   		.ascii	"r7\000"
 1783 0d65 0F       		.byte	0xf
 1784 0d66 FC01     		.2byte	0x1fc
 1785 0d68 11       		.byte	0x11
 1786 0d69 FD000000 		.4byte	0xfd
 1787 0d6d 4C       		.byte	0x4c
 1788 0d6e 0E       		.uleb128 0xe
 1789 0d6f 723800   		.ascii	"r8\000"
 1790 0d72 0F       		.byte	0xf
 1791 0d73 FD01     		.2byte	0x1fd
 1792 0d75 11       		.byte	0x11
 1793 0d76 FD000000 		.4byte	0xfd
 1794 0d7a 50       		.byte	0x50
 1795 0d7b 0E       		.uleb128 0xe
 1796 0d7c 723900   		.ascii	"r9\000"
 1797 0d7f 0F       		.byte	0xf
 1798 0d80 FE01     		.2byte	0x1fe
 1799 0d82 11       		.byte	0x11
 1800 0d83 FD000000 		.4byte	0xfd
 1801 0d87 54       		.byte	0x54
 1802 0d88 0E       		.uleb128 0xe
 1803 0d89 72313000 		.ascii	"r10\000"
 1804 0d8d 0F       		.byte	0xf
 1805 0d8e FF01     		.2byte	0x1ff
 1806 0d90 11       		.byte	0x11
 1807 0d91 FD000000 		.4byte	0xfd
 1808 0d95 58       		.byte	0x58
 1809 0d96 0E       		.uleb128 0xe
 1810 0d97 72313100 		.ascii	"r11\000"
 1811 0d9b 0F       		.byte	0xf
 1812 0d9c 0002     		.2byte	0x200
 1813 0d9e 11       		.byte	0x11
 1814 0d9f FD000000 		.4byte	0xfd
 1815 0da3 5C       		.byte	0x5c
 1816 0da4 0E       		.uleb128 0xe
 1817 0da5 6C7200   		.ascii	"lr\000"
 1818 0da8 0F       		.byte	0xf
 1819 0da9 0102     		.2byte	0x201
 1820 0dab 11       		.byte	0x11
 1821 0dac FD000000 		.4byte	0xfd
 1822 0db0 60       		.byte	0x60
 1823 0db1 00       		.byte	0
 1824 0db2 1E       		.uleb128 0x1e
ARM GAS  /tmp/ccXPGahD.s 			page 33


 1825 0db3 49010000 		.4byte	.LASF174
 1826 0db7 04       		.byte	0x4
 1827 0db8 0F       		.byte	0xf
 1828 0db9 0A02     		.2byte	0x20a
 1829 0dbb 08       		.byte	0x8
 1830 0dbc CE0D0000 		.4byte	0xdce
 1831 0dc0 0E       		.uleb128 0xe
 1832 0dc1 737000   		.ascii	"sp\000"
 1833 0dc4 0F       		.byte	0xf
 1834 0dc5 0B02     		.2byte	0x20b
 1835 0dc7 1A       		.byte	0x1a
 1836 0dc8 CE0D0000 		.4byte	0xdce
 1837 0dcc 00       		.byte	0
 1838 0dcd 00       		.byte	0
 1839 0dce 11       		.uleb128 0x11
 1840 0dcf 04       		.byte	0x4
 1841 0dd0 4C0C0000 		.4byte	0xc4c
 1842 0dd4 08       		.uleb128 0x8
 1843 0dd5 70030000 		.4byte	.LASF175
 1844 0dd9 18       		.byte	0x18
 1845 0dda 07       		.byte	0x7
 1846 0ddb 64       		.byte	0x64
 1847 0ddc 10       		.byte	0x10
 1848 0ddd 090E0000 		.4byte	0xe09
 1849 0de1 0D       		.uleb128 0xd
 1850 0de2 8C080000 		.4byte	.LASF176
 1851 0de6 07       		.byte	0x7
 1852 0de7 68       		.byte	0x68
 1853 0de8 21       		.byte	0x21
 1854 0de9 12050000 		.4byte	0x512
 1855 0ded 00       		.byte	0
 1856 0dee 0D       		.uleb128 0xd
 1857 0def 9A080000 		.4byte	.LASF177
 1858 0df3 07       		.byte	0x7
 1859 0df4 73       		.byte	0x73
 1860 0df5 21       		.byte	0x21
 1861 0df6 40040000 		.4byte	0x440
 1862 0dfa 0C       		.byte	0xc
 1863 0dfb 0D       		.uleb128 0xd
 1864 0dfc 73010000 		.4byte	.LASF178
 1865 0e00 07       		.byte	0x7
 1866 0e01 79       		.byte	0x79
 1867 0e02 21       		.byte	0x21
 1868 0e03 1F010000 		.4byte	0x11f
 1869 0e07 10       		.byte	0x10
 1870 0e08 00       		.byte	0
 1871 0e09 03       		.uleb128 0x3
 1872 0e0a B1090000 		.4byte	.LASF179
 1873 0e0e 07       		.byte	0x7
 1874 0e0f 7B       		.byte	0x7b
 1875 0e10 03       		.byte	0x3
 1876 0e11 D40D0000 		.4byte	0xdd4
 1877 0e15 08       		.uleb128 0x8
 1878 0e16 58000000 		.4byte	.LASF180
 1879 0e1a 08       		.byte	0x8
 1880 0e1b 07       		.byte	0x7
 1881 0e1c 80       		.byte	0x80
ARM GAS  /tmp/ccXPGahD.s 			page 34


 1882 0e1d 10       		.byte	0x10
 1883 0e1e 300E0000 		.4byte	0xe30
 1884 0e22 0D       		.uleb128 0xd
 1885 0e23 43090000 		.4byte	.LASF36
 1886 0e27 07       		.byte	0x7
 1887 0e28 84       		.byte	0x84
 1888 0e29 21       		.byte	0x21
 1889 0e2a 91040000 		.4byte	0x491
 1890 0e2e 00       		.byte	0
 1891 0e2f 00       		.byte	0
 1892 0e30 03       		.uleb128 0x3
 1893 0e31 74060000 		.4byte	.LASF181
 1894 0e35 07       		.byte	0x7
 1895 0e36 85       		.byte	0x85
 1896 0e37 03       		.byte	0x3
 1897 0e38 150E0000 		.4byte	0xe15
 1898 0e3c 03       		.uleb128 0x3
 1899 0e3d 40000000 		.4byte	.LASF182
 1900 0e41 07       		.byte	0x7
 1901 0e42 8A       		.byte	0x8a
 1902 0e43 14       		.byte	0x14
 1903 0e44 8D060000 		.4byte	0x68d
 1904 0e48 11       		.uleb128 0x11
 1905 0e49 04       		.byte	0x4
 1906 0e4a 3C0E0000 		.4byte	0xe3c
 1907 0e4e 08       		.uleb128 0x8
 1908 0e4f 46020000 		.4byte	.LASF183
 1909 0e53 0C       		.byte	0xc
 1910 0e54 10       		.byte	0x10
 1911 0e55 34       		.byte	0x34
 1912 0e56 10       		.byte	0x10
 1913 0e57 760E0000 		.4byte	0xe76
 1914 0e5b 0D       		.uleb128 0xd
 1915 0e5c 43090000 		.4byte	.LASF36
 1916 0e60 10       		.byte	0x10
 1917 0e61 35       		.byte	0x35
 1918 0e62 19       		.byte	0x19
 1919 0e63 91040000 		.4byte	0x491
 1920 0e67 00       		.byte	0
 1921 0e68 0C       		.uleb128 0xc
 1922 0e69 636E7400 		.ascii	"cnt\000"
 1923 0e6d 10       		.byte	0x10
 1924 0e6e 37       		.byte	0x37
 1925 0e6f 19       		.byte	0x19
 1926 0e70 90010000 		.4byte	0x190
 1927 0e74 08       		.byte	0x8
 1928 0e75 00       		.byte	0
 1929 0e76 11       		.uleb128 0x11
 1930 0e77 04       		.byte	0x4
 1931 0e78 4E0E0000 		.4byte	0xe4e
 1932 0e7c 08       		.uleb128 0x8
 1933 0e7d 42040000 		.4byte	.LASF184
 1934 0e81 10       		.byte	0x10
 1935 0e82 11       		.byte	0x11
 1936 0e83 39       		.byte	0x39
 1937 0e84 08       		.byte	0x8
 1938 0e85 B10E0000 		.4byte	0xeb1
ARM GAS  /tmp/ccXPGahD.s 			page 35


 1939 0e89 0D       		.uleb128 0xd
 1940 0e8a 43090000 		.4byte	.LASF36
 1941 0e8e 11       		.byte	0x11
 1942 0e8f 3A       		.byte	0x3a
 1943 0e90 19       		.byte	0x19
 1944 0e91 91040000 		.4byte	0x491
 1945 0e95 00       		.byte	0
 1946 0e96 0D       		.uleb128 0xd
 1947 0e97 40030000 		.4byte	.LASF47
 1948 0e9b 11       		.byte	0x11
 1949 0e9c 3C       		.byte	0x3c
 1950 0e9d 1A       		.byte	0x1a
 1951 0e9e 8D060000 		.4byte	0x68d
 1952 0ea2 08       		.byte	0x8
 1953 0ea3 0D       		.uleb128 0xd
 1954 0ea4 DC000000 		.4byte	.LASF83
 1955 0ea8 11       		.byte	0x11
 1956 0ea9 3E       		.byte	0x3e
 1957 0eaa 1A       		.byte	0x1a
 1958 0eab 740F0000 		.4byte	0xf74
 1959 0eaf 0C       		.byte	0xc
 1960 0eb0 00       		.byte	0
 1961 0eb1 11       		.uleb128 0x11
 1962 0eb2 04       		.byte	0x4
 1963 0eb3 7C0E0000 		.4byte	0xe7c
 1964 0eb7 11       		.uleb128 0x11
 1965 0eb8 04       		.byte	0x4
 1966 0eb9 35030000 		.4byte	0x335
 1967 0ebd 11       		.uleb128 0x11
 1968 0ebe 04       		.byte	0x4
 1969 0ebf 3C010000 		.4byte	0x13c
 1970 0ec3 1E       		.uleb128 0x1e
 1971 0ec4 60010000 		.4byte	.LASF185
 1972 0ec8 10       		.byte	0x10
 1973 0ec9 07       		.byte	0x7
 1974 0eca 5C01     		.2byte	0x15c
 1975 0ecc 10       		.byte	0x10
 1976 0ecd EE0E0000 		.4byte	0xeee
 1977 0ed1 0F       		.uleb128 0xf
 1978 0ed2 E9020000 		.4byte	.LASF37
 1979 0ed6 07       		.byte	0x7
 1980 0ed7 6101     		.2byte	0x161
 1981 0ed9 21       		.byte	0x21
 1982 0eda CB040000 		.4byte	0x4cb
 1983 0ede 00       		.byte	0
 1984 0edf 0F       		.uleb128 0xf
 1985 0ee0 AA0A0000 		.4byte	.LASF186
 1986 0ee4 07       		.byte	0x7
 1987 0ee5 6501     		.2byte	0x165
 1988 0ee7 22       		.byte	0x22
 1989 0ee8 8D060000 		.4byte	0x68d
 1990 0eec 0C       		.byte	0xc
 1991 0eed 00       		.byte	0
 1992 0eee 1C       		.uleb128 0x1c
 1993 0eef 16090000 		.4byte	.LASF187
 1994 0ef3 07       		.byte	0x7
 1995 0ef4 6601     		.2byte	0x166
ARM GAS  /tmp/ccXPGahD.s 			page 36


 1996 0ef6 03       		.byte	0x3
 1997 0ef7 C30E0000 		.4byte	0xec3
 1998 0efb 1E       		.uleb128 0x1e
 1999 0efc 76080000 		.4byte	.LASF188
 2000 0f00 14       		.byte	0x14
 2001 0f01 07       		.byte	0x7
 2002 0f02 6B01     		.2byte	0x16b
 2003 0f04 10       		.byte	0x10
 2004 0f05 500F0000 		.4byte	0xf50
 2005 0f09 0F       		.uleb128 0xf
 2006 0f0a 3B030000 		.4byte	.LASF48
 2007 0f0e 07       		.byte	0x7
 2008 0f0f 6F01     		.2byte	0x16f
 2009 0f11 22       		.byte	0x22
 2010 0f12 1D040000 		.4byte	0x41d
 2011 0f16 00       		.byte	0
 2012 0f17 0F       		.uleb128 0xf
 2013 0f18 51050000 		.4byte	.LASF189
 2014 0f1c 07       		.byte	0x7
 2015 0f1d 7501     		.2byte	0x175
 2016 0f1f 22       		.byte	0x22
 2017 0f20 BD0E0000 		.4byte	0xebd
 2018 0f24 04       		.byte	0x4
 2019 0f25 0F       		.uleb128 0xf
 2020 0f26 53030000 		.4byte	.LASF190
 2021 0f2a 07       		.byte	0x7
 2022 0f2b 7901     		.2byte	0x179
 2023 0f2d 22       		.byte	0x22
 2024 0f2e BD0E0000 		.4byte	0xebd
 2025 0f32 08       		.byte	0x8
 2026 0f33 0F       		.uleb128 0xf
 2027 0f34 380A0000 		.4byte	.LASF191
 2028 0f38 07       		.byte	0x7
 2029 0f39 7F01     		.2byte	0x17f
 2030 0f3b 22       		.byte	0x22
 2031 0f3c BD0E0000 		.4byte	0xebd
 2032 0f40 0C       		.byte	0xc
 2033 0f41 0F       		.uleb128 0xf
 2034 0f42 87040000 		.4byte	.LASF192
 2035 0f46 07       		.byte	0x7
 2036 0f47 8301     		.2byte	0x183
 2037 0f49 22       		.byte	0x22
 2038 0f4a BD0E0000 		.4byte	0xebd
 2039 0f4e 10       		.byte	0x10
 2040 0f4f 00       		.byte	0
 2041 0f50 1C       		.uleb128 0x1c
 2042 0f51 7D020000 		.4byte	.LASF193
 2043 0f55 07       		.byte	0x7
 2044 0f56 8501     		.2byte	0x185
 2045 0f58 03       		.byte	0x3
 2046 0f59 FB0E0000 		.4byte	0xefb
 2047 0f5d 07       		.uleb128 0x7
 2048 0f5e 500F0000 		.4byte	0xf50
 2049 0f62 11       		.uleb128 0x11
 2050 0f63 04       		.byte	0x4
 2051 0f64 5D0F0000 		.4byte	0xf5d
 2052 0f68 03       		.uleb128 0x3
ARM GAS  /tmp/ccXPGahD.s 			page 37


 2053 0f69 AA070000 		.4byte	.LASF194
 2054 0f6d 11       		.byte	0x11
 2055 0f6e 34       		.byte	0x34
 2056 0f6f 19       		.byte	0x19
 2057 0f70 7C0E0000 		.4byte	0xe7c
 2058 0f74 11       		.uleb128 0x11
 2059 0f75 04       		.byte	0x4
 2060 0f76 680F0000 		.4byte	0xf68
 2061 0f7a 04       		.uleb128 0x4
 2062 0f7b 01       		.byte	0x1
 2063 0f7c 02       		.byte	0x2
 2064 0f7d 55060000 		.4byte	.LASF195
 2065 0f81 11       		.uleb128 0x11
 2066 0f82 04       		.byte	0x4
 2067 0f83 C3000000 		.4byte	0xc3
 2068 0f87 1D       		.uleb128 0x1d
 2069 0f88 10       		.byte	0x10
 2070 0f89 12       		.byte	0x12
 2071 0f8a A701     		.2byte	0x1a7
 2072 0f8c 10       		.byte	0x10
 2073 0f8d 9F050000 		.4byte	.LASF196
 2074 0f91 EA0F0000 		.4byte	0xfea
 2075 0f95 0F       		.uleb128 0xf
 2076 0f96 C9050000 		.4byte	.LASF197
 2077 0f9a 12       		.byte	0x12
 2078 0f9b A801     		.2byte	0x1a8
 2079 0f9d 1A       		.byte	0x1a
 2080 0f9e EA0F0000 		.4byte	0xfea
 2081 0fa2 00       		.byte	0
 2082 0fa3 0F       		.uleb128 0xf
 2083 0fa4 19020000 		.4byte	.LASF198
 2084 0fa8 12       		.byte	0x12
 2085 0fa9 A901     		.2byte	0x1a9
 2086 0fab 1A       		.byte	0x1a
 2087 0fac F00F0000 		.4byte	0xff0
 2088 0fb0 04       		.byte	0x4
 2089 0fb1 0E       		.uleb128 0xe
 2090 0fb2 6D757800 		.ascii	"mux\000"
 2091 0fb6 12       		.byte	0x12
 2092 0fb7 AB01     		.2byte	0x1ab
 2093 0fb9 1B       		.byte	0x1b
 2094 0fba F60F0000 		.4byte	0xff6
 2095 0fbe 08       		.byte	0x8
 2096 0fbf 0F       		.uleb128 0xf
 2097 0fc0 81070000 		.4byte	.LASF199
 2098 0fc4 12       		.byte	0x12
 2099 0fc5 AF01     		.2byte	0x1af
 2100 0fc7 19       		.byte	0x19
 2101 0fc8 C3000000 		.4byte	0xc3
 2102 0fcc 0C       		.byte	0xc
 2103 0fcd 0F       		.uleb128 0xf
 2104 0fce 290C0000 		.4byte	.LASF200
 2105 0fd2 12       		.byte	0x12
 2106 0fd3 B101     		.2byte	0x1b1
 2107 0fd5 19       		.byte	0x19
 2108 0fd6 C3000000 		.4byte	0xc3
 2109 0fda 0D       		.byte	0xd
ARM GAS  /tmp/ccXPGahD.s 			page 38


 2110 0fdb 0F       		.uleb128 0xf
 2111 0fdc E2020000 		.4byte	.LASF201
 2112 0fe0 12       		.byte	0x12
 2113 0fe1 B201     		.2byte	0x1b2
 2114 0fe3 19       		.byte	0x19
 2115 0fe4 C3000000 		.4byte	0xc3
 2116 0fe8 0E       		.byte	0xe
 2117 0fe9 00       		.byte	0
 2118 0fea 11       		.uleb128 0x11
 2119 0feb 04       		.byte	0x4
 2120 0fec FC0A0000 		.4byte	0xafc
 2121 0ff0 11       		.uleb128 0x11
 2122 0ff1 04       		.byte	0x4
 2123 0ff2 09010000 		.4byte	0x109
 2124 0ff6 11       		.uleb128 0x11
 2125 0ff7 04       		.byte	0x4
 2126 0ff8 260B0000 		.4byte	0xb26
 2127 0ffc 1C       		.uleb128 0x1c
 2128 0ffd 61050000 		.4byte	.LASF202
 2129 1001 12       		.byte	0x12
 2130 1002 B301     		.2byte	0x1b3
 2131 1004 03       		.byte	0x3
 2132 1005 870F0000 		.4byte	0xf87
 2133 1009 07       		.uleb128 0x7
 2134 100a FC0F0000 		.4byte	0xffc
 2135 100e 11       		.uleb128 0x11
 2136 100f 04       		.byte	0x4
 2137 1010 D4000000 		.4byte	0xd4
 2138 1014 11       		.uleb128 0x11
 2139 1015 04       		.byte	0x4
 2140 1016 FD000000 		.4byte	0xfd
 2141 101a 12       		.uleb128 0x12
 2142 101b 28       		.byte	0x28
 2143 101c 13       		.byte	0x13
 2144 101d 51       		.byte	0x51
 2145 101e 10       		.byte	0x10
 2146 101f 14040000 		.4byte	.LASF204
 2147 1023 F1100000 		.4byte	0x10f1
 2148 1027 09       		.uleb128 0x9
 2149 1028 04       		.byte	0x4
 2150 1029 13       		.byte	0x13
 2151 102a 59       		.byte	0x59
 2152 102b 12       		.byte	0x12
 2153 102c 69100000 		.4byte	0x1069
 2154 1030 13       		.uleb128 0x13
 2155 1031 04       		.byte	0x4
 2156 1032 13       		.byte	0x13
 2157 1033 5B       		.byte	0x5b
 2158 1034 0C       		.byte	0xc
 2159 1035 54100000 		.4byte	0x1054
 2160 1039 0C       		.uleb128 0xc
 2161 103a 73657400 		.ascii	"set\000"
 2162 103e 13       		.byte	0x13
 2163 103f 5C       		.byte	0x5c
 2164 1040 19       		.byte	0x19
 2165 1041 E5000000 		.4byte	0xe5
 2166 1045 00       		.byte	0
ARM GAS  /tmp/ccXPGahD.s 			page 39


 2167 1046 0D       		.uleb128 0xd
 2168 1047 62030000 		.4byte	.LASF205
 2169 104b 13       		.byte	0x13
 2170 104c 5D       		.byte	0x5d
 2171 104d 19       		.byte	0x19
 2172 104e E5000000 		.4byte	0xe5
 2173 1052 02       		.byte	0x2
 2174 1053 00       		.byte	0
 2175 1054 14       		.uleb128 0x14
 2176 1055 5700     		.ascii	"W\000"
 2177 1057 13       		.byte	0x13
 2178 1058 5A       		.byte	0x5a
 2179 1059 19       		.byte	0x19
 2180 105a FD000000 		.4byte	0xfd
 2181 105e 14       		.uleb128 0x14
 2182 105f 4800     		.ascii	"H\000"
 2183 1061 13       		.byte	0x13
 2184 1062 5E       		.byte	0x5e
 2185 1063 07       		.byte	0x7
 2186 1064 30100000 		.4byte	0x1030
 2187 1068 00       		.byte	0
 2188 1069 06       		.uleb128 0x6
 2189 106a 27100000 		.4byte	0x1027
 2190 106e 0D       		.uleb128 0xd
 2191 106f 08030000 		.4byte	.LASF206
 2192 1073 13       		.byte	0x13
 2193 1074 53       		.byte	0x53
 2194 1075 19       		.byte	0x19
 2195 1076 09010000 		.4byte	0x109
 2196 107a 00       		.byte	0
 2197 107b 0D       		.uleb128 0xd
 2198 107c 5F080000 		.4byte	.LASF207
 2199 1080 13       		.byte	0x13
 2200 1081 54       		.byte	0x54
 2201 1082 19       		.byte	0x19
 2202 1083 09010000 		.4byte	0x109
 2203 1087 04       		.byte	0x4
 2204 1088 0D       		.uleb128 0xd
 2205 1089 3C070000 		.4byte	.LASF208
 2206 108d 13       		.byte	0x13
 2207 108e 55       		.byte	0x55
 2208 108f 19       		.byte	0x19
 2209 1090 09010000 		.4byte	0x109
 2210 1094 08       		.byte	0x8
 2211 1095 0D       		.uleb128 0xd
 2212 1096 79040000 		.4byte	.LASF209
 2213 109a 13       		.byte	0x13
 2214 109b 56       		.byte	0x56
 2215 109c 19       		.byte	0x19
 2216 109d 09010000 		.4byte	0x109
 2217 10a1 0C       		.byte	0xc
 2218 10a2 0C       		.uleb128 0xc
 2219 10a3 49445200 		.ascii	"IDR\000"
 2220 10a7 13       		.byte	0x13
 2221 10a8 57       		.byte	0x57
 2222 10a9 19       		.byte	0x19
 2223 10aa 09010000 		.4byte	0x109
ARM GAS  /tmp/ccXPGahD.s 			page 40


 2224 10ae 10       		.byte	0x10
 2225 10af 0C       		.uleb128 0xc
 2226 10b0 4F445200 		.ascii	"ODR\000"
 2227 10b4 13       		.byte	0x13
 2228 10b5 58       		.byte	0x58
 2229 10b6 19       		.byte	0x19
 2230 10b7 09010000 		.4byte	0x109
 2231 10bb 14       		.byte	0x14
 2232 10bc 0D       		.uleb128 0xd
 2233 10bd 53000000 		.4byte	.LASF210
 2234 10c1 13       		.byte	0x13
 2235 10c2 5F       		.byte	0x5f
 2236 10c3 05       		.byte	0x5
 2237 10c4 69100000 		.4byte	0x1069
 2238 10c8 18       		.byte	0x18
 2239 10c9 0D       		.uleb128 0xd
 2240 10ca 44070000 		.4byte	.LASF211
 2241 10ce 13       		.byte	0x13
 2242 10cf 60       		.byte	0x60
 2243 10d0 19       		.byte	0x19
 2244 10d1 09010000 		.4byte	0x109
 2245 10d5 1C       		.byte	0x1c
 2246 10d6 0D       		.uleb128 0xd
 2247 10d7 9B090000 		.4byte	.LASF212
 2248 10db 13       		.byte	0x13
 2249 10dc 61       		.byte	0x61
 2250 10dd 19       		.byte	0x19
 2251 10de 09010000 		.4byte	0x109
 2252 10e2 20       		.byte	0x20
 2253 10e3 0D       		.uleb128 0xd
 2254 10e4 29030000 		.4byte	.LASF213
 2255 10e8 13       		.byte	0x13
 2256 10e9 62       		.byte	0x62
 2257 10ea 19       		.byte	0x19
 2258 10eb 09010000 		.4byte	0x109
 2259 10ef 24       		.byte	0x24
 2260 10f0 00       		.byte	0
 2261 10f1 03       		.uleb128 0x3
 2262 10f2 2E030000 		.4byte	.LASF214
 2263 10f6 13       		.byte	0x13
 2264 10f7 63       		.byte	0x63
 2265 10f8 03       		.byte	0x3
 2266 10f9 1A100000 		.4byte	0x101a
 2267 10fd 03       		.uleb128 0x3
 2268 10fe 6E040000 		.4byte	.LASF215
 2269 1102 14       		.byte	0x14
 2270 1103 D9       		.byte	0xd9
 2271 1104 18       		.byte	0x18
 2272 1105 09110000 		.4byte	0x1109
 2273 1109 11       		.uleb128 0x11
 2274 110a 04       		.byte	0x4
 2275 110b F1100000 		.4byte	0x10f1
 2276 110f 11       		.uleb128 0x11
 2277 1110 04       		.byte	0x4
 2278 1111 09100000 		.4byte	0x1009
 2279 1115 1F       		.uleb128 0x1f
 2280 1116 07       		.byte	0x7
ARM GAS  /tmp/ccXPGahD.s 			page 41


 2281 1117 01       		.byte	0x1
 2282 1118 5D000000 		.4byte	0x5d
 2283 111c 15       		.byte	0x15
 2284 111d 6C       		.byte	0x6c
 2285 111e 0E       		.byte	0xe
 2286 111f 7F060000 		.4byte	.LASF292
 2287 1123 46110000 		.4byte	0x1146
 2288 1127 20       		.uleb128 0x20
 2289 1128 87070000 		.4byte	.LASF216
 2290 112c 00       		.byte	0
 2291 112d 20       		.uleb128 0x20
 2292 112e 2B090000 		.4byte	.LASF217
 2293 1132 01       		.byte	0x1
 2294 1133 20       		.uleb128 0x20
 2295 1134 A9080000 		.4byte	.LASF218
 2296 1138 02       		.byte	0x2
 2297 1139 20       		.uleb128 0x20
 2298 113a 7D090000 		.4byte	.LASF219
 2299 113e 03       		.byte	0x3
 2300 113f 20       		.uleb128 0x20
 2301 1140 130C0000 		.4byte	.LASF220
 2302 1144 04       		.byte	0x4
 2303 1145 00       		.byte	0
 2304 1146 03       		.uleb128 0x3
 2305 1147 1D080000 		.4byte	.LASF221
 2306 114b 15       		.byte	0x15
 2307 114c 72       		.byte	0x72
 2308 114d 03       		.byte	0x3
 2309 114e 15110000 		.4byte	0x1115
 2310 1152 03       		.uleb128 0x3
 2311 1153 9B010000 		.4byte	.LASF222
 2312 1157 15       		.byte	0x15
 2313 1158 77       		.byte	0x77
 2314 1159 1F       		.byte	0x1f
 2315 115a 5E110000 		.4byte	0x115e
 2316 115e 08       		.uleb128 0x8
 2317 115f 15030000 		.4byte	.LASF223
 2318 1163 30       		.byte	0x30
 2319 1164 15       		.byte	0x15
 2320 1165 B8       		.byte	0xb8
 2321 1166 08       		.byte	0x8
 2322 1167 0B120000 		.4byte	0x120b
 2323 116b 09       		.uleb128 0x9
 2324 116c 04       		.byte	0x4
 2325 116d 15       		.byte	0x15
 2326 116e D1       		.byte	0xd1
 2327 116f 03       		.byte	0x3
 2328 1170 81110000 		.4byte	0x1181
 2329 1174 14       		.uleb128 0x14
 2330 1175 646D6100 		.ascii	"dma\000"
 2331 1179 15       		.byte	0x15
 2332 117a D1       		.byte	0xd1
 2333 117b 03       		.byte	0x3
 2334 117c 0F110000 		.4byte	0x110f
 2335 1180 00       		.byte	0
 2336 1181 09       		.uleb128 0x9
 2337 1182 04       		.byte	0x4
ARM GAS  /tmp/ccXPGahD.s 			page 42


 2338 1183 15       		.byte	0x15
 2339 1184 D1       		.byte	0xd1
 2340 1185 03       		.byte	0x3
 2341 1186 97110000 		.4byte	0x1197
 2342 118a 14       		.uleb128 0x14
 2343 118b 646D6100 		.ascii	"dma\000"
 2344 118f 15       		.byte	0x15
 2345 1190 D1       		.byte	0xd1
 2346 1191 03       		.byte	0x3
 2347 1192 0F110000 		.4byte	0x110f
 2348 1196 00       		.byte	0
 2349 1197 0D       		.uleb128 0xd
 2350 1198 010A0000 		.4byte	.LASF50
 2351 119c 15       		.byte	0x15
 2352 119d BC       		.byte	0xbc
 2353 119e 1D       		.byte	0x1d
 2354 119f 46110000 		.4byte	0x1146
 2355 11a3 00       		.byte	0
 2356 11a4 0D       		.uleb128 0xd
 2357 11a5 A3070000 		.4byte	.LASF67
 2358 11a9 15       		.byte	0x15
 2359 11aa C0       		.byte	0xc0
 2360 11ab 1E       		.byte	0x1e
 2361 11ac B5120000 		.4byte	0x12b5
 2362 11b0 04       		.byte	0x4
 2363 11b1 0D       		.uleb128 0xd
 2364 11b2 49090000 		.4byte	.LASF224
 2365 11b6 15       		.byte	0x15
 2366 11b7 C5       		.byte	0xc5
 2367 11b8 1D       		.byte	0x1d
 2368 11b9 3C0E0000 		.4byte	0xe3c
 2369 11bd 08       		.byte	0x8
 2370 11be 0D       		.uleb128 0xd
 2371 11bf 32020000 		.4byte	.LASF225
 2372 11c3 15       		.byte	0x15
 2373 11c4 CB       		.byte	0xcb
 2374 11c5 1D       		.byte	0x1d
 2375 11c6 680F0000 		.4byte	0xf68
 2376 11ca 0C       		.byte	0xc
 2377 11cb 0C       		.uleb128 0xc
 2378 11cc 73706900 		.ascii	"spi\000"
 2379 11d0 15       		.byte	0x15
 2380 11d1 D1       		.byte	0xd1
 2381 11d2 03       		.byte	0x3
 2382 11d3 BB120000 		.4byte	0x12bb
 2383 11d7 1C       		.byte	0x1c
 2384 11d8 0C       		.uleb128 0xc
 2385 11d9 727800   		.ascii	"rx\000"
 2386 11dc 15       		.byte	0x15
 2387 11dd D1       		.byte	0xd1
 2388 11de 03       		.byte	0x3
 2389 11df 6B110000 		.4byte	0x116b
 2390 11e3 20       		.byte	0x20
 2391 11e4 0C       		.uleb128 0xc
 2392 11e5 747800   		.ascii	"tx\000"
 2393 11e8 15       		.byte	0x15
 2394 11e9 D1       		.byte	0xd1
ARM GAS  /tmp/ccXPGahD.s 			page 43


 2395 11ea 03       		.byte	0x3
 2396 11eb 81110000 		.4byte	0x1181
 2397 11ef 24       		.byte	0x24
 2398 11f0 0D       		.uleb128 0xd
 2399 11f1 D1090000 		.4byte	.LASF226
 2400 11f5 15       		.byte	0x15
 2401 11f6 D1       		.byte	0xd1
 2402 11f7 03       		.byte	0x3
 2403 11f8 FD000000 		.4byte	0xfd
 2404 11fc 28       		.byte	0x28
 2405 11fd 0D       		.uleb128 0xd
 2406 11fe 18050000 		.4byte	.LASF227
 2407 1202 15       		.byte	0x15
 2408 1203 D1       		.byte	0xd1
 2409 1204 03       		.byte	0x3
 2410 1205 FD000000 		.4byte	0xfd
 2411 1209 2C       		.byte	0x2c
 2412 120a 00       		.byte	0
 2413 120b 03       		.uleb128 0x3
 2414 120c 50040000 		.4byte	.LASF228
 2415 1210 15       		.byte	0x15
 2416 1211 7B       		.byte	0x7b
 2417 1212 1F       		.byte	0x1f
 2418 1213 1C120000 		.4byte	0x121c
 2419 1217 07       		.uleb128 0x7
 2420 1218 0B120000 		.4byte	0x120b
 2421 121c 08       		.uleb128 0x8
 2422 121d E1060000 		.4byte	.LASF229
 2423 1221 20       		.byte	0x20
 2424 1222 15       		.byte	0x15
 2425 1223 8C       		.byte	0x8c
 2426 1224 08       		.byte	0x8
 2427 1225 92120000 		.4byte	0x1292
 2428 1229 0D       		.uleb128 0xd
 2429 122a 37000000 		.4byte	.LASF230
 2430 122e 15       		.byte	0x15
 2431 122f 91       		.byte	0x91
 2432 1230 1D       		.byte	0x1d
 2433 1231 7A0F0000 		.4byte	0xf7a
 2434 1235 00       		.byte	0
 2435 1236 0D       		.uleb128 0xd
 2436 1237 92020000 		.4byte	.LASF231
 2437 123b 15       		.byte	0x15
 2438 123c 96       		.byte	0x96
 2439 123d 1D       		.byte	0x1d
 2440 123e 92120000 		.4byte	0x1292
 2441 1242 04       		.byte	0x4
 2442 1243 0D       		.uleb128 0xd
 2443 1244 0E030000 		.4byte	.LASF232
 2444 1248 15       		.byte	0x15
 2445 1249 AB       		.byte	0xab
 2446 124a 1D       		.byte	0x1d
 2447 124b FD100000 		.4byte	0x10fd
 2448 124f 08       		.byte	0x8
 2449 1250 0D       		.uleb128 0xd
 2450 1251 780C0000 		.4byte	.LASF233
 2451 1255 15       		.byte	0x15
ARM GAS  /tmp/ccXPGahD.s 			page 44


 2452 1256 AF       		.byte	0xaf
 2453 1257 1D       		.byte	0x1d
 2454 1258 24010000 		.4byte	0x124
 2455 125c 0C       		.byte	0xc
 2456 125d 0D       		.uleb128 0xd
 2457 125e BC0A0000 		.4byte	.LASF234
 2458 1262 15       		.byte	0x15
 2459 1263 B2       		.byte	0xb2
 2460 1264 03       		.byte	0x3
 2461 1265 FD000000 		.4byte	0xfd
 2462 1269 10       		.byte	0x10
 2463 126a 0D       		.uleb128 0xd
 2464 126b C10A0000 		.4byte	.LASF235
 2465 126f 15       		.byte	0x15
 2466 1270 B2       		.byte	0xb2
 2467 1271 03       		.byte	0x3
 2468 1272 FD000000 		.4byte	0xfd
 2469 1276 14       		.byte	0x14
 2470 1277 0D       		.uleb128 0xd
 2471 1278 09080000 		.4byte	.LASF236
 2472 127c 15       		.byte	0x15
 2473 127d B2       		.byte	0xb2
 2474 127e 03       		.byte	0x3
 2475 127f 14100000 		.4byte	0x1014
 2476 1283 18       		.byte	0x18
 2477 1284 0D       		.uleb128 0xd
 2478 1285 CB030000 		.4byte	.LASF237
 2479 1289 15       		.byte	0x15
 2480 128a B2       		.byte	0xb2
 2481 128b 03       		.byte	0x3
 2482 128c 14100000 		.4byte	0x1014
 2483 1290 1C       		.byte	0x1c
 2484 1291 00       		.byte	0
 2485 1292 03       		.uleb128 0x3
 2486 1293 25060000 		.4byte	.LASF238
 2487 1297 15       		.byte	0x15
 2488 1298 83       		.byte	0x83
 2489 1299 10       		.byte	0x10
 2490 129a 9E120000 		.4byte	0x129e
 2491 129e 11       		.uleb128 0x11
 2492 129f 04       		.byte	0x4
 2493 12a0 A4120000 		.4byte	0x12a4
 2494 12a4 21       		.uleb128 0x21
 2495 12a5 AF120000 		.4byte	0x12af
 2496 12a9 22       		.uleb128 0x22
 2497 12aa AF120000 		.4byte	0x12af
 2498 12ae 00       		.byte	0
 2499 12af 11       		.uleb128 0x11
 2500 12b0 04       		.byte	0x4
 2501 12b1 52110000 		.4byte	0x1152
 2502 12b5 11       		.uleb128 0x11
 2503 12b6 04       		.byte	0x4
 2504 12b7 17120000 		.4byte	0x1217
 2505 12bb 11       		.uleb128 0x11
 2506 12bc 04       		.byte	0x4
 2507 12bd 3F0C0000 		.4byte	0xc3f
 2508 12c1 23       		.uleb128 0x23
ARM GAS  /tmp/ccXPGahD.s 			page 45


 2509 12c2 480A0000 		.4byte	.LASF293
 2510 12c6 60       		.byte	0x60
 2511 12c7 20       		.byte	0x20
 2512 12c8 16       		.byte	0x16
 2513 12c9 0B       		.byte	0xb
 2514 12ca 07       		.byte	0x7
 2515 12cb 13140000 		.4byte	0x1413
 2516 12cf 24       		.uleb128 0x24
 2517 12d0 ED080000 		.4byte	.LASF239
 2518 12d4 16       		.byte	0x16
 2519 12d5 0D       		.byte	0xd
 2520 12d6 0A       		.byte	0xa
 2521 12d7 AF040000 		.4byte	.LASF241
 2522 12db 7A0F0000 		.4byte	0xf7a
 2523 12df 01       		.byte	0x1
 2524 12e0 E8120000 		.4byte	0x12e8
 2525 12e4 FD120000 		.4byte	0x12fd
 2526 12e8 25       		.uleb128 0x25
 2527 12e9 18140000 		.4byte	0x1418
 2528 12ed 22       		.uleb128 0x22
 2529 12ee AF120000 		.4byte	0x12af
 2530 12f2 22       		.uleb128 0x22
 2531 12f3 B5120000 		.4byte	0x12b5
 2532 12f7 22       		.uleb128 0x22
 2533 12f8 B5120000 		.4byte	0x12b5
 2534 12fc 00       		.byte	0
 2535 12fd 24       		.uleb128 0x24
 2536 12fe CF080000 		.4byte	.LASF240
 2537 1302 16       		.byte	0x16
 2538 1303 0E       		.byte	0xe
 2539 1304 0A       		.byte	0xa
 2540 1305 4A070000 		.4byte	.LASF242
 2541 1309 7A0F0000 		.4byte	0xf7a
 2542 130d 01       		.byte	0x1
 2543 130e 16130000 		.4byte	0x1316
 2544 1312 26130000 		.4byte	0x1326
 2545 1316 25       		.uleb128 0x25
 2546 1317 18140000 		.4byte	0x1418
 2547 131b 22       		.uleb128 0x22
 2548 131c 23140000 		.4byte	0x1423
 2549 1320 22       		.uleb128 0x22
 2550 1321 23140000 		.4byte	0x1423
 2551 1325 00       		.byte	0
 2552 1326 26       		.uleb128 0x26
 2553 1327 38020000 		.4byte	.LASF294
 2554 132b 16       		.byte	0x16
 2555 132c 11       		.byte	0x11
 2556 132d 0D       		.byte	0xd
 2557 132e 87050000 		.4byte	.LASF295
 2558 1332 C3000000 		.4byte	0xc3
 2559 1336 3E130000 		.4byte	0x133e
 2560 133a 49130000 		.4byte	0x1349
 2561 133e 25       		.uleb128 0x25
 2562 133f 18140000 		.4byte	0x1418
 2563 1343 22       		.uleb128 0x22
 2564 1344 C3000000 		.4byte	0xc3
 2565 1348 00       		.byte	0
ARM GAS  /tmp/ccXPGahD.s 			page 46


 2566 1349 27       		.uleb128 0x27
 2567 134a 570C0000 		.4byte	.LASF243
 2568 134e 16       		.byte	0x16
 2569 134f 12       		.byte	0x12
 2570 1350 0D       		.byte	0xd
 2571 1351 3D0C0000 		.4byte	.LASF245
 2572 1355 5D130000 		.4byte	0x135d
 2573 1359 6D130000 		.4byte	0x136d
 2574 135d 25       		.uleb128 0x25
 2575 135e 18140000 		.4byte	0x1418
 2576 1362 22       		.uleb128 0x22
 2577 1363 C3000000 		.4byte	0xc3
 2578 1367 22       		.uleb128 0x22
 2579 1368 C3000000 		.4byte	0xc3
 2580 136c 00       		.byte	0
 2581 136d 27       		.uleb128 0x27
 2582 136e 080C0000 		.4byte	.LASF244
 2583 1372 16       		.byte	0x16
 2584 1373 13       		.byte	0x13
 2585 1374 0D       		.byte	0xd
 2586 1375 19000000 		.4byte	.LASF246
 2587 1379 81130000 		.4byte	0x1381
 2588 137d 96130000 		.4byte	0x1396
 2589 1381 25       		.uleb128 0x25
 2590 1382 18140000 		.4byte	0x1418
 2591 1386 22       		.uleb128 0x22
 2592 1387 C3000000 		.4byte	0xc3
 2593 138b 22       		.uleb128 0x22
 2594 138c 810F0000 		.4byte	0xf81
 2595 1390 22       		.uleb128 0x22
 2596 1391 24000000 		.4byte	0x24
 2597 1395 00       		.byte	0
 2598 1396 0D       		.uleb128 0xd
 2599 1397 B4050000 		.4byte	.LASF247
 2600 139b 16       		.byte	0x16
 2601 139c 15       		.byte	0x15
 2602 139d 16       		.byte	0x16
 2603 139e AF120000 		.4byte	0x12af
 2604 13a2 00       		.byte	0
 2605 13a3 0D       		.uleb128 0xd
 2606 13a4 CC060000 		.4byte	.LASF248
 2607 13a8 16       		.byte	0x16
 2608 13a9 16       		.byte	0x16
 2609 13aa 16       		.byte	0x16
 2610 13ab B5120000 		.4byte	0x12b5
 2611 13af 04       		.byte	0x4
 2612 13b0 0D       		.uleb128 0xd
 2613 13b1 84010000 		.4byte	.LASF249
 2614 13b5 16       		.byte	0x16
 2615 13b6 17       		.byte	0x17
 2616 13b7 16       		.byte	0x16
 2617 13b8 B5120000 		.4byte	0x12b5
 2618 13bc 08       		.byte	0x8
 2619 13bd 0D       		.uleb128 0xd
 2620 13be 02080000 		.4byte	.LASF250
 2621 13c2 16       		.byte	0x16
 2622 13c3 18       		.byte	0x18
ARM GAS  /tmp/ccXPGahD.s 			page 47


 2623 13c4 16       		.byte	0x16
 2624 13c5 7A0F0000 		.4byte	0xf7a
 2625 13c9 0C       		.byte	0xc
 2626 13ca 0D       		.uleb128 0xd
 2627 13cb 73000000 		.4byte	.LASF251
 2628 13cf 16       		.byte	0x16
 2629 13d0 19       		.byte	0x19
 2630 13d1 16       		.byte	0x16
 2631 13d2 C3000000 		.4byte	0xc3
 2632 13d6 0D       		.byte	0xd
 2633 13d7 24       		.uleb128 0x24
 2634 13d8 08010000 		.4byte	.LASF252
 2635 13dc 16       		.byte	0x16
 2636 13dd 1C       		.byte	0x1c
 2637 13de 0D       		.byte	0xd
 2638 13df 2B040000 		.4byte	.LASF253
 2639 13e3 C3000000 		.4byte	0xc3
 2640 13e7 01       		.byte	0x1
 2641 13e8 F0130000 		.4byte	0x13f0
 2642 13ec F6130000 		.4byte	0x13f6
 2643 13f0 25       		.uleb128 0x25
 2644 13f1 35140000 		.4byte	0x1435
 2645 13f5 00       		.byte	0
 2646 13f6 28       		.uleb128 0x28
 2647 13f7 31050000 		.4byte	.LASF254
 2648 13fb 16       		.byte	0x16
 2649 13fc 1F       		.byte	0x1f
 2650 13fd 0D       		.byte	0xd
 2651 13fe 3B140000 		.4byte	0x143b
 2652 1402 20       		.byte	0x20
 2653 1403 20       		.byte	0x20
 2654 1404 28       		.uleb128 0x28
 2655 1405 7B000000 		.4byte	.LASF255
 2656 1409 16       		.byte	0x16
 2657 140a 20       		.byte	0x20
 2658 140b 0D       		.byte	0xd
 2659 140c 3B140000 		.4byte	0x143b
 2660 1410 20       		.byte	0x20
 2661 1411 40       		.byte	0x40
 2662 1412 00       		.byte	0
 2663 1413 07       		.uleb128 0x7
 2664 1414 C1120000 		.4byte	0x12c1
 2665 1418 11       		.uleb128 0x11
 2666 1419 04       		.byte	0x4
 2667 141a C1120000 		.4byte	0x12c1
 2668 141e 07       		.uleb128 0x7
 2669 141f 18140000 		.4byte	0x1418
 2670 1423 11       		.uleb128 0x11
 2671 1424 04       		.byte	0x4
 2672 1425 29140000 		.4byte	0x1429
 2673 1429 04       		.uleb128 0x4
 2674 142a 04       		.byte	0x4
 2675 142b 04       		.byte	0x4
 2676 142c 2C020000 		.4byte	.LASF256
 2677 1430 07       		.uleb128 0x7
 2678 1431 29140000 		.4byte	0x1429
 2679 1435 11       		.uleb128 0x11
ARM GAS  /tmp/ccXPGahD.s 			page 48


 2680 1436 04       		.byte	0x4
 2681 1437 13140000 		.4byte	0x1413
 2682 143b 18       		.uleb128 0x18
 2683 143c C3000000 		.4byte	0xc3
 2684 1440 4B140000 		.4byte	0x144b
 2685 1444 19       		.uleb128 0x19
 2686 1445 30000000 		.4byte	0x30
 2687 1449 1F       		.byte	0x1f
 2688 144a 00       		.byte	0
 2689 144b 29       		.uleb128 0x29
 2690 144c 73746400 		.ascii	"std\000"
 2691 1450 1C       		.byte	0x1c
 2692 1451 00       		.byte	0
 2693 1452 89140000 		.4byte	0x1489
 2694 1456 2A       		.uleb128 0x2a
 2695 1457 5A060000 		.4byte	.LASF257
 2696 145b 18       		.byte	0x18
 2697 145c 1E01     		.2byte	0x11e
 2698 145e 41       		.byte	0x41
 2699 145f 2B       		.uleb128 0x2b
 2700 1460 18       		.byte	0x18
 2701 1461 1E01     		.2byte	0x11e
 2702 1463 41       		.byte	0x41
 2703 1464 56140000 		.4byte	0x1456
 2704 1468 2C       		.uleb128 0x2c
 2705 1469 17       		.byte	0x17
 2706 146a 54       		.byte	0x54
 2707 146b 0B       		.byte	0xb
 2708 146c AF140000 		.4byte	0x14af
 2709 1470 2C       		.uleb128 0x2c
 2710 1471 17       		.byte	0x17
 2711 1472 57       		.byte	0x57
 2712 1473 0B       		.byte	0xb
 2713 1474 CA140000 		.4byte	0x14ca
 2714 1478 2C       		.uleb128 0x2c
 2715 1479 17       		.byte	0x17
 2716 147a 5D       		.byte	0x5d
 2717 147b 0B       		.byte	0xb
 2718 147c E0140000 		.4byte	0x14e0
 2719 1480 2C       		.uleb128 0x2c
 2720 1481 17       		.byte	0x17
 2721 1482 5E       		.byte	0x5e
 2722 1483 0B       		.byte	0xb
 2723 1484 FB140000 		.4byte	0x14fb
 2724 1488 00       		.byte	0
 2725 1489 2D       		.uleb128 0x2d
 2726 148a EA000000 		.4byte	.LASF296
 2727 148e 18       		.byte	0x18
 2728 148f 2001     		.2byte	0x120
 2729 1491 0B       		.byte	0xb
 2730 1492 A9140000 		.4byte	0x14a9
 2731 1496 2A       		.uleb128 0x2a
 2732 1497 5A060000 		.4byte	.LASF257
 2733 149b 18       		.byte	0x18
 2734 149c 2201     		.2byte	0x122
 2735 149e 41       		.byte	0x41
 2736 149f 2B       		.uleb128 0x2b
ARM GAS  /tmp/ccXPGahD.s 			page 49


 2737 14a0 18       		.byte	0x18
 2738 14a1 2201     		.2byte	0x122
 2739 14a3 41       		.byte	0x41
 2740 14a4 96140000 		.4byte	0x1496
 2741 14a8 00       		.byte	0
 2742 14a9 11       		.uleb128 0x11
 2743 14aa 04       		.byte	0x4
 2744 14ab 28040000 		.4byte	0x428
 2745 14af 2E       		.uleb128 0x2e
 2746 14b0 7F040000 		.4byte	.LASF258
 2747 14b4 19       		.byte	0x19
 2748 14b5 25       		.byte	0x25
 2749 14b6 06       		.byte	0x6
 2750 14b7 1D000000 		.4byte	0x1d
 2751 14bb CA140000 		.4byte	0x14ca
 2752 14bf 22       		.uleb128 0x22
 2753 14c0 1D040000 		.4byte	0x41d
 2754 14c4 22       		.uleb128 0x22
 2755 14c5 1D040000 		.4byte	0x41d
 2756 14c9 00       		.byte	0
 2757 14ca 2E       		.uleb128 0x2e
 2758 14cb 18070000 		.4byte	.LASF259
 2759 14cf 19       		.byte	0x19
 2760 14d0 28       		.byte	0x28
 2761 14d1 08       		.byte	0x8
 2762 14d2 A9140000 		.4byte	0x14a9
 2763 14d6 E0140000 		.4byte	0x14e0
 2764 14da 22       		.uleb128 0x22
 2765 14db 1D000000 		.4byte	0x1d
 2766 14df 00       		.byte	0
 2767 14e0 2E       		.uleb128 0x2e
 2768 14e1 FA090000 		.4byte	.LASF260
 2769 14e5 19       		.byte	0x19
 2770 14e6 32       		.byte	0x32
 2771 14e7 08       		.byte	0x8
 2772 14e8 A9140000 		.4byte	0x14a9
 2773 14ec FB140000 		.4byte	0x14fb
 2774 14f0 22       		.uleb128 0x22
 2775 14f1 A9140000 		.4byte	0x14a9
 2776 14f5 22       		.uleb128 0x22
 2777 14f6 1D040000 		.4byte	0x41d
 2778 14fa 00       		.byte	0
 2779 14fb 2E       		.uleb128 0x2e
 2780 14fc E6030000 		.4byte	.LASF261
 2781 1500 19       		.byte	0x19
 2782 1501 34       		.byte	0x34
 2783 1502 09       		.byte	0x9
 2784 1503 24000000 		.4byte	0x24
 2785 1507 1B150000 		.4byte	0x151b
 2786 150b 22       		.uleb128 0x22
 2787 150c A9140000 		.4byte	0x14a9
 2788 1510 22       		.uleb128 0x22
 2789 1511 1D040000 		.4byte	0x41d
 2790 1515 22       		.uleb128 0x22
 2791 1516 24000000 		.4byte	0x24
 2792 151a 00       		.byte	0
 2793 151b 2F       		.uleb128 0x2f
ARM GAS  /tmp/ccXPGahD.s 			page 50


 2794 151c 4A080000 		.4byte	.LASF262
 2795 1520 1A       		.byte	0x1a
 2796 1521 04       		.byte	0x4
 2797 1522 1A       		.byte	0x1a
 2798 1523 D4000000 		.4byte	0xd4
 2799 1527 19       		.byte	0x19
 2800 1528 2F       		.uleb128 0x2f
 2801 1529 6D0C0000 		.4byte	.LASF263
 2802 152d 1A       		.byte	0x1a
 2803 152e 05       		.byte	0x5
 2804 152f 1A       		.byte	0x1a
 2805 1530 D4000000 		.4byte	0xd4
 2806 1534 1A       		.byte	0x1a
 2807 1535 2F       		.uleb128 0x2f
 2808 1536 F7080000 		.4byte	.LASF264
 2809 153a 1A       		.byte	0x1a
 2810 153b 06       		.byte	0x6
 2811 153c 1A       		.byte	0x1a
 2812 153d D4000000 		.4byte	0xd4
 2813 1541 1B       		.byte	0x1b
 2814 1542 2F       		.uleb128 0x2f
 2815 1543 A9000000 		.4byte	.LASF265
 2816 1547 1A       		.byte	0x1a
 2817 1548 07       		.byte	0x7
 2818 1549 1A       		.byte	0x1a
 2819 154a D4000000 		.4byte	0xd4
 2820 154e 1C       		.byte	0x1c
 2821 154f 2F       		.uleb128 0x2f
 2822 1550 64000000 		.4byte	.LASF266
 2823 1554 1A       		.byte	0x1a
 2824 1555 08       		.byte	0x8
 2825 1556 1A       		.byte	0x1a
 2826 1557 D4000000 		.4byte	0xd4
 2827 155b 1D       		.byte	0x1d
 2828 155c 2F       		.uleb128 0x2f
 2829 155d 7D0A0000 		.4byte	.LASF267
 2830 1561 1A       		.byte	0x1a
 2831 1562 09       		.byte	0x9
 2832 1563 1A       		.byte	0x1a
 2833 1564 D4000000 		.4byte	0xd4
 2834 1568 3B       		.byte	0x3b
 2835 1569 2F       		.uleb128 0x2f
 2836 156a B7000000 		.4byte	.LASF268
 2837 156e 1A       		.byte	0x1a
 2838 156f 0A       		.byte	0xa
 2839 1570 1A       		.byte	0x1a
 2840 1571 D4000000 		.4byte	0xd4
 2841 1575 6B       		.byte	0x6b
 2842 1576 2F       		.uleb128 0x2f
 2843 1577 46030000 		.4byte	.LASF269
 2844 157b 1A       		.byte	0x1a
 2845 157c 0B       		.byte	0xb
 2846 157d 1A       		.byte	0x1a
 2847 157e D4000000 		.4byte	0xd4
 2848 1582 75       		.byte	0x75
 2849 1583 2F       		.uleb128 0x2f
 2850 1584 70020000 		.4byte	.LASF270
ARM GAS  /tmp/ccXPGahD.s 			page 51


 2851 1588 1A       		.byte	0x1a
 2852 1589 0C       		.byte	0xc
 2853 158a 1A       		.byte	0x1a
 2854 158b D4000000 		.4byte	0xd4
 2855 158f 12       		.byte	0x12
 2856 1590 30       		.uleb128 0x30
 2857 1591 69090000 		.4byte	.LASF271
 2858 1595 1A       		.byte	0x1a
 2859 1596 0E       		.byte	0xe
 2860 1597 18       		.byte	0x18
 2861 1598 30140000 		.4byte	0x1430
 2862 159c 04       		.byte	0x4
 2863 159d 797D8B3A 		.4byte	0x3a8b7d79
 2864 15a1 30       		.uleb128 0x30
 2865 15a2 B1030000 		.4byte	.LASF272
 2866 15a6 1A       		.byte	0x1a
 2867 15a7 0F       		.byte	0xf
 2868 15a8 18       		.byte	0x18
 2869 15a9 30140000 		.4byte	0x1430
 2870 15ad 04       		.byte	0x4
 2871 15ae 0AE89C3B 		.4byte	0x3b9ce80a
 2872 15b2 31       		.uleb128 0x31
 2873 15b3 6D130000 		.4byte	0x136d
 2874 15b7 1A       		.byte	0x1a
 2875 15b8 5B       		.byte	0x5b
 2876 15b9 06       		.byte	0x6
 2877 15ba C2150000 		.4byte	0x15c2
 2878 15be 26160000 		.4byte	0x1626
 2879 15c2 32       		.uleb128 0x32
 2880 15c3 B20A0000 		.4byte	.LASF274
 2881 15c7 1E140000 		.4byte	0x141e
 2882 15cb 33       		.uleb128 0x33
 2883 15cc 72656700 		.ascii	"reg\000"
 2884 15d0 1A       		.byte	0x1a
 2885 15d1 5B       		.byte	0x5b
 2886 15d2 23       		.byte	0x23
 2887 15d3 C3000000 		.4byte	0xc3
 2888 15d7 33       		.uleb128 0x33
 2889 15d8 62756600 		.ascii	"buf\000"
 2890 15dc 1A       		.byte	0x1a
 2891 15dd 5B       		.byte	0x5b
 2892 15de 31       		.byte	0x31
 2893 15df 810F0000 		.4byte	0xf81
 2894 15e3 33       		.uleb128 0x33
 2895 15e4 6E00     		.ascii	"n\000"
 2896 15e6 1A       		.byte	0x1a
 2897 15e7 5B       		.byte	0x5b
 2898 15e8 3D       		.byte	0x3d
 2899 15e9 24000000 		.4byte	0x24
 2900 15ed 34       		.uleb128 0x34
 2901 15ee 0B160000 		.4byte	0x160b
 2902 15f2 35       		.uleb128 0x35
 2903 15f3 D4080000 		.4byte	.LASF273
 2904 15f7 1A       		.byte	0x1a
 2905 15f8 5F       		.byte	0x5f
 2906 15f9 05       		.byte	0x5
 2907 15fa 810F0000 		.4byte	0xf81
ARM GAS  /tmp/ccXPGahD.s 			page 52


 2908 15fe 36       		.uleb128 0x36
 2909 15ff 656E6400 		.ascii	"end\000"
 2910 1603 1A       		.byte	0x1a
 2911 1604 5F       		.byte	0x5f
 2912 1605 05       		.byte	0x5
 2913 1606 810F0000 		.4byte	0xf81
 2914 160a 00       		.byte	0
 2915 160b 37       		.uleb128 0x37
 2916 160c 35       		.uleb128 0x35
 2917 160d D4080000 		.4byte	.LASF273
 2918 1611 1A       		.byte	0x1a
 2919 1612 66       		.byte	0x66
 2920 1613 05       		.byte	0x5
 2921 1614 810F0000 		.4byte	0xf81
 2922 1618 36       		.uleb128 0x36
 2923 1619 656E6400 		.ascii	"end\000"
 2924 161d 1A       		.byte	0x1a
 2925 161e 66       		.byte	0x66
 2926 161f 05       		.byte	0x5
 2927 1620 810F0000 		.4byte	0xf81
 2928 1624 00       		.byte	0
 2929 1625 00       		.byte	0
 2930 1626 31       		.uleb128 0x31
 2931 1627 49130000 		.4byte	0x1349
 2932 162b 1A       		.byte	0x1a
 2933 162c 4E       		.byte	0x4e
 2934 162d 06       		.byte	0x6
 2935 162e 36160000 		.4byte	0x1636
 2936 1632 72160000 		.4byte	0x1672
 2937 1636 32       		.uleb128 0x32
 2938 1637 B20A0000 		.4byte	.LASF274
 2939 163b 1E140000 		.4byte	0x141e
 2940 163f 33       		.uleb128 0x33
 2941 1640 72656700 		.ascii	"reg\000"
 2942 1644 1A       		.byte	0x1a
 2943 1645 4E       		.byte	0x4e
 2944 1646 22       		.byte	0x22
 2945 1647 C3000000 		.4byte	0xc3
 2946 164b 33       		.uleb128 0x33
 2947 164c 76616C00 		.ascii	"val\000"
 2948 1650 1A       		.byte	0x1a
 2949 1651 4E       		.byte	0x4e
 2950 1652 2F       		.byte	0x2f
 2951 1653 C3000000 		.4byte	0xc3
 2952 1657 37       		.uleb128 0x37
 2953 1658 35       		.uleb128 0x35
 2954 1659 D4080000 		.4byte	.LASF273
 2955 165d 1A       		.byte	0x1a
 2956 165e 52       		.byte	0x52
 2957 165f 05       		.byte	0x5
 2958 1660 810F0000 		.4byte	0xf81
 2959 1664 36       		.uleb128 0x36
 2960 1665 656E6400 		.ascii	"end\000"
 2961 1669 1A       		.byte	0x1a
 2962 166a 52       		.byte	0x52
 2963 166b 05       		.byte	0x5
 2964 166c 810F0000 		.4byte	0xf81
ARM GAS  /tmp/ccXPGahD.s 			page 53


 2965 1670 00       		.byte	0
 2966 1671 00       		.byte	0
 2967 1672 31       		.uleb128 0x31
 2968 1673 26130000 		.4byte	0x1326
 2969 1677 1A       		.byte	0x1a
 2970 1678 3F       		.byte	0x3f
 2971 1679 09       		.byte	0x9
 2972 167a 82160000 		.4byte	0x1682
 2973 167e D0160000 		.4byte	0x16d0
 2974 1682 32       		.uleb128 0x32
 2975 1683 B20A0000 		.4byte	.LASF274
 2976 1687 1E140000 		.4byte	0x141e
 2977 168b 33       		.uleb128 0x33
 2978 168c 72656700 		.ascii	"reg\000"
 2979 1690 1A       		.byte	0x1a
 2980 1691 3F       		.byte	0x3f
 2981 1692 24       		.byte	0x24
 2982 1693 C3000000 		.4byte	0xc3
 2983 1697 34       		.uleb128 0x34
 2984 1698 B5160000 		.4byte	0x16b5
 2985 169c 35       		.uleb128 0x35
 2986 169d D4080000 		.4byte	.LASF273
 2987 16a1 1A       		.byte	0x1a
 2988 16a2 43       		.byte	0x43
 2989 16a3 05       		.byte	0x5
 2990 16a4 810F0000 		.4byte	0xf81
 2991 16a8 36       		.uleb128 0x36
 2992 16a9 656E6400 		.ascii	"end\000"
 2993 16ad 1A       		.byte	0x1a
 2994 16ae 43       		.byte	0x43
 2995 16af 05       		.byte	0x5
 2996 16b0 810F0000 		.4byte	0xf81
 2997 16b4 00       		.byte	0
 2998 16b5 37       		.uleb128 0x37
 2999 16b6 35       		.uleb128 0x35
 3000 16b7 D4080000 		.4byte	.LASF273
 3001 16bb 1A       		.byte	0x1a
 3002 16bc 4A       		.byte	0x4a
 3003 16bd 05       		.byte	0x5
 3004 16be 810F0000 		.4byte	0xf81
 3005 16c2 36       		.uleb128 0x36
 3006 16c3 656E6400 		.ascii	"end\000"
 3007 16c7 1A       		.byte	0x1a
 3008 16c8 4A       		.byte	0x4a
 3009 16c9 05       		.byte	0x5
 3010 16ca 810F0000 		.4byte	0xf81
 3011 16ce 00       		.byte	0
 3012 16cf 00       		.byte	0
 3013 16d0 31       		.uleb128 0x31
 3014 16d1 FD120000 		.4byte	0x12fd
 3015 16d5 1A       		.byte	0x1a
 3016 16d6 2A       		.byte	0x2a
 3017 16d7 06       		.byte	0x6
 3018 16d8 E0160000 		.4byte	0x16e0
 3019 16dc D2170000 		.4byte	0x17d2
 3020 16e0 32       		.uleb128 0x32
 3021 16e1 B20A0000 		.4byte	.LASF274
ARM GAS  /tmp/ccXPGahD.s 			page 54


 3022 16e5 1E140000 		.4byte	0x141e
 3023 16e9 38       		.uleb128 0x38
 3024 16ea BB010000 		.4byte	.LASF275
 3025 16ee 1A       		.byte	0x1a
 3026 16ef 2A       		.byte	0x2a
 3027 16f0 1B       		.byte	0x1b
 3028 16f1 23140000 		.4byte	0x1423
 3029 16f5 38       		.uleb128 0x38
 3030 16f6 A1020000 		.4byte	.LASF276
 3031 16fa 1A       		.byte	0x1a
 3032 16fb 2A       		.byte	0x2a
 3033 16fc 2F       		.byte	0x2f
 3034 16fd 23140000 		.4byte	0x1423
 3035 1701 36       		.uleb128 0x36
 3036 1702 72617700 		.ascii	"raw\000"
 3037 1706 1A       		.byte	0x1a
 3038 1707 2E       		.byte	0x2e
 3039 1708 0D       		.byte	0xd
 3040 1709 D2170000 		.4byte	0x17d2
 3041 170d 13       		.uleb128 0x13
 3042 170e 01       		.byte	0x1
 3043 170f 1A       		.byte	0x1a
 3044 1710 31       		.byte	0x31
 3045 1711 12       		.byte	0x12
 3046 1712 C5170000 		.4byte	0x17c5
 3047 1716 39       		.uleb128 0x39
 3048 1717 A0090000 		.4byte	.LASF277
 3049 171b 38170000 		.4byte	0x1738
 3050 171f 27170000 		.4byte	0x1727
 3051 1723 38170000 		.4byte	0x1738
 3052 1727 25       		.uleb128 0x25
 3053 1728 38170000 		.4byte	0x1738
 3054 172c 22       		.uleb128 0x22
 3055 172d 31170000 		.4byte	0x1731
 3056 1731 3A       		.uleb128 0x3a
 3057 1732 04       		.byte	0x4
 3058 1733 0D170000 		.4byte	0x170d
 3059 1737 00       		.byte	0
 3060 1738 11       		.uleb128 0x11
 3061 1739 04       		.byte	0x4
 3062 173a 0D170000 		.4byte	0x170d
 3063 173e 39       		.uleb128 0x39
 3064 173f A0090000 		.4byte	.LASF277
 3065 1743 38170000 		.4byte	0x1738
 3066 1747 4F170000 		.4byte	0x174f
 3067 174b 65170000 		.4byte	0x1765
 3068 174f 25       		.uleb128 0x25
 3069 1750 38170000 		.4byte	0x1738
 3070 1754 22       		.uleb128 0x22
 3071 1755 59170000 		.4byte	0x1759
 3072 1759 3B       		.uleb128 0x3b
 3073 175a 04       		.byte	0x4
 3074 175b 5F170000 		.4byte	0x175f
 3075 175f 07       		.uleb128 0x7
 3076 1760 0D170000 		.4byte	0x170d
 3077 1764 00       		.byte	0
 3078 1765 3C       		.uleb128 0x3c
ARM GAS  /tmp/ccXPGahD.s 			page 55


 3079 1766 A0090000 		.4byte	.LASF277
 3080 176a 38170000 		.4byte	0x1738
 3081 176e 76170000 		.4byte	0x1776
 3082 1772 7C170000 		.4byte	0x177c
 3083 1776 25       		.uleb128 0x25
 3084 1777 38170000 		.4byte	0x1738
 3085 177b 00       		.byte	0
 3086 177c 39       		.uleb128 0x39
 3087 177d BB060000 		.4byte	.LASF278
 3088 1781 93060000 		.4byte	0x693
 3089 1785 8D170000 		.4byte	0x178d
 3090 1789 98170000 		.4byte	0x1798
 3091 178d 25       		.uleb128 0x25
 3092 178e 38170000 		.4byte	0x1738
 3093 1792 25       		.uleb128 0x25
 3094 1793 1D000000 		.4byte	0x1d
 3095 1797 00       		.byte	0
 3096 1798 3D       		.uleb128 0x3d
 3097 1799 C5010000 		.4byte	.LASF297
 3098 179d D9000000 		.4byte	0xd9
 3099 17a1 B0170000 		.4byte	0x17b0
 3100 17a5 11       		.uleb128 0x11
 3101 17a6 04       		.byte	0x4
 3102 17a7 5F170000 		.4byte	0x175f
 3103 17ab 07       		.uleb128 0x7
 3104 17ac A5170000 		.4byte	0x17a5
 3105 17b0 32       		.uleb128 0x32
 3106 17b1 09000000 		.4byte	.LASF279
 3107 17b5 AB170000 		.4byte	0x17ab
 3108 17b9 33       		.uleb128 0x33
 3109 17ba 7000     		.ascii	"p\000"
 3110 17bc 1A       		.byte	0x1a
 3111 17bd 31       		.byte	0x31
 3112 17be 23       		.byte	0x23
 3113 17bf 0E100000 		.4byte	0x100e
 3114 17c3 00       		.byte	0
 3115 17c4 00       		.byte	0
 3116 17c5 35       		.uleb128 0x35
 3117 17c6 38050000 		.4byte	.LASF280
 3118 17ca 1A       		.byte	0x1a
 3119 17cb 31       		.byte	0x31
 3120 17cc 0A       		.byte	0xa
 3121 17cd 0D170000 		.4byte	0x170d
 3122 17d1 00       		.byte	0
 3123 17d2 18       		.uleb128 0x18
 3124 17d3 C3000000 		.4byte	0xc3
 3125 17d7 E2170000 		.4byte	0x17e2
 3126 17db 19       		.uleb128 0x19
 3127 17dc 30000000 		.4byte	0x30
 3128 17e0 0D       		.byte	0xd
 3129 17e1 00       		.byte	0
 3130 17e2 31       		.uleb128 0x31
 3131 17e3 CF120000 		.4byte	0x12cf
 3132 17e7 1A       		.byte	0x1a
 3133 17e8 11       		.byte	0x11
 3134 17e9 06       		.byte	0x6
 3135 17ea F2170000 		.4byte	0x17f2
ARM GAS  /tmp/ccXPGahD.s 			page 56


 3136 17ee 20180000 		.4byte	0x1820
 3137 17f2 32       		.uleb128 0x32
 3138 17f3 B20A0000 		.4byte	.LASF274
 3139 17f7 1E140000 		.4byte	0x141e
 3140 17fb 38       		.uleb128 0x38
 3141 17fc 41020000 		.4byte	.LASF281
 3142 1800 1A       		.byte	0x1a
 3143 1801 11       		.byte	0x11
 3144 1802 20       		.byte	0x20
 3145 1803 AF120000 		.4byte	0x12af
 3146 1807 38       		.uleb128 0x38
 3147 1808 B3080000 		.4byte	.LASF282
 3148 180c 1A       		.byte	0x1a
 3149 180d 11       		.byte	0x11
 3150 180e 37       		.byte	0x37
 3151 180f B5120000 		.4byte	0x12b5
 3152 1813 38       		.uleb128 0x38
 3153 1814 2C010000 		.4byte	.LASF283
 3154 1818 1A       		.byte	0x1a
 3155 1819 11       		.byte	0x11
 3156 181a 52       		.byte	0x52
 3157 181b B5120000 		.4byte	0x12b5
 3158 181f 00       		.byte	0
 3159 1820 3E       		.uleb128 0x3e
 3160 1821 DB060000 		.4byte	.LASF284
 3161 1825 1B       		.byte	0x1b
 3162 1826 6D03     		.2byte	0x36d
 3163 1828 1B       		.byte	0x1b
 3164 1829 3E       		.uleb128 0x3e
 3165 182a 3C010000 		.4byte	.LASF285
 3166 182e 1B       		.byte	0x1b
 3167 182f 6203     		.2byte	0x362
 3168 1831 1B       		.byte	0x1b
 3169 1832 00       		.byte	0
 3170              		.section	.gnu.debuglto_.debug_abbrev,"e",%progbits
 3171              	.Ldebug_abbrev0:
 3172 0000 01       		.uleb128 0x1
 3173 0001 11       		.uleb128 0x11
 3174 0002 01       		.byte	0x1
 3175 0003 25       		.uleb128 0x25
 3176 0004 0E       		.uleb128 0xe
 3177 0005 13       		.uleb128 0x13
 3178 0006 0B       		.uleb128 0xb
 3179 0007 03       		.uleb128 0x3
 3180 0008 0E       		.uleb128 0xe
 3181 0009 1B       		.uleb128 0x1b
 3182 000a 0E       		.uleb128 0xe
 3183 000b 10       		.uleb128 0x10
 3184 000c 17       		.uleb128 0x17
 3185 000d 00       		.byte	0
 3186 000e 00       		.byte	0
 3187 000f 02       		.uleb128 0x2
 3188 0010 24       		.uleb128 0x24
 3189 0011 00       		.byte	0
 3190 0012 0B       		.uleb128 0xb
 3191 0013 0B       		.uleb128 0xb
 3192 0014 3E       		.uleb128 0x3e
ARM GAS  /tmp/ccXPGahD.s 			page 57


 3193 0015 0B       		.uleb128 0xb
 3194 0016 03       		.uleb128 0x3
 3195 0017 08       		.uleb128 0x8
 3196 0018 00       		.byte	0
 3197 0019 00       		.byte	0
 3198 001a 03       		.uleb128 0x3
 3199 001b 16       		.uleb128 0x16
 3200 001c 00       		.byte	0
 3201 001d 03       		.uleb128 0x3
 3202 001e 0E       		.uleb128 0xe
 3203 001f 3A       		.uleb128 0x3a
 3204 0020 0B       		.uleb128 0xb
 3205 0021 3B       		.uleb128 0x3b
 3206 0022 0B       		.uleb128 0xb
 3207 0023 39       		.uleb128 0x39
 3208 0024 0B       		.uleb128 0xb
 3209 0025 49       		.uleb128 0x49
 3210 0026 13       		.uleb128 0x13
 3211 0027 00       		.byte	0
 3212 0028 00       		.byte	0
 3213 0029 04       		.uleb128 0x4
 3214 002a 24       		.uleb128 0x24
 3215 002b 00       		.byte	0
 3216 002c 0B       		.uleb128 0xb
 3217 002d 0B       		.uleb128 0xb
 3218 002e 3E       		.uleb128 0x3e
 3219 002f 0B       		.uleb128 0xb
 3220 0030 03       		.uleb128 0x3
 3221 0031 0E       		.uleb128 0xe
 3222 0032 00       		.byte	0
 3223 0033 00       		.byte	0
 3224 0034 05       		.uleb128 0x5
 3225 0035 3B       		.uleb128 0x3b
 3226 0036 00       		.byte	0
 3227 0037 03       		.uleb128 0x3
 3228 0038 0E       		.uleb128 0xe
 3229 0039 00       		.byte	0
 3230 003a 00       		.byte	0
 3231 003b 06       		.uleb128 0x6
 3232 003c 35       		.uleb128 0x35
 3233 003d 00       		.byte	0
 3234 003e 49       		.uleb128 0x49
 3235 003f 13       		.uleb128 0x13
 3236 0040 00       		.byte	0
 3237 0041 00       		.byte	0
 3238 0042 07       		.uleb128 0x7
 3239 0043 26       		.uleb128 0x26
 3240 0044 00       		.byte	0
 3241 0045 49       		.uleb128 0x49
 3242 0046 13       		.uleb128 0x13
 3243 0047 00       		.byte	0
 3244 0048 00       		.byte	0
 3245 0049 08       		.uleb128 0x8
 3246 004a 13       		.uleb128 0x13
 3247 004b 01       		.byte	0x1
 3248 004c 03       		.uleb128 0x3
 3249 004d 0E       		.uleb128 0xe
ARM GAS  /tmp/ccXPGahD.s 			page 58


 3250 004e 0B       		.uleb128 0xb
 3251 004f 0B       		.uleb128 0xb
 3252 0050 3A       		.uleb128 0x3a
 3253 0051 0B       		.uleb128 0xb
 3254 0052 3B       		.uleb128 0x3b
 3255 0053 0B       		.uleb128 0xb
 3256 0054 39       		.uleb128 0x39
 3257 0055 0B       		.uleb128 0xb
 3258 0056 01       		.uleb128 0x1
 3259 0057 13       		.uleb128 0x13
 3260 0058 00       		.byte	0
 3261 0059 00       		.byte	0
 3262 005a 09       		.uleb128 0x9
 3263 005b 17       		.uleb128 0x17
 3264 005c 01       		.byte	0x1
 3265 005d 0B       		.uleb128 0xb
 3266 005e 0B       		.uleb128 0xb
 3267 005f 3A       		.uleb128 0x3a
 3268 0060 0B       		.uleb128 0xb
 3269 0061 3B       		.uleb128 0x3b
 3270 0062 0B       		.uleb128 0xb
 3271 0063 39       		.uleb128 0x39
 3272 0064 0B       		.uleb128 0xb
 3273 0065 01       		.uleb128 0x1
 3274 0066 13       		.uleb128 0x13
 3275 0067 00       		.byte	0
 3276 0068 00       		.byte	0
 3277 0069 0A       		.uleb128 0xa
 3278 006a 0D       		.uleb128 0xd
 3279 006b 00       		.byte	0
 3280 006c 03       		.uleb128 0x3
 3281 006d 0E       		.uleb128 0xe
 3282 006e 3A       		.uleb128 0x3a
 3283 006f 0B       		.uleb128 0xb
 3284 0070 3B       		.uleb128 0x3b
 3285 0071 0B       		.uleb128 0xb
 3286 0072 39       		.uleb128 0x39
 3287 0073 0B       		.uleb128 0xb
 3288 0074 49       		.uleb128 0x49
 3289 0075 13       		.uleb128 0x13
 3290 0076 00       		.byte	0
 3291 0077 00       		.byte	0
 3292 0078 0B       		.uleb128 0xb
 3293 0079 0D       		.uleb128 0xd
 3294 007a 00       		.byte	0
 3295 007b 03       		.uleb128 0x3
 3296 007c 0E       		.uleb128 0xe
 3297 007d 3A       		.uleb128 0x3a
 3298 007e 0B       		.uleb128 0xb
 3299 007f 3B       		.uleb128 0x3b
 3300 0080 05       		.uleb128 0x5
 3301 0081 39       		.uleb128 0x39
 3302 0082 0B       		.uleb128 0xb
 3303 0083 49       		.uleb128 0x49
 3304 0084 13       		.uleb128 0x13
 3305 0085 00       		.byte	0
 3306 0086 00       		.byte	0
ARM GAS  /tmp/ccXPGahD.s 			page 59


 3307 0087 0C       		.uleb128 0xc
 3308 0088 0D       		.uleb128 0xd
 3309 0089 00       		.byte	0
 3310 008a 03       		.uleb128 0x3
 3311 008b 08       		.uleb128 0x8
 3312 008c 3A       		.uleb128 0x3a
 3313 008d 0B       		.uleb128 0xb
 3314 008e 3B       		.uleb128 0x3b
 3315 008f 0B       		.uleb128 0xb
 3316 0090 39       		.uleb128 0x39
 3317 0091 0B       		.uleb128 0xb
 3318 0092 49       		.uleb128 0x49
 3319 0093 13       		.uleb128 0x13
 3320 0094 38       		.uleb128 0x38
 3321 0095 0B       		.uleb128 0xb
 3322 0096 00       		.byte	0
 3323 0097 00       		.byte	0
 3324 0098 0D       		.uleb128 0xd
 3325 0099 0D       		.uleb128 0xd
 3326 009a 00       		.byte	0
 3327 009b 03       		.uleb128 0x3
 3328 009c 0E       		.uleb128 0xe
 3329 009d 3A       		.uleb128 0x3a
 3330 009e 0B       		.uleb128 0xb
 3331 009f 3B       		.uleb128 0x3b
 3332 00a0 0B       		.uleb128 0xb
 3333 00a1 39       		.uleb128 0x39
 3334 00a2 0B       		.uleb128 0xb
 3335 00a3 49       		.uleb128 0x49
 3336 00a4 13       		.uleb128 0x13
 3337 00a5 38       		.uleb128 0x38
 3338 00a6 0B       		.uleb128 0xb
 3339 00a7 00       		.byte	0
 3340 00a8 00       		.byte	0
 3341 00a9 0E       		.uleb128 0xe
 3342 00aa 0D       		.uleb128 0xd
 3343 00ab 00       		.byte	0
 3344 00ac 03       		.uleb128 0x3
 3345 00ad 08       		.uleb128 0x8
 3346 00ae 3A       		.uleb128 0x3a
 3347 00af 0B       		.uleb128 0xb
 3348 00b0 3B       		.uleb128 0x3b
 3349 00b1 05       		.uleb128 0x5
 3350 00b2 39       		.uleb128 0x39
 3351 00b3 0B       		.uleb128 0xb
 3352 00b4 49       		.uleb128 0x49
 3353 00b5 13       		.uleb128 0x13
 3354 00b6 38       		.uleb128 0x38
 3355 00b7 0B       		.uleb128 0xb
 3356 00b8 00       		.byte	0
 3357 00b9 00       		.byte	0
 3358 00ba 0F       		.uleb128 0xf
 3359 00bb 0D       		.uleb128 0xd
 3360 00bc 00       		.byte	0
 3361 00bd 03       		.uleb128 0x3
 3362 00be 0E       		.uleb128 0xe
 3363 00bf 3A       		.uleb128 0x3a
ARM GAS  /tmp/ccXPGahD.s 			page 60


 3364 00c0 0B       		.uleb128 0xb
 3365 00c1 3B       		.uleb128 0x3b
 3366 00c2 05       		.uleb128 0x5
 3367 00c3 39       		.uleb128 0x39
 3368 00c4 0B       		.uleb128 0xb
 3369 00c5 49       		.uleb128 0x49
 3370 00c6 13       		.uleb128 0x13
 3371 00c7 38       		.uleb128 0x38
 3372 00c8 0B       		.uleb128 0xb
 3373 00c9 00       		.byte	0
 3374 00ca 00       		.byte	0
 3375 00cb 10       		.uleb128 0x10
 3376 00cc 13       		.uleb128 0x13
 3377 00cd 01       		.byte	0x1
 3378 00ce 03       		.uleb128 0x3
 3379 00cf 0E       		.uleb128 0xe
 3380 00d0 0B       		.uleb128 0xb
 3381 00d1 05       		.uleb128 0x5
 3382 00d2 3A       		.uleb128 0x3a
 3383 00d3 0B       		.uleb128 0xb
 3384 00d4 3B       		.uleb128 0x3b
 3385 00d5 05       		.uleb128 0x5
 3386 00d6 39       		.uleb128 0x39
 3387 00d7 0B       		.uleb128 0xb
 3388 00d8 01       		.uleb128 0x1
 3389 00d9 13       		.uleb128 0x13
 3390 00da 00       		.byte	0
 3391 00db 00       		.byte	0
 3392 00dc 11       		.uleb128 0x11
 3393 00dd 0F       		.uleb128 0xf
 3394 00de 00       		.byte	0
 3395 00df 0B       		.uleb128 0xb
 3396 00e0 0B       		.uleb128 0xb
 3397 00e1 49       		.uleb128 0x49
 3398 00e2 13       		.uleb128 0x13
 3399 00e3 00       		.byte	0
 3400 00e4 00       		.byte	0
 3401 00e5 12       		.uleb128 0x12
 3402 00e6 13       		.uleb128 0x13
 3403 00e7 01       		.byte	0x1
 3404 00e8 0B       		.uleb128 0xb
 3405 00e9 0B       		.uleb128 0xb
 3406 00ea 3A       		.uleb128 0x3a
 3407 00eb 0B       		.uleb128 0xb
 3408 00ec 3B       		.uleb128 0x3b
 3409 00ed 0B       		.uleb128 0xb
 3410 00ee 39       		.uleb128 0x39
 3411 00ef 0B       		.uleb128 0xb
 3412 00f0 6E       		.uleb128 0x6e
 3413 00f1 0E       		.uleb128 0xe
 3414 00f2 01       		.uleb128 0x1
 3415 00f3 13       		.uleb128 0x13
 3416 00f4 00       		.byte	0
 3417 00f5 00       		.byte	0
 3418 00f6 13       		.uleb128 0x13
 3419 00f7 13       		.uleb128 0x13
 3420 00f8 01       		.byte	0x1
ARM GAS  /tmp/ccXPGahD.s 			page 61


 3421 00f9 0B       		.uleb128 0xb
 3422 00fa 0B       		.uleb128 0xb
 3423 00fb 3A       		.uleb128 0x3a
 3424 00fc 0B       		.uleb128 0xb
 3425 00fd 3B       		.uleb128 0x3b
 3426 00fe 0B       		.uleb128 0xb
 3427 00ff 39       		.uleb128 0x39
 3428 0100 0B       		.uleb128 0xb
 3429 0101 01       		.uleb128 0x1
 3430 0102 13       		.uleb128 0x13
 3431 0103 00       		.byte	0
 3432 0104 00       		.byte	0
 3433 0105 14       		.uleb128 0x14
 3434 0106 0D       		.uleb128 0xd
 3435 0107 00       		.byte	0
 3436 0108 03       		.uleb128 0x3
 3437 0109 08       		.uleb128 0x8
 3438 010a 3A       		.uleb128 0x3a
 3439 010b 0B       		.uleb128 0xb
 3440 010c 3B       		.uleb128 0x3b
 3441 010d 0B       		.uleb128 0xb
 3442 010e 39       		.uleb128 0x39
 3443 010f 0B       		.uleb128 0xb
 3444 0110 49       		.uleb128 0x49
 3445 0111 13       		.uleb128 0x13
 3446 0112 00       		.byte	0
 3447 0113 00       		.byte	0
 3448 0114 15       		.uleb128 0x15
 3449 0115 0D       		.uleb128 0xd
 3450 0116 00       		.byte	0
 3451 0117 03       		.uleb128 0x3
 3452 0118 0E       		.uleb128 0xe
 3453 0119 3A       		.uleb128 0x3a
 3454 011a 0B       		.uleb128 0xb
 3455 011b 3B       		.uleb128 0x3b
 3456 011c 0B       		.uleb128 0xb
 3457 011d 39       		.uleb128 0x39
 3458 011e 0B       		.uleb128 0xb
 3459 011f 49       		.uleb128 0x49
 3460 0120 13       		.uleb128 0x13
 3461 0121 0B       		.uleb128 0xb
 3462 0122 0B       		.uleb128 0xb
 3463 0123 0D       		.uleb128 0xd
 3464 0124 0B       		.uleb128 0xb
 3465 0125 0C       		.uleb128 0xc
 3466 0126 0B       		.uleb128 0xb
 3467 0127 38       		.uleb128 0x38
 3468 0128 0B       		.uleb128 0xb
 3469 0129 00       		.byte	0
 3470 012a 00       		.byte	0
 3471 012b 16       		.uleb128 0x16
 3472 012c 0F       		.uleb128 0xf
 3473 012d 00       		.byte	0
 3474 012e 0B       		.uleb128 0xb
 3475 012f 0B       		.uleb128 0xb
 3476 0130 00       		.byte	0
 3477 0131 00       		.byte	0
ARM GAS  /tmp/ccXPGahD.s 			page 62


 3478 0132 17       		.uleb128 0x17
 3479 0133 13       		.uleb128 0x13
 3480 0134 01       		.byte	0x1
 3481 0135 0B       		.uleb128 0xb
 3482 0136 05       		.uleb128 0x5
 3483 0137 3A       		.uleb128 0x3a
 3484 0138 0B       		.uleb128 0xb
 3485 0139 3B       		.uleb128 0x3b
 3486 013a 0B       		.uleb128 0xb
 3487 013b 39       		.uleb128 0x39
 3488 013c 0B       		.uleb128 0xb
 3489 013d 6E       		.uleb128 0x6e
 3490 013e 0E       		.uleb128 0xe
 3491 013f 01       		.uleb128 0x1
 3492 0140 13       		.uleb128 0x13
 3493 0141 00       		.byte	0
 3494 0142 00       		.byte	0
 3495 0143 18       		.uleb128 0x18
 3496 0144 01       		.uleb128 0x1
 3497 0145 01       		.byte	0x1
 3498 0146 49       		.uleb128 0x49
 3499 0147 13       		.uleb128 0x13
 3500 0148 01       		.uleb128 0x1
 3501 0149 13       		.uleb128 0x13
 3502 014a 00       		.byte	0
 3503 014b 00       		.byte	0
 3504 014c 19       		.uleb128 0x19
 3505 014d 21       		.uleb128 0x21
 3506 014e 00       		.byte	0
 3507 014f 49       		.uleb128 0x49
 3508 0150 13       		.uleb128 0x13
 3509 0151 2F       		.uleb128 0x2f
 3510 0152 0B       		.uleb128 0xb
 3511 0153 00       		.byte	0
 3512 0154 00       		.byte	0
 3513 0155 1A       		.uleb128 0x1a
 3514 0156 13       		.uleb128 0x13
 3515 0157 01       		.byte	0x1
 3516 0158 0B       		.uleb128 0xb
 3517 0159 05       		.uleb128 0x5
 3518 015a 3A       		.uleb128 0x3a
 3519 015b 0B       		.uleb128 0xb
 3520 015c 3B       		.uleb128 0x3b
 3521 015d 05       		.uleb128 0x5
 3522 015e 39       		.uleb128 0x39
 3523 015f 0B       		.uleb128 0xb
 3524 0160 6E       		.uleb128 0x6e
 3525 0161 0E       		.uleb128 0xe
 3526 0162 01       		.uleb128 0x1
 3527 0163 13       		.uleb128 0x13
 3528 0164 00       		.byte	0
 3529 0165 00       		.byte	0
 3530 0166 1B       		.uleb128 0x1b
 3531 0167 0D       		.uleb128 0xd
 3532 0168 00       		.byte	0
 3533 0169 03       		.uleb128 0x3
 3534 016a 0E       		.uleb128 0xe
ARM GAS  /tmp/ccXPGahD.s 			page 63


 3535 016b 3A       		.uleb128 0x3a
 3536 016c 0B       		.uleb128 0xb
 3537 016d 3B       		.uleb128 0x3b
 3538 016e 05       		.uleb128 0x5
 3539 016f 39       		.uleb128 0x39
 3540 0170 0B       		.uleb128 0xb
 3541 0171 49       		.uleb128 0x49
 3542 0172 13       		.uleb128 0x13
 3543 0173 38       		.uleb128 0x38
 3544 0174 05       		.uleb128 0x5
 3545 0175 00       		.byte	0
 3546 0176 00       		.byte	0
 3547 0177 1C       		.uleb128 0x1c
 3548 0178 16       		.uleb128 0x16
 3549 0179 00       		.byte	0
 3550 017a 03       		.uleb128 0x3
 3551 017b 0E       		.uleb128 0xe
 3552 017c 3A       		.uleb128 0x3a
 3553 017d 0B       		.uleb128 0xb
 3554 017e 3B       		.uleb128 0x3b
 3555 017f 05       		.uleb128 0x5
 3556 0180 39       		.uleb128 0x39
 3557 0181 0B       		.uleb128 0xb
 3558 0182 49       		.uleb128 0x49
 3559 0183 13       		.uleb128 0x13
 3560 0184 00       		.byte	0
 3561 0185 00       		.byte	0
 3562 0186 1D       		.uleb128 0x1d
 3563 0187 13       		.uleb128 0x13
 3564 0188 01       		.byte	0x1
 3565 0189 0B       		.uleb128 0xb
 3566 018a 0B       		.uleb128 0xb
 3567 018b 3A       		.uleb128 0x3a
 3568 018c 0B       		.uleb128 0xb
 3569 018d 3B       		.uleb128 0x3b
 3570 018e 05       		.uleb128 0x5
 3571 018f 39       		.uleb128 0x39
 3572 0190 0B       		.uleb128 0xb
 3573 0191 6E       		.uleb128 0x6e
 3574 0192 0E       		.uleb128 0xe
 3575 0193 01       		.uleb128 0x1
 3576 0194 13       		.uleb128 0x13
 3577 0195 00       		.byte	0
 3578 0196 00       		.byte	0
 3579 0197 1E       		.uleb128 0x1e
 3580 0198 13       		.uleb128 0x13
 3581 0199 01       		.byte	0x1
 3582 019a 03       		.uleb128 0x3
 3583 019b 0E       		.uleb128 0xe
 3584 019c 0B       		.uleb128 0xb
 3585 019d 0B       		.uleb128 0xb
 3586 019e 3A       		.uleb128 0x3a
 3587 019f 0B       		.uleb128 0xb
 3588 01a0 3B       		.uleb128 0x3b
 3589 01a1 05       		.uleb128 0x5
 3590 01a2 39       		.uleb128 0x39
 3591 01a3 0B       		.uleb128 0xb
ARM GAS  /tmp/ccXPGahD.s 			page 64


 3592 01a4 01       		.uleb128 0x1
 3593 01a5 13       		.uleb128 0x13
 3594 01a6 00       		.byte	0
 3595 01a7 00       		.byte	0
 3596 01a8 1F       		.uleb128 0x1f
 3597 01a9 04       		.uleb128 0x4
 3598 01aa 01       		.byte	0x1
 3599 01ab 3E       		.uleb128 0x3e
 3600 01ac 0B       		.uleb128 0xb
 3601 01ad 0B       		.uleb128 0xb
 3602 01ae 0B       		.uleb128 0xb
 3603 01af 49       		.uleb128 0x49
 3604 01b0 13       		.uleb128 0x13
 3605 01b1 3A       		.uleb128 0x3a
 3606 01b2 0B       		.uleb128 0xb
 3607 01b3 3B       		.uleb128 0x3b
 3608 01b4 0B       		.uleb128 0xb
 3609 01b5 39       		.uleb128 0x39
 3610 01b6 0B       		.uleb128 0xb
 3611 01b7 6E       		.uleb128 0x6e
 3612 01b8 0E       		.uleb128 0xe
 3613 01b9 01       		.uleb128 0x1
 3614 01ba 13       		.uleb128 0x13
 3615 01bb 00       		.byte	0
 3616 01bc 00       		.byte	0
 3617 01bd 20       		.uleb128 0x20
 3618 01be 28       		.uleb128 0x28
 3619 01bf 00       		.byte	0
 3620 01c0 03       		.uleb128 0x3
 3621 01c1 0E       		.uleb128 0xe
 3622 01c2 1C       		.uleb128 0x1c
 3623 01c3 0B       		.uleb128 0xb
 3624 01c4 00       		.byte	0
 3625 01c5 00       		.byte	0
 3626 01c6 21       		.uleb128 0x21
 3627 01c7 15       		.uleb128 0x15
 3628 01c8 01       		.byte	0x1
 3629 01c9 01       		.uleb128 0x1
 3630 01ca 13       		.uleb128 0x13
 3631 01cb 00       		.byte	0
 3632 01cc 00       		.byte	0
 3633 01cd 22       		.uleb128 0x22
 3634 01ce 05       		.uleb128 0x5
 3635 01cf 00       		.byte	0
 3636 01d0 49       		.uleb128 0x49
 3637 01d1 13       		.uleb128 0x13
 3638 01d2 00       		.byte	0
 3639 01d3 00       		.byte	0
 3640 01d4 23       		.uleb128 0x23
 3641 01d5 02       		.uleb128 0x2
 3642 01d6 01       		.byte	0x1
 3643 01d7 03       		.uleb128 0x3
 3644 01d8 0E       		.uleb128 0xe
 3645 01d9 0B       		.uleb128 0xb
 3646 01da 0B       		.uleb128 0xb
 3647 01db 8801     		.uleb128 0x88
 3648 01dd 0B       		.uleb128 0xb
ARM GAS  /tmp/ccXPGahD.s 			page 65


 3649 01de 3A       		.uleb128 0x3a
 3650 01df 0B       		.uleb128 0xb
 3651 01e0 3B       		.uleb128 0x3b
 3652 01e1 0B       		.uleb128 0xb
 3653 01e2 39       		.uleb128 0x39
 3654 01e3 0B       		.uleb128 0xb
 3655 01e4 01       		.uleb128 0x1
 3656 01e5 13       		.uleb128 0x13
 3657 01e6 00       		.byte	0
 3658 01e7 00       		.byte	0
 3659 01e8 24       		.uleb128 0x24
 3660 01e9 2E       		.uleb128 0x2e
 3661 01ea 01       		.byte	0x1
 3662 01eb 3F       		.uleb128 0x3f
 3663 01ec 19       		.uleb128 0x19
 3664 01ed 03       		.uleb128 0x3
 3665 01ee 0E       		.uleb128 0xe
 3666 01ef 3A       		.uleb128 0x3a
 3667 01f0 0B       		.uleb128 0xb
 3668 01f1 3B       		.uleb128 0x3b
 3669 01f2 0B       		.uleb128 0xb
 3670 01f3 39       		.uleb128 0x39
 3671 01f4 0B       		.uleb128 0xb
 3672 01f5 6E       		.uleb128 0x6e
 3673 01f6 0E       		.uleb128 0xe
 3674 01f7 49       		.uleb128 0x49
 3675 01f8 13       		.uleb128 0x13
 3676 01f9 32       		.uleb128 0x32
 3677 01fa 0B       		.uleb128 0xb
 3678 01fb 3C       		.uleb128 0x3c
 3679 01fc 19       		.uleb128 0x19
 3680 01fd 64       		.uleb128 0x64
 3681 01fe 13       		.uleb128 0x13
 3682 01ff 01       		.uleb128 0x1
 3683 0200 13       		.uleb128 0x13
 3684 0201 00       		.byte	0
 3685 0202 00       		.byte	0
 3686 0203 25       		.uleb128 0x25
 3687 0204 05       		.uleb128 0x5
 3688 0205 00       		.byte	0
 3689 0206 49       		.uleb128 0x49
 3690 0207 13       		.uleb128 0x13
 3691 0208 34       		.uleb128 0x34
 3692 0209 19       		.uleb128 0x19
 3693 020a 00       		.byte	0
 3694 020b 00       		.byte	0
 3695 020c 26       		.uleb128 0x26
 3696 020d 2E       		.uleb128 0x2e
 3697 020e 01       		.byte	0x1
 3698 020f 3F       		.uleb128 0x3f
 3699 0210 19       		.uleb128 0x19
 3700 0211 03       		.uleb128 0x3
 3701 0212 0E       		.uleb128 0xe
 3702 0213 3A       		.uleb128 0x3a
 3703 0214 0B       		.uleb128 0xb
 3704 0215 3B       		.uleb128 0x3b
 3705 0216 0B       		.uleb128 0xb
ARM GAS  /tmp/ccXPGahD.s 			page 66


 3706 0217 39       		.uleb128 0x39
 3707 0218 0B       		.uleb128 0xb
 3708 0219 6E       		.uleb128 0x6e
 3709 021a 0E       		.uleb128 0xe
 3710 021b 49       		.uleb128 0x49
 3711 021c 13       		.uleb128 0x13
 3712 021d 3C       		.uleb128 0x3c
 3713 021e 19       		.uleb128 0x19
 3714 021f 64       		.uleb128 0x64
 3715 0220 13       		.uleb128 0x13
 3716 0221 01       		.uleb128 0x1
 3717 0222 13       		.uleb128 0x13
 3718 0223 00       		.byte	0
 3719 0224 00       		.byte	0
 3720 0225 27       		.uleb128 0x27
 3721 0226 2E       		.uleb128 0x2e
 3722 0227 01       		.byte	0x1
 3723 0228 3F       		.uleb128 0x3f
 3724 0229 19       		.uleb128 0x19
 3725 022a 03       		.uleb128 0x3
 3726 022b 0E       		.uleb128 0xe
 3727 022c 3A       		.uleb128 0x3a
 3728 022d 0B       		.uleb128 0xb
 3729 022e 3B       		.uleb128 0x3b
 3730 022f 0B       		.uleb128 0xb
 3731 0230 39       		.uleb128 0x39
 3732 0231 0B       		.uleb128 0xb
 3733 0232 6E       		.uleb128 0x6e
 3734 0233 0E       		.uleb128 0xe
 3735 0234 3C       		.uleb128 0x3c
 3736 0235 19       		.uleb128 0x19
 3737 0236 64       		.uleb128 0x64
 3738 0237 13       		.uleb128 0x13
 3739 0238 01       		.uleb128 0x1
 3740 0239 13       		.uleb128 0x13
 3741 023a 00       		.byte	0
 3742 023b 00       		.byte	0
 3743 023c 28       		.uleb128 0x28
 3744 023d 0D       		.uleb128 0xd
 3745 023e 00       		.byte	0
 3746 023f 03       		.uleb128 0x3
 3747 0240 0E       		.uleb128 0xe
 3748 0241 3A       		.uleb128 0x3a
 3749 0242 0B       		.uleb128 0xb
 3750 0243 3B       		.uleb128 0x3b
 3751 0244 0B       		.uleb128 0xb
 3752 0245 39       		.uleb128 0x39
 3753 0246 0B       		.uleb128 0xb
 3754 0247 49       		.uleb128 0x49
 3755 0248 13       		.uleb128 0x13
 3756 0249 8801     		.uleb128 0x88
 3757 024b 0B       		.uleb128 0xb
 3758 024c 38       		.uleb128 0x38
 3759 024d 0B       		.uleb128 0xb
 3760 024e 00       		.byte	0
 3761 024f 00       		.byte	0
 3762 0250 29       		.uleb128 0x29
ARM GAS  /tmp/ccXPGahD.s 			page 67


 3763 0251 39       		.uleb128 0x39
 3764 0252 01       		.byte	0x1
 3765 0253 03       		.uleb128 0x3
 3766 0254 08       		.uleb128 0x8
 3767 0255 3A       		.uleb128 0x3a
 3768 0256 0B       		.uleb128 0xb
 3769 0257 3B       		.uleb128 0x3b
 3770 0258 0B       		.uleb128 0xb
 3771 0259 01       		.uleb128 0x1
 3772 025a 13       		.uleb128 0x13
 3773 025b 00       		.byte	0
 3774 025c 00       		.byte	0
 3775 025d 2A       		.uleb128 0x2a
 3776 025e 39       		.uleb128 0x39
 3777 025f 00       		.byte	0
 3778 0260 03       		.uleb128 0x3
 3779 0261 0E       		.uleb128 0xe
 3780 0262 3A       		.uleb128 0x3a
 3781 0263 0B       		.uleb128 0xb
 3782 0264 3B       		.uleb128 0x3b
 3783 0265 05       		.uleb128 0x5
 3784 0266 39       		.uleb128 0x39
 3785 0267 0B       		.uleb128 0xb
 3786 0268 8901     		.uleb128 0x89
 3787 026a 19       		.uleb128 0x19
 3788 026b 00       		.byte	0
 3789 026c 00       		.byte	0
 3790 026d 2B       		.uleb128 0x2b
 3791 026e 3A       		.uleb128 0x3a
 3792 026f 00       		.byte	0
 3793 0270 3A       		.uleb128 0x3a
 3794 0271 0B       		.uleb128 0xb
 3795 0272 3B       		.uleb128 0x3b
 3796 0273 05       		.uleb128 0x5
 3797 0274 39       		.uleb128 0x39
 3798 0275 0B       		.uleb128 0xb
 3799 0276 18       		.uleb128 0x18
 3800 0277 13       		.uleb128 0x13
 3801 0278 00       		.byte	0
 3802 0279 00       		.byte	0
 3803 027a 2C       		.uleb128 0x2c
 3804 027b 08       		.uleb128 0x8
 3805 027c 00       		.byte	0
 3806 027d 3A       		.uleb128 0x3a
 3807 027e 0B       		.uleb128 0xb
 3808 027f 3B       		.uleb128 0x3b
 3809 0280 0B       		.uleb128 0xb
 3810 0281 39       		.uleb128 0x39
 3811 0282 0B       		.uleb128 0xb
 3812 0283 18       		.uleb128 0x18
 3813 0284 13       		.uleb128 0x13
 3814 0285 00       		.byte	0
 3815 0286 00       		.byte	0
 3816 0287 2D       		.uleb128 0x2d
 3817 0288 39       		.uleb128 0x39
 3818 0289 01       		.byte	0x1
 3819 028a 03       		.uleb128 0x3
ARM GAS  /tmp/ccXPGahD.s 			page 68


 3820 028b 0E       		.uleb128 0xe
 3821 028c 3A       		.uleb128 0x3a
 3822 028d 0B       		.uleb128 0xb
 3823 028e 3B       		.uleb128 0x3b
 3824 028f 05       		.uleb128 0x5
 3825 0290 39       		.uleb128 0x39
 3826 0291 0B       		.uleb128 0xb
 3827 0292 01       		.uleb128 0x1
 3828 0293 13       		.uleb128 0x13
 3829 0294 00       		.byte	0
 3830 0295 00       		.byte	0
 3831 0296 2E       		.uleb128 0x2e
 3832 0297 2E       		.uleb128 0x2e
 3833 0298 01       		.byte	0x1
 3834 0299 3F       		.uleb128 0x3f
 3835 029a 19       		.uleb128 0x19
 3836 029b 03       		.uleb128 0x3
 3837 029c 0E       		.uleb128 0xe
 3838 029d 3A       		.uleb128 0x3a
 3839 029e 0B       		.uleb128 0xb
 3840 029f 3B       		.uleb128 0x3b
 3841 02a0 0B       		.uleb128 0xb
 3842 02a1 39       		.uleb128 0x39
 3843 02a2 0B       		.uleb128 0xb
 3844 02a3 49       		.uleb128 0x49
 3845 02a4 13       		.uleb128 0x13
 3846 02a5 3C       		.uleb128 0x3c
 3847 02a6 19       		.uleb128 0x19
 3848 02a7 01       		.uleb128 0x1
 3849 02a8 13       		.uleb128 0x13
 3850 02a9 00       		.byte	0
 3851 02aa 00       		.byte	0
 3852 02ab 2F       		.uleb128 0x2f
 3853 02ac 34       		.uleb128 0x34
 3854 02ad 00       		.byte	0
 3855 02ae 03       		.uleb128 0x3
 3856 02af 0E       		.uleb128 0xe
 3857 02b0 3A       		.uleb128 0x3a
 3858 02b1 0B       		.uleb128 0xb
 3859 02b2 3B       		.uleb128 0x3b
 3860 02b3 0B       		.uleb128 0xb
 3861 02b4 39       		.uleb128 0x39
 3862 02b5 0B       		.uleb128 0xb
 3863 02b6 49       		.uleb128 0x49
 3864 02b7 13       		.uleb128 0x13
 3865 02b8 6C       		.uleb128 0x6c
 3866 02b9 19       		.uleb128 0x19
 3867 02ba 1C       		.uleb128 0x1c
 3868 02bb 0B       		.uleb128 0xb
 3869 02bc 00       		.byte	0
 3870 02bd 00       		.byte	0
 3871 02be 30       		.uleb128 0x30
 3872 02bf 34       		.uleb128 0x34
 3873 02c0 00       		.byte	0
 3874 02c1 03       		.uleb128 0x3
 3875 02c2 0E       		.uleb128 0xe
 3876 02c3 3A       		.uleb128 0x3a
ARM GAS  /tmp/ccXPGahD.s 			page 69


 3877 02c4 0B       		.uleb128 0xb
 3878 02c5 3B       		.uleb128 0x3b
 3879 02c6 0B       		.uleb128 0xb
 3880 02c7 39       		.uleb128 0x39
 3881 02c8 0B       		.uleb128 0xb
 3882 02c9 49       		.uleb128 0x49
 3883 02ca 13       		.uleb128 0x13
 3884 02cb 6C       		.uleb128 0x6c
 3885 02cc 19       		.uleb128 0x19
 3886 02cd 1C       		.uleb128 0x1c
 3887 02ce 0A       		.uleb128 0xa
 3888 02cf 00       		.byte	0
 3889 02d0 00       		.byte	0
 3890 02d1 31       		.uleb128 0x31
 3891 02d2 2E       		.uleb128 0x2e
 3892 02d3 01       		.byte	0x1
 3893 02d4 47       		.uleb128 0x47
 3894 02d5 13       		.uleb128 0x13
 3895 02d6 3A       		.uleb128 0x3a
 3896 02d7 0B       		.uleb128 0xb
 3897 02d8 3B       		.uleb128 0x3b
 3898 02d9 0B       		.uleb128 0xb
 3899 02da 39       		.uleb128 0x39
 3900 02db 0B       		.uleb128 0xb
 3901 02dc 64       		.uleb128 0x64
 3902 02dd 13       		.uleb128 0x13
 3903 02de 01       		.uleb128 0x1
 3904 02df 13       		.uleb128 0x13
 3905 02e0 00       		.byte	0
 3906 02e1 00       		.byte	0
 3907 02e2 32       		.uleb128 0x32
 3908 02e3 05       		.uleb128 0x5
 3909 02e4 00       		.byte	0
 3910 02e5 03       		.uleb128 0x3
 3911 02e6 0E       		.uleb128 0xe
 3912 02e7 49       		.uleb128 0x49
 3913 02e8 13       		.uleb128 0x13
 3914 02e9 34       		.uleb128 0x34
 3915 02ea 19       		.uleb128 0x19
 3916 02eb 00       		.byte	0
 3917 02ec 00       		.byte	0
 3918 02ed 33       		.uleb128 0x33
 3919 02ee 05       		.uleb128 0x5
 3920 02ef 00       		.byte	0
 3921 02f0 03       		.uleb128 0x3
 3922 02f1 08       		.uleb128 0x8
 3923 02f2 3A       		.uleb128 0x3a
 3924 02f3 0B       		.uleb128 0xb
 3925 02f4 3B       		.uleb128 0x3b
 3926 02f5 0B       		.uleb128 0xb
 3927 02f6 39       		.uleb128 0x39
 3928 02f7 0B       		.uleb128 0xb
 3929 02f8 49       		.uleb128 0x49
 3930 02f9 13       		.uleb128 0x13
 3931 02fa 00       		.byte	0
 3932 02fb 00       		.byte	0
 3933 02fc 34       		.uleb128 0x34
ARM GAS  /tmp/ccXPGahD.s 			page 70


 3934 02fd 0B       		.uleb128 0xb
 3935 02fe 01       		.byte	0x1
 3936 02ff 01       		.uleb128 0x1
 3937 0300 13       		.uleb128 0x13
 3938 0301 00       		.byte	0
 3939 0302 00       		.byte	0
 3940 0303 35       		.uleb128 0x35
 3941 0304 34       		.uleb128 0x34
 3942 0305 00       		.byte	0
 3943 0306 03       		.uleb128 0x3
 3944 0307 0E       		.uleb128 0xe
 3945 0308 3A       		.uleb128 0x3a
 3946 0309 0B       		.uleb128 0xb
 3947 030a 3B       		.uleb128 0x3b
 3948 030b 0B       		.uleb128 0xb
 3949 030c 39       		.uleb128 0x39
 3950 030d 0B       		.uleb128 0xb
 3951 030e 49       		.uleb128 0x49
 3952 030f 13       		.uleb128 0x13
 3953 0310 00       		.byte	0
 3954 0311 00       		.byte	0
 3955 0312 36       		.uleb128 0x36
 3956 0313 34       		.uleb128 0x34
 3957 0314 00       		.byte	0
 3958 0315 03       		.uleb128 0x3
 3959 0316 08       		.uleb128 0x8
 3960 0317 3A       		.uleb128 0x3a
 3961 0318 0B       		.uleb128 0xb
 3962 0319 3B       		.uleb128 0x3b
 3963 031a 0B       		.uleb128 0xb
 3964 031b 39       		.uleb128 0x39
 3965 031c 0B       		.uleb128 0xb
 3966 031d 49       		.uleb128 0x49
 3967 031e 13       		.uleb128 0x13
 3968 031f 00       		.byte	0
 3969 0320 00       		.byte	0
 3970 0321 37       		.uleb128 0x37
 3971 0322 0B       		.uleb128 0xb
 3972 0323 01       		.byte	0x1
 3973 0324 00       		.byte	0
 3974 0325 00       		.byte	0
 3975 0326 38       		.uleb128 0x38
 3976 0327 05       		.uleb128 0x5
 3977 0328 00       		.byte	0
 3978 0329 03       		.uleb128 0x3
 3979 032a 0E       		.uleb128 0xe
 3980 032b 3A       		.uleb128 0x3a
 3981 032c 0B       		.uleb128 0xb
 3982 032d 3B       		.uleb128 0x3b
 3983 032e 0B       		.uleb128 0xb
 3984 032f 39       		.uleb128 0x39
 3985 0330 0B       		.uleb128 0xb
 3986 0331 49       		.uleb128 0x49
 3987 0332 13       		.uleb128 0x13
 3988 0333 00       		.byte	0
 3989 0334 00       		.byte	0
 3990 0335 39       		.uleb128 0x39
ARM GAS  /tmp/ccXPGahD.s 			page 71


 3991 0336 2E       		.uleb128 0x2e
 3992 0337 01       		.byte	0x1
 3993 0338 03       		.uleb128 0x3
 3994 0339 0E       		.uleb128 0xe
 3995 033a 49       		.uleb128 0x49
 3996 033b 13       		.uleb128 0x13
 3997 033c 34       		.uleb128 0x34
 3998 033d 19       		.uleb128 0x19
 3999 033e 3C       		.uleb128 0x3c
 4000 033f 19       		.uleb128 0x19
 4001 0340 64       		.uleb128 0x64
 4002 0341 13       		.uleb128 0x13
 4003 0342 01       		.uleb128 0x1
 4004 0343 13       		.uleb128 0x13
 4005 0344 00       		.byte	0
 4006 0345 00       		.byte	0
 4007 0346 3A       		.uleb128 0x3a
 4008 0347 42       		.uleb128 0x42
 4009 0348 00       		.byte	0
 4010 0349 0B       		.uleb128 0xb
 4011 034a 0B       		.uleb128 0xb
 4012 034b 49       		.uleb128 0x49
 4013 034c 13       		.uleb128 0x13
 4014 034d 00       		.byte	0
 4015 034e 00       		.byte	0
 4016 034f 3B       		.uleb128 0x3b
 4017 0350 10       		.uleb128 0x10
 4018 0351 00       		.byte	0
 4019 0352 0B       		.uleb128 0xb
 4020 0353 0B       		.uleb128 0xb
 4021 0354 49       		.uleb128 0x49
 4022 0355 13       		.uleb128 0x13
 4023 0356 00       		.byte	0
 4024 0357 00       		.byte	0
 4025 0358 3C       		.uleb128 0x3c
 4026 0359 2E       		.uleb128 0x2e
 4027 035a 01       		.byte	0x1
 4028 035b 03       		.uleb128 0x3
 4029 035c 0E       		.uleb128 0xe
 4030 035d 49       		.uleb128 0x49
 4031 035e 13       		.uleb128 0x13
 4032 035f 34       		.uleb128 0x34
 4033 0360 19       		.uleb128 0x19
 4034 0361 3C       		.uleb128 0x3c
 4035 0362 19       		.uleb128 0x19
 4036 0363 8A01     		.uleb128 0x8a
 4037 0365 19       		.uleb128 0x19
 4038 0366 64       		.uleb128 0x64
 4039 0367 13       		.uleb128 0x13
 4040 0368 01       		.uleb128 0x1
 4041 0369 13       		.uleb128 0x13
 4042 036a 00       		.byte	0
 4043 036b 00       		.byte	0
 4044 036c 3D       		.uleb128 0x3d
 4045 036d 2E       		.uleb128 0x2e
 4046 036e 01       		.byte	0x1
 4047 036f 03       		.uleb128 0x3
ARM GAS  /tmp/ccXPGahD.s 			page 72


 4048 0370 0E       		.uleb128 0xe
 4049 0371 49       		.uleb128 0x49
 4050 0372 13       		.uleb128 0x13
 4051 0373 34       		.uleb128 0x34
 4052 0374 19       		.uleb128 0x19
 4053 0375 64       		.uleb128 0x64
 4054 0376 13       		.uleb128 0x13
 4055 0377 00       		.byte	0
 4056 0378 00       		.byte	0
 4057 0379 3E       		.uleb128 0x3e
 4058 037a 2E       		.uleb128 0x2e
 4059 037b 00       		.byte	0
 4060 037c 03       		.uleb128 0x3
 4061 037d 0E       		.uleb128 0xe
 4062 037e 3A       		.uleb128 0x3a
 4063 037f 0B       		.uleb128 0xb
 4064 0380 3B       		.uleb128 0x3b
 4065 0381 05       		.uleb128 0x5
 4066 0382 39       		.uleb128 0x39
 4067 0383 0B       		.uleb128 0xb
 4068 0384 00       		.byte	0
 4069 0385 00       		.byte	0
 4070 0386 00       		.byte	0
 4071              		.section	.gnu.debuglto_.debug_line,"e",%progbits
 4072              	.Ldebug_line0:
 4073 0000 E4040000 		.4byte	.LELT0-.LSLT0
 4074              	.LSLT0:
 4075 0004 0400     		.2byte	0x4
 4076 0006 DE040000 		.4byte	.LELTP0-.LASLTP0
 4077              	.LASLTP0:
 4078 000a 01       		.byte	0x1
 4079 000b 01       		.byte	0x1
 4080 000c 01       		.byte	0x1
 4081 000d F6       		.byte	0xf6
 4082 000e F2       		.byte	0xf2
 4083 000f 0D       		.byte	0xd
 4084 0010 00       		.byte	0
 4085 0011 01       		.byte	0x1
 4086 0012 01       		.byte	0x1
 4087 0013 01       		.byte	0x1
 4088 0014 01       		.byte	0x1
 4089 0015 00       		.byte	0
 4090 0016 00       		.byte	0
 4091 0017 00       		.byte	0
 4092 0018 01       		.byte	0x1
 4093 0019 00       		.byte	0
 4094 001a 00       		.byte	0
 4095 001b 01       		.byte	0x1
 4096 001c 74686972 		.ascii	"third_party/ChibiOS/os/common/ext/ARM/CMSIS/Core/In"
 4096      645F7061 
 4096      7274792F 
 4096      43686962 
 4096      694F532F 
 4097 004f 636C7564 		.ascii	"clude"
 4097      65
 4098 0054 00       		.byte	0
 4099 0055 74686972 		.ascii	"third_party/ChibiOS/os/common/ext/ST/STM32H7xx"
ARM GAS  /tmp/ccXPGahD.s 			page 73


 4099      645F7061 
 4099      7274792F 
 4099      43686962 
 4099      694F532F 
 4100 0083 00       		.byte	0
 4101 0084 74686972 		.ascii	"third_party/ChibiOS/os/common/ports/ARM-common"
 4101      645F7061 
 4101      7274792F 
 4101      43686962 
 4101      694F532F 
 4102 00b2 00       		.byte	0
 4103 00b3 74686972 		.ascii	"third_party/ChibiOS/os/common/ports/ARMv7-M"
 4103      645F7061 
 4103      7274792F 
 4103      43686962 
 4103      694F532F 
 4104 00de 00       		.byte	0
 4105 00df 74686972 		.ascii	"third_party/ChibiOS/os/hal/include"
 4105      645F7061 
 4105      7274792F 
 4105      43686962 
 4105      694F532F 
 4106 0101 00       		.byte	0
 4107 0102 74686972 		.ascii	"third_party/ChibiOS/os/hal/ports/STM32/LLD/DMAv2"
 4107      645F7061 
 4107      7274792F 
 4107      43686962 
 4107      694F532F 
 4108 0132 00       		.byte	0
 4109 0133 74686972 		.ascii	"third_party/ChibiOS/os/hal/ports/STM32/LLD/GPIOv2"
 4109      645F7061 
 4109      7274792F 
 4109      43686962 
 4109      694F532F 
 4110 0164 00       		.byte	0
 4111 0165 74686972 		.ascii	"third_party/ChibiOS/os/rt/include"
 4111      645F7061 
 4111      7274792F 
 4111      43686962 
 4111      694F532F 
 4112 0186 00       		.byte	0
 4113 0187 2F6F7074 		.ascii	"/opt/gcc-arm-none-eabi-10-2020-q4-major/arm-none-ea"
 4113      2F676363 
 4113      2D61726D 
 4113      2D6E6F6E 
 4113      652D6561 
 4114 01ba 62692F69 		.ascii	"bi/include/c++/10.2.1/arm-none-eabi/thumb/v7e-m+dp/"
 4114      6E636C75 
 4114      64652F63 
 4114      2B2B2F31 
 4114      302E322E 
 4115 01ed 68617264 		.ascii	"hard/bits"
 4115      2F626974 
 4115      73
 4116 01f6 00       		.byte	0
 4117 01f7 2F6F7074 		.ascii	"/opt/gcc-arm-none-eabi-10-2020-q4-major/arm-none-ea"
 4117      2F676363 
ARM GAS  /tmp/ccXPGahD.s 			page 74


 4117      2D61726D 
 4117      2D6E6F6E 
 4117      652D6561 
 4118 022a 62692F69 		.ascii	"bi/include/c++/10.2.1"
 4118      6E636C75 
 4118      64652F63 
 4118      2B2B2F31 
 4118      302E322E 
 4119 023f 00       		.byte	0
 4120 0240 2F6F7074 		.ascii	"/opt/gcc-arm-none-eabi-10-2020-q4-major/arm-none-ea"
 4120      2F676363 
 4120      2D61726D 
 4120      2D6E6F6E 
 4120      652D6561 
 4121 0273 62692F69 		.ascii	"bi/include/machine"
 4121      6E636C75 
 4121      64652F6D 
 4121      61636869 
 4121      6E65
 4122 0285 00       		.byte	0
 4123 0286 2F6F7074 		.ascii	"/opt/gcc-arm-none-eabi-10-2020-q4-major/arm-none-ea"
 4123      2F676363 
 4123      2D61726D 
 4123      2D6E6F6E 
 4123      652D6561 
 4124 02b9 62692F69 		.ascii	"bi/include/sys"
 4124      6E636C75 
 4124      64652F73 
 4124      7973
 4125 02c7 00       		.byte	0
 4126 02c8 2F6F7074 		.ascii	"/opt/gcc-arm-none-eabi-10-2020-q4-major/arm-none-ea"
 4126      2F676363 
 4126      2D61726D 
 4126      2D6E6F6E 
 4126      652D6561 
 4127 02fb 62692F69 		.ascii	"bi/include"
 4127      6E636C75 
 4127      6465
 4128 0305 00       		.byte	0
 4129 0306 2F6F7074 		.ascii	"/opt/gcc-arm-none-eabi-10-2020-q4-major/lib/gcc/arm"
 4129      2F676363 
 4129      2D61726D 
 4129      2D6E6F6E 
 4129      652D6561 
 4130 0339 2D6E6F6E 		.ascii	"-none-eabi/10.2.1/include"
 4130      652D6561 
 4130      62692F31 
 4130      302E322E 
 4130      312F696E 
 4131 0352 00       		.byte	0
 4132 0353 7372632F 		.ascii	"src/coms/IMUs"
 4132      636F6D73 
 4132      2F494D55 
 4132      73
 4133 0360 00       		.byte	0
 4134 0361 00       		.byte	0
 4135 0362 73746464 		.ascii	"stddef.h\000"
ARM GAS  /tmp/ccXPGahD.s 			page 75


 4135      65662E68 
 4135      00
 4136 036b 0E       		.uleb128 0xe
 4137 036c 00       		.uleb128 0
 4138 036d 00       		.uleb128 0
 4139 036e 5F646566 		.ascii	"_default_types.h\000"
 4139      61756C74 
 4139      5F747970 
 4139      65732E68 
 4139      00
 4140 037f 0B       		.uleb128 0xb
 4141 0380 00       		.uleb128 0
 4142 0381 00       		.uleb128 0
 4143 0382 5F737464 		.ascii	"_stdint.h\000"
 4143      696E742E 
 4143      6800
 4144 038c 0C       		.uleb128 0xc
 4145 038d 00       		.uleb128 0
 4146 038e 00       		.uleb128 0
 4147 038f 73746469 		.ascii	"stdint.h\000"
 4147      6E742E68 
 4147      00
 4148 0398 0D       		.uleb128 0xd
 4149 0399 00       		.uleb128 0
 4150 039a 00       		.uleb128 0
 4151 039b 63687479 		.ascii	"chtypes.h\000"
 4151      7065732E 
 4151      6800
 4152 03a5 03       		.uleb128 0x3
 4153 03a6 00       		.uleb128 0
 4154 03a7 00       		.uleb128 0
 4155 03a8 63686561 		.ascii	"chearly.h\000"
 4155      726C792E 
 4155      6800
 4156 03b2 08       		.uleb128 0x8
 4157 03b3 00       		.uleb128 0
 4158 03b4 00       		.uleb128 0
 4159 03b5 63686F62 		.ascii	"chobjects.h\000"
 4159      6A656374 
 4159      732E6800 
 4160 03c1 08       		.uleb128 0x8
 4161 03c2 00       		.uleb128 0
 4162 03c3 00       		.uleb128 0
 4163 03c4 63687266 		.ascii	"chrfcu.h\000"
 4163      63752E68 
 4163      00
 4164 03cd 08       		.uleb128 0x8
 4165 03ce 00       		.uleb128 0
 4166 03cf 00       		.uleb128 0
 4167 03d0 63686465 		.ascii	"chdebug.h\000"
 4167      6275672E 
 4167      6800
 4168 03da 08       		.uleb128 0x8
 4169 03db 00       		.uleb128 0
 4170 03dc 00       		.uleb128 0
 4171 03dd 63687469 		.ascii	"chtime.h\000"
 4171      6D652E68 
ARM GAS  /tmp/ccXPGahD.s 			page 76


 4171      00
 4172 03e6 08       		.uleb128 0x8
 4173 03e7 00       		.uleb128 0
 4174 03e8 00       		.uleb128 0
 4175 03e9 63686C69 		.ascii	"chlists.h\000"
 4175      7374732E 
 4175      6800
 4176 03f3 08       		.uleb128 0x8
 4177 03f4 00       		.uleb128 0
 4178 03f5 00       		.uleb128 0
 4179 03f6 63687472 		.ascii	"chtrace.h\000"
 4179      6163652E 
 4179      6800
 4180 0400 08       		.uleb128 0x8
 4181 0401 00       		.uleb128 0
 4182 0402 00       		.uleb128 0
 4183 0403 636F7265 		.ascii	"core_cm7.h\000"
 4183      5F636D37 
 4183      2E6800
 4184 040e 01       		.uleb128 0x1
 4185 040f 00       		.uleb128 0
 4186 0410 00       		.uleb128 0
 4187 0411 73746D33 		.ascii	"stm32h753xx.h\000"
 4187      32683735 
 4187      3378782E 
 4187      6800
 4188 041f 02       		.uleb128 0x2
 4189 0420 00       		.uleb128 0
 4190 0421 00       		.uleb128 0
 4191 0422 6368636F 		.ascii	"chcore.h\000"
 4191      72652E68 
 4191      00
 4192 042b 04       		.uleb128 0x4
 4193 042c 00       		.uleb128 0
 4194 042d 00       		.uleb128 0
 4195 042e 63687365 		.ascii	"chsem.h\000"
 4195      6D2E6800 
 4196 0436 08       		.uleb128 0x8
 4197 0437 00       		.uleb128 0
 4198 0438 00       		.uleb128 0
 4199 0439 63686D74 		.ascii	"chmtx.h\000"
 4199      782E6800 
 4200 0441 08       		.uleb128 0x8
 4201 0442 00       		.uleb128 0
 4202 0443 00       		.uleb128 0
 4203 0444 73746D33 		.ascii	"stm32_dma.h\000"
 4203      325F646D 
 4203      612E6800 
 4204 0450 06       		.uleb128 0x6
 4205 0451 00       		.uleb128 0
 4206 0452 00       		.uleb128 0
 4207 0453 73746D33 		.ascii	"stm32_gpio.h\000"
 4207      325F6770 
 4207      696F2E68 
 4207      00
 4208 0460 07       		.uleb128 0x7
 4209 0461 00       		.uleb128 0
ARM GAS  /tmp/ccXPGahD.s 			page 77


 4210 0462 00       		.uleb128 0
 4211 0463 68616C5F 		.ascii	"hal_pal_lld.h\000"
 4211      70616C5F 
 4211      6C6C642E 
 4211      6800
 4212 0471 07       		.uleb128 0x7
 4213 0472 00       		.uleb128 0
 4214 0473 00       		.uleb128 0
 4215 0474 68616C5F 		.ascii	"hal_spi_v1.h\000"
 4215      7370695F 
 4215      76312E68 
 4215      00
 4216 0481 05       		.uleb128 0x5
 4217 0482 00       		.uleb128 0
 4218 0483 00       		.uleb128 0
 4219 0484 49434D32 		.ascii	"ICM20602.hpp\000"
 4219      30363032 
 4219      2E687070 
 4219      00
 4220 0491 0F       		.uleb128 0xf
 4221 0492 00       		.uleb128 0
 4222 0493 00       		.uleb128 0
 4223 0494 63737472 		.ascii	"cstring\000"
 4223      696E6700 
 4224 049c 0A       		.uleb128 0xa
 4225 049d 00       		.uleb128 0
 4226 049e 00       		.uleb128 0
 4227 049f 632B2B63 		.ascii	"c++config.h\000"
 4227      6F6E6669 
 4227      672E6800 
 4228 04ab 09       		.uleb128 0x9
 4229 04ac 00       		.uleb128 0
 4230 04ad 00       		.uleb128 0
 4231 04ae 73747269 		.ascii	"string.h\000"
 4231      6E672E68 
 4231      00
 4232 04b7 0D       		.uleb128 0xd
 4233 04b8 00       		.uleb128 0
 4234 04b9 00       		.uleb128 0
 4235 04ba 49434D32 		.ascii	"ICM20602.cpp\000"
 4235      30363032 
 4235      2E637070 
 4235      00
 4236 04c7 0F       		.uleb128 0xf
 4237 04c8 00       		.uleb128 0
 4238 04c9 00       		.uleb128 0
 4239 04ca 636D7369 		.ascii	"cmsis_gcc.h\000"
 4239      735F6763 
 4239      632E6800 
 4240 04d6 01       		.uleb128 0x1
 4241 04d7 00       		.uleb128 0
 4242 04d8 00       		.uleb128 0
 4243 04d9 3C627569 		.ascii	"<built-in>\000"
 4243      6C742D69 
 4243      6E3E00
 4244 04e4 00       		.uleb128 0
 4245 04e5 00       		.uleb128 0
ARM GAS  /tmp/ccXPGahD.s 			page 78


 4246 04e6 00       		.uleb128 0
 4247 04e7 00       		.byte	0
 4248              	.LELTP0:
 4249              	.LELT0:
 4250              		.section	.gnu.debuglto_.debug_str,"eMS",%progbits,1
 4251              	.LASF12:
 4252 0000 6C6F6E67 		.ascii	"long int\000"
 4252      20696E74 
 4252      00
 4253              	.LASF279:
 4254 0009 5F5F636C 		.ascii	"__closure\000"
 4254      6F737572 
 4254      6500
 4255              	.LASF140:
 4256 0013 44434353 		.ascii	"DCCSW\000"
 4256      5700
 4257              	.LASF246:
 4258 0019 5F5A4E38 		.ascii	"_ZN8ICM2060210burst_readEhPhj\000"
 4258      49434D32 
 4258      30363032 
 4258      31306275 
 4258      7273745F 
 4259              	.LASF230:
 4260 0037 63697263 		.ascii	"circular\000"
 4260      756C6172 
 4260      00
 4261              	.LASF182:
 4262 0040 74687265 		.ascii	"thread_reference_t\000"
 4262      61645F72 
 4262      65666572 
 4262      656E6365 
 4262      5F7400
 4263              	.LASF210:
 4264 0053 42535252 		.ascii	"BSRR\000"
 4264      00
 4265              	.LASF180:
 4266 0058 63685F72 		.ascii	"ch_registry\000"
 4266      65676973 
 4266      74727900 
 4267              	.LASF266:
 4268 0064 5245475F 		.ascii	"REG_ACCEL_CFG2\000"
 4268      41434345 
 4268      4C5F4346 
 4268      473200
 4269              	.LASF251:
 4270 0073 5F77686F 		.ascii	"_whoami\000"
 4270      616D6900 
 4271              	.LASF255:
 4272 007b 5F727862 		.ascii	"_rxbuf\000"
 4272      756600
 4273              	.LASF51:
 4274 0082 666C6167 		.ascii	"flags\000"
 4274      7300
 4275              	.LASF78:
 4276 0088 73797374 		.ascii	"systime_t\000"
 4276      696D655F 
 4276      7400
ARM GAS  /tmp/ccXPGahD.s 			page 79


 4277              	.LASF137:
 4278 0092 44434953 		.ascii	"DCISW\000"
 4278      5700
 4279              	.LASF102:
 4280 0098 62756666 		.ascii	"buffer\000"
 4280      657200
 4281              	.LASF100:
 4282 009f 73757370 		.ascii	"suspended\000"
 4282      656E6465 
 4282      6400
 4283              	.LASF265:
 4284 00a9 5245475F 		.ascii	"REG_ACCEL_CFG\000"
 4284      41434345 
 4284      4C5F4346 
 4284      4700
 4285              	.LASF268:
 4286 00b7 5245475F 		.ascii	"REG_PWR_MGMT_1\000"
 4286      5057525F 
 4286      4D474D54 
 4286      5F3100
 4287              	.LASF55:
 4288 00c6 6570656E 		.ascii	"epending\000"
 4288      64696E67 
 4288      00
 4289              	.LASF0:
 4290 00cf 756E7369 		.ascii	"unsigned int\000"
 4290      676E6564 
 4290      20696E74 
 4290      00
 4291              	.LASF83:
 4292 00dc 6E657874 		.ascii	"next\000"
 4292      00
 4293              	.LASF21:
 4294 00e1 75696E74 		.ascii	"uint32_t\000"
 4294      33325F74 
 4294      00
 4295              	.LASF296:
 4296 00ea 5F5F676E 		.ascii	"__gnu_cxx\000"
 4296      755F6378 
 4296      7800
 4297              	.LASF146:
 4298 00f4 41484250 		.ascii	"AHBPCR\000"
 4298      435200
 4299              	.LASF133:
 4300 00fb 49434941 		.ascii	"ICIALLU\000"
 4300      4C4C5500 
 4301              	.LASF112:
 4302 0103 44465352 		.ascii	"DFSR\000"
 4302      00
 4303              	.LASF252:
 4304 0108 77686F61 		.ascii	"whoami\000"
 4304      6D6900
 4305              	.LASF123:
 4306 010f 43435349 		.ascii	"CCSIDR\000"
 4306      445200
 4307              	.LASF11:
 4308 0116 5F5F696E 		.ascii	"__int32_t\000"
ARM GAS  /tmp/ccXPGahD.s 			page 80


 4308      7433325F 
 4308      7400
 4309              	.LASF145:
 4310 0120 4454434D 		.ascii	"DTCMCR\000"
 4310      435200
 4311              	.LASF52:
 4312 0127 72656673 		.ascii	"refs\000"
 4312      00
 4313              	.LASF283:
 4314 012c 6366675F 		.ascii	"cfg_fast\000"
 4314      66617374 
 4314      00
 4315              	.LASF40:
 4316 0135 77746F62 		.ascii	"wtobjp\000"
 4316      6A7000
 4317              	.LASF285:
 4318 013c 5F5F4953 		.ascii	"__ISB\000"
 4318      4200
 4319              	.LASF63:
 4320 0142 76746C69 		.ascii	"vtlist\000"
 4320      737400
 4321              	.LASF174:
 4322 0149 706F7274 		.ascii	"port_context\000"
 4322      5F636F6E 
 4322      74657874 
 4322      00
 4323              	.LASF8:
 4324 0156 73686F72 		.ascii	"short int\000"
 4324      7420696E 
 4324      7400
 4325              	.LASF185:
 4326 0160 63685F72 		.ascii	"ch_ready_list\000"
 4326      65616479 
 4326      5F6C6973 
 4326      7400
 4327              	.LASF152:
 4328 016e 4E445452 		.ascii	"NDTR\000"
 4328      00
 4329              	.LASF178:
 4330 0173 6C617374 		.ascii	"laststamp\000"
 4330      7374616D 
 4330      7000
 4331              	.LASF45:
 4332 017d 65776D61 		.ascii	"ewmask\000"
 4332      736B00
 4333              	.LASF249:
 4334 0184 5F636667 		.ascii	"_cfg_fast\000"
 4334      5F666173 
 4334      7400
 4335              	.LASF86:
 4336 018e 70726576 		.ascii	"prev\000"
 4336      00
 4337              	.LASF82:
 4338 0193 63685F6C 		.ascii	"ch_list\000"
 4338      69737400 
 4339              	.LASF222:
 4340 019b 53504944 		.ascii	"SPIDriver\000"
ARM GAS  /tmp/ccXPGahD.s 			page 81


 4340      72697665 
 4340      7200
 4341              	.LASF169:
 4342 01a5 52584352 		.ascii	"RXCRC\000"
 4342      4300
 4343              	.LASF74:
 4344 01ab 63685F73 		.ascii	"ch_system_debug\000"
 4344      79737465 
 4344      6D5F6465 
 4344      62756700 
 4345              	.LASF275:
 4346 01bb 61636365 		.ascii	"accel_ms2\000"
 4346      6C5F6D73 
 4346      3200
 4347              	.LASF297:
 4348 01c5 6F706572 		.ascii	"operator()\000"
 4348      61746F72 
 4348      282900
 4349              	.LASF35:
 4350 01d0 6C697374 		.ascii	"list\000"
 4350      00
 4351              	.LASF157:
 4352 01d5 3232444D 		.ascii	"22DMAMUX_Channel_TypeDef\000"
 4352      414D5558 
 4352      5F436861 
 4352      6E6E656C 
 4352      5F547970 
 4353              	.LASF91:
 4354 01ee 63685F64 		.ascii	"ch_delta_list\000"
 4354      656C7461 
 4354      5F6C6973 
 4354      7400
 4355              	.LASF27:
 4356 01fc 74737461 		.ascii	"tstate_t\000"
 4356      74655F74 
 4356      00
 4357              	.LASF42:
 4358 0205 73656E74 		.ascii	"sentmsg\000"
 4358      6D736700 
 4359              	.LASF31:
 4360 020d 6576656E 		.ascii	"eventmask_t\000"
 4360      746D6173 
 4360      6B5F7400 
 4361              	.LASF198:
 4362 0219 69666372 		.ascii	"ifcr\000"
 4362      00
 4363              	.LASF99:
 4364 021e 74726163 		.ascii	"trace_event_t\000"
 4364      655F6576 
 4364      656E745F 
 4364      7400
 4365              	.LASF256:
 4366 022c 666C6F61 		.ascii	"float\000"
 4366      7400
 4367              	.LASF225:
 4368 0232 6D757465 		.ascii	"mutex\000"
 4368      7800
ARM GAS  /tmp/ccXPGahD.s 			page 82


 4369              	.LASF294:
 4370 0238 7265675F 		.ascii	"reg_read\000"
 4370      72656164 
 4370      00
 4371              	.LASF281:
 4372 0241 73706964 		.ascii	"spid\000"
 4372      00
 4373              	.LASF183:
 4374 0246 63685F73 		.ascii	"ch_semaphore\000"
 4374      656D6170 
 4374      686F7265 
 4374      00
 4375              	.LASF29:
 4376 0253 74707269 		.ascii	"tprio_t\000"
 4376      6F5F7400 
 4377              	.LASF156:
 4378 025b 3138444D 		.ascii	"18DMA_Stream_TypeDef\000"
 4378      415F5374 
 4378      7265616D 
 4378      5F547970 
 4378      65446566 
 4379              	.LASF270:
 4380 0270 57484F41 		.ascii	"WHOAMI_VALUE\000"
 4380      4D495F56 
 4380      414C5545 
 4380      00
 4381              	.LASF193:
 4382 027d 6F735F69 		.ascii	"os_instance_config_t\000"
 4382      6E737461 
 4382      6E63655F 
 4382      636F6E66 
 4382      69675F74 
 4383              	.LASF231:
 4384 0292 656E645F 		.ascii	"end_cb\000"
 4384      636200
 4385              	.LASF18:
 4386 0299 696E7431 		.ascii	"int16_t\000"
 4386      365F7400 
 4387              	.LASF276:
 4388 02a1 6779726F 		.ascii	"gyro_rads\000"
 4388      5F726164 
 4388      7300
 4389              	.LASF94:
 4390 02ab 68616C74 		.ascii	"halt\000"
 4390      00
 4391              	.LASF16:
 4392 02b0 6C6F6E67 		.ascii	"long long unsigned int\000"
 4392      206C6F6E 
 4392      6720756E 
 4392      7369676E 
 4392      65642069 
 4393              	.LASF118:
 4394 02c7 49445F41 		.ascii	"ID_AFR\000"
 4394      465200
 4395              	.LASF93:
 4396 02ce 72656173 		.ascii	"reason\000"
 4396      6F6E00
ARM GAS  /tmp/ccXPGahD.s 			page 83


 4397              	.LASF69:
 4398 02d5 74726163 		.ascii	"trace_buffer\000"
 4398      655F6275 
 4398      66666572 
 4398      00
 4399              	.LASF201:
 4400 02e2 76656374 		.ascii	"vector\000"
 4400      6F7200
 4401              	.LASF37:
 4402 02e9 70717565 		.ascii	"pqueue\000"
 4402      756500
 4403              	.LASF9:
 4404 02f0 5F5F7569 		.ascii	"__uint16_t\000"
 4404      6E743136 
 4404      5F7400
 4405              	.LASF32:
 4406 02fb 636E745F 		.ascii	"cnt_t\000"
 4406      7400
 4407              	.LASF148:
 4408 0301 41484253 		.ascii	"AHBSCR\000"
 4408      435200
 4409              	.LASF206:
 4410 0308 4D4F4445 		.ascii	"MODER\000"
 4410      5200
 4411              	.LASF232:
 4412 030e 7373706F 		.ascii	"ssport\000"
 4412      727400
 4413              	.LASF223:
 4414 0315 68616C5F 		.ascii	"hal_spi_driver\000"
 4414      7370695F 
 4414      64726976 
 4414      657200
 4415              	.LASF98:
 4416 0324 74696D65 		.ascii	"time\000"
 4416      00
 4417              	.LASF213:
 4418 0329 41465248 		.ascii	"AFRH\000"
 4418      00
 4419              	.LASF214:
 4420 032e 73746D33 		.ascii	"stm32_gpio_t\000"
 4420      325F6770 
 4420      696F5F74 
 4420      00
 4421              	.LASF48:
 4422 033b 6E616D65 		.ascii	"name\000"
 4422      00
 4423              	.LASF47:
 4424 0340 6F776E65 		.ascii	"owner\000"
 4424      7200
 4425              	.LASF269:
 4426 0346 5245475F 		.ascii	"REG_WHO_AM_I\000"
 4426      57484F5F 
 4426      414D5F49 
 4426      00
 4427              	.LASF190:
 4428 0353 6D61696E 		.ascii	"mainthread_end\000"
 4428      74687265 
ARM GAS  /tmp/ccXPGahD.s 			page 84


 4428      61645F65 
 4428      6E6400
 4429              	.LASF205:
 4430 0362 636C6561 		.ascii	"clear\000"
 4430      7200
 4431              	.LASF56:
 4432 0368 6D74786C 		.ascii	"mtxlist\000"
 4432      69737400 
 4433              	.LASF175:
 4434 0370 63685F76 		.ascii	"ch_virtual_timers_list\000"
 4434      69727475 
 4434      616C5F74 
 4434      696D6572 
 4434      735F6C69 
 4435              	.LASF288:
 4436 0387 2F686F6D 		.ascii	"/home/bprl-dev/Documents/BPRL_flight\000"
 4436      652F6270 
 4436      726C2D64 
 4436      65762F44 
 4436      6F63756D 
 4437              	.LASF66:
 4438 03ac 72666375 		.ascii	"rfcu\000"
 4438      00
 4439              	.LASF272:
 4440 03b1 41434345 		.ascii	"ACCEL_SCALE\000"
 4440      4C5F5343 
 4440      414C4500 
 4441              	.LASF34:
 4442 03bd 74687265 		.ascii	"thread_t\000"
 4442      61645F74 
 4442      00
 4443              	.LASF95:
 4444 03c6 75736572 		.ascii	"user\000"
 4444      00
 4445              	.LASF237:
 4446 03cb 64756D6D 		.ascii	"dummyrx\000"
 4446      79727800 
 4447              	.LASF4:
 4448 03d3 73697A65 		.ascii	"size_t\000"
 4448      5F7400
 4449              	.LASF38:
 4450 03da 7264796D 		.ascii	"rdymsg\000"
 4450      736700
 4451              	.LASF165:
 4452 03e1 52584452 		.ascii	"RXDR\000"
 4452      00
 4453              	.LASF261:
 4454 03e6 73747278 		.ascii	"strxfrm\000"
 4454      66726D00 
 4455              	.LASF119:
 4456 03ee 49445F4D 		.ascii	"ID_MFR\000"
 4456      465200
 4457              	.LASF87:
 4458 03f5 63685F70 		.ascii	"ch_priority_queue_t\000"
 4458      72696F72 
 4458      6974795F 
 4458      71756575 
ARM GAS  /tmp/ccXPGahD.s 			page 85


 4458      655F7400 
 4459              	.LASF104:
 4460 0409 43505549 		.ascii	"CPUID\000"
 4460      4400
 4461              	.LASF108:
 4462 040f 53485052 		.ascii	"SHPR\000"
 4462      00
 4463              	.LASF204:
 4464 0414 31327374 		.ascii	"12stm32_gpio_t\000"
 4464      6D33325F 
 4464      6770696F 
 4464      5F7400
 4465              	.LASF135:
 4466 0423 4943494D 		.ascii	"ICIMVAU\000"
 4466      56415500 
 4467              	.LASF253:
 4468 042b 5F5A4E4B 		.ascii	"_ZNK8ICM206026whoamiEv\000"
 4468      3849434D 
 4468      32303630 
 4468      32367768 
 4468      6F616D69 
 4469              	.LASF184:
 4470 0442 63685F6D 		.ascii	"ch_mutex\000"
 4470      75746578 
 4470      00
 4471              	.LASF115:
 4472 044b 41465352 		.ascii	"AFSR\000"
 4472      00
 4473              	.LASF228:
 4474 0450 53504943 		.ascii	"SPIConfig\000"
 4474      6F6E6669 
 4474      6700
 4475              	.LASF153:
 4476 045a 4D304152 		.ascii	"M0AR\000"
 4476      00
 4477              	.LASF61:
 4478 045f 63685F6F 		.ascii	"ch_os_instance\000"
 4478      735F696E 
 4478      7374616E 
 4478      636500
 4479              	.LASF215:
 4480 046e 696F706F 		.ascii	"ioportid_t\000"
 4480      72746964 
 4480      5F7400
 4481              	.LASF209:
 4482 0479 50555044 		.ascii	"PUPDR\000"
 4482      5200
 4483              	.LASF258:
 4484 047f 73747263 		.ascii	"strcoll\000"
 4484      6F6C6C00 
 4485              	.LASF192:
 4486 0487 69646C65 		.ascii	"idlethread_end\000"
 4486      74687265 
 4486      61645F65 
 4486      6E6400
 4487              	.LASF291:
 4488 0496 38534342 		.ascii	"8SCB_Type\000"
ARM GAS  /tmp/ccXPGahD.s 			page 86


 4488      5F547970 
 4488      6500
 4489              	.LASF111:
 4490 04a0 48465352 		.ascii	"HFSR\000"
 4490      00
 4491              	.LASF89:
 4492 04a5 7072696F 		.ascii	"prio\000"
 4492      00
 4493              	.LASF76:
 4494 04aa 63686172 		.ascii	"char\000"
 4494      00
 4495              	.LASF241:
 4496 04af 5F5A4E38 		.ascii	"_ZN8ICM206024initEP14hal_spi_driverPK14hal_spi_conf"
 4496      49434D32 
 4496      30363032 
 4496      34696E69 
 4496      74455031 
 4497 04e2 69675334 		.ascii	"igS4_\000"
 4497      5F00
 4498              	.LASF90:
 4499 04e8 63685F64 		.ascii	"ch_delta_list_t\000"
 4499      656C7461 
 4499      5F6C6973 
 4499      745F7400 
 4500              	.LASF70:
 4501 04f8 72666375 		.ascii	"rfcu_mask_t\000"
 4501      5F6D6173 
 4501      6B5F7400 
 4502              	.LASF136:
 4503 0504 4443494D 		.ascii	"DCIMVAC\000"
 4503      56414300 
 4504              	.LASF80:
 4505 050c 74696D65 		.ascii	"time_conv_t\000"
 4505      5F636F6E 
 4505      765F7400 
 4506              	.LASF227:
 4507 0518 7478646D 		.ascii	"txdmamode\000"
 4507      616D6F64 
 4507      6500
 4508              	.LASF49:
 4509 0522 77616261 		.ascii	"wabase\000"
 4509      736500
 4510              	.LASF71:
 4511 0529 63685F72 		.ascii	"ch_rfcu\000"
 4511      66637500 
 4512              	.LASF254:
 4513 0531 5F747862 		.ascii	"_txbuf\000"
 4513      756600
 4514              	.LASF280:
 4515 0538 62653136 		.ascii	"be16\000"
 4515      00
 4516              	.LASF117:
 4517 053d 49445F44 		.ascii	"ID_DFR\000"
 4517      465200
 4518              	.LASF46:
 4519 0544 72717565 		.ascii	"rqueue\000"
 4519      756500
ARM GAS  /tmp/ccXPGahD.s 			page 87


 4520              	.LASF107:
 4521 054b 41495243 		.ascii	"AIRCR\000"
 4521      5200
 4522              	.LASF189:
 4523 0551 6D61696E 		.ascii	"mainthread_base\000"
 4523      74687265 
 4523      61645F62 
 4523      61736500 
 4524              	.LASF202:
 4525 0561 73746D33 		.ascii	"stm32_dma_stream_t\000"
 4525      325F646D 
 4525      615F7374 
 4525      7265616D 
 4525      5F7400
 4526              	.LASF15:
 4527 0574 5F5F7569 		.ascii	"__uint64_t\000"
 4527      6E743634 
 4527      5F7400
 4528              	.LASF17:
 4529 057f 75696E74 		.ascii	"uint8_t\000"
 4529      385F7400 
 4530              	.LASF295:
 4531 0587 5F5A4E38 		.ascii	"_ZN8ICM206028reg_readEh\000"
 4531      49434D32 
 4531      30363032 
 4531      38726567 
 4531      5F726561 
 4532              	.LASF196:
 4533 059f 31387374 		.ascii	"18stm32_dma_stream_t\000"
 4533      6D33325F 
 4533      646D615F 
 4533      73747265 
 4533      616D5F74 
 4534              	.LASF247:
 4535 05b4 5F737069 		.ascii	"_spid\000"
 4535      6400
 4536              	.LASF54:
 4537 05ba 6D736771 		.ascii	"msgqueue\000"
 4537      75657565 
 4537      00
 4538              	.LASF168:
 4539 05c3 54584352 		.ascii	"TXCRC\000"
 4539      4300
 4540              	.LASF197:
 4541 05c9 73747265 		.ascii	"stream\000"
 4541      616D00
 4542              	.LASF60:
 4543 05d0 63685F74 		.ascii	"ch_thread\000"
 4543      68726561 
 4543      6400
 4544              	.LASF163:
 4545 05da 54584452 		.ascii	"TXDR\000"
 4545      00
 4546              	.LASF290:
 4547 05df 31347472 		.ascii	"14trace_buffer_t\000"
 4547      6163655F 
 4547      62756666 
ARM GAS  /tmp/ccXPGahD.s 			page 88


 4547      65725F74 
 4547      00
 4548              	.LASF147:
 4549 05f0 43414352 		.ascii	"CACR\000"
 4549      00
 4550              	.LASF77:
 4551 05f5 73797374 		.ascii	"system_debug_t\000"
 4551      656D5F64 
 4551      65627567 
 4551      5F7400
 4552              	.LASF127:
 4553 0604 53544952 		.ascii	"STIR\000"
 4553      00
 4554              	.LASF142:
 4555 0609 44434349 		.ascii	"DCCISW\000"
 4555      535700
 4556              	.LASF124:
 4557 0610 43535345 		.ascii	"CSSELR\000"
 4557      4C5200
 4558              	.LASF1:
 4559 0617 6C6F6E67 		.ascii	"long long int\000"
 4559      206C6F6E 
 4559      6720696E 
 4559      7400
 4560              	.LASF238:
 4561 0625 73706963 		.ascii	"spicallback_t\000"
 4561      616C6C62 
 4561      61636B5F 
 4561      7400
 4562              	.LASF130:
 4563 0633 4D564652 		.ascii	"MVFR1\000"
 4563      3100
 4564              	.LASF141:
 4565 0639 44434349 		.ascii	"DCCIMVAC\000"
 4565      4D564143 
 4565      00
 4566              	.LASF139:
 4567 0642 4443434D 		.ascii	"DCCMVAC\000"
 4567      56414300 
 4568              	.LASF30:
 4569 064a 6D73675F 		.ascii	"msg_t\000"
 4569      7400
 4570              	.LASF110:
 4571 0650 43465352 		.ascii	"CFSR\000"
 4571      00
 4572              	.LASF195:
 4573 0655 626F6F6C 		.ascii	"bool\000"
 4573      00
 4574              	.LASF257:
 4575 065a 5F5F6378 		.ascii	"__cxx11\000"
 4575      78313100 
 4576              	.LASF138:
 4577 0662 4443434D 		.ascii	"DCCMVAU\000"
 4577      56415500 
 4578              	.LASF7:
 4579 066a 5F5F696E 		.ascii	"__int16_t\000"
 4579      7431365F 
ARM GAS  /tmp/ccXPGahD.s 			page 89


 4579      7400
 4580              	.LASF181:
 4581 0674 72656769 		.ascii	"registry_t\000"
 4581      73747279 
 4581      5F7400
 4582              	.LASF292:
 4583 067f 31307370 		.ascii	"10spistate_t\000"
 4583      69737461 
 4583      74655F74 
 4583      00
 4584              	.LASF158:
 4585 068c 444D414D 		.ascii	"DMAMUX_Channel_TypeDef\000"
 4585      55585F43 
 4585      68616E6E 
 4585      656C5F54 
 4585      79706544 
 4586              	.LASF155:
 4587 06a3 444D415F 		.ascii	"DMA_Stream_TypeDef\000"
 4587      53747265 
 4587      616D5F54 
 4587      79706544 
 4587      656600
 4588              	.LASF101:
 4589 06b6 73697A65 		.ascii	"size\000"
 4589      00
 4590              	.LASF278:
 4591 06bb 7E3C6C61 		.ascii	"~<lambda>\000"
 4591      6D626461 
 4591      3E00
 4592              	.LASF116:
 4593 06c5 49445F50 		.ascii	"ID_PFR\000"
 4593      465200
 4594              	.LASF248:
 4595 06cc 5F636667 		.ascii	"_cfg_init\000"
 4595      5F696E69 
 4595      7400
 4596              	.LASF72:
 4597 06d6 6D61736B 		.ascii	"mask\000"
 4597      00
 4598              	.LASF284:
 4599 06db 5F5F4453 		.ascii	"__DSB\000"
 4599      4200
 4600              	.LASF229:
 4601 06e1 68616C5F 		.ascii	"hal_spi_config\000"
 4601      7370695F 
 4601      636F6E66 
 4601      696700
 4602              	.LASF79:
 4603 06f0 73797369 		.ascii	"sysinterval_t\000"
 4603      6E746572 
 4603      76616C5F 
 4603      7400
 4604              	.LASF84:
 4605 06fe 63685F71 		.ascii	"ch_queue_t\000"
 4605      75657565 
 4605      5F7400
 4606              	.LASF103:
ARM GAS  /tmp/ccXPGahD.s 			page 90


 4607 0709 74726163 		.ascii	"trace_buffer_t\000"
 4607      655F6275 
 4607      66666572 
 4607      5F7400
 4608              	.LASF259:
 4609 0718 73747265 		.ascii	"strerror\000"
 4609      72726F72 
 4609      00
 4610              	.LASF26:
 4611 0721 746D6F64 		.ascii	"tmode_t\000"
 4611      655F7400 
 4612              	.LASF68:
 4613 0729 6D61696E 		.ascii	"mainthread\000"
 4613      74687265 
 4613      616400
 4614              	.LASF120:
 4615 0734 49445F49 		.ascii	"ID_ISAR\000"
 4615      53415200 
 4616              	.LASF208:
 4617 073c 4F535045 		.ascii	"OSPEEDR\000"
 4617      45445200 
 4618              	.LASF211:
 4619 0744 4C4F434B 		.ascii	"LOCKR\000"
 4619      5200
 4620              	.LASF242:
 4621 074a 5F5A4E38 		.ascii	"_ZN8ICM206024readEPfS0_\000"
 4621      49434D32 
 4621      30363032 
 4621      34726561 
 4621      64455066 
 4622              	.LASF2:
 4623 0762 6C6F6E67 		.ascii	"long double\000"
 4623      20646F75 
 4623      626C6500 
 4624              	.LASF19:
 4625 076e 75696E74 		.ascii	"uint16_t\000"
 4625      31365F74 
 4625      00
 4626              	.LASF81:
 4627 0777 63685F6C 		.ascii	"ch_list_t\000"
 4627      6973745F 
 4627      7400
 4628              	.LASF199:
 4629 0781 73686966 		.ascii	"shift\000"
 4629      7400
 4630              	.LASF216:
 4631 0787 5350495F 		.ascii	"SPI_UNINIT\000"
 4631      554E494E 
 4631      495400
 4632              	.LASF13:
 4633 0792 5F5F7569 		.ascii	"__uint32_t\000"
 4633      6E743332 
 4633      5F7400
 4634              	.LASF113:
 4635 079d 4D4D4641 		.ascii	"MMFAR\000"
 4635      5200
 4636              	.LASF67:
ARM GAS  /tmp/ccXPGahD.s 			page 91


 4637 07a3 636F6E66 		.ascii	"config\000"
 4637      696700
 4638              	.LASF194:
 4639 07aa 6D757465 		.ascii	"mutex_t\000"
 4639      785F7400 
 4640              	.LASF28:
 4641 07b2 74726566 		.ascii	"trefs_t\000"
 4641      735F7400 
 4642              	.LASF121:
 4643 07ba 52455345 		.ascii	"RESERVED0\000"
 4643      52564544 
 4643      3000
 4644              	.LASF164:
 4645 07c4 52455345 		.ascii	"RESERVED1\000"
 4645      52564544 
 4645      3100
 4646              	.LASF109:
 4647 07ce 53484353 		.ascii	"SHCSR\000"
 4647      5200
 4648              	.LASF126:
 4649 07d4 52455345 		.ascii	"RESERVED3\000"
 4649      52564544 
 4649      3300
 4650              	.LASF128:
 4651 07de 52455345 		.ascii	"RESERVED4\000"
 4651      52564544 
 4651      3400
 4652              	.LASF134:
 4653 07e8 52455345 		.ascii	"RESERVED6\000"
 4653      52564544 
 4653      3600
 4654              	.LASF150:
 4655 07f2 41424653 		.ascii	"ABFSR\000"
 4655      5200
 4656              	.LASF149:
 4657 07f8 52455345 		.ascii	"RESERVED8\000"
 4657      52564544 
 4657      3800
 4658              	.LASF250:
 4659 0802 5F726561 		.ascii	"_ready\000"
 4659      647900
 4660              	.LASF236:
 4661 0809 64756D6D 		.ascii	"dummytx\000"
 4661      79747800 
 4662              	.LASF173:
 4663 0811 706F7274 		.ascii	"port_intctx\000"
 4663      5F696E74 
 4663      63747800 
 4664              	.LASF221:
 4665 081d 73706973 		.ascii	"spistate_t\000"
 4665      74617465 
 4665      5F7400
 4666              	.LASF167:
 4667 0828 43524350 		.ascii	"CRCPOLY\000"
 4667      4F4C5900 
 4668              	.LASF160:
 4669 0830 43464731 		.ascii	"CFG1\000"
ARM GAS  /tmp/ccXPGahD.s 			page 92


 4669      00
 4670              	.LASF161:
 4671 0835 43464732 		.ascii	"CFG2\000"
 4671      00
 4672              	.LASF24:
 4673 083a 706F7274 		.ascii	"port_stkalign_t\000"
 4673      5F73746B 
 4673      616C6967 
 4673      6E5F7400 
 4674              	.LASF262:
 4675 084a 5245475F 		.ascii	"REG_SMPLRT_DIV\000"
 4675      534D504C 
 4675      52545F44 
 4675      495600
 4676              	.LASF170:
 4677 0859 55445244 		.ascii	"UDRDR\000"
 4677      5200
 4678              	.LASF207:
 4679 085f 4F545950 		.ascii	"OTYPER\000"
 4679      455200
 4680              	.LASF203:
 4681 0866 31337472 		.ascii	"13trace_event_t\000"
 4681      6163655F 
 4681      6576656E 
 4681      745F7400 
 4682              	.LASF188:
 4683 0876 63685F6F 		.ascii	"ch_os_instance_config\000"
 4683      735F696E 
 4683      7374616E 
 4683      63655F63 
 4683      6F6E6669 
 4684              	.LASF176:
 4685 088c 646C6973 		.ascii	"dlist\000"
 4685      7400
 4686              	.LASF171:
 4687 0892 49325343 		.ascii	"I2SCFGR\000"
 4687      46475200 
 4688              	.LASF177:
 4689 089a 6C617374 		.ascii	"lasttime\000"
 4689      74696D65 
 4689      00
 4690              	.LASF62:
 4691 08a3 726C6973 		.ascii	"rlist\000"
 4691      7400
 4692              	.LASF218:
 4693 08a9 5350495F 		.ascii	"SPI_READY\000"
 4693      52454144 
 4693      5900
 4694              	.LASF282:
 4695 08b3 6366675F 		.ascii	"cfg_init\000"
 4695      696E6974 
 4695      00
 4696              	.LASF5:
 4697 08bc 5F5F7569 		.ascii	"__uint8_t\000"
 4697      6E74385F 
 4697      7400
 4698              	.LASF151:
ARM GAS  /tmp/ccXPGahD.s 			page 93


 4699 08c6 5343425F 		.ascii	"SCB_Type\000"
 4699      54797065 
 4699      00
 4700              	.LASF240:
 4701 08cf 72656164 		.ascii	"read\000"
 4701      00
 4702              	.LASF273:
 4703 08d4 73746172 		.ascii	"start\000"
 4703      7400
 4704              	.LASF57:
 4705 08da 7265616C 		.ascii	"realprio\000"
 4705      7072696F 
 4705      00
 4706              	.LASF106:
 4707 08e3 56544F52 		.ascii	"VTOR\000"
 4707      00
 4708              	.LASF154:
 4709 08e8 4D314152 		.ascii	"M1AR\000"
 4709      00
 4710              	.LASF239:
 4711 08ed 696E6974 		.ascii	"init\000"
 4711      00
 4712              	.LASF105:
 4713 08f2 49435352 		.ascii	"ICSR\000"
 4713      00
 4714              	.LASF264:
 4715 08f7 5245475F 		.ascii	"REG_GYRO_CFG\000"
 4715      4759524F 
 4715      5F434647 
 4715      00
 4716              	.LASF14:
 4717 0904 6C6F6E67 		.ascii	"long unsigned int\000"
 4717      20756E73 
 4717      69676E65 
 4717      6420696E 
 4717      7400
 4718              	.LASF187:
 4719 0916 72656164 		.ascii	"ready_list_t\000"
 4719      795F6C69 
 4719      73745F74 
 4719      00
 4720              	.LASF97:
 4721 0923 72747374 		.ascii	"rtstamp\000"
 4721      616D7000 
 4722              	.LASF217:
 4723 092b 5350495F 		.ascii	"SPI_STOP\000"
 4723      53544F50 
 4723      00
 4724              	.LASF20:
 4725 0934 696E7433 		.ascii	"int32_t\000"
 4725      325F7400 
 4726              	.LASF73:
 4727 093c 72666375 		.ascii	"rfcu_t\000"
 4727      5F7400
 4728              	.LASF36:
 4729 0943 71756575 		.ascii	"queue\000"
 4729      6500
ARM GAS  /tmp/ccXPGahD.s 			page 94


 4730              	.LASF224:
 4731 0949 74687265 		.ascii	"thread\000"
 4731      616400
 4732              	.LASF43:
 4733 0950 77747365 		.ascii	"wtsemp\000"
 4733      6D7000
 4734              	.LASF88:
 4735 0957 63685F70 		.ascii	"ch_priority_queue\000"
 4735      72696F72 
 4735      6974795F 
 4735      71756575 
 4735      6500
 4736              	.LASF271:
 4737 0969 4759524F 		.ascii	"GYRO_SCALE\000"
 4737      5F534341 
 4737      4C4500
 4738              	.LASF85:
 4739 0974 63685F71 		.ascii	"ch_queue\000"
 4739      75657565 
 4739      00
 4740              	.LASF219:
 4741 097d 5350495F 		.ascii	"SPI_ACTIVE\000"
 4741      41435449 
 4741      564500
 4742              	.LASF96:
 4743 0988 74797065 		.ascii	"type\000"
 4743      00
 4744              	.LASF6:
 4745 098d 756E7369 		.ascii	"unsigned char\000"
 4745      676E6564 
 4745      20636861 
 4745      7200
 4746              	.LASF212:
 4747 099b 4146524C 		.ascii	"AFRL\000"
 4747      00
 4748              	.LASF277:
 4749 09a0 3C6C616D 		.ascii	"<lambda>\000"
 4749      6264613E 
 4749      00
 4750              	.LASF53:
 4751 09a9 77616974 		.ascii	"waiting\000"
 4751      696E6700 
 4752              	.LASF179:
 4753 09b1 76697274 		.ascii	"virtual_timers_list_t\000"
 4753      75616C5F 
 4753      74696D65 
 4753      72735F6C 
 4753      6973745F 
 4754              	.LASF75:
 4755 09c7 70616E69 		.ascii	"panic_msg\000"
 4755      635F6D73 
 4755      6700
 4756              	.LASF226:
 4757 09d1 7278646D 		.ascii	"rxdmamode\000"
 4757      616D6F64 
 4757      6500
 4758              	.LASF289:
ARM GAS  /tmp/ccXPGahD.s 			page 95


 4759 09db 6465636C 		.ascii	"decltype(nullptr)\000"
 4759      74797065 
 4759      286E756C 
 4759      6C707472 
 4759      2900
 4760              	.LASF23:
 4761 09ed 75696E74 		.ascii	"uint_fast8_t\000"
 4761      5F666173 
 4761      74385F74 
 4761      00
 4762              	.LASF260:
 4763 09fa 73747274 		.ascii	"strtok\000"
 4763      6F6B00
 4764              	.LASF50:
 4765 0a01 73746174 		.ascii	"state\000"
 4765      6500
 4766              	.LASF172:
 4767 0a07 5350495F 		.ascii	"SPI_TypeDef\000"
 4767      54797065 
 4767      44656600 
 4768              	.LASF59:
 4769 0a13 6F735F69 		.ascii	"os_instance_t\000"
 4769      6E737461 
 4769      6E63655F 
 4769      7400
 4770              	.LASF22:
 4771 0a21 75696E74 		.ascii	"uint64_t\000"
 4771      36345F74 
 4771      00
 4772              	.LASF64:
 4773 0a2a 7265676C 		.ascii	"reglist\000"
 4773      69737400 
 4774              	.LASF41:
 4775 0a32 77747472 		.ascii	"wttrp\000"
 4775      7000
 4776              	.LASF191:
 4777 0a38 69646C65 		.ascii	"idlethread_base\000"
 4777      74687265 
 4777      61645F62 
 4777      61736500 
 4778              	.LASF293:
 4779 0a48 49434D32 		.ascii	"ICM20602\000"
 4779      30363032 
 4779      00
 4780              	.LASF3:
 4781 0a51 7369676E 		.ascii	"signed char\000"
 4781      65642063 
 4781      68617200 
 4782              	.LASF92:
 4783 0a5d 64656C74 		.ascii	"delta\000"
 4783      6100
 4784              	.LASF144:
 4785 0a63 4954434D 		.ascii	"ITCMCR\000"
 4785      435200
 4786              	.LASF10:
 4787 0a6a 73686F72 		.ascii	"short unsigned int\000"
 4787      7420756E 
ARM GAS  /tmp/ccXPGahD.s 			page 96


 4787      7369676E 
 4787      65642069 
 4787      6E7400
 4788              	.LASF267:
 4789 0a7d 5245475F 		.ascii	"REG_ACCEL_XOUT_H\000"
 4789      41434345 
 4789      4C5F584F 
 4789      55545F48 
 4789      00
 4790              	.LASF25:
 4791 0a8e 73746B61 		.ascii	"stkalign_t\000"
 4791      6C69676E 
 4791      5F7400
 4792              	.LASF162:
 4793 0a99 49464352 		.ascii	"IFCR\000"
 4793      00
 4794              	.LASF129:
 4795 0a9e 4D564652 		.ascii	"MVFR0\000"
 4795      3000
 4796              	.LASF131:
 4797 0aa4 4D564652 		.ascii	"MVFR2\000"
 4797      3200
 4798              	.LASF186:
 4799 0aaa 63757272 		.ascii	"current\000"
 4799      656E7400 
 4800              	.LASF274:
 4801 0ab2 74686973 		.ascii	"this\000"
 4801      00
 4802              	.LASF114:
 4803 0ab7 42464152 		.ascii	"BFAR\000"
 4803      00
 4804              	.LASF234:
 4805 0abc 63666731 		.ascii	"cfg1\000"
 4805      00
 4806              	.LASF235:
 4807 0ac1 63666732 		.ascii	"cfg2\000"
 4807      00
 4808              	.LASF122:
 4809 0ac6 434C4944 		.ascii	"CLIDR\000"
 4809      5200
 4810              	.LASF166:
 4811 0acc 52455345 		.ascii	"RESERVED2\000"
 4811      52564544 
 4811      3200
 4812              	.LASF287:
 4813 0ad6 7372632F 		.ascii	"src/coms/IMUs/ICM20602.cpp\000"
 4813      636F6D73 
 4813      2F494D55 
 4813      732F4943 
 4813      4D323036 
 4814              	.LASF132:
 4815 0af1 52455345 		.ascii	"RESERVED5\000"
 4815      52564544 
 4815      3500
 4816              	.LASF159:
 4817 0afb 31315350 		.ascii	"11SPI_TypeDef\000"
 4817      495F5479 
ARM GAS  /tmp/ccXPGahD.s 			page 97


 4817      70654465 
 4817      6600
 4818              	.LASF143:
 4819 0b09 52455345 		.ascii	"RESERVED7\000"
 4819      52564544 
 4819      3700
 4820              	.LASF65:
 4821 0b13 636F7265 		.ascii	"core_id\000"
 4821      5F696400 
 4822              	.LASF286:
 4823 0b1b 474E5520 		.ascii	"GNU C++14 10.2.1 20201103 (release) -mcpu=cortex-m7"
 4823      432B2B31 
 4823      34203130 
 4823      2E322E31 
 4823      20323032 
 4824 0b4e 202D6D74 		.ascii	" -mthumb -mfloat-abi=hard -mfpu=fpv5-d16 -march=arm"
 4824      68756D62 
 4824      202D6D66 
 4824      6C6F6174 
 4824      2D616269 
 4825 0b81 7637652D 		.ascii	"v7e-m+fp.dp -ggdb -O3 -fomit-frame-pointer -falign-"
 4825      6D2B6670 
 4825      2E647020 
 4825      2D676764 
 4825      62202D4F 
 4826 0bb4 66756E63 		.ascii	"functions=16 -ffunction-sections -fdata-sections -f"
 4826      74696F6E 
 4826      733D3136 
 4826      202D6666 
 4826      756E6374 
 4827 0be7 6E6F2D63 		.ascii	"no-common -flto -fno-rtti\000"
 4827      6F6D6D6F 
 4827      6E202D66 
 4827      6C746F20 
 4827      2D666E6F 
 4828              	.LASF44:
 4829 0c01 77746D74 		.ascii	"wtmtxp\000"
 4829      787000
 4830              	.LASF244:
 4831 0c08 62757273 		.ascii	"burst_read\000"
 4831      745F7265 
 4831      616400
 4832              	.LASF220:
 4833 0c13 5350495F 		.ascii	"SPI_COMPLETE\000"
 4833      434F4D50 
 4833      4C455445 
 4833      00
 4834              	.LASF39:
 4835 0c20 65786974 		.ascii	"exitcode\000"
 4835      636F6465 
 4835      00
 4836              	.LASF200:
 4837 0c29 73656C66 		.ascii	"selfindex\000"
 4837      696E6465 
 4837      7800
 4838              	.LASF33:
 4839 0c33 636F7265 		.ascii	"core_id_t\000"
ARM GAS  /tmp/ccXPGahD.s 			page 98


 4839      5F69645F 
 4839      7400
 4840              	.LASF245:
 4841 0c3d 5F5A4E38 		.ascii	"_ZN8ICM206029reg_writeEhh\000"
 4841      49434D32 
 4841      30363032 
 4841      39726567 
 4841      5F777269 
 4842              	.LASF243:
 4843 0c57 7265675F 		.ascii	"reg_write\000"
 4843      77726974 
 4843      6500
 4844              	.LASF125:
 4845 0c61 43504143 		.ascii	"CPACR\000"
 4845      5200
 4846              	.LASF58:
 4847 0c67 6D706F6F 		.ascii	"mpool\000"
 4847      6C00
 4848              	.LASF263:
 4849 0c6d 5245475F 		.ascii	"REG_CONFIG\000"
 4849      434F4E46 
 4849      494700
 4850              	.LASF233:
 4851 0c78 73737061 		.ascii	"sspad\000"
 4851      6400
 4852              		.text
 4853              		.section	.gnu.lto_.odr_types.259bc85880933ad2,"e",%progbits
 4854 0000 789CD362 		.ascii	"x\234\323b``X\300\000\001\214\214\254\374\034\214\014"
 4854      606058C0 
 4854      00018C8C 
 4854      ACFC1C8C 
 4854      0C
 4855 0011 D21C8C8C 		.ascii	"\322\034\214\214\252\034\214L\006\034\214\3146\034\214"
 4855      AA1C8C4C 
 4855      061C8CCC 
 4855      361C8C
 4856 0020 2CF79F1D 		.ascii	",\367\237\035\230\267\242\377\361\256v\306\237}\337"
 4856      98B7A2FF 
 4856      F1AE76C6 
 4856      9F7DDF
 4857 002f 76CFF8F2 		.ascii	"v\317\370\362\360\022;\257\241AqAfqIbIj|\011\003wp\200"
 4857      F0123BAF 
 4857      A1417141 
 4857      66714962 
 4857      496A7C09 
 4858 0047 677CA89F 		.ascii	"g|\250\237\247\237g\010\003'\210\035\034\342\037\300"
 4858      A79F6708 
 4858      0327881D 
 4858      1CE21FC0 
 4859 0057 C0056205 		.ascii	"\300\005b\005\271:\272DB\0248:\207x\206\2712\360\202"
 4859      B93ABA44 
 4859      4214383A 
 4859      877886B9 
 4859      32F082
 4860 006a D8CEFEBE 		.ascii	"\330\316\376\276\001>\256!\256\014\252\372\031\371\271"
 4860      013EAE21 
 4860      AE0CAAFA 
ARM GAS  /tmp/ccXPGahD.s 			page 99


 4860      19F9B9
 4861 0079 A9FA4905 		.ascii	"\251\372I\005E9\272)\251e\372.\371\311\245\271\251y"
 4861      4539BA29 
 4861      A965FA2E 
 4861      F9C9A5B9 
 4861      A979
 4862 008b 25C5FA4E 		.ascii	"%\305\372N\001A>\361i9\231\351\031%\014\006%\031\231"
 4862      01413EF1 
 4862      693999E9 
 4862      19250C06 
 4862      251999
 4863 009e 4529F105 		.ascii	"E)\361\005\211E%\225\372\316\031\231I\231\376\301\372"
 4863      89452595 
 4863      FACE1999 
 4863      4999FEC1 
 4863      FA
 4864 00af F9C5FA19 		.ascii	"\371\305\372\031\2119\372\231y\3119\245)\251 v<\320"
 4864      8939FA99 
 4864      79C939A5 
 4864      29A92076 
 4864      3CD0
 4865 00c1 4DF16586 		.ascii	"M\361e\206z\031\014\0002\003A\345"
 4865      7A190C00 
 4865      320341E5 
 4866              		.text
 4867              		.section	.gnu.lto_.profile.259bc85880933ad2,"e",%progbits
 4868 0000 789C6362 		.ascii	"x\234cb\000\001\000\000\022\000\003"
 4868      00010000 
 4868      120003
 4869              		.text
 4870              		.section	.gnu.lto_.icf.259bc85880933ad2,"e",%progbits
 4871 0000 789CD361 		.ascii	"x\234\323a@\000v\206\255/\367}gd\274\363\273\347\003"
 4871      40007686 
 4871      AD2FF77D 
 4871      6764BCF3 
 4871      BBE703
 4872 0013 23D3FD9D 		.ascii	"#\323\375\235\275\253Y\231\267\257\272w\231\207\345"
 4872      BDAB5999 
 4872      B7AFBA77 
 4872      9987E5
 4873 0022 DDE6D33F 		.ascii	"\335\346\323?XY\337\356\230\265\236\227\355\346\306"
 4873      5859DFEE 
 4873      98B59E97 
 4873      EDE6C6
 4874 0031 191DAC0C 		.ascii	"\031\035\254\014\000\001\002\025\367"
 4874      00010215 
 4874      F7
 4875              		.text
 4876              		.section	.gnu.lto_.ipa_sra.259bc85880933ad2,"e",%progbits
 4877 0000 789C654F 		.ascii	"x\234eOQ\026\200 \010c\316\314\217\016\320q\313\263"
 4877      51168020 
 4877      0863CECC 
 4877      8F0ED071 
 4877      CBB3
 4878 0012 78D0104D 		.ascii	"x\320\020M\315\330\203'\260\267\341\011\351\261\213"
 4878      CDD88327 
 4878      B0B7E109 
ARM GAS  /tmp/ccXPGahD.s 			page 100


 4878      E9B18B
 4879 0021 7B9F140C 		.ascii	"{\237\024\014\2002\005f8\374\330\025\364\262\004\201"
 4879      80320566 
 4879      38FCD815 
 4879      F4B20481 
 4880 0031 4B876AE1 		.ascii	"K\207j\341\307.\252\251\024\007$_\2445Yz3\252\325\310"
 4880      C72EAAA9 
 4880      1407245F 
 4880      A435597A 
 4880      33AAD5C8 
 4881 0045 F3096DEE 		.ascii	"\363\011m\356\226\2763Lac\323\256\336\336\274?\337\010"
 4881      96BE334C 
 4881      6163D3AE 
 4881      DEDEBC3F 
 4881      DF08
 4882 0057 44A664E2 		.ascii	"D\246d\342\000\"\202\3215I\243\342.%\331\301\017\225"
 4882      002282D1 
 4882      3549A3E2 
 4882      2E25D9C1 
 4882      0F95
 4883 0069 D9056F   		.ascii	"\331\005o"
 4884              		.text
 4885              		.section	.gnu.lto_.inline.259bc85880933ad2,"e",%progbits
 4886 0000 789C8D51 		.ascii	"x\234\215Q\273N\303@\020\234\333=C\220\203\011\025\037"
 4886      BB4EC340 
 4886      109CDB3D 
 4886      43908309 
 4886      151F
 4887 0012 40444505 		.ascii	"@DE\005\377\341o@@\036\224\374\0002m*\013\245\006\212"
 4887      FFE16F40 
 4887      401E94FC 
 4887      00326D2A 
 4887      0BA5068A 
 4888 0026 D4880A51 		.ascii	"\324\210\012Q\362\007\360\007PRR\"$$f\317\276\340$<"
 4888      F207F007 
 4888      50525222 
 4888      242466CF 
 4888      BEE0243C 
 4889 003a E293BCA3 		.ascii	"\342\223\274\243\333\275\235\235\331;\301\364[\005v"
 4889      DBBD9D9D 
 4889      D93BC1F4 
 4889      5B0576
 4890 0049 8BA218EB 		.ascii	"\213\242\030\353\211\023\347&\032R\214\312\240;\314"
 4890      8913E726 
 4890      1A528CCA 
 4890      A03BCC
 4891 0058 BCC900E8 		.ascii	"\274\311\000\350\020<hO\300CX\310\021<\013$\265\342"
 4891      103C684F 
 4891      C04358C8 
 4891      113C0B24 
 4891      B5E2
 4892 006a 328F31C9 		.ascii	"2\2171\311\030}\231\243\314\277/\265m\225\315\033\207"
 4892      187D99A3 
 4892      CCBF2FB5 
 4892      6D95CD1B 
 4892      87
 4893 007b 6DF67895 		.ascii	"m\366x\225\237(\267\230\271\325>\260Ap\375?\245_\267"
ARM GAS  /tmp/ccXPGahD.s 			page 101


 4893      9F28B798 
 4893      B9D53EB0 
 4893      4170FD3F 
 4893      A55FB7
 4894 008e 5781F277 		.ascii	"W\201\362wBA\227\035\236\250\021\342B\263C*7Mrl\004"
 4894      4241971D 
 4894      9EA811E2 
 4894      42B3432A 
 4894      374D726C 
 4895 00a3 1C3AB6A9 		.ascii	"\034:\266\251\011\376\272X\026)6/G7W: \353\232\251\221"
 4895      09FEBA58 
 4895      1629362F 
 4895      4737573A 
 4895      20EB9AA9 
 4896 00b8 1E9056A0 		.ascii	"\036\220V\240b\015\223F\021\234\230\012\367\231\177"
 4896      620D9346 
 4896      119C980A 
 4896      F7997F
 4897 00c7 E7A0BAE0 		.ascii	"\347\240\272\340\014\243\031\340M\312\213-%3%\363\016"
 4897      0CA319E0 
 4897      4DCA8B2D 
 4897      253325F3 
 4897      0E
 4898 00d8 45D46988 		.ascii	"E\324i\210\232\261bnU\263\331E\353\032\376&\331^pq\230"
 4898      9AB1626E 
 4898      55B3D945 
 4898      EB1AFE26 
 4898      D95E7071 
 4899 00ed 4072A27B 		.ascii	"@r\242{\031\002\355\340b\255g\272\177`\005\351\343\363"
 4899      1902EDE0 
 4899      62AD67BA 
 4899      7F6005E9 
 4899      E3F3
 4900 00ff E787F49D 		.ascii	"\347\207\364\235\340t\242\270P\376\034\364 \010\202"
 4900      E074A2B8 
 4900      50FE1CF4 
 4900      200882
 4901 010e 01AA39E7 		.ascii	"\001\2529\347\3533\026\207\241\303*\352\365\010Z\202"
 4901      EB331687 
 4901      A1C32AEA 
 4901      F5085A82 
 4902 011e A4DA105A 		.ascii	"\244\332\020Zuk\037\305\340\0130\360|o"
 4902      756B1FC5 
 4902      E00B30F0 
 4902      7C6F
 4903              		.text
 4904              		.section	.gnu.lto_.jmpfuncs.259bc85880933ad2,"e",%progbits
 4905 0000 789CB594 		.ascii	"x\234\265\224K\216\3020\014\206\363'\356\003\220`\313"
 4905      4B8EC230 
 4905      0C86F327 
 4905      EE039060 
 4905      CB
 4906 0011 F3126CD9 		.ascii	"\363\022l\331s\254\016g\340\014=\302<\244Yq\034$\326"
 4906      73AC0E67 
 4906      E00C3DC2 
 4906      3CA45971 
 4906      1C24D6
ARM GAS  /tmp/ccXPGahD.s 			page 102


 4907 0024 AC4B6297 		.ascii	"\254Kb\227R\222\364\261\230\211dE\372\342W\034;\347"
 4907      5292F4B1 
 4907      98896445 
 4907      FAE2571C 
 4907      3BE7
 4908 0036 44352B53 		.ascii	"D5+S\0320\037\245q\242\265R\270\020\224\225\312\256"
 4908      1A301FA5 
 4908      71A2B552 
 4908      B8109495 
 4908      CAAE
 4909 0048 850A401E 		.ascii	"\205\012@\036h\234Mi\010\232\261vG\312S\001\253$\200"
 4909      689C4D69 
 4909      089AB176 
 4909      47CA5301 
 4909      AB2480
 4910 005b 6C62E6AB 		.ascii	"lb\346\253\340\013\370F\020\216|0\230 \014\200\354y"
 4910      E00BF846 
 4910      108E7C30 
 4910      98200C80 
 4910      EC79
 4911 006d A171974A 		.ascii	"\241q\227J\003\015|\242\357B\177\226\255->\\\256)\025"
 4911      030D7CA2 
 4911      EF427F96 
 4911      AD2D3E5C 
 4911      AE2915
 4912 0080 A1B2AB97 		.ascii	"\241\262\253\227\306M\370Mq*5<Iz'\010d\232\342\2321"
 4912      C64DF84D 
 4912      712A353C 
 4912      497A2708 
 4912      649AE29A 
 4913 0095 BD664CA3 		.ascii	"\275fL\243>\361\203\210;a\357\316\366\314\366\335\256"
 4913      3EF18388 
 4913      3B61EFCE 
 4913      F6CCF6DD 
 4913      AE
 4914 00a6 C474C578 		.ascii	"\304t\305x\325\366\366\322\354\265\\3^\213%~\3339\364"
 4914      D5F6F6D2 
 4914      ECB55C33 
 4914      5E8B257E 
 4914      DB39F4
 4915 00b9 586D186F 		.ascii	"Xm\030o\332\361\226\214\226C\226[\306\333:\336\005\343"
 4915      DAF1968C 
 4915      9643965B 
 4915      C6DB3ADE 
 4915      05E3
 4916 00cb AC768C77 		.ascii	"\254v\214w\261,m\333\333\265\250{\315\365\\\356DG\234"
 4916      B12C6DDB 
 4916      DBB5A87B 
 4916      CDF55CEE 
 4916      44479C
 4917 00de 517780BB 		.ascii	"Qw\200\273\360\273\324\213\336|j\224fbw\262\011\006"
 4917      F0BBD48B 
 4917      DE7C6A94 
 4917      666277B2 
 4917      0906
 4918 00f0 BDD3D195 		.ascii	"\275\323\321\225T\230\341\266\033\034k:\312\\\303\214"
 4918      5498E1B6 
ARM GAS  /tmp/ccXPGahD.s 			page 103


 4918      1B1C6B3A 
 4918      CA5CC38C 
 4919 0100 8BFA7F23 		.ascii	"\213\372\177#\342\017g\343\332%8E%/R\311\223D.\237\360"
 4919      E20F67E3 
 4919      DA253845 
 4919      252F52C9 
 4919      93442E9F 
 4920 0115 870029E8 		.ascii	"\207\000)\350\314In\037\003\361\30780>\364N\275\024"
 4920      CC496E1F 
 4920      03F1C738 
 4920      303EF44E 
 4920      BD14
 4921 0127 66CEA773 		.ascii	"f\316\247si\237\346\317\261afN\322H\010*\020\"\355#"
 4921      699FE6CF 
 4921      B161664E 
 4921      D248082A 
 4921      1022ED23 
 4922 013b F50024C5 		.ascii	"\365\000$\305ye"
 4922      7965
 4923              		.text
 4924              		.section	.gnu.lto_.pureconst.259bc85880933ad2,"e",%progbits
 4925 0000 789C1363 		.ascii	"x\234\023c```g\330\305\312\270\213\225i\026\013\363"
 4925      60606067 
 4925      D8C5CAB8 
 4925      8B956916 
 4925      0BF3
 4926 0012 2C16965D 		.ascii	",\026\226]\254\254\263X\330f\262\000\0008\312\004\347"
 4926      ACACB358 
 4926      D866B200 
 4926      0038CA04 
 4926      E7
 4927              		.text
 4928              		.section	.gnu.lto_.lto.259bc85880933ad2,"e",%progbits
 4929 0000 09000200 		.ascii	"\011\000\002\000\001\000\000\000"
 4929      01000000 
 4930              		.text
 4931              		.section	.gnu.lto__ZN8ICM206024initEP14hal_spi_driverPK14hal_spi_configS4_.449.259bc85880933ad2,"e
 4932 0000 789C8D92 		.ascii	"x\234\215\222OHTQ\024\306\317w\357}\366\034k*\2416m"
 4932      4F485451 
 4932      14C6CF77 
 4932      EF7DF61C 
 4932      6B2AA136 
 4933 0015 DA8424E4 		.ascii	"\332\204$\344\033T\\[\272\031H\210\250\210\010\314\346"
 4933      1B545C5B 
 4933      BA194888 
 4933      A88808CC 
 4933      E6
 4934 0026 8F0EF867 		.ascii	"\217\016\370gp&\267^uL\260\3058\032-\304\006\231\206"
 4934      7026B75E 
 4934      754CB0C5 
 4934      381A2DC4 
 4934      069986
 4935 0039 B216B5AA 		.ascii	"\262\026\265\252\354\257\023\025\025\264\2606\266n\223"
 4935      ECAF1315 
 4935      15B4B036 
 4935      B66E93
 4936 0048 13548354 		.ascii	"\023T\203T\204\005u\356{\003\316Fi\361\036\367\276\363"
ARM GAS  /tmp/ccXPGahD.s 			page 104


 4936      840575EE 
 4936      7B03CE46 
 4936      69F11EF7 
 4936      BEF3
 4937 005a FDBE7BCE 		.ascii	"\375\276{\316\367n\253$\032\"\242\303\374\300\"Lg&\005"
 4937      F76EAB24 
 4937      1A22A2C3 
 4937      FCC0224C 
 4937      672605
 4938 006d 69AD5BB7 		.ascii	"i\255[\267\011\221\312\\\022X\302\317w\245z5\226\361"
 4938      0991CA5C 
 4938      1258C2CF 
 4938      77A57A35 
 4938      96F1
 4939 007f 4FDE4EEF 		.ascii	"O\336N\357Q\022\227m\257\2560\222\361\271+\320\260\220"
 4939      5112976D 
 4939      AFAE3092 
 4939      F1B92BD0 
 4939      B090
 4940 0091 0AC39891 		.ascii	"\012\303\230\221\007\013Z\377\032\277r\363{\325\354"
 4940      070B5AFF 
 4940      1ABF72F3 
 4940      7BD5EC
 4941 00a0 42017936 		.ascii	"B\001y6\317JB\023\002lOs\022\3232/\001U^\011\354\347"
 4941      CF4A4213 
 4941      026C4F73 
 4941      12D3322F 
 4941      01555E09 
 4942 00b6 956CA7BA 		.ascii	"\225l\247\272\027ZO\315\315\027T^J\334\207a\356\001"
 4942      175A4FCD 
 4942      CD17545E 
 4942      4ADC8761 
 4942      EE01
 4943 00c8 77415864 		.ascii	"wAXd\023\031\\s\214\356\034\325\261\375\362\353E\255"
 4943      13195C73 
 4943      8CEE1CD5 
 4943      B1FDF2EB 
 4943      45AD
 4944 00da AB29CF27 		.ascii	"\253)\317'>\250T>d\245\012\376v\225\021O\371\255\254"
 4944      3EA8543E 
 4944      64A50AFE 
 4944      7695114F 
 4944      F9ADAC
 4945 00ed B4F0A852 		.ascii	"\264\360\250R\371\230\225Vp\"`\224\375\236\362\326\330"
 4945      F9989556 
 4945      70226094 
 4945      FD9EF2D6 
 4945      D8
 4946 00fe 84DEA58C 		.ascii	"\204\336\245\214\362I\245\362\251\253\234\341\356\253"
 4946      F249A5F2 
 4946      A9AB9CE1 
 4946      EEAB
 4947 010c BC4996C0 		.ascii	"\274I\226\3001\361(w\336[\005\375\347oZ\353\225\332"
 4947      31F12877 
 4947      DE5B05FD 
 4947      E76F5AEB 
 4947      95DA
ARM GAS  /tmp/ccXPGahD.s 			page 105


 4948 011e 8B35BB05 		.ascii	"\2135\273\005\037B\322\274,p\313U\340nl\360A>\260\207"
 4948      1F42D2BC 
 4948      2C70CB55 
 4948      E06E6CF0 
 4948      413EB087 
 4949 0132 9F0BCCA7 		.ascii	"\237\013\314\247\245\011N+\350\002\321\224\024\336f"
 4949      A5094E2B 
 4949      E802D194 
 4949      14DE66
 4950 0141 84379FA1 		.ascii	"\2047\237\241?\256\2340\346_1:[\334Y\216\207\203\345"
 4950      3FAE9C30 
 4950      E65F313A 
 4950      5BDC598E 
 4950      8783E5
 4951 0154 D575B06E 		.ascii	"\325u\260nU\344\245\235\343\366\012\240\000\357m3\376"
 4951      55E4A59D 
 4951      E3F60AA0 
 4951      00EF6D33 
 4951      FE
 4952 0165 335CE580 		.ascii	"3\\\345\200)\307\346\306\341\364\006\275\031c\34193"
 4952      29C7E6C6 
 4952      E1F406BD 
 4952      1963E139 
 4952      33
 4953 0176 308CED32 		.ascii	"0\214\3552g\376\207y\311\2140\214\317e\316\032fmu+\206"
 4953      67FE8779 
 4953      C98C308C 
 4953      CF65CE1A 
 4953      666D752B 
 4954 018b F08A196E 		.ascii	"\360\212\031n\316\214a\0023\\\234J\030\237\357\314I"
 4954      CE8C6102 
 4954      335C9C4A 
 4954      189FEFCC 
 4954      49
 4955 019c 7F0A8C54 		.ascii	"\177\012\214Tg\275F,\243\361\341\007\207Tc\234K\223"
 4955      67BD462C 
 4955      A3F1E107 
 4955      8754639C 
 4955      4B93
 4956 01ae 5FB085B5 		.ascii	"_\260\205\265\017o\331Z\031\322\357\332\016R\021\251"
 4956      0F6FD95A 
 4956      19D2EFDA 
 4956      0E5211A9 
 4957 01be 621B6F3D 		.ascii	"b\033o=\243Zs\3258_\271\\Z_@9_Q\317t\351\303\265\222"
 4957      A35A73D5 
 4957      385FB95C 
 4957      5A5F4039 
 4957      5F51CF74 
 4958 01d6 86B92674 		.ascii	"\206\271&tC\272\252rvn\225\357\237\231\266\242do^\362"
 4958      43BAAA72 
 4958      766E95EF 
 4958      9F99B6A2 
 4958      646F5EF2 
 4959 01ea F12C2A27 		.ascii	"\361,*'\205;\311\366\254\027\217\225\227;\334\243\325"
 4959      853BC9F6 
 4959      AC178F95 
 4959      973BDCA3 
ARM GAS  /tmp/ccXPGahD.s 			page 106


 4959      D5
 4960 01fb C6AF5DC3 		.ascii	"\306\257]\303h+\227\014\270\016\2117\020\331O\247\370"
 4960      682B970C 
 4960      B80E8937 
 4960      10D94FA7 
 4960      F8
 4961 020c 4F336B86 		.ascii	"O3k\206HKl\334\011\242\003N\317@_\3049\037\037\354="
 4961      484B6CDC 
 4961      09A2034E 
 4961      CF405FC4 
 4961      391F1FEC 
 4962 0221 148E0C39 		.ascii	"\024\216\0149\355\003\241\013}\221\376d\3029r\354\370"
 4962      ED03A10B 
 4962      7D91FE64 
 4962      C23972EC 
 4962      F8
 4963 0232 D1CE686F 		.ascii	"\321\316ho\254\273'I\373\022\203!'4\320\227p\202\035"
 4963      ACBB2749 
 4963      FB128321 
 4963      2734D097 
 4963      70821D
 4964 0245 27F9D5D6 		.ascii	"'\371\325\326\321\030h\01146\204\342qR\311\236Xbo\345"
 4964      D1186809 
 4964      343684E2 
 4964      7152C99E 
 4964      58626FE5 
 4965 0259 A786E670 		.ascii	"\247\206\346pKW$\322\324L*\021\217\205\355P\264\273"
 4965      4B5724D2 
 4965      D44C2A11 
 4965      8F85ED50 
 4965      B4BB
 4966 026b 33D61F4B 		.ascii	"3\326\037K\272\213hW\"\371\017\333< \263"
 4966      BA8B6857 
 4966      22F90FDB 
 4966      3C20B3
 4967              		.text
 4968              		.section	.gnu.lto__ZN8ICM206024readEPfS0_.453.259bc85880933ad2,"e",%progbits
 4969 0000 789C4D91 		.ascii	"x\234M\221Mh\023Q\020\307\347\277\363\232/QO\366\342"
 4969      4D681351 
 4969      10C7E7BF 
 4969      F39A2F51 
 4969      4FF6E2
 4970 0013 C15E4AF0 		.ascii	"\301^J\360\320nlK\316U{\011X\020\241\347\230\246kSi"
 4970      D06E6C4B 
 4970      CE557B09 
 4970      5810A1E7 
 4970      98A66B53 
 4971 0028 4C4952A5 		.ascii	"LIR\245 \3645\255\010\036lSEDj\325\260\210\236\274\370"
 4971      20F435AD 
 4971      081E6C53 
 4971      45446AD5 
 4971      B0889EBC 
 4972 003d D12F75B5 		.ascii	"\321/u\265-z\024\017\036\024l\361\026\017\022\004E\213"
 4972      2D7A140F 
 4972      1E146CF1 
 4972      160F1204 
 4972      458B
ARM GAS  /tmp/ccXPGahD.s 			page 107


 4973 004f 50E76D6A 		.ascii	"P\347mj\015\354>f\346\375\346?\377\331\215[D\027\211"
 4973      0DEC3E66 
 4973      E6FDE63F 
 4973      FFD98D5B 
 4973      441789
 4974 0062 E8A8BC68 		.ascii	"\350\250\274h\"\314\226\257X\244\265\356\016Z\326T\371"
 4974      22CC96AF 
 4974      58A4B5EE 
 4974      0E5AD654 
 4974      F9
 4975 0073 AA85555C 		.ascii	"\252\205U\\\336\374\324\242&\313{~\337q\017)\306\365"
 4975      DEFCD4A2 
 4975      26CB7B7E 
 4975      DF710F29 
 4975      C6F5
 4976 0085 50FD5E61 		.ascii	"P\375^a\242\034\361#\320\270\305\012\343\270\306\207"
 4976      A21CF123 
 4976      D0B8C50A 
 4976      E3B8C687 
 4977 0095 3DAD7F5D 		.ascii	"=\255\177]\272\361\361'n=\360\3402\321<\023:\021\023"
 4977      BAF1F127 
 4977      6E3DF0E0 
 4977      32D13C13 
 4977      3A1113
 4978 00a8 799A63CC 		.ascii	"y\232c\314\262\313\200\332\211,\264H\304=\024]\323z"
 4978      B2CB80DA 
 4978      892CB448 
 4978      C43D145D 
 4978      D37A
 4979 00ba 66EEAEA7 		.ascii	"f\356\256\247\\f<\203\351y\012<\001aAD8\261\331f\270"
 4979      5C663C83 
 4979      E9790A3C 
 4979      01614144 
 4979      38B1D966 
 4980 00cf D31415F9 		.ascii	"\323\024\025\371w\313\013Z\207\311\225\211\213\215\344"
 4980      77CB0B5A 
 4980      87C99589 
 4980      8B8DE4
 4981 00de 92902A51 		.ascii	"\222\220*Q\365\311\263urc\227\\n$W|\362G\233\357\210"
 4981      F5C9B375 
 4981      7263975C 
 4981      6E24577C 
 4981      F2479BEF 
 4982 00f3 8BE66C95 		.ascii	"\213\346l\225Ej\325\307\231\233Z,4\3419\376\331\306"
 4982      456AD5C7 
 4982      999B5A2C 
 4982      34E139FE 
 4982      D9C6
 4983 0105 0B1025D6 		.ascii	"\013\020%\326\355]\357\373v\275\327\374\3661\277}F\332"
 4983      ED5DEFFB 
 4983      76BDD7FC 
 4983      F631BF7D 
 4983      46DA
 4984 0117 3F2F29BF 		.ascii	"?/)\277=\200W~\273\007\274\224i\257\215\300D{\300DF"
 4984      3D80577E 
 4984      BB07BC94 
 4984      69AF8DC0 
ARM GAS  /tmp/ccXPGahD.s 			page 108


 4984      447BC044 
 4985 012c CD5CAD4A 		.ascii	"\315\\\255JM\036z\364\276\311\323\177\266\247\265\336"
 4985      4D1E7AF4 
 4985      BEC9D37F 
 4985      B6A7B5DE 
 4986 013c 38F0617F 		.ascii	"8\360a\177\004\342\225\2249\002\220\315\203\220\245"
 4986      04E29594 
 4986      390290CD 
 4986      8390A5
 4987 014b 4210BF66 		.ascii	"B\020\277f\011\301\247\331|z\255\240=\242\031\266\352"
 4987      09C1A7D9 
 4987      7C7AADA0 
 4987      3DA219B6 
 4987      EA
 4988 015c C9A4245F 		.ascii	"\311\244$_\241\277,\366\031\335o(\255<\334[a\354\370"
 4988      A1BF2CF6 
 4988      19DD6F28 
 4988      AD3CDC5B 
 4988      61ECF8
 4989 016f 94BF23D1 		.ascii	"\224\277#\321}\010\032r9T\021{k\240X=%\254\343\266Q"
 4989      7D081A72 
 4989      3954117B 
 4989      6BA0583D 
 4989      25ACE3B6 
 4990 0184 A62AA6AA 		.ascii	"\246*\246\252\253\315\225z\217\357\215\314\010~\273"
 4990      ABCD957A 
 4990      8FEF8DCC 
 4990      087EBB
 4991 0193 7D6F0BFE 		.ascii	"}o\013\376\210\032\002\025\016O\301r9<\317B\210T\205"
 4991      881A0215 
 4991      0E4FC172 
 4991      393CCF42 
 4991      885485
 4992 01a6 8315169D 		.ascii	"\203\025\026\235\210\017\253\377~\276\243\324-\200\222"
 4992      880FABFF 
 4992      7EBEA3D4 
 4992      2D8092
 4993 01b5 FA1614DE 		.ascii	"\372\026\024\336\300Z\212\212;\0210\265iF\035-yfL\253"
 4993      C05A8A8A 
 4993      3B1130B5 
 4993      69461D2D 
 4993      79664CAB 
 4994 01c9 9DC9651D 		.ascii	"\235\311e\035\273\177$?\3346\340\234\267{r\351\321\254"
 4994      BB7F243F 
 4994      DC36E09C 
 4994      B77B72E9 
 4994      D1AC
 4995 01db 73AE58B0 		.ascii	"s\256X\260\217\235<u\"yfxh0S\244\203\205|\332N\347\262"
 4995      8F9D3C75 
 4995      22796678 
 4995      683053A4 
 4995      83857CDA 
 4996 01f2 053BD1DB 		.ascii	"\005;\321\333'\307\361\336\216X<\326\321\236\036\031"
 4996      27C7F1DE 
 4996      8E583CD6 
 4996      D19E1E19 
 4997 0202 2155CC0C 		.ascii	"!U\314\014\025\232\033K\355]\003\361\224\343tvQ8\225"
ARM GAS  /tmp/ccXPGahD.s 			page 109


 4997      159A1B4B 
 4997      ED5D03F1 
 4997      94E37476 
 4997      513895
 4998 0215 4E3BC3C9 		.ascii	"N;\303\311l\241#<8\226\317%\363\251\201\202\352w\216"
 4998      6CA1233C 
 4998      3896CF25 
 4998      F3A98182 
 4998      EA778E
 4999 0228 C4399FBA 		.ascii	"\3049\237\272\360\027n\277\321\373"
 4999      F0176EBF 
 4999      D1FB
 5000              		.text
 5001              		.section	.gnu.lto__ZN8ICM206028reg_readEh.454.259bc85880933ad2,"e",%progbits
 5002 0000 789C8555 		.ascii	"x\234\205UklTU\020>s\317\335W[[*}\220\230\220-\206\340"
 5002      6B6C5455 
 5002      103E73CF 
 5002      DD575B5B 
 5002      2A7D9098 
 5003 0018 23EDDD14 		.ascii	"#\355\335\024\302o\264h\262\211\215\012\370\233\307"
 5003      C26FB468 
 5003      B2898D0A 
 5003      F89BC7
 5004 0027 EEDA36E9 		.ascii	"\356\3326\351v\353\356b\340\027\267\333\205j\233HK\261"
 5004      76EBEE62 
 5004      E017B7DB 
 5004      856A9B48 
 5004      4BB1
 5005 0039 3C2C5597 		.ascii	"<,U\227\215)\277\264\345)\317\265R\240/,>b\243\246\010"
 5005      8D29BFB4 
 5005      E529CFB5 
 5005      52A02F2C 
 5005      3E62A3A6 
 5006 004e 68008DD8 		.ascii	"h\000\215\330@\"J 8s\316\275\273\267\217-\233\354\334"
 5006      40224A20 
 5006      3873CEBD 
 5006      BBB78F2D 
 5006      9BECDC
 5007 0061 73E6CE7C 		.ascii	"s\346\316|\363\315\234\231s/\272\030\033c\214\015\341"
 5007      F3CD9C99 
 5007      732FBA18 
 5007      1B638C0D 
 5007      E1
 5008 0072 1F5C0C76 		.ascii	"\037\\\014vu\264*L\327\365U\016\005:;\206o\234JM>\013"
 5008      75B42A4C 
 5008      D7F5550E 
 5008      053A3B86 
 5008      6F9C4A4D 
 5009 0088 974068B8 		.ascii	"\227@h\270\262\275\243M\201\257h\347V\343\035\371\342"
 5009      B2BDA34D 
 5009      81AF68E7 
 5009      56E31DF9 
 5009      E2
 5010 0099 A94267DF 		.ascii	"\251Bg\337p\313\310\340\233\302\306\006]\035\3037\321"
 5010      70CBC8E0 
 5010      9BC2C606 
 5010      5D1DC337 
ARM GAS  /tmp/ccXPGahD.s 			page 110


 5010      D1
 5011 00aa EBA00A57 		.ascii	"\353\240\012W\244\233]\331\333\336_\006#\322\255\305"
 5011      A49B5DD9 
 5011      DBDE5F06 
 5011      23D2ADC5 
 5012 00ba 70734017 		.ascii	"ps@\027\272\265\215I7'4u\264^\3357\241\302)\351\004"
 5012      BAB58D49 
 5012      37273475 
 5012      B45EDD37 
 5012      A1C229E9 
 5013 00cf 6C9BC255 		.ascii	"l\233\302U\233\035\337l\343\234AJ\005\310\010F?`\366"
 5013      9B1DDF6C 
 5013      E39C414A 
 5013      05C80846 
 5013      3F60F6
 5014 00e2 2CFA4EFE 		.ascii	",\372N\376|J\327\377\335\336\365\270\007\366\367\246"
 5014      7C4AD7FF 
 5014      DDDEF5B8 
 5014      07F6F7A6 
 5015 00f2 20C919EB 		.ascii	" \311\031\353A\220\345\340!\203n\016\273x\222\003\250"
 5015      4190E5E0 
 5015      21836E0E 
 5015      BB789203 
 5015      A8
 5016 0103 C64A0137 		.ascii	"\306J\0017\256\370j\266\354\274\256\267w\177\222R\223"
 5016      AEF86AB6 
 5016      ECBCAEB7 
 5016      777F9252 
 5016      93
 5017 0114 9CC37120 		.ascii	"\234\303q \237c\000G\021\027\025\336X9Ym`\313\020||"
 5017      9F630047 
 5017      111715DE 
 5017      5839596D 
 5017      60CB107C 
 5018 0129 F488AE73 		.ascii	"\364\210\256sT3\370\022\322\330\270\365\266\2253$F\361"
 5018      5433F812 
 5018      D2D8B8F5 
 5018      B6953324 
 5018      46F1
 5019 013b F0890E62 		.ascii	"\360\211\016b\015p\032(.\367\223\\\212\000Sm\007\337"
 5019      0D701A28 
 5019      2EF7935C 
 5019      8A00536D 
 5019      07DF
 5020 014d B9A46320 		.ascii	"\271\244c \025\316X\0031\346\355\025qjM\313\366n=\025"
 5020      15CE5803 
 5020      31E6ED15 
 5020      716A4DCB 
 5020      F66E3D15 
 5021 0161 7733B23C 		.ascii	"w3\262<7\303\262\273\\\004\200\024\300Y`X;\346\335#"
 5021      37C3B2BB 
 5021      5C048014 
 5021      C0596058 
 5021      3BE6DD23 
 5022 0175 54584327 		.ascii	"TXC'\303\223\302\310D\006\006L\002\202\215\002\347\345"
 5022      C393C2C8 
 5022      4406064C 
ARM GAS  /tmp/ccXPGahD.s 			page 111


 5022      02828D02 
 5022      E7E5
 5023 0187 2663A608 		.ascii	"&c\246\010\263A\230\375F\002\\4\001\210\321\027\373"
 5023      B34198FD 
 5023      46025C34 
 5023      0188D117 
 5023      FB
 5024 0198 9B5BF405 		.ascii	"\233[\364\005q\367\\\344\007\312\237L\373\230A{\030"
 5024      71F75CE4 
 5024      07CA9F4C 
 5024      FB98417B 
 5024      18
 5025 01a9 60C8A07D 		.ascii	"`\310\240}\324B{$\035u4M;\363F2\275<\203i\306g\\\370"
 5025      D4427B24 
 5025      1D75344D 
 5025      3BF34632 
 5025      BD3C8369 
 5026 01c1 60205596 		.ascii	"` U\226EF\371\374[[J\177\370x\247\256_\\t\355\204\375"
 5026      4546F9FC 
 5026      5B5B4A7F 
 5026      F878A7AE 
 5026      5F5C74ED 
 5027 01d7 39406236 		.ascii	"9@b6\005\205\235\016\321\241\222\260\241p\332i\345 "
 5027      05859D0E 
 5027      D1A192B0 
 5027      A170DA69 
 5027      E520
 5028 01e9 E124E122 		.ascii	"\341$\341\"\221Cv\271T\346<\"]\000p\022\012\001N@\021"
 5028      914376B9 
 5028      54E63C22 
 5028      5D007012 
 5028      0A014E40 
 5029 01fe E98A1946 		.ascii	"\351\212\031F)\245\325b\206\221\334dRF\255\300\330N"
 5029      29A5D562 
 5029      8691DC64 
 5029      5246ADC0 
 5029      D84E
 5030 0210 CE9A909F 		.ascii	"\316\232\220\237\002z\212\261v\256\310M3n\376\000\375"
 5030      027A8AB1 
 5030      76AEC84D 
 5030      336EFE00 
 5030      FD
 5031 0221 7AE70585 		.ascii	"z\347\005\205\335\201\346]-\177)\011\016\011^@\275h"
 5031      DD81E65D 
 5031      2D7F2909 
 5031      0E095E40 
 5031      BD68
 5032 0233 031D501B 		.ascii	"\003\035P\033\233j}\004F{\272D\242\237\321`\334\312"
 5032      9B6A7D04 
 5032      467BBA44 
 5032      A29FD160 
 5032      DCCA
 5033 0245 4FF29C04 		.ascii	"O\362\234\004/\204\357\204\316C*%\311s\341{8@\001+\015"
 5033      2F84EF84 
 5033      CE432A25 
 5033      C973E17B 
 5033      3840012B 
ARM GAS  /tmp/ccXPGahD.s 			page 112


 5034 025a 1B063F00 		.ascii	"\033\006?\000\274\200\012\004\026\261>\024\261bwo\025"
 5034      BC800A04 
 5034      16B13E14 
 5034      B162776F 
 5034      15
 5035 026b 3C11EAC7 		.ascii	"<\021\352\307\231P\023\000/\242\202\2500x,\361\366 "
 5035      99501300 
 5035      2FA282A8 
 5035      30782CF1 
 5035      F620
 5036 027d 1E3E1374 		.ascii	"\036>\023t\035\020\360\356VL\240\310\304v\316\200\216"
 5036      1D10F0EE 
 5036      564CA0C8 
 5036      C476CE80 
 5036      8E
 5037 028e 9126177E 		.ascii	"\221&\027~\226\310q\303$\017~\001\252D\314\215\265C"
 5037      96C871C3 
 5037      240F7E01 
 5037      AA44CC8D 
 5037      B543
 5038 02a0 6F025C92 		.ascii	"o\002\\\222\006+6\262\177\012R2}*)\201N\002\"\210\276"
 5038      062B36B2 
 5038      7F0A5232 
 5038      7D2A2981 
 5038      4E022288 
 5039 02b5 BA6ABA9F 		.ascii	"\272j\272\237%{\351\216\342\336\177\037\234\274?\261"
 5039      257BE98E 
 5039      E2DE7F1F 
 5039      9CBC3FB1 
 5040 02c5 107B5650 		.ascii	"\020{VP=w\177/\340\025\306\376\206\246%t;\034\241\272"
 5040      3D777F2F 
 5040      E015C6FE 
 5040      86A62574 
 5040      3B1CA1BA 
 5041 02d9 969D811D 		.ascii	"\226\235\201\035H!_\245\013\343\232h\313v\316\221\227"
 5041      48215FA5 
 5041      0BE39A68 
 5041      CB76CE91 
 5041      97
 5042 02ea AED2F9A8 		.ascii	"\256\322\371\250\010\273\212\011Z\271\004r\367Z\177"
 5042      08BB8A09 
 5042      5AB90472 
 5042      F75A7F
 5043 02f9 DF3A4A55 		.ascii	"\337:JU\304\270\015\361\311*|CA\361\367\000pU\244\340"
 5043      C4B80DF1 
 5043      C92A7C43 
 5043      41F1F700 
 5043      7055A4E0 
 5044 030d 2196AA0A 		.ascii	"!\226\252\012\302\250\351c\346fF\017[\020I!\260;00\325"
 5044      C2A8E963 
 5044      E666460F 
 5044      5B104921 
 5044      B03B3030 
 5045 0322 6A9E6C01 		.ascii	"j\236l\001\260\364J\377\251Y\317\267\024p\001\374\006"
 5045      B0F44AFF 
 5045      A959CFB7 
 5045      147001FC 
ARM GAS  /tmp/ccXPGahD.s 			page 113


 5045      06
 5046 0333 700398E7 		.ascii	"p\003\230\347S\261-\204\337\261z@'\252\230\205j\356"
 5046      53B12D84 
 5046      DFB17A40 
 5046      27AA9885 
 5046      6AEE
 5047 0345 DF81B0A5 		.ascii	"\337\201\260\245\010+\3573w\246\230\245\"!\333\264\206"
 5047      082BEF33 
 5047      77A698A5 
 5047      2221DBB4 
 5047      86
 5048 0356 9B569C01 		.ascii	"\233V\234\001Kq\276\266\026']\221\031i\243\343nr\034"
 5048      4B71BEB6 
 5048      16275D91 
 5048      1969A3E3 
 5048      6E721C
 5049 0369 948EFBC8 		.ascii	"\224\216\373\310\361B\306qpVUog0\22294\344\302M\366"
 5049      F142C671 
 5049      7056556F 
 5049      67309239 
 5049      34E4C24D 
 5050 037e E1E943C5 		.ascii	"\341\351C\305\011\316\347h\027\217\334:\340O\314VA\230"
 5050      09CEE768 
 5050      178FDC3A 
 5050      E04FCC56 
 5050      4198
 5051 0390 29C04B24 		.ascii	")\300K$\016\330\231O\367\340\207\000\323\307T\027\012"
 5051      0ED8994F 
 5051      F7E08700 
 5051      D3C75417 
 5051      0A
 5052 03a1 AC8F0CAC 		.ascii	"\254\217\014\254\333\371\011\256\316\207u\307\300\""
 5052      DBF909AE 
 5052      CE8775C7 
 5052      C022
 5053 03af 635782DB 		.ascii	"cW\202\333\262\333:a\012m\271\210\273\335\210[\324\303"
 5053      B2DB3A61 
 5053      0A6DB988 
 5053      BBDD885B 
 5053      D4C3
 5054 03c1 558AABA2 		.ascii	"U\212\253\242gR\266\331\365\003f\032\005\011n\237/\364"
 5054      6752B6D9 
 5054      F503661A 
 5054      05096E9F 
 5054      2FF4
 5055 03d3 BDB9D2B0 		.ascii	"\275\271\322\260\021\234\335L\343c\023\253(\301\035"
 5055      119CDD4C 
 5055      E36313AB 
 5055      28C11D
 5056 03e2 F361FD93 		.ascii	"\363a\375\223\306j1\260Jz\270\235\260\034t\376\245\200"
 5056      C66A31B0 
 5056      4A7AB89D 
 5056      B01C74FE 
 5056      A580
 5057 03f4 0D8618C5 		.ascii	"\015\206\030\305I\276H\000\367Y\200\235\363\001?\230"
 5057      49BE4800 
 5057      F759809D 
ARM GAS  /tmp/ccXPGahD.s 			page 114


 5057      F3013F98 
 5058 0404 8BA48380 		.ascii	"\213\244\203\200\235&\311\303\226ss\315\207\365h.,'"
 5058      9D26C9C3 
 5058      967373CD 
 5058      87F5682E 
 5058      2C27
 5059 0416 61B94CAC 		.ascii	"a\271L\254\243\351\273c\004d\307\016g\346\327\034\377"
 5059      A3E9BB63 
 5059      0464C70E 
 5059      67E6D71C 
 5059      FF
 5060 0427 C5E9F1FF 		.ascii	"\305\351\361\377u\372\370\353\2129\376M\2121\376Cd?"
 5060      75FAF8EB 
 5060      8A39FE4D 
 5060      8A31FE43 
 5060      643F
 5061 0439 ABC3C72D 		.ascii	"\253\303\307-\035~e\316\016\247\021\261\317\234y\342"
 5061      1D7E65CE 
 5061      0EA711B1 
 5061      CF9C79E2 
 5062 0449 92271B37 		.ascii	"\222'\0337qx\235\244\230\231\371<\212$f\036W\3056\254"
 5062      71789DA4 
 5062      9899F93C 
 5062      8A24661E 
 5062      57C536AC 
 5063 045d B8DB4133 		.ascii	"\270\333A3\357\3102\3639\004\226\236\371\254\263\035"
 5063      EFC832F3 
 5063      3904969E 
 5063      F9ACB31D 
 5064 046d 570EC826 		.ascii	"W\016\310&\313\231>\333nt\207\233\226*\271\005ig\366"
 5064      CB993EDB 
 5064      6E74879B 
 5064      962AB905 
 5064      6967F6
 5065 0480 B91EB564 		.ascii	"\271\036\265d=\226}\2563\251\231s}\3312\327\337X\347"
 5065      3D967DAE 
 5065      33A99973 
 5065      7DD932D7 
 5065      DF58E7
 5066 0493 7AFA3027 		.ascii	"z\3720'\016\237H\017\363q\331\024\343\207J\022\274,"
 5066      0E9F480F 
 5066      F371D914 
 5066      E3874A12 
 5066      BC2C
 5067 04a5 DBDDAFEB 		.ascii	"\333\335\257\353\275\371t\371\277\207)\332\344g\245"
 5067      BDF974F9 
 5067      BF8729DA 
 5067      E467A5
 5068 04b4 B784BE24 		.ascii	"\267\204\276$\357+\342\263\302\356bn\350\317\304\367"
 5068      EF2BE2B3 
 5068      C2EE626E 
 5068      E8CFC4F7 
 5069 04c4 126466B1 		.ascii	"\022df\261\024m\227j\265\241`@\333\324\030\256/\367"
 5069      146D976A 
 5069      B5A16040 
 5069      DBD418AE 
 5069      2FF7
ARM GAS  /tmp/ccXPGahD.s 			page 115


 5070 04d6 07DED556 		.ascii	"\007\336\325V\207|\233\203\201\206hD{\371\2155\257\255"
 5070      877C9B83 
 5070      81866844 
 5070      7BF98D35 
 5070      AFAD
 5071 04e8 7FBBBEAE 		.ascii	"\177\273\276\256\2466\312\236\211\204}\232/\024\214"
 5071      A636CA9E 
 5071      89847D9A 
 5071      2F148C
 5072 04f7 68DEEAB7 		.ascii	"h\336\352\267PTUWzVz*+|\215\215L\215\326\326EJ\254\252"
 5072      50545557 
 5072      7A567A2A 
 5072      2B7C8D8D 
 5072      4C8DD6D6 
 5073 050f 8A15FE95 		.ascii	"\212\025\376\225\033\003\201\345+\030\017\007jx\240"
 5073      1B0381E5 
 5073      2B180F07 
 5073      6A78A0
 5074 051e C16F8B44 		.ascii	"\301o\213D7\206\243\257\240e\330\277\276\021\227[\265"
 5074      3786A3AF 
 5074      A065D8BF 
 5074      BE11975B 
 5074      B5
 5075 052f AADABA4D 		.ascii	"\252\332\272Mu\257\257\325B\021\002\016\206\032\264"
 5075      75AFAFD5 
 5075      4211020E 
 5075      861AB4
 5076 053e C096A8F6 		.ascii	"\300\226\250\366\322\232j\255\252z\255w\255V\025\012"
 5076      D29A6AAD 
 5076      AA7AAD77 
 5076      AD56150A 
 5077 054e 07346F83 		.ascii	"\0074o\203\257~\263?\240\371\202\221\272\310\372\032"
 5077      AF7EB33F 
 5077      A0F98291 
 5077      BAC8FA1A 
 5078 055e 9FAFA296 		.ascii	"\237\257\242\2269\375\221Mn\317\226W\231#\030\010\206"
 5078      39FD914D 
 5078      6ECF9657 
 5078      99231808 
 5078      86
 5079 056f C25B99B3 		.ascii	"\302[\231\263\316P\374\017\254l?d"
 5079      CE50FC0F 
 5079      AC6C3F64 
 5080              		.text
 5081              		.section	.gnu.lto__ZN8ICM206029reg_writeEhh.455.259bc85880933ad2,"e",%progbits
 5082 0000 789C8595 		.ascii	"x\234\205\225mL[e\024\307\237\377}n\337\020\013\302"
 5082      6D4C5B65 
 5082      14C79FFF 
 5082      7D6EDF10 
 5082      0BC2
 5083 0012 984E3F58 		.ascii	"\230N?X1\313\242\"\267a\313>O\231K\232H\324M?#\264\025"
 5083      31CBA222 
 5083      B761CB3E 
 5083      4F994B9A 
 5083      48D44D3F 
 5084 0029 9A508A6D 		.ascii	"\232P\212mG\266O^\312[\302>\000cY|A\242]c\234_\214\306"
 5084      47B64F5E 
ARM GAS  /tmp/ccXPGahD.s 			page 116


 5084      CA5BC23E 
 5084      0063597C 
 5084      41A25D63 
 5085 0041 BD3837E9 		.ascii	"\27587\3516\334\013\276\015\347dsn\0235fhDd13f\006\317"
 5085      36DC0BBE 
 5085      0DE76473 
 5085      6E133566 
 5085      68446431 
 5086 0059 796E6F29 		.ascii	"yno)\014\361&\234>\317\3519\277\363zK\261K\210\011!"
 5086      0CF1269C 
 5086      3ECFE939 
 5086      BFF37A4B 
 5086      B14B8809 
 5087 006e 443BFDC1 		.ascii	"D;\375\301)\260{\260O\023\246inri\030\032\034\337w,"
 5087      29B07BB0 
 5087      4F13A669 
 5087      6E726918 
 5087      1A1CDF77 
 5088 0083 7BF5418C 		.ascii	"{\365A\214Ci\244\326=\270K\303I\276\371\364\256A\257"
 5088      4369A4D6 
 5088      3DB84BC3 
 5088      49BEF9F4 
 5088      AE41AF
 5089 0096 FAD431F4 		.ascii	"\372\3241\364\336x\357\256\013\317(\033\007:\006\373"
 5089      DE78EFAE 
 5089      0BCF281B 
 5089      073A06FB 
 5090 00a6 BE7CAD12 		.ascii	"\276|\255\022\307,\037\210\2274\251;@R \253\003\013"
 5090      C72C1F88 
 5090      9734A93B 
 5090      405220AB 
 5090      030B
 5091 00b8 42F00331 		.ascii	"B\360\0031$\037\"\313\277\272\367\216\234\274\327|;"
 5091      241F22CB 
 5091      BFBAF78E 
 5091      9CBCD77C 
 5091      3B
 5092 00c9 8B8C1462 		.ascii	"\213\214\024bD\012\353\031\226\330-3\022\320s'\015>"
 5092      440AEB19 
 5092      96D82D33 
 5092      12D07327 
 5092      0D3E
 5093 00db 3AC9CD62 		.ascii	":\311\315b\335\230i\016\014\277\221\3253R\342\020\310"
 5093      DD98690E 
 5093      0CBF91D5 
 5093      3352E210 
 5093      C8
 5094 00ec 03078103 		.ascii	"\003\007\201\003D%E\340`\025[=/\326eM\363\334\370\007"
 5094      442545E0 
 5094      60155B3D 
 5094      2FD6654D 
 5094      F3DCF807 
 5095 0100 A62949AD 		.ascii	"\246)I\255\343Ce\267\036~\266\322\003\243\312*dY]\313"
 5095      E34365B7 
 5095      1E7EB6D2 
 5095      03A3CA2A 
 5095      64595DCB 
ARM GAS  /tmp/ccXPGahD.s 			page 117


 5096 0114 5B7DB4D8 		.ascii	"[}\264\330\352\323*!\234\271\234$9\2503\36018;\331\314"
 5096      EAD32A21 
 5096      9CB99C24 
 5096      39A833F0 
 5096      31383BD9 
 5097 0129 722D0166 		.ascii	"r-\001f\337\331\367\342\031\223\322q`\2640\035!\002"
 5097      DFD9F7E2 
 5097      1993D271 
 5097      60B4301D 
 5097      2102
 5098 013b 3FA9382D 		.ascii	"?\2518-\266\345\300\260\231\355\362\011\266<\276\304"
 5098      B6E5C0B0 
 5098      99EDF209 
 5098      B63CBEC4 
 5099 014b F262950A 		.ascii	"\362b\225\012\200\023\324\"\010j\242\010L*\025\265\310"
 5099      8013D422 
 5099      086AA208 
 5099      4C2A15B5 
 5099      C8
 5100 015c 2DA8F514 		.ascii	"-\250\365\024\231\223\301\230\235\200\312F\303)\353"
 5100      9993C198 
 5100      9D80CA46 
 5100      C329EB
 5101 016b B260A629 		.ascii	"\262`\246)\263\323\270\375\033\013pV\001(\252f\005{"
 5101      B3D3B8FD 
 5101      1B0B7056 
 5101      0128AA66 
 5101      057B
 5102 017d F72B47D6 		.ascii	"\367+G\326\2745\337o\232\363k\246\346\234\367\203\362"
 5102      BC35DF6F 
 5102      9AF36BA6 
 5102      E69CF783 
 5102      F2
 5103 018e 736A245C 		.ascii	"sj$\\\334\024\267\316\302A\302\343\344\223\213\205\233"
 5103      DC14B7CE 
 5103      C241C2E3 
 5103      E4938B85 
 5103      9B
 5104 019f 85874511 		.ascii	"\205\207E\021g\\\014\034\201\0278\214R\340(\312XWNC"
 5104      675C0C1C 
 5104      8117388C 
 5104      52E028CA 
 5104      58574E43 
 5105 01b3 47059F84 		.ascii	"G\005\237\204\350\227\242\203\262\320`f\205\030\220"
 5105      E897A283 
 5105      B2D06066 
 5105      851890
 5106 01c2 9A75E9A4 		.ascii	"\232u\351\244\313/0\177\2308\245\211\031t\356\355\375"
 5106      CB2F307F 
 5106      9838A589 
 5106      1974EEED 
 5106      FD
 5107 01d3 4D4B4BA4 		.ascii	"MKK\244e1O[\307\274 mj\266\357\037\344\026\240H\225"
 5107      65314F5B 
 5107      C7BC206D 
 5107      6AB6EF1F 
 5107      E416A048 
ARM GAS  /tmp/ccXPGahD.s 			page 118


 5108 01e8 F3166FD7 		.ascii	"\363\026o\327uoF\336\221\226^|\246t~Vi\031Y\214\317"
 5108      756F46DE 
 5108      91965E7C 
 5108      A6747E56 
 5108      6919598C 
 5109 01fd F13A0FAB 		.ascii	"\361:\017\253&g\243\343\013\340aR\020X\305:\257b\245"
 5109      2667A3E3 
 5109      0BE06152 
 5109      1058C53A 
 5109      AF62A5
 5110 0210 5E9D2EF9 		.ascii	"^\235.\371_\324\271\245\250\011\340\021\205*U\250\013"
 5110      5FD4B9A5 
 5110      A809E011 
 5110      852A55A8 
 5110      0B
 5111 0221 84A2CF34 		.ascii	"\204\242\3174\277\026\314\334\323G\271\227\331X\367"
 5111      BF16CCDC 
 5111      D347B997 
 5111      D958F7
 5112 0230 126A8A35 		.ascii	"\022j\2125\3058oA\273r&w\342kp\023R>\352\023y3\2602"
 5112      C5386F41 
 5112      BB722677 
 5112      E26B7013 
 5112      523EEA13 
 5113 0248 0F2BCF15 		.ascii	"\017+\317\025\356E\326\252\234\227\222\241\337\200\010"
 5113      EE45D6AA 
 5113      9C9792A1 
 5113      DF8008
 5114 0257 6A8B266D 		.ascii	"j\213&m\367,\333[\356$n\354\357?r\363b9\215Z\245:z\363"
 5114      F72CDB5B 
 5114      EE246EEC 
 5114      EF3F72F3 
 5114      62398D5A 
 5115 026f 65D0AB2C 		.ascii	"e\320\253,~GG%\277x\207\271\245\017\034G\017\245P\242"
 5115      7E474725 
 5115      BF7887B9 
 5115      A50F1C47 
 5115      0FA550A2 
 5116 0283 F3BB7849 		.ascii	"\363\273xI-\341\200\224\224\227\251\363ht\302n\022*"
 5116      2DE18094 
 5116      9497A9F3 
 5116      6874C26E 
 5116      122A
 5117 0295 AD2286CC 		.ascii	"\255\"\206\314M\245\017<\313\245\252\030\323\350\272"
 5117      4DA50F3C 
 5117      CBA5AA18 
 5117      D3E8BA
 5118 02a4 5A4BDF70 		.ascii	"ZK\337pPz\376\006\235\3124\232_\205\256\021F\317OX\332"
 5118      507AFE06 
 5118      9DCA349A 
 5118      5F85AE11 
 5118      46CF4F58 
 5119 02b9 15DDEA25 		.ascii	"\025\335\352%\222\306\260\031\234\230\355\263\207Z\012"
 5119      92C6B019 
 5119      9C98EDB3 
 5119      875A0A
 5120 02c8 913F99DF 		.ascii	"\221?\231\337v\232\336\202\006\336\205\357\200\313\020"
ARM GAS  /tmp/ccXPGahD.s 			page 119


 5120      769ADE82 
 5120      06DE85EF 
 5120      80CB10
 5121 02d7 FE37D5B5 		.ascii	"\3767\325\265\014W\250{\340\011hv\243:\337\357!l\005"
 5121      0C57A87B 
 5121      E0096876 
 5121      A33ADFEF 
 5121      216C05
 5122 02ea 61AD1F0B 		.ascii	"a\255\037\013\337B3+TA\216E\273\266\2509c\005\315\371"
 5122      DF42332B 
 5122      54418E45 
 5122      BBB6A839 
 5122      6305CDF9 
 5123 02fe A4B039F9 		.ascii	"\244\2609\371\216,)\233\034\367\260\343i\313\361\025"
 5123      8E2C299B 
 5123      1CF7B0E3 
 5123      69CBF115 
 5124 030e 763CB3E0 		.ascii	"v<\263\340x\366\266\256N-02E\374J\263\333\244\265\202"
 5124      78F6B6AE 
 5124      4E2D3032 
 5124      45FC4AB3 
 5124      DBA4B582 
 5125 0322 47F753D6 		.ascii	"G\367S\326r\231u\361[W7~\244j5\302\314\202~2\272@KY"
 5125      729975F1 
 5125      5B57377E 
 5125      A46A35C2 
 5125      CC827E32 
 5126 033a 3E222597 		.ascii	">\"%\227O\245\256R\254K9\326\2647-\365\225X?\347Xl\354"
 5126      4FA5AE52 
 5126      AC4B39D6 
 5126      B4372DF5 
 5126      95583FE7 
 5127 0351 494BC77F 		.ascii	"IK\307\177\333zp\235l\245\212\333\235\213[1\"u\216K"
 5127      DB7A709D 
 5127      6CA58ADB 
 5127      9D8B5B31 
 5127      22758E4B 
 5128 0365 CBE7C8C8 		.ascii	"\313\347\310\310\325*\364e\273\214\222\264t\256\024"
 5128      D52AF465 
 5128      BB8C92B4 
 5128      74AE14
 5129 0374 FAD7E5CA 		.ascii	"\372\327\345\312p0\316i\227q\305fQ\031\256\225X3yVO"
 5129      7030CE69 
 5129      9771C566 
 5129      5119AE95 
 5129      58337956 
 5130 0389 8E75F788 		.ascii	"\216u\367\210t2\313\305\363\277\007\264`e\031\271FQ"
 5130      7432CBC5 
 5130      F3BF07B4 
 5130      606519B9 
 5130      4651
 5131 039b AFD9D455 		.ascii	"\257\331\324Ui\351^\211:\267\\\206.\246\272\355\014"
 5131      69E95E89 
 5131      3AB75C86 
 5131      2EA6BAED 
 5131      0C
 5132 03ac FF28189A 		.ascii	"\377(\030\232g%\326\237\313\261\334\314\3620k\016\251"
ARM GAS  /tmp/ccXPGahD.s 			page 120


 5132      6725D69F 
 5132      CBB1DCCC 
 5132      F2306B0E 
 5132      A9
 5133 03bd EF6F6C51 		.ascii	"\357olQ\377\340\372%\254\335Le\371\272\326h\216E\303"
 5133      FFE0FA25 
 5133      ACDD4C65 
 5133      F9BAD668 
 5133      8E45C3
 5134 03d0 46635BBC 		.ascii	"Fc[\274\345\321P\270\335\330\034\013n\217\206[\223\011"
 5134      E5D150B8 
 5134      DDD81C0B 
 5134      6E8F865B 
 5134      9309
 5135 03e2 E3F1A7B7 		.ascii	"\343\361\247\267>Y\377BK\244\2519)\356K\304\203F0\026"
 5135      3E59FF42 
 5135      4BA4A939 
 5135      29EE4BC4 
 5135      83463016 
 5136 03f6 4D1881BA 		.ascii	"M\030\201\272\347H\324\326\325\3707\372k\252\203mmB"
 5136      E748D4D6 
 5136      D5F837FA 
 5136      6BAA836D 
 5136      6D42
 5137 0408 4F364712 		.ascii	"O6G\022\253\013U\325\033B\033\033\302\341\365\033\204"
 5137      AB0B55D5 
 5137      1B421B1B 
 5137      C2E1F51B 
 5137      84
 5138 0419 8C879B64 		.ascii	"\214\207\233d{C\213\014\267\206\034\211dC<\371\004Y"
 5138      7B438B0C 
 5138      B7861C89 
 5138      64433CF9 
 5138      0459
 5139 042b C743F56D 		.ascii	"\307C\365mt\334i\3246G\032#Om3b\011\206Gc\255FxG\322"
 5139      74DC69D4 
 5139      36471A23 
 5139      4F6D3362 
 5139      09864763 
 5140 0444 786C6B9D 		.ascii	"xlk\235Q[\267-\260\315\250\215\305\303F\2405\330\262"
 5140      515BB72D 
 5140      B0CDA88D 
 5140      C5C346A0 
 5140      35D8B2
 5141 0457 3D143682 		.ascii	"=\0246\202\321D$Q\337\024\014V7\013w(\321\350\363\357"
 5141      D1442451 
 5141      DF140C56 
 5141      370B7728 
 5141      D1E8F3EF 
 5142 046b D8225CD1 		.ascii	"\330\"\\\321p4\026\337)\334\221\234\342_\316\325]!"
 5142      703416DF 
 5142      29DC919C 
 5142      E25FCED5 
 5142      5D21
 5143              		.text
 5144              		.section	.gnu.lto__ZN8ICM2060210burst_readEhPhj.456.259bc85880933ad2,"e",%progbits
 5145 0000 789C8556 		.ascii	"x\234\205Vkl\024U\024\276g\356\314\356v[\332RJm]\225"
ARM GAS  /tmp/ccXPGahD.s 			page 121


 5145      6B6C1455 
 5145      14BE67EE 
 5145      CCEE765B 
 5145      DA524A6D 
 5146 0016 A5B621CA 		.ascii	"\245\266!\312c6@\370\215\0265\233\330\200\200\277\221"
 5146      633640F8 
 5146      8D16359B 
 5146      D88080BF 
 5146      91
 5147 0027 EE2EB486 		.ascii	"\356.\264\206\355\326\335b\340\027\303\366\025\213\332"
 5147      EDD6DD62 
 5147      E017C3F6 
 5147      158BDA
 5148 0036 2E45C458 		.ascii	".E\304X\252.\033\203\277\004\242\362\226\245E\012\255"
 5148      AA2E1B83 
 5148      BF04A2F2 
 5148      96A5450A 
 5148      AD
 5149 0047 3CE411F0 		.ascii	"<\344\021\360\205\005\214P\"\330\224\030\210\200\365"
 5149      85058C50 
 5149      22D89418 
 5149      8880F5
 5150 0056 9C3B33BB 		.ascii	"\234;3\273\263\245\255\223\364\356\275g\316\371\316"
 5150      B3A5AD93 
 5150      F4EEBD67 
 5150      CEF9CE
 5151 0065 77CE3DE7 		.ascii	"w\316=\347L\027;\031;\317\030;\201\177\220\305`s\254"
 5151      4C173B19 
 5151      3BCF183B 
 5151      817F90C5 
 5151      6073AC
 5152 0078 55629AA6 		.ascii	"Ub\232\246-\264K\320\021\353\3539\234\274\362,|\017"
 5152      2DB44BD0 
 5152      11EBEB39 
 5152      9CBCF22C 
 5152      7C0F
 5153 008a 42C2A5A6 		.ascii	"B\302\245\246\330&\011\276\243\223[n\214\345\212_\031"
 5153      D82609BE 
 5153      A3935B6E 
 5153      8CE58A5F 
 5153      19
 5154 009b 3A76F7B5 		.ascii	":v\367\265\364\377\366\232\320Q`k\254\257\027\255v\310"
 5154      F4FFF69A 
 5154      D051606B 
 5154      ACAF17AD 
 5154      76C8
 5155 00ad 705137B3 		.ascii	"pQ7\263I\333\332\367L\2073\272Y\213af\207\255h\266\351"
 5155      49DBDAF7 
 5155      4C8733BA 
 5155      598B6166 
 5155      87AD68B6 
 5156 00c2 866EE680 		.ascii	"\206n\346\200\215\261\326\336\355\245pD\267\001\266"
 5156      8DB1D6DE 
 5156      EDA57044 
 5156      B701B6
 5157 00d1 41E2B262 		.ascii	"A\342\262b\303\027\0338g\220\224\001\322\013\243\007"
 5157      C3171B38 
ARM GAS  /tmp/ccXPGahD.s 			page 122


 5157      67909401 
 5157      D20BA307 
 5158 00e1 986D1C79 		.ascii	"\230m\034y\007\177\016A\3567m=\3303M\333\231\204\004"
 5158      077F0E41 
 5158      EE376D3D 
 5158      D8334DDB 
 5158      998404
 5159 00f4 67AC8B33 		.ascii	"g\254\2133\375\351\344\260\231'8\200l\354$p\343\216"
 5159      FDE9E4B0 
 5159      99273880 
 5159      6CEC2470 
 5159      E38E
 5160 0106 2F62338E 		.ascii	"/b3\216iZ{\347\247I9\3019\354\005\264\200o\000\276F"
 5160      695A7BE7 
 5160      A74939C1 
 5160      39EC05B4 
 5160      806F00BE 
 5161 011b 541478BB 		.ascii	"T\024x\273g\222\326\033lFR\323\316\366\177\245i\034"
 5161      6792D61B 
 5161      6C4652D3 
 5161      CEF67FA5 
 5161      691C
 5162 012d C532EC17 		.ascii	"\3052\354\027z\363\300CZ\262\267_h\371u\255\301}\232"
 5162      7AF3C043 
 5162      5AB2B75F 
 5162      68F975AD 
 5162      C17D9A
 5163 0140 96856205 		.ascii	"\226\205b\005\016f\242)\336KB\257Z\327{d\350\331\340"
 5163      0E66A229 
 5163      DE4B42AF 
 5163      5AD77B64 
 5163      E8D9E0
 5164 0153 70A69ECD 		.ascii	"p\246\236\315{}&\3030u\36664\021{\014\026(\016\376&"
 5164      7B7D26C3 
 5164      3075F636 
 5164      34117B0C 
 5164      16280EFE 
 5165 0168 ADE50831 		.ascii	"\255\345\0101td\307['4\231\\\035\265B0\346\375Wx\252"
 5165      7464C75B 
 5165      2734995C 
 5165      1DB54230 
 5165      E6FD5778 
 5166 017d 3535DB3B 		.ascii	"55\333;\265d\243[\220\352\031\2459<S8\200c\000\335\300"
 5166      B564A35B 
 5166      90EA19A5 
 5166      393C5338 
 5166      806300DD 
 5167 0192 F02698F7 		.ascii	"\360&\230\367\266\020a2\035\014\257\035=\023\0318n\022"
 5167      B6106132 
 5167      1D0CAF1D 
 5167      3D131938 
 5167      6E12
 5168 01a4 106C2438 		.ascii	"\020l$8\241\037\322j\222P;\011\217\277\321\001\372M"
 5168      A11FD26A 
 5168      92503B09 
 5168      8FBFD101 
 5168      FA4D
ARM GAS  /tmp/ccXPGahD.s 			page 123


 5169 01b6 0062B4EB 		.ascii	"\000b\264\353tC\213\226\337\350\036\213\374\266Y\377"
 5169      74438B96 
 5169      DFE81E8B 
 5169      FCB659FF 
 5170 01c6 4FFBDD59 		.ascii	"O\373\335Y:\355\323\000\247\014\332\233f\245\275\236"
 5170      3AEDD300 
 5170      A70CDA9B 
 5170      66A5BD9E 
 5171 01d6 49793D9B 		.ascii	"Iy=\233\242\235~\2433=7\212i\332\346\202\260AG\262\236"
 5171      A29D7EA3 
 5171      333D378A 
 5171      69DAE682 
 5171      B04147B2 
 5172 01eb 16DDCB97 		.ascii	"\026\335\313\227\347\224\244\366p\244M\323n\270\256"
 5172      E794A4F6 
 5172      70A44DD3 
 5172      6EB8AE
 5173 01fa EEB2CF06 		.ascii	"\356\262\317\006$f\227pqPQd\311\2708\025Zl\270d\333"
 5173      24669770 
 5173      71505164 
 5173      C9B83815 
 5173      5A6CB864 
 5174 020f 69E7A085 		.ascii	"i\347\240\205.9\307I\273lZrHy\022.\223r)\353y\024C\001"
 5174      2E39C749 
 5174      BB6C5A72 
 5174      4879122E 
 5174      937229EB 
 5175 0227 C0012804 		.ascii	"\300\001(\004\330\007E\000\337B1\275(a\350\331E\273"
 5175      D8074500 
 5175      DF4231BD 
 5175      2861E8D9 
 5175      45BB
 5176 0239 5286DECB 		.ascii	"R\206\336\313H\257\034\340\020\322j\343l#r\226@K2\326"
 5176      48AF1CE0 
 5176      10D26AE3 
 5176      6C237296 
 5176      404B32D6 
 5177 024d CE25FDD0 		.ascii	"\316%\375\320\200\207[\240]{p\\bw\240as\313m)\316!\316"
 5177      80875BA0 
 5177      5D7B705C 
 5177      6277A061 
 5177      73CB6D29 
 5178 0264 0BA8DEED 		.ascii	"\013\250\336\355\240\001J\243C\255\217\300h\201\\\021"
 5178      A0014AA3 
 5178      43AD8FC0 
 5178      68815C11 
 5179 0274 FCE7D47A 		.ascii	"\374\347\324z7s\023</\316\013\341\222\220yH$%x>\\\206"
 5179      3773133C 
 5179      2FCE0BE1 
 5179      92907948 
 5179      2425783E 
 5180 028a ED548473 		.ascii	"\355T\204s\015\035\031~\004x\036\005\010,|=\022\276"
 5180      0D1D197E 
 5180      04781E05 
 5180      082C7C3D 
 5180      12BE
 5181 029c A25B5A7F 		.ascii	"\242[Z\177EG\222\001\354\200\351\002\030c\314'\320\237"
ARM GAS  /tmp/ccXPGahD.s 			page 124


 5181      45479201 
 5181      EC80E902 
 5181      1863CC27 
 5181      D09F
 5182 02ae 8135D261 		.ascii	"\2015\322a2\374\202\344\207\240y\247\214\002\304/\350"
 5182      32FC82E4 
 5182      87A079A7 
 5182      8C02C42F 
 5182      E8
 5183 02bf C22E472C 		.ascii	"\302.G,\211\254\246\300\010b\024%x\241@\036Ad\374\215"
 5183      89ACA6C0 
 5183      08621425 
 5183      78A1401E 
 5183      4164FC8D 
 5184 02d3 D3E4D15D 		.ascii	"\323\344\321]\340\333b\223\260c\024\337(I\362a@\247"
 5184      E0DB6293 
 5184      B06314DF 
 5184      2849F261 
 5184      40A7
 5185 02e5 DB68A84C 		.ascii	"\333h\250L\206\253@9\211\2721\213hM\200\245)\260\222"
 5185      86AB4039 
 5185      89BA318B 
 5185      684D80A5 
 5185      29B092
 5186 02f8 14DD2433 		.ascii	"\024\335$3\371\312\004z\335\340\253\300\357\246y7\351"
 5186      F9CA047A 
 5186      DDE0ABC0 
 5186      EFA67937 
 5186      E9
 5187 0309 EBE6B8DC 		.ascii	"\353\346\270\334\335\335v\340\336\345)X\321\202\352"
 5187      DDDD76E0 
 5187      DEE52958 
 5187      D182EA
 5188 0318 917BDB00 		.ascii	"\221{\333\000\247%\373\0136\226\322$:@\031\236\336\003"
 5188      A725FB0B 
 5188      3696D224 
 5188      3A40199E 
 5188      DE03
 5189 032a CD4861AA 		.ascii	"\315Ha\252L\303\351\017Q\264\355\234#/M\246\233\222"
 5189      4CC3E90F 
 5189      51B4ED9C 
 5189      232F4DA6 
 5189      9B92
 5190 033c 11762113 		.ascii	"\021v!\023\264r\011d\370\352\360\336\345\024\252\360"
 5190      B4720964 
 5190      F8EAF0DE 
 5190      E514AAF0 
 5191 034c 31088D57 		.ascii	"1\010\215W*\360\0159\305\347\037\300]\261\204\327\351"
 5191      2AF00D39 
 5191      C5E71FC0 
 5191      5DB184D7 
 5191      E9
 5192 035d 92258491 		.ascii	"\222%\204\221S\027\316\315\210\036\266 \022'\260;\320"
 5192      5317CECD 
 5192      881EB620 
 5192      1227B03B 
 5192      D0
ARM GAS  /tmp/ccXPGahD.s 			page 125


 5193 036e 3DD46ADE 		.ascii	"=\324j\336q\021\260\324N\373\251A\313\265$\360\011\030"
 5193      7111B0D4 
 5193      4EFBA941 
 5193      CBB524F0 
 5193      0918
 5194 0380 04B809CC 		.ascii	"\004\270\011\314\363\2318\026\303-\314\036\320}p3Q\015"
 5194      F3993816 
 5194      C32DCC1E 
 5194      D07D7033 
 5194      510D
 5195 0392 7B9A11D6 		.ascii	"{\232\021\326\205\260\372\364t\247\223\351\022\001)"
 5195      85B0FAF4 
 5195      74A793E9 
 5195      120129
 5196 03a1 19A59791 		.ascii	"\031\245\227\221\234\343\226\344\364Z\223\223\312\310"
 5196      9CE396E4 
 5196      F45A9393 
 5196      CAC8
 5197 03af A8B0D170 		.ascii	"\250\260\321p\013\031\236\324\015?\"\303\276\264a\377"
 5197      0B199ED4 
 5197      0D3F22C3 
 5197      BEB461FF 
 5198 03bf 6359BD93 		.ascii	"cY\275\223\306H8i\004\220Y\254WT\344\241/\246\306\271"
 5198      C6483869 
 5198      049059AC 
 5198      5754E4A1 
 5198      2FA6C6B9 
 5199 03d3 3C46B978 		.ascii	"<F\271x\364\243\023\2060Z\211Q=\342\210\021\345X\322"
 5199      F4A31386 
 5199      305A8951 
 5199      3DE28811 
 5199      E558D2
 5200 03e6 C5650A1F 		.ascii	"\305e\012\037'\352\223\002\253\303\300\032\304\364+"
 5200      27EA9302 
 5200      ABC3C01A 
 5200      C4F42B
 5201 03f5 1361DD35 		.ascii	"\023a\3355\260H9+\316m\343\353f\303\337\250\313\205"
 5201      B048392B 
 5201      CE6DE3EB 
 5201      66C3DFA8 
 5201      CB85
 5202 0407 DF26C3AF 		.ascii	"\337&\303\257\253\213+\344WA\313\004\177J\270\376\300"
 5202      AB8B2BE4 
 5202      5741CB04 
 5202      7F4AB8FE 
 5202      C0
 5203 0418 0C03EDED 		.ascii	"\014\003\355\355\023\271\276?V\0306\202\263\233a|hb"
 5203      13B9BE3F 
 5203      56183682 
 5203      B39B617C 
 5203      6862
 5204 042a 15C6B963 		.ascii	"\025\306\271c\"\254\007\2510\032:\351\3421\224\"\272"
 5204      22AC07A9 
 5204      301A3AE9 
 5204      E2319422 
 5204      BA
 5205 043b 781B7E64 		.ascii	"x\033~d\207\240\305\300\177\272\213\333\011\337!\024"
ARM GAS  /tmp/ccXPGahD.s 			page 126


 5205      87A0C5C0 
 5205      7FBA8BDB 
 5205      09DF2114 
 5206 044b 8AB14613 		.ascii	"\212\261F\023\374\031\375\312,\216\234\0239\032\031"
 5206      FC19FDCA 
 5206      2C8E9C13 
 5206      391A19
 5207 045a 8BB48340 		.ascii	"\213\264\203@\235&\351\217-\367\230=\021VT\032\003+"
 5207      9D26E98F 
 5207      2DF7983D 
 5207      1156541A 
 5207      032B
 5208 046c 8BB0B24D 		.ascii	"\213\260\262M\254\355\275\346,9\003z\005\237N\367\263"
 5208      ACEDBDE6 
 5208      2C39037A 
 5208      059F4EF7 
 5208      B3
 5209 047d 390E4A53 		.ascii	"9\016JS\343` s\0344I\3468h\226\214qp\212\364\037\253"
 5209      E3602073 
 5209      1C3449E6 
 5209      3868968C 
 5209      71708AF4 
 5210 0493 F80B968A 		.ascii	"\370\013\226\212\2778f\305S\313\330F\317\000\342\222"
 5210      BF3866C5 
 5210      53CBD846 
 5210      CF00E292 
 5211 04a3 A717F2B5 		.ascii	"\247\027\362\265\375\313u\212\351\031\220G\236\304\014"
 5211      FDCB758A 
 5211      E9199047 
 5211      9EC40C
 5212 04b2 C05D8982 		.ascii	"\300]\211\2023\240\314N3\300>\316\014\310!\260\324\014"
 5212      33A0CC4E 
 5212      33C03ECE 
 5212      0CC821B0 
 5212      D40C
 5213 04c4 18B7D7DF 		.ascii	"\030\267\327\337\301\254\211b\317\311\354\36524\207"
 5213      C1AC8962 
 5213      CFC9ECF5 
 5213      323487
 5214 04d3 3F2D592A 		.ascii	"?-Y*\023\244\035\343\367\371YK\324?\214\337\347\351"
 5214      13A41DE3 
 5214      F7F9594B 
 5214      D43F8CDF 
 5214      E7E9
 5215 04e5 D0CC3E3F 		.ascii	"\320\314>?g\351\363\363\326>\317l\356k\373\367\245\232"
 5215      67E9F3F3 
 5215      D63ECF6C 
 5215      EE6BFBF7 
 5215      A59A
 5216 04f7 FB935ECB 		.ascii	"\373\223^\313\347fR\352\302\216\262\214\357\315{\222"
 5216      E76652EA 
 5216      C28EB28C 
 5216      EFCD7B92 
 5217 0507 F9BD795F 		.ascii	"\371\275y_\312\370\336L\353\342N\212\271\034\215\305"
 5217      CAF8DE4C 
 5217      EBE24E8A 
 5217      B91C8DC5 
ARM GAS  /tmp/ccXPGahD.s 			page 127


 5218 0517 A7C6CD86 		.ascii	"\247\306\315\206!:\260\373\025\361?b\033\007=\312h\222"
 5218      213AB0FB 
 5218      15F13F62 
 5218      1B073DCA 
 5218      6892
 5219 0529 8EE56A75 		.ascii	"\216\345ju(\030P\253\352\302kf\373\003o\253\213B\276"
 5219      281850AB 
 5219      EAC26B66 
 5219      FB036FAB 
 5219      8B42BE
 5220 053c B5C1406D 		.ascii	"\265\301@m}D}q\311\322WW\254ZS\263\272\272\236\271\""
 5220      7D447D71 
 5220      C9D25757 
 5220      AC5A53B3 
 5220      BABA9EB9 
 5221 0551 619FEA0B 		.ascii	"a\237\352\013\005#\252\267\362u\\**\347z\026x\346\316"
 5221      0523AAB7 
 5221      F2755C2A 
 5221      2AE77A16 
 5221      78E6CE
 5222 0564 F1D5D531 		.ascii	"\361\325\3251\271\276\272&Rd\025\315\231\357_\2602\020"
 5222      B9BEBA26 
 5222      526415CD 
 5222      99EF5FB0 
 5222      3210
 5223 0576 98379FF1 		.ascii	"\2307\237\361p`5\257Z\273\012jy\240\326\257D\352W\206"
 5223      706035AF 
 5223      5ABB0A6A 
 5223      79A0D6AF 
 5223      44EA5786 
 5224 058a EB5F42FD 		.ascii	"\353_B\375\260\177E\035n\327\253\025\3255U5\213\227"
 5224      B07F451D 
 5224      6ED7AB15 
 5224      D5355535 
 5224      8B97
 5225 059c A9A108C1 		.ascii	"\251\241\010\301\007C\265j`]\275\372\302\322J\265\242"
 5225      0743B56A 
 5225      605DBDFA 
 5225      C2D24AB5 
 5225      A2
 5226 05ad 72997799 		.ascii	"r\231w\231Z\021\012\007To\255o\315Z\177@\365\005#5\221"
 5226      5A110A07 
 5226      546FAD6F 
 5226      CD5A7F40 
 5226      F5052335 
 5227 05c2 15AB7DBE 		.ascii	"\025\253}\2769\325\314\341\217T\271=\353^f\366` \030"
 5227      39D5CCE1 
 5227      8F54B93D 
 5227      EB5E66F6 
 5227      602018
 5228 05d5 0AAF678E 		.ascii	"\012\257g\216\032C\360\037<\021e\242"
 5228      1A43F01F 
 5228      3C1165A2 
 5229              		.text
 5230              		.section	.gnu.lto__ZN8ICM206024initEP14hal_spi_driverPK14hal_spi_configS4_.part.0.477.259bc8588093
 5231 0000 789C7D94 		.ascii	"x\234}\224MHTQ\024\307\317\377\3357\343\330\207D\244"
 5231      4D485451 
ARM GAS  /tmp/ccXPGahD.s 			page 128


 5231      14C7CFFF 
 5231      DD37E3D8 
 5231      8744A4
 5232 0013 54160821 		.ascii	"T\026\010!R\220oP\021Z\004R.\032H\210\250\265\3318\346"
 5232      52906F50 
 5232      115A0452 
 5232      2E1A4888 
 5232      A8B5D938 
 5233 0028 801F9333 		.ascii	"\200\037\2233\271h\343MLA\002\307\246\222b\034\244\036"
 5233      B968E34D 
 5233      4C4102C7 
 5233      A692621C 
 5233      A41E
 5234 003a A5AB3651 		.ascii	"\245\2536Q\366A\215beF\020\322\242E\004I\0131\210A\202"
 5234      F6418D62 
 5234      654610D2 
 5234      A2450449 
 5234      0B318841 
 5235 004f BEB173DF 		.ascii	"\276\261s\337\233/I\33703\367\276s\177\347\177\316="
 5235      9B2F49DF 
 5235      3033F7BE 
 5235      737FE77F 
 5235      CE3D
 5236 0061 E7CC8CE8 		.ascii	"\347\314\214\350D\335Dt\200?p\021\256xHJYW\240c\253"
 5236      44DD4474 
 5236      803F7011 
 5236      AE78484A 
 5236      5957A063 
 5237 0076 B56A880D 		.ascii	"\265j\210\015\017\256\314\354\301,\254g\201\013\303"
 5237      0FAECCEC 
 5237      C12CAC67 
 5237      810BC3
 5238 0085 839ACD80 		.ascii	"\203\232\315\200ztM\240\0071\021\027\330\233\224\362"
 5238      7A744DA0 
 5238      07311117 
 5238      D89B94F2 
 5239 0095 C7C56B13 		.ascii	"\307\305k\023\337\3347\306\2230\005QB\020\252\341ee"
 5239      DFDC37C6 
 5239      93300551 
 5239      4210AAE1 
 5239      6565
 5240 00a7 5287D19C 		.ascii	"R\207\321\234\035\226\035\367@\304\236\227\205\311\026"
 5240      1D961DF7 
 5240      40C49E97 
 5240      85C916
 5241 00b6 3DBDD350 		.ascii	"=\275\323P\306;Q\257N*f\330->\226\324M!0\011%\370\000"
 5241      C63B51AF 
 5241      4E2A66D8 
 5241      2D3E96D4 
 5241      4D213009 
 5242 00cd B80FC243 		.ascii	"\270\017\302CV\022\276e\343?\002\253\010\"\267\022;"
 5242      5612BE65 
 5242      E33F02AB 
 5242      0822B712 
 5242      3B
 5243 00de 45159CC0 		.ascii	"E\025\234\300\333\331I)\013\311\024:\036\347k=aR\367"
 5243      DBD94929 
ARM GAS  /tmp/ccXPGahD.s 			page 129


 5243      0BC9143A 
 5243      1EE76B3D 
 5243      6152F7
 5244 00f1 FD36F6F1 		.ascii	"\3756\366\361\255R\357o\245$\224\201\356\010\262^J "
 5244      AD52EF6F 
 5244      A5249481 
 5244      EE08B25E 
 5244      4A20
 5245 0103 6009A426 		.ascii	"`\011\244&>\236=b\012\027\236\346\273?c\332\345\033"
 5245      3E9E3D62 
 5245      0A179EE6 
 5245      BB3F63DA 
 5245      E51B
 5246 0115 F0AE7277 		.ascii	"\360\256rw\255r\357H\273\277\353/\212\252CL\345\013"
 5246      AD72EF48 
 5246      BBBFEB2F 
 5246      8AAA434C 
 5246      E50B
 5247 0127 4C5B0231 		.ascii	"L[\0021\007\001\267]\314\031\250\207rK\352\322\200\334"
 5247      0701B75D 
 5247      CC19A887 
 5247      724BEAD2 
 5247      80DC
 5248 0139 D25796B9 		.ascii	"\322W\226\271\013rw\261=\024\024\215\313d_\031e\022"
 5248      0B7277B1 
 5248      3D14148D 
 5248      CB645F19 
 5248      6512
 5249 014b 462EE135 		.ascii	"F.\3415\231\251|fZ1n\302K\340\005\360\034V\3238>\361"
 5249      99A97C66 
 5249      5A316EC2 
 5249      4BE005F0 
 5249      1C56D338 
 5250 0161 5B64AD77 		.ascii	"[d\255w\347]R\376Y\031\2222^\202\"\000\217\240\221j"
 5250      E75D52FE 
 5250      59199232 
 5250      5E822200 
 5250      8FA0916A 
 5251 0175 310D0935 		.ascii	"1\015\0115#Rg<*t{+h\011\275X\247\312*\363%h,\212W\310"
 5251      2352673C 
 5251      2A747B2B 
 5251      6809BD58 
 5251      A7CA2AF3 
 5252 018f 82DC5A4F 		.ascii	"\202\334ZO~-T\356\212\342\350s\016\324\264Mq\232\257"
 5252      7E2D54EE 
 5252      8AE2E873 
 5252      0ED4B44D 
 5252      719AAF
 5253 01a2 D53DA242 		.ascii	"\325=\242B\313e \027\276\237\340i\246\024\372\307\016"
 5253      CB652017 
 5253      BE9FE069 
 5253      A614FAC7 
 5253      0E
 5254 01b3 521F3453 		.ascii	"R\0374S\270\023B#\272i\317_\001\276\220\275JN\320cy"
 5254      B8134223 
 5254      BA69CF5F 
 5254      01BE90BD 
ARM GAS  /tmp/ccXPGahD.s 			page 130


 5254      4A4ED063 
 5255 01c8 FCDCC638 		.ascii	"\374\334\3068\227\311\242\013\023j\256\024\262\001\213"
 5255      97C9A20B 
 5255      136AAE14 
 5255      B2018B
 5256 01d7 05A6D868 		.ascii	"\005\246\330h!\347\327\024\304\233\264fV\352\357zRU"
 5256      21E7D714 
 5256      C49BB466 
 5256      56EAEF7A 
 5256      5255
 5257 01e9 19A5A853 		.ascii	"\031\245\250Sn;\354\2052r\261b\007x'\346\263q\257:\201"
 5257      6E3BEC85 
 5257      3272B162 
 5257      077827E6 
 5257      B371AF3A 
 5258 01fe A5F6B23D 		.ascii	"\245\366\262=\003\2178\301\273\360!\253z\335\011\334"
 5258      038F38C1 
 5258      BBF021AB 
 5258      7ADD09DC 
 5259 020e 9D177EB4 		.ascii	"\235\027~\264\230\276\242wy\274(\375+\337d\215\362m"
 5259      98BEA277 
 5259      79BC28FD 
 5259      2BDF648D 
 5259      F26D
 5260 0220 7591CDAA 		.ascii	"u\221\315\252N\237@^n\321\"\253\020\0260\252:\2518\002"
 5260      4E9F405E 
 5260      6ED122AB 
 5260      101630AA 
 5260      3AA93802 
 5261 0234 2CFF84DD 		.ascii	",\377\204\335G\221\351\3432z\3538\022\207\243_\334\351"
 5261      4791E9E3 
 5261      327AEB38 
 5261      1287A35F 
 5261      DCE9
 5262 0246 CFD0E6D4 		.ascii	"\317\320\346\324\177\024\317\035lD\235\224\033\255\235"
 5262      7F14CF1D 
 5262      6C449D94 
 5262      1BAD9D
 5263 0255 ED01E374 		.ascii	"\355\001\343t\250\253m\177s\240\333\250\357\364\237"
 5263      A8AB6D7F 
 5263      73A0DBA8 
 5263      EFF49F
 5264 0264 6B0F7444 		.ascii	"k\017tD\302\306\241c\307\2176\266\264\005\317\264F\250"
 5264      C2C6A163 
 5264      C78F36B6 
 5264      B405CFB4 
 5264      46A8
 5265 0276 34DCE537 		.ascii	"4\334\3457\374\235\355a\303\327p\222\277\0167Tyk\275"
 5265      FC9DED61 
 5265      C3D77092 
 5265      BF0E3754 
 5265      796BBD
 5266 0289 5595FE50 		.ascii	"U\225\376P\210\364Hk0\\\222o\252\254i\256m\012\004\252"
 5266      88F4486B 
 5266      305C926F 
 5266      AAAC69AE 
 5266      6D0A04AA 
ARM GAS  /tmp/ccXPGahD.s 			page 131


 5267 029d 6B480F87 		.ascii	"kH\017\207\202\315\036\177\313\231\306`G0bmZ\232\302"
 5267      82CD1E7F 
 5267      CB99C660 
 5267      4730626D 
 5267      5A9AC2
 5268 02b0 917FAAA7 		.ascii	"\221\177\252\247pS"
 5268      7053
 5269              		.text
 5270              		.section	.gnu.lto__ZN8ICM206024readEPfS0_.part.0.487.259bc85880933ad2,"e",%progbits
 5271 0000 789CCD98 		.ascii	"x\234\315\230[PUU\030\307\327\177\257\003\234\303MD"
 5271      5B505555 
 5271      18C7D77F 
 5271      AF039CC3 
 5271      4D44
 5272 0012 F06EA288 		.ascii	"\360n\242\210w8\010\212`\017:\345C\314\344L\323\214"
 5272      7738088A 
 5272      600F3AE5 
 5272      43CCE44C 
 5272      D38C
 5273 0024 CFA44862 		.ascii	"\317\244Hb\003\201\2005>4n\217\004\206\316\210\2271"
 5273      03818035 
 5273      3E346E8F 
 5273      0486CE88 
 5273      9731
 5274 0036 2B72884E 		.ascii	"+r\210N\216\325T\346\230w\210L3\351f\032^P.\336\305"
 5274      8ED554E6 
 5274      9877884C 
 5274      33E9661A 
 5274      5E502EDE 
 5275 004b 498734D2 		.ascii	"I\2074\322\314\242\357[\373\234}\031\217L/\316\364\340"
 5275      CCA2EF5B 
 5275      FB9C7D19 
 5275      8F4C2FCE 
 5275      F4E0
 5276 005d 62AD6FFD 		.ascii	"b\255o\375\277\377\267\326o\261\327\336X\024'\304j!"
 5276      BFFFB7D6 
 5276      6FB1D7DE 
 5276      581427C4 
 5276      6A21
 5277 006f 440EFD43 		.ascii	"D\016\375C\230\300&\267\320u}N\204\013\361\352\247\206"
 5277      98C026B7 
 5277      D0757D4E 
 5277      840BF1EA 
 5277      A786
 5278 0081 8DEB6BAE 		.ascii	"\215\353k\256\035MF\013\324Xb\345\372\032\315\320@\254"
 5278      1D4D460B 
 5278      D45862E5 
 5278      FA1ACDD0 
 5278      40AC
 5279 0093 7069122B 		.ascii	"pi\022+\260Q\326ILj\326\365{\257on\373\003ooo\206_\012"
 5279      B051D649 
 5279      4C6AD6F5 
 5279      7BAF6F6E 
 5279      FB036F6F 
 5280 00ab B1550A64 		.ascii	"\261U\012d\"\235\234\005O\326Zq\2508vA\010\312\334 "
 5280      229D9C05 
 5280      4FD65A71 
ARM GAS  /tmp/ccXPGahD.s 			page 132


 5280      A8387641 
 5280      08CADC20 
 5281 00bf FD147105 		.ascii	"\375\024q\005z\032\222\250'\347\362\314\204\303\224"
 5281      7A1A92A8 
 5281      27E7F2CC 
 5281      84C394
 5282 00ce 5657DFEC 		.ascii	"VW\337\354\362K\211\275`\303=\300n\010\354#'\231\333"
 5282      F24B89BD 
 5282      60C33DC0 
 5282      6E08EC23 
 5282      2799DB
 5283 00e1 95FA9002 		.ascii	"\225\372\220\002\016\005\233\310\027\224\025\255\340"
 5283      0E059BC8 
 5283      179415AD 
 5283      E0
 5284 00ee F881BDBA 		.ascii	"\370\201\275\272\356\021~\351\302\001\273\331A\222\272"
 5284      EE117EE9 
 5284      C201BBD9 
 5284      4192BA
 5285 00fd 72BB5359 		.ascii	"r\273SYS[\247\263\231\241\200C\241\314^2\315:M\263&"
 5285      535BA7B3 
 5285      99A18043 
 5285      A1CC5E32 
 5285      CD3A4DB3 
 5286 0112 BBD997CA 		.ascii	"\273\331\227\312\254\327i\326d7S\012\241\266.+\270M"
 5286      ACD769D6 
 5286      6437530A 
 5286      A1B62E2B 
 5286      B84D
 5287 0124 219C3DDD 		.ascii	"!\234=\335\273\012\267\350$\016\303W\010\222\303!\""
 5287      BB0AB7E8 
 5287      240EC357 
 5287      0892C321 
 5287      22
 5288 0135 947BC46B 		.ascii	"\224{\304kB\2125!\365\250\364\345*\275\226\322;\366"
 5288      428A3521 
 5288      F5A8F4E5 
 5288      2ABD96D2 
 5288      3BF6
 5289 0147 BB547A38 		.ascii	"\273Tz8\216\250\364\303\300\327T\353\0336X\231F\252"
 5289      8EA8F4C3 
 5289      C0D754EB 
 5289      1B365899 
 5289      46AA
 5290 0159 701EB021 		.ascii	"p\036\260!\317\036\305#\352\302\252\373\010k\330\255"
 5290      CF1EC523 
 5290      EAC2AAFB 
 5290      086BD8AD 
 5291 0169 05B91E03 		.ascii	"\005\271\036\003\276\205:Tr\015W\225h\244\341;UC\276"
 5291      BE853A54 
 5291      720D5795 
 5291      68A4E13B 
 5291      5543BE
 5292 017c 163CC89E 		.ascii	"\026<\310\236\356\235\277\351x\306/#\360=X\020\300\361"
 5292      EE9DBFE9 
 5292      78C62F23 
 5292      F03D5810 
ARM GAS  /tmp/ccXPGahD.s 			page 133


 5292      C0F1
 5293 018e 03E188C8 		.ascii	"\003\341\210\310\335\301\233LaY\333\332\352\325q\225"
 5293      DDC19B4C 
 5293      6159DBDA 
 5293      EAD57195 
 5294 019e 49411D2C 		.ascii	"IA\035,]\200Y5\202g\320\323\275y)\031\272\361\223\335"
 5294      5D805935 
 5294      8267D0D3 
 5294      BD792919 
 5294      BAF193DD 
 5295 01b2 F03819BA 		.ascii	"\3608\031\272s\367)\303f\303PW\206\206\016\226\3160"
 5295      73F729C3 
 5295      66C35057 
 5295      86860E96 
 5295      CE30
 5296 01c4 0C270CF7 		.ascii	"\014'\014\367vg\343g\340G\012\267\260\027mL\340\004"
 5296      7667E367 
 5296      E0470AB7 
 5296      B0176D4C 
 5296      E004
 5297 01d6 029BF84F 		.ascii	"\002\233\370O\353J\011\034xe\222\350\267\324\336=\331"
 5297      EB4A091C 
 5297      786592E8 
 5297      B7D4DE3D 
 5297      D9
 5298 01e7 68057E71 		.ascii	"h\005~q\224:\365XJ\335\243Rg\2013\216Rm\217\247\324"
 5298      943AF558 
 5298      4ADDA352 
 5298      6781338E 
 5298      526D8FA7 
 5299 01fc C16CB403 		.ascii	"\301l\264\003\347\035\245:\036\017\300\306l\\\000\272"
 5299      E71DA53A 
 5299      1E0FC0C6 
 5299      6C5C00BA 
 5300 020c 1CA52E3E 		.ascii	"\034\245.>\236]Q\251+\300eG\251\253\252\024\251\"\314"
 5300      9E5D51A9 
 5300      2BC06547 
 5300      A9ABAA14 
 5300      A922CC
 5301 021f E752339F 		.ascii	"\347R3\237\3138\276\012\325s\265\363f=&\372\245G=\014"
 5301      CB38BE0A 
 5301      D573B5F3 
 5301      663D26FA 
 5301      A5473D0C 
 5302 0233 DDC075F6 		.ascii	"\335\300u\366\025)z%-\357\327\252\2328_\2221\211\300"
 5302      15297A25 
 5302      2DEFD7AA 
 5302      9A385F92 
 5302      3189C0
 5303 0246 246E2030 		.ascii	"$n 0_\373\316\366f\037\257\354\3775MO\372g'\302t\375"
 5303      5FFBCEF6 
 5303      661FAFEC 
 5303      FF354D4F 
 5303      FA6727C2 
 5304 025c 41DF3A5D 		.ascii	"A\337:]?8\032s\001\354\207F\332HIM\224\213\2330j\242"
 5304      3F381A73 
 5304      01EC8746 
ARM GAS  /tmp/ccXPGahD.s 			page 134


 5304      DA48494D 
 5304      948B9B30 
 5305 0272 C33916C1 		.ascii	"\3039\026\301=77|K\306Dr\023\0054\"\232gcX\034\313\315"
 5305      3D37377C 
 5305      4BC64472 
 5305      13053422 
 5305      9A676358 
 5306 0289 0096C471 		.ascii	"\000\226\304ql \367\342\271\031\304\342\004n\022yb0"
 5306      6C20F7E2 
 5306      B919C4E2 
 5306      046E1279 
 5306      6230
 5307 029b EB867033 		.ascii	"\353\206p3\224g\207ql8\367Fp3\222u\243\270y\202'F\263"
 5307      94678771 
 5307      6C38F746 
 5307      70339275 
 5307      A3B87982 
 5308 02b2 8E771035 		.ascii	"\216w\0205\206g\307r,\231{\343\270Ia\335xn&\000\315"
 5308      8667C772 
 5308      2C997BE3 
 5308      B84961DD 
 5308      786E2600 
 5309 02c7 98C8B393 		.ascii	"\230\310\263\223X<\231\233),\231\312\261T\356\245q\343"
 5309      583C999B 
 5309      292C99CA 
 5309      B154EEA5 
 5309      71E3
 5310 02d9 65713A37 		.ascii	"eq:7\323x\"\203u\231\334L\347\331\031\034\313\342\336"
 5310      D3782283 
 5310      7599DC4C 
 5310      E7D9191C 
 5310      CBE2DE
 5311 02ec 4C6EB259 		.ascii	"Ln\262Y\227\303\315,\301\357:\261N\362\313Rw\201\273"
 5311      97C3CD2C 
 5311      C1EF3AB1 
 5311      4EF2CB52 
 5311      7781BB
 5312 02ff 2EA32B45 		.ascii	".\243+E\255\324\202\335\033\320/6\316\247_/\325k\202"
 5312      ADD482DD 
 5312      1BD02F36 
 5312      CEA75F2F 
 5312      D56B82
 5313 0312 E84175FD 		.ascii	"\350Au\375lQ\011\315/c\267\322+L4\030\277[\003\360d"
 5313      6C5109CD 
 5313      2F63B7D2 
 5313      2B4C3418 
 5313      BF5B03F0 
 5314 0327 25BF84B7 		.ascii	"%\277\204\267\247\370e\034\337\272-*<\020\261~\031\257"
 5314      A7F8651C 
 5314      DFBA2D2A 
 5314      3C10B17E 
 5314      19AF
 5315 0339 924F26AA 		.ascii	"\222O&\252\037ml\345K\242\313\314\320\217\364\313At"
 5315      1F6D6CE5 
 5315      4BA2CBCC 
 5315      D08FF4CB 
 5315      4174
ARM GAS  /tmp/ccXPGahD.s 			page 135


 5316 034b 451B257C 		.ascii	"E\033%|\365Qt\321\231\023\001#\316\273t\362\003\017"
 5316      F55174D1 
 5316      99130123 
 5316      CEBB74F2 
 5316      030F
 5317 035d 5D79CAA2 		.ascii	"]y\312\242\365\212\033'!n\301\267e\315\337\021\0152"
 5317      F58A1B27 
 5317      216EC1B7 
 5317      65CDDF11 
 5317      0D32
 5318 036f F8FBED56 		.ascii	"\370\373\355V\217\230\312\246\033\323L\337\006\332l"
 5318      8F98CAA6 
 5318      1BD34CDF 
 5318      06DA6C
 5319 037e 02EE0177 		.ascii	"\002\356\001wi\237\224\365\240\372\364UO\203\224\224"
 5319      699F94F5 
 5319      A0FAF455 
 5319      4F839494 
 5320 038e 49C355F7 		.ascii	"I\303U\367\253Z\2076H\027\005\330$\012nCsdX\203\014"
 5320      AB5A8736 
 5320      481705D8 
 5320      240A6E43 
 5320      73645883 
 5321 03a3 A3B851E7 		.ascii	"\243\270Q\347&\215\302\315:\350\247\316\003\340/\263"
 5321      268DC2CD 
 5321      3AE8A7CE 
 5321      03E02FB3 
 5322 03b3 CEA9CC06 		.ascii	"\316\251\314\006I+\014\347:\033\252{\311\304\255\\#"
 5322      492B0CE7 
 5322      3A1BAA7B 
 5322      C9C4AD5C 
 5322      23
 5323 03c4 78B35DE7 		.ascii	"x\263]\347.x(\217v\254\344\035U\355\264\010Z\030/`\325"
 5323      2E78288F 
 5323      76ACE41D 
 5323      55EDB408 
 5323      5A182F60 
 5324 03d9 8E2A34C8 		.ascii	"\216*4\310H\032\217\362\351z\345\355\276\276\331B\235"
 5324      481A8FF2 
 5324      E97AE5ED 
 5324      BEBED942 
 5324      9D
 5325 03ea 95DEECFB 		.ascii	"\225\336\354\373\275\216\336!1\234\322S\323\032\334"
 5325      BD8EDE21 
 5325      319CD253 
 5325      D31ADC
 5326 03f9 3C9DA15A 		.ascii	"<\235\241Z@L\003m\241\017t.\221\012V{\242\342\272\224"
 5326      404C036D 
 5326      A10F742E 
 5326      910A567B 
 5326      A2E2BA94 
 5327 040d AE74B562 		.ascii	"\256t\265b\267\203w\022]\366\001\203DuO(\315\365\000"
 5327      B7837712 
 5327      5DF60183 
 5327      44754F28 
 5327      CDF500
 5328 0420 7BC6A94C 		.ascii	"{\306\251L\303\261J\203O\023\266\223\251\324\354's\312"
ARM GAS  /tmp/ccXPGahD.s 			page 136


 5328      C3B14A83 
 5328      4F13B693 
 5328      A9D4EC27 
 5328      73CA
 5329 0432 3A99D3B6 		.ascii	":\231\323\266\223\2116\211\031\336\"\340\033@U\255\241"
 5329      93893689 
 5329      19DE22E0 
 5329      1B4055AD 
 5329      A1
 5330 0443 4A0BA0EA 		.ascii	"J\013\240\352\245\275\323\332\243\255\023\211\245\000"
 5330      A5BDD3DA 
 5330      A3AD1389 
 5330      A500
 5331 0451 EEC33A8D 		.ascii	"\356\303:\215\001\024\263N#\316\364\226\241\274k4\274"
 5331      0114B34E 
 5331      23CEF496 
 5331      A1BC6B34 
 5331      BC
 5332 0462 11F42692 		.ascii	"\021\364&\222\003)\301:\204xe6P\035B\273q\010\255\366"
 5332      0329C13A 
 5332      84786536 
 5332      501D42BB 
 5332      7108ADF6 
 5333 0476 43184412 		.ascii	"C\030D\022\363\020\022h\214\177\360\020o\227\305{\255"
 5333      F3101268 
 5333      8C7FF010 
 5333      6F97C57B 
 5333      AD
 5334 0487 46BC1314 		.ascii	"F\274\023\024\202\316 \3573\241y\237\265x\273\372\341"
 5334      82CE20EF 
 5334      33A1799F 
 5334      B578BBFA 
 5334      E1
 5335 0498 5DAB619D 		.ascii	"]\253a\235\203\367z\007\3576\213\3679\033\357D\223\211"
 5335      83F77A07 
 5335      EF368BF7 
 5335      391BEF44 
 5335      9389
 5336 04aa 2B14934D 		.ascii	"+\024\223M\364\301l\347=\2302,\336C(\340\340\3151\213"
 5336      F4C16CE7 
 5336      3D98322C 
 5336      DE4328E0 
 5336      E0CD318B 
 5337 04be F730D33B 		.ascii	"\3670\323;,\224\367\233\0326\333x\017\247\004\213\367"
 5337      2C94F79B 
 5337      1A36DB78 
 5337      0FA7048B 
 5337      F7
 5338 04cf 0865365C 		.ascii	"\010e6\\\361\3564x\237\265\363\036I\022\223\367(\032"
 5338      F1EE3478 
 5338      9FB5F31E 
 5338      491293F7 
 5338      281A
 5339 04e1 87E2EDB6 		.ascii	"\207\342\355\266x\277\305\274G)\004w\202\274\317\207"
 5339      78BFC5BC 
 5339      47290477 
 5339      82BCCF87 
ARM GAS  /tmp/ccXPGahD.s 			page 137


 5340 04f1 E6DD6EF1 		.ascii	"\346\335n\361v\367\303\373]\015u\016\336[\035\274;,"
 5340      76F7C3FB 
 5340      5D0D750E 
 5340      DE5B1DBC 
 5340      3B2C
 5341 0503 DE9D36DE 		.ascii	"\336\2356\336O\230L\334\241\230\274\247\241\336\316"
 5341      4F984CDC 
 5341      A198BCA7 
 5341      A1DECE
 5342 0512 7B346558 		.ascii	"{4eX\274\223(\340\340=\206b\026\357\261\246\267'\224"
 5342      BC9328E0 
 5342      E03D8662 
 5342      16EFB1A6 
 5342      B72794
 5343 0525 B75FC3FB 		.ascii	"\267_\303\3736\336\311\224`\361\036\247\314\222\025"
 5343      36DEC994 
 5343      60F11EA7 
 5343      CC9215
 5344 0534 EF3B06EF 		.ascii	"\357;\006\357v;\357\024\222\230\274\307\323X]2\267\254"
 5344      763BEF14 
 5344      9298BCC7 
 5344      D3585D32 
 5344      B7AC
 5345 0546 4BA6BEA3 		.ascii	"K\246\276\243i\215\375\222\011\242\237`\\-\343\025\215"
 5345      698DFD92 
 5345      09A29F60 
 5345      5C2DE315 
 5345      8D
 5346 0557 DE20FAAE 		.ascii	"\336 \372\256\320\350/X\350#\373A\377\221\206\017\035"
 5346      D0E82F58 
 5346      E823FB41 
 5346      FF91860F 
 5346      1D
 5347 0568 E83F76A0 		.ascii	"\350?v\240\277h\241\277dC?\321\304\023\031\012\317\247"
 5347      BF68A1BF 
 5347      64433FD1 
 5347      C413190A 
 5347      CFA7
 5348 057a 1A3EB1A3 		.ascii	"\032>\261\243\237D\031\026\372\311\024p\240\237B1\013"
 5348      9F441916 
 5348      FAC91470 
 5348      A09F4231 
 5348      0B
 5349 058b FD54D33B 		.ascii	"\375T\323;*\224\367\347\032v\330\320\247R\202\205>M"
 5349      2A94F7E7 
 5349      1A76D8D0 
 5349      A7528285 
 5349      3E4D
 5350 059d 99A52AF4 		.ascii	"\231\245*\364\275\006\372\013v\364^\222\230\350\323"
 5350      BD06FA0B 
 5350      76F45E92 
 5350      98E8D3
 5351 05ac 698C6DDA 		.ascii	"i\214m\332\303\224\325\205\222\2566~7H\371rh\312W,\312"
 5351      C394D585 
 5351      92AE367E 
 5351      3748F972 
 5351      68CA572C 
ARM GAS  /tmp/ccXPGahD.s 			page 138


 5352 05c1 D1FD50DE 		.ascii	"\321\375P\336\255\341\013\007\345=\016\312W-\312\327"
 5352      ADE10B07 
 5352      E53D0ECA 
 5352      572DCAD7 
 5353 05d1 6C94A799 		.ascii	"l\224\247\231$\242C\221\330\257a\237\235r\006eX\224"
 5353      24A24391 
 5353      D8AF619F 
 5353      9D720665 
 5353      5894
 5354 05e3 E9DD97E1 		.ascii	"\351\335\227\341\240<\235b\026\345\031\246wL(\357F\015"
 5354      A03C9D62 
 5354      16E519A6 
 5354      774C28EF 
 5354      460D
 5355 05f5 076D94B3 		.ascii	"\007m\224\263(\301\242<S\231e)\312w\015\312W\354\224"
 5355      28C1A23C 
 5355      53996529 
 5355      CA770DCA 
 5355      57EC94
 5356 0608 B3496252 		.ascii	"\263IbR\316\241qH\312\352\032\311Q\033\3773\221>\207"
 5356      CEA17148 
 5356      CAEA1AC9 
 5356      511BFF33 
 5356      913E87
 5357 061b 6AA50C7E 		.ascii	"j\245\014~\370\334\302!\372\373\340\030r\306\022<q\033"
 5357      F8DCC221 
 5357      FAFBE018 
 5357      72C6123C 
 5357      711B
 5358 062d BE39249D 		.ascii	"\2769$\235E\232\373\230\305\213\026\364Y\335\302\377"
 5358      459AFB98 
 5358      C58B16F4 
 5358      59DDC2FF 
 5359 063d F1401F4E 		.ascii	"\361@\037N0\2224\376H\365\026\226\024\027x\027\226\226"
 5359      309234FE 
 5359      48F51696 
 5359      14177817 
 5359      9696
 5360 064f 15A52E2A 		.ascii	"\025\245.*x\305;\267$\177Yq\301\313\025\345\336\247"
 5360      78C53BB7 
 5360      247F5971 
 5360      C1CB15E5 
 5360      DEA7
 5361 0661 9E7BFED9 		.ascii	"\236{\376\331\274\027\213\226,.\254\020#\312\313\362"
 5361      BC178B96 
 5361      2C2EAC10 
 5361      23CACBF2 
 5362 0671 BDF925C5 		.ascii	"\275\371%\305\345\336\334y\363\251yz^FzVzFZ~i\251pU"
 5362      E5DEDC79 
 5362      F3A9797A 
 5362      5E467A56 
 5362      7A465A7E 
 5363 0689 142E291F 		.ascii	"\024.)\037l\017\245M_\224\265\240\240 s\272\360,\310"
 5363      6C0FA54D 
 5363      5F94B5A0 
 5363      A02073BA 
 5363      F02CC8
ARM GAS  /tmp/ccXPGahD.s 			page 139


 5364 069c CF2F28CA 		.ascii	"\317/(\312+.\317\360,^^V\222W\266`Q\271ka\301\264,Y"
 5364      2B2ECFF0 
 5364      2C5E5E56 
 5364      9257B660 
 5364      51B96B61 
 5365 06b4 B6E0554F 		.ascii	"\266\340UO^^~QI\371\262\262\002\224\376\013?9\013h"
 5365      5E5E7E51 
 5365      49F9B2B2 
 5365      0294FE0B 
 5365      3F390B68 
 5366              		.text
 5367              		.section	.gnu.lto_.symbol_nodes.259bc85880933ad2,"e",%progbits
 5368 0000 789C7D91 		.ascii	"x\234}\221\275JCA\020\205g\366l\376\177\337\3007\364"
 5368      BD4A4341 
 5368      108567F6 
 5368      6CFE7FDF 
 5368      C037F4
 5369 0013 15666FB8 		.ascii	"\025fo\270\030P\020A\210\240 ()l-\2653D\215\2501jm#"
 5369      18501041 
 5369      88A02028 
 5369      296C2DB5 
 5369      33448DA8 
 5370 002b 176CADD3 		.ascii	"\027l\255\323\304\334\331\015d\213u\273\217o\367\260"
 5370      C4DCD90D 
 5370      648B75BB 
 5370      8F6FF7B0 
 5371 003b 67E61A44 		.ascii	"g\346\032Dd\036 \2249\347\014\037\315\211\204\350\326"
 5371      641E2094 
 5371      39E70C1F 
 5371      CD8984E8 
 5371      D6
 5372 004c 654C4CE5 		.ascii	"eLL\3451\217\020N\312/\210Y;g7\362&\3172g6\372\016\202"
 5372      318F104E 
 5372      CA2F8859 
 5372      3B6737F2 
 5372      26CF3267 
 5373 0064 486FBF9D 		.ascii	"Ho\277\235Al2\370\007R\371'\370\036RM\005\363\002R["
 5373      416C32F8 
 5373      0752F927 
 5373      F81E524D 
 5373      05F30252 
 5374 0079 85B3A317 		.ascii	"\205\263\243\027\210\326wK\313o\220z\312\315!\215\224"
 5374      88D6774B 
 5374      CB6F907A 
 5374      CACD218D 
 5374      94
 5375 008a 7B853453 		.ascii	"{\2054S\356\005\322J\271gH;\345\336!\235\224{\202tS"
 5375      EE05D24A 
 5375      B967483B 
 5375      E5DE219D 
 5375      947B8274 
 5376 009f EE13D24B 		.ascii	"\356\023\322K\271\017H?\341@m?\356\342\330\271>\250"
 5376      B90F483F 
 5376      E1406D3F 
 5376      EEE2D8B9 
 5376      3EA8
 5377 00b1 1568A4D4 		.ascii	"\025h\244\324\3644=Qjx\032\237*\325=\345gJ\265\360N"
ARM GAS  /tmp/ccXPGahD.s 			page 140


 5377      F4343D51 
 5377      6A781A9F 
 5377      2AD53DE5 
 5377      674AB5F0 
 5378 00c6 89A34C8E 		.ascii	"\211\243L\21629\312\344\316v&G\231\034e\032\366\253"
 5378      3239CAE4 
 5378      CE762647 
 5378      991C651A 
 5378      F6AB
 5379 00d8 1D1C6ED3 		.ascii	"\035\034n\323\344 r\021M\366#\347\251\353i:\214\334"
 5379      E4207211 
 5379      4DF623E7 
 5379      A9EB693A 
 5379      8CDC
 5380 00ea 30727B91 		.ascii	"0r{\221S\002\205LOf\361\273\274b\276\324L\333\017\215"
 5380      5302854C 
 5380      4F66F1BB 
 5380      BC62BED4 
 5380      4CDB0F8D 
 5381 00fe 183614CF 		.ascii	"\0306\024\317\265\252\015\305s\255jC\361\302S\030f\241"
 5381      B5AA0DC5 
 5381      73AD6A43 
 5381      F1C25318 
 5381      66A1
 5382 0110 C56D283E 		.ascii	"\305m(>\325\2526\024\037\237+\365\202\333E\305\372_"
 5382      D5AA3614 
 5382      1F9F2BF5 
 5382      82DB45C5 
 5382      FA5F
 5383 0122 7C97CB43 		.ascii	"|\227\313C\2652[],\231\007Y\271\312?\030\314?\333"
 5383      B5325B5D 
 5383      2C990759 
 5383      B9CA3F18 
 5383      CC3FDB
 5384              		.text
 5385              		.section	.gnu.lto_.refs.259bc85880933ad2,"e",%progbits
 5386 0000 789C6364 		.ascii	"x\234cd\000\002\000\000\012\000\002"
 5386      00020000 
 5386      0A0002
 5387              		.text
 5388              		.section	.gnu.lto_.decls.259bc85880933ad2,"e",%progbits
 5389 0000 789CAD5A 		.ascii	"x\234\255Z\011TTG\272\276\377\255{\241i[t\324\231d\266"
 5389      09545447 
 5389      BABEFFAD 
 5389      7BA1695B 
 5389      74D49964 
 5390 0015 8C939379 		.ascii	"\214\223\223ya&\243,:\211s\316\274\231(\232\204\023"
 5390      6126A32C 
 5390      3A8973CE 
 5390      BC99289A 
 5390      8413
 5391 0027 CD782426 		.ascii	"\315x$&'9\357\234~H\267\302<\266\201613o\271**n\200"
 5391      2739EF9C 
 5391      7E48B7C2 
 5391      3CB68136 
 5391      31336FB9 
 5392 003f 3B04545C 		.ascii	";\004T\\q\007w\024\304\026\020\021\\p\337\025\227(\356"
ARM GAS  /tmp/ccXPGahD.s 			page 141


 5392      71077714 
 5392      C4161011 
 5392      5C70DF15 
 5392      9728EE
 5393 0052 B823417D 		.ascii	"\270#A}\177U\335{\3536\335f\362\346\274\326\277\357"
 5393      7F55DD7B 
 5393      EB36DD66 
 5393      F2E6BCD6 
 5393      BFEF
 5394 0064 ADAAAFFE 		.ascii	"\255\252\257\376\377\373\377\372\253n\335j\356\367\226"
 5394      FFFBFFFA 
 5394      AB6EDD6A 
 5394      EEF796
 5395 0073 A4981049 		.ascii	"\244\230\020I\252Q$\351\005~l\222$\035Bq\240lE\331\216"
 5395      AA5124E9 
 5395      057E6C92 
 5395      241D4271 
 5395      A06C45D9 
 5396 0088 5289F200 		.ascii	"R\211\362\000\345\011\312s\024\031$)\001e:J6\312\347"
 5396      E509CA73 
 5396      14192429 
 5396      01653A4A 
 5396      36CAE7
 5397 009b 583758E2 		.ascii	"X7X\342\237\037\240\344c]\021\312\032\224\225(\233P"
 5397      9F1FA0E4 
 5397      635D11CA 
 5397      1A949528 
 5397      9B50
 5398 00ad 76A054A0 		.ascii	"v\240T\240\354D\331\205R\207R\217r\004\345\030\312\031"
 5398      EC44D985 
 5398      5287528F 
 5398      7204E518 
 5398      CA19
 5399 00bf 940B2877 		.ascii	"\224\013(wQ\236\202\344\367\211%\222\024\252s\352\206"
 5399      519E82E4 
 5399      F7892592 
 5399      14AA73EA 
 5399      86
 5400 00d0 D243E764 		.ascii	"\322C\347d\360\370\031\336\337G\271\211\322\006\234"
 5400      F0F819DE 
 5400      DF47B989 
 5400      D2069C
 5401 00df 731E5EBF 		.ascii	"s\036^\277EY\215\242b\371\016\312u\224{(\267Qn\240\240"
 5401      45598DA2 
 5401      62F90ECA 
 5401      75947B28 
 5401      B7516EA0 
 5402 00f4 5AC6315F 		.ascii	"Z\3061_\347KM\037\355`\373+\004u\012`\233\372\374\014"
 5402      E74B4D1F 
 5402      ED60FB2B 
 5402      04750A60 
 5402      9BFAFC0C 
 5403 0108 3B3CB3D8 		.ascii	";<\263\330~\201\345r]\017\265!K\334\357\035\001|\352"
 5403      7E81E572 
 5403      5D0FB521 
 5403      4BDCEF1D 
 5403      017CEA
ARM GAS  /tmp/ccXPGahD.s 			page 142


 5404 011b 837A7FAC 		.ascii	"\203z\177\254\307\327\2527[\367\347M\213\177\206\376"
 5404      C7D7AA37 
 5404      5BF7E74D 
 5404      8B7F86FE 
 5405 012b 7A892B1D 		.ascii	"z\211+\035\205\227`\274\256C\231\211bG\371/\304\375"
 5405      859760BC 
 5405      AE439989 
 5405      6247F92F 
 5405      C4FD
 5406 013d 274A09DE 		.ascii	"'J\011\336\037\306k\251\314\307l\017\336\007\341\365"
 5406      1FC66BA9 
 5406      CCC76C0F 
 5406      DE07E1F5 
 5407 014d 164AA12C 		.ascii	"\026J\241,\3420\015\357\357\3425D\037\263\315X.\223"
 5407      E2300DEF 
 5407      EFE23544 
 5407      1FB3CD58 
 5407      2E93
 5408 015f F9781CD1 		.ascii	"\371x\034\321\307\247N\037\257\235\001\370\367G\376"
 5408      C7A74E1F 
 5408      AF9D01F8 
 5408      F747FE
 5409 016e 3FA11C3B 		.ascii	"?\241\034;\360\257\374\177\364a\233\356\303i\274W\002"
 5409      F0AFFC7F 
 5409      F4619BEE 
 5409      C369BC57 
 5409      02
 5410 017f F840B917 		.ascii	"\370@\271\027\275\204\373\231\357\340\236\210\334\177"
 5410      BD84FB99 
 5410      EFE09E88 
 5410      DC7F
 5411 018d F91DDCA9 		.ascii	"\371\035\334\251M\312\177T\007\037>\243}%\177_\266\313"
 5411      4DCA7F54 
 5411      071F3EA3 
 5411      7D257F5F 
 5411      B6CB
 5412 019f 7C1EB4C2 		.ascii	"|\036\264\302\367\033\027:&\345\324\017=7\255~\335\323"
 5412      F71B173A 
 5412      26E5D40F 
 5412      3D37AD7E 
 5412      DDD3
 5413 01b1 C786E6DC 		.ascii	"\307\206\346\334&\213oO\341\345cs7\200\217\237\375\203"
 5413      268B6F4F 
 5413      E1E56373 
 5413      37808F9F 
 5413      FD83
 5414 01c3 39532173 		.ascii	"9S!s\177\027\322\374\224\371\274>o\031'#\207i\334W\352"
 5414      7F17D2FC 
 5414      94F9BC3E 
 5414      6F192723 
 5414      8769DC57 
 5415 01d8 F3A3489F 		.ascii	"\363\243H\237\247\201\346\311\337\321\336\217\002\330"
 5415      A781E6C9 
 5415      DFD1DE8F 
 5415      02D8
 5416 01e6 B3CE935D 		.ascii	"\263\316\223]h\247\232\372/\363\370\322\230\275\212"
 5416      68A79AFA 
ARM GAS  /tmp/ccXPGahD.s 			page 143


 5416      2FF3F8D2 
 5416      98BD8A
 5417 01f5 3204A54E 		.ascii	"2\004\245N\347C\327\030\032\377\215\330g/\326U\351\271"
 5417      E743D718 
 5417      1AFF8DD8 
 5417      672FD655 
 5417      E9B9
 5418 0207 22E95C8C 		.ascii	"\"\351\\\214\371tT\346\361\351\370!\262T@\202v\237\237"
 5418      F97454E6 
 5418      F1E9F821 
 5418      B2544082 
 5418      769F9F
 5419 021a F2B5FC53 		.ascii	"\362\265\374S\000\374\037\"\303V\030\247i\012^\274\232"
 5419      00FC1F22 
 5419      C35618A7 
 5419      690A5EBC 
 5419      9A
 5420 022b D6AC653A 		.ascii	"\326\254e:$\350\003\021\022l\002\254\222`3\300\026\230"
 5420      24E80311 
 5420      126C02AC 
 5420      926033C0 
 5420      1698
 5421 023d 49A01B28 		.ascii	"I\240\033(\370\335\003z\026\020\371\301\323\275[C\034"
 5421      F8DD037A 
 5421      1610F9C1 
 5421      D3BD5B43 
 5421      1C
 5422 024e 086FD18A 		.ascii	"\010o\321\212\252hO\330\006PF]\337\216_\010\373\031"
 5422      AA684FD8 
 5422      0650465D 
 5422      DF8E5F08 
 5422      FB19
 5423 0260 BC007691 		.ascii	"\274\000v\221H0\032\224\367\325N\257\003;\323_5\226"
 5423      48301A94 
 5423      F7D54EAF 
 5423      033BD35F 
 5423      3596
 5424 0272 E8067600 		.ascii	"\350\006v\000\374L\202\012\200r\256\337K{~\316\014<"
 5424      FC4C820A 
 5424      8072AEDF 
 5424      4B7B7ECE 
 5424      0C3C
 5425 0284 9A7DA288 		.ascii	"\232}\242\210P\177\300\213*\272P\025w\332r4\007VA\025"
 5425      507FC08B 
 5425      2ABA5015 
 5425      77DA7234 
 5425      07564115 
 5426 0298 008E2CEB 		.ascii	"\000\216,\353\321\2231\322d\362\012/\377\002q\013\267"
 5426      D19331D2 
 5426      64F20A2F 
 5426      FF02710B 
 5426      B7
 5427 02a9 D6AFB5DB 		.ascii	"\326\257\265\3335\312\315\233\031\202\225\0065L\011"
 5427      35CACD9B 
 5427      19829506 
 5427      354C09
 5428 02b8 08873D80 		.ascii	"\010\207=\200\230\0155K4\271\033b2\265\254\177G\226"
ARM GAS  /tmp/ccXPGahD.s 			page 144


 5428      980D354B 
 5428      34B91B62 
 5428      32B5AC7F 
 5428      4796
 5429 02ca BB016A28 		.ascii	"\273\001j(d/0\0305\327\370t\377\"\233\011\251\204@\030"
 5429      642F3018 
 5429      35D7F874 
 5429      FF229B09 
 5429      A9844018 
 5430 02de 1F961D28 		.ascii	"\037\226\035(6 \357\327$\306/\214q\263\221_I\244\227"
 5430      3620EFD7 
 5430      24C62F8C 
 5430      71B3915F 
 5430      49A497
 5431 02f1 44FA4AE4 		.ascii	"D\372J\344\217R\270\306>\213S$8\302G\311\325\211\374"
 5431      8F52B8C6 
 5431      3E8B5324 
 5431      38C247C9 
 5431      D589FC
 5432 0304 5D22D3A8 		.ascii	"]\"\323\250\036\245\364\371\311j{\3670\006\311\362\262"
 5432      1EA5F4F9 
 5432      C96A7BF7 
 5432      3006C9F2 
 5432      B2
 5433 0315 76380970 		.ascii	"v8\011p\002\340(-`m\353\223\372\232\361o\216#\264\356"
 5433      02E0282D 
 5433      606DEB93 
 5433      FA9AF16F 
 5433      8E23B4EE 
 5434 0329 B85E2D01 		.ascii	"\270^-\001N\000r\2371\231[r\255&\264;\355\3575\024\234"
 5434      4E00729F 
 5434      31995B72 
 5434      AD26B43B 
 5434      EDEF3514 
 5435 033e 120A10D0 		.ascii	"\022\012\020\320~\244u\266M\214\340i1\202te \355\250"
 5435      7EA475B6 
 5435      4D8CE069 
 5435      31827465 
 5435      20EDA8
 5436 0351 69A28C7C 		.ascii	"i\242\214|P\346\323\224Q\016\267\236\271\030\022FU\226"
 5436      50E6D394 
 5436      510EB79E 
 5436      B9181246 
 5436      5596
 5437 0363 B6AA125C 		.ascii	"\266\252\022\\\004\270`\332\305\211\341\303\265\011"
 5437      04B860DA 
 5437      C589E1C3 
 5437      B509
 5438 0371 683B6B24 		.ascii	"h;k$kho\371\362\264\352\235\216\356>\240K\002\204\200"
 5438      6B686FF9 
 5438      F2B4EA9D 
 5438      8EEE3EA0 
 5438      4B028480 
 5439 0385 8757A6B4 		.ascii	"\207W\246\264u\022|.\013>W(\237-\310\303+\363An\342"
 5439      75127C2E 
 5439      0B3E5728 
 5439      9F2DC8C3 
ARM GAS  /tmp/ccXPGahD.s 			page 145


 5439      2BF3416E 
 5440 039a 51D5820A 		.ascii	"Q\325\202\012H\267%\207\033\356\252o\274\321\375\015"
 5440      48B72587 
 5440      1BEEAA6F 
 5440      BCD1FD0D 
 5441 03aa FC84BDE1 		.ascii	"\374\204\275\341-\322Z7\314]\367o\205\343\274\231\016"
 5441      2DD25A37 
 5441      CC5DF76F 
 5441      85E3BC99 
 5441      0E
 5442 03bb 7404CE02 		.ascii	"t\004\316\002\334\024\232\302Q\266\201\204\250\322m"
 5442      DC149AC2 
 5442      51B68184 
 5442      A8D26D
 5443 03ca 9B3235E2 		.ascii	"\23325\342\240\303\332\310 4\037%8HQ\007\2303\231Ey"
 5443      A0C3DAC8 
 5443      20341F25 
 5443      38485107 
 5443      98339945 
 5444 03df DE0F2468 		.ascii	"\336\017$h\006\270\206\343\335\302@G\001\356\000\\\007"
 5444      06B886E3 
 5444      DDC24047 
 5444      01EE005C 
 5444      07
 5445 03f0 B807701B 		.ascii	"\270\007p\033\340\006\300-\000\266\270hEZ\313\316\355"
 5445      E006C02D 
 5445      00B6B868 
 5445      455ACBCE 
 5445      ED
 5446 0401 995972D6 		.ascii	"\231Yr\326\344W\241\036`?\303\263\214\201}\330\237%"
 5446      E457A11E 
 5446      603FC3B3 
 5446      8C817DD8 
 5446      9F25
 5447 0413 4E24B5DC 		.ascii	"N$\265\334Rv\266\331\226\347\245S\013\016u4\255\223"
 5447      5276B6D9 
 5447      96E7A553 
 5447      0B0E7534 
 5447      AD93
 5448 0425 5B5B96A9 		.ascii	"[[\226\251\2058\320q8\347\307?\222\331\252\263\330\252"
 5448      8538D071 
 5448      38E7C73F 
 5448      92D9AAB3 
 5448      D8AA
 5449 0437 B5D8AA46 		.ascii	"\265\330\252F[;\271-:\001\012B%\332v\325\034\250o\230"
 5449      5B3BB92D 
 5449      3A010A42 
 5449      25DA76D5 
 5449      1CA86F98 
 5450 044b 819692B3 		.ascii	"\201\226\222\263-\266:\344\200\021:\354c\341 \357\213"
 5450      2DB63AE4 
 5450      80113AEC 
 5450      63E120EF 
 5450      8B
 5451 045c E3517573 		.ascii	"\343Qusw!\021\343a\301\334\347\271\177\350\305\215%"
 5451      772111E3 
 5451      61C1DCE7 
ARM GAS  /tmp/ccXPGahD.s 			page 146


 5451      B97FE8C5 
 5451      8D25
 5452 046e 0A037803 		.ascii	"\012\003x\003\000p\204>\003\272g\352\302\356$r\215\245"
 5452      0070843E 
 5452      03BA67EA 
 5452      C2EE2472 
 5452      8DA5
 5453 0480 C1CC074F 		.ascii	"\301\314\007O\352\202\354^}nJz\027x\014\360\231\004"
 5453      EA82EC5E 
 5453      7D6E4A7A 
 5453      17780CF0 
 5453      9904
 5454 0492 8F001EF2 		.ascii	"\217\000\036\362\205\2403B\217m\031\233\337)\3204~\312"
 5454      85A03342 
 5454      8F6D199B 
 5454      DF29D034 
 5454      7ECA
 5455 04a4 A6712B47 		.ascii	"\246q+G\206\262Th\241\272Of\337\256\017\261\314\351"
 5455      86B25468 
 5455      A1BA4F66 
 5455      DFAE0FB1 
 5455      CCE9
 5456 04b6 6F01E866 		.ascii	"o\001\350f\0070\225i\037\012\231\227}o\205l\235\323"
 5456      07309569 
 5456      1F0A9997 
 5456      7D6F856C 
 5456      9DD3
 5457 04c8 013013AF 		.ascii	"\0010\023\257WV:\204\343\317\204_\317\271_o\232~\275"
 5457      57563A84 
 5457      E3CF845F 
 5457      CFB95F6F 
 5457      9A7EBD
 5458 04db 897EDD61 		.ascii	"\211~\335a~\035\250\363>\016\365\367k\254\014oJ\270"
 5458      7E1DA8F3 
 5458      3E0EF5F7 
 5458      6BAC0C6F 
 5458      4AB8
 5459 04ed 3CF1C5B0 		.ascii	"<\361\305\260\033\204\221v\314\343\211\204v\271\265"
 5459      1B849176 
 5459      CCE38984 
 5459      76B9B5
 5460 04fc FBFABECE 		.ascii	"\373\372\276\316\376]&\210.$\207Hd&\312\\\224\325\264"
 5460      FE5D2688 
 5460      2E248748 
 5460      6426CA5C 
 5460      94D5B4
 5461 050f 9372F2C0 		.ascii	"\223r\362\300\363\271]\330$lm/\270\231,\3014\031\246"
 5461      F3B95DD8 
 5461      246C6D2F 
 5461      B8992CC1 
 5461      3419A6
 5462 0522 C8C6E84E 		.ascii	"\310\306\350N\226}\247\341T\231\266\0333lIi\373R\305"
 5462      967DA7E1 
 5462      5499B61B 
 5462      336C4969 
 5462      FB52C5
 5463 0535 774998E2 		.ascii	"wI\230\342\003h^\376\364\264\"<\237.\233\236g\313tI"
ARM GAS  /tmp/ccXPGahD.s 			page 147


 5463      03685EFE 
 5463      F4B4223C 
 5463      9F2E9B9E 
 5463      67CB7449 
 5464 0549 4016B314 		.ascii	"@\026\263\024d\243\360i\370*Y\203\245R\224J\205r;\273"
 5464      64A3F069 
 5464      F82A5983 
 5464      A552944A 
 5464      85723BBB 
 5465 055d E39B5A1B 		.ascii	"\343\233Z\033\343V\266\351j\356\223N\022\314\223a\216"
 5465      E356B6E9 
 5465      6AEE934E 
 5465      12CC9361 
 5465      8E
 5466 056e 496E7607 		.ascii	"Inv\007rse\332n\330.\276\266\364\236e\372\317\023\266"
 5466      727365DA 
 5466      6ED82EBE 
 5466      B6F49E65 
 5466      FACF13B6 
 5467 0582 F36489DB 		.ascii	"\363d\211\333\353\312g=\220,U\"\331(\263Q\026\252\324"
 5467      EBCA673D 
 5467      902C5522 
 5467      D928B351 
 5467      16AAD4
 5468 0595 F4EE8D53 		.ascii	"\364\356\215Sg(<,\033nzO\364\004(\222a\201iz~\007\323"
 5468      67283C2C 
 5468      1B6E7A4F 
 5468      F4042892 
 5468      6181697A 
 5469 05ac 0B65DACE 		.ascii	"\013e\332\316\227\247\223T\201|c\352\242\254.\276\313"
 5469      97A79354 
 5469      817C63EA 
 5469      A2AC2EBE 
 5469      CB
 5470 05bd D32201A2 		.ascii	"\323\"\001\242\353\351\371s\023\272\010~\213\005\277"
 5470      EBE9F973 
 5470      13BA087E 
 5470      8B05BF
 5471 05cc 259C5F0F 		.ascii	"%\234_\017|z\221\213\310\350\032\312-\224\307\214\231"
 5471      7C7A918B 
 5471      C8E81ACA 
 5471      2D94C78C 
 5471      99
 5472 05dd 7743CBCE 		.ascii	"wC\313\316\320\016+\371*\031V\312\346J^\366\374nc\244"
 5472      D00E2BF9 
 5472      2A1956CA 
 5472      E64A5EF6 
 5472      FC6E63A4 
 5473 05f1 446B5698 		.ascii	"DkV\230\204\2131K\326\004Q\273\223\347WL\260\373\022"
 5473      848B314B 
 5473      D60451BB 
 5473      93E7574C 
 5473      B0FB12
 5474 0604 5B2DBAD3 		.ascii	"[-\272\323\307\324\215\305\213,\304\326\010bk\351\240"
 5474      C7D48DC5 
 5474      8B2CC4D6 
 5474      08626BE9 
ARM GAS  /tmp/ccXPGahD.s 			page 148


 5474      A0
 5475 0615 6DA55A6C 		.ascii	"m\245Zl5\255\331\363mo\204u\177\203\342r\252\263\263"
 5475      35ADD9F3 
 5475      6D6F8475 
 5475      7F83E272 
 5475      AAB3B3
 5476 0628 21772C41 		.ascii	"!w,A\000\254\223a\275\334q}\244sn\372\370 \2116\371"
 5476      00AC9361 
 5476      BDDC717D 
 5476      A4736EFA 
 5476      F8208936 
 5477 063d 70E213C7 		.ascii	"p\342\023\307\253H\260T\246K\005\224\262\356\270,n\220"
 5477      AB48B054 
 5477      A64B0594 
 5477      B2EEB82C 
 5477      6E90
 5478 064f 816EE024 		.ascii	"\201n\340$\252?\333\242\177\271\237~\266\270\264/;~"
 5478      AA3FDBA2 
 5478      7FB99F7E 
 5478      B6B8B42F 
 5478      3B7E
 5479 0661 0EBAFBA9 		.ascii	"\016\272\373\251[\335Q\035\251\010\222H-uA)/\331\\\253"
 5479      5BDD511D 
 5479      A9089248 
 5479      2D754129 
 5479      2FD95CAB 
 5480 0675 7608E456 		.ascii	"v\010\344V\031\266\210@\266V>\316\315A\326X\265\331"
 5480      19B68840 
 5480      B6563ECE 
 5480      CD41D658 
 5480      B5D9
 5481 0687 64BD0923 		.ascii	"d\275\011#\331\306\"9\345\341\363q\035\206\270L\364"
 5481      D9C62239 
 5481      E5E1F371 
 5481      1D86B84C 
 5481      F4
 5482 0698 A713F2CE 		.ascii	"\247\023\362\316\2059\262\210\3446\301\233\356_\013"
 5482      8539B288 
 5482      E436C19B 
 5482      EE5F0B
 5483 06a7 88BD7CC1 		.ascii	"\210\275|\301\316b\271;}\316\010\346_\313\220/KP)C9"
 5483      CE62B93B 
 5483      7DCE08E6 
 5483      5FCB902F 
 5483      4B502943 
 5484 06bc 63BE4386 		.ascii	"c\276C\206\2352T\030\261x\376\220/\264\333Y(\312e\337"
 5484      9D325418 
 5484      B178FE90 
 5484      2FB4DB59 
 5484      28CA65DF 
 5485 06d0 85568F75 		.ascii	"\205V\217u\333\375L\006\332(\3032\006\342\3410\327{"
 5485      DBFD4C06 
 5485      DA28C332 
 5485      06E2E130 
 5485      D77B
 5486 06e2 843CC5DD 		.ascii	"\204<\305\335Ry\007\277\250\376v]\377\022\031\012\375"
 5486      527907BF 
ARM GAS  /tmp/ccXPGahD.s 			page 149


 5486      A8FE765D 
 5486      FF12190A 
 5486      FD
 5487 06f3 F5B3583F 		.ascii	"\365\263X?/\314>n\353\356\307\270,\000c2.X\"\223\331"
 5487      2FCC3E6E 
 5487      EBEEC7B8 
 5487      2C006332 
 5487      2E582293 
 5488 0708 7EEDF2F2 		.ascii	"~\355\362\362\312\234\316\001\362\035\252d\226\361\244"
 5488      CA9CCE01 
 5488      F21DAA64 
 5488      96F1A4
 5489 0717 10A14B50 		.ascii	"\020\241KPV\242\254\246]l\371\363\276n\010\262\207\361"
 5489      56A2ACA6 
 5489      5D6CF9F3 
 5489      BE6E08B2 
 5489      87F1
 5490 0729 5D65879D 		.ascii	"]e\207\235\336^\031p\003\013\36524\310H\305\206%\330"
 5490      DE5E1970 
 5490      030BF532 
 5490      34C848C5 
 5490      8625D8
 5491 073c 633A532B 		.ascii	"c:S+K\264\0357\241\355\277\300+)E\235;\250\316\240\243"
 5491      4BB41D37 
 5491      A1EDBFC0 
 5491      2B29459D 
 5491      3BA8CEA0 
 5492 0751 C5A79B80 		.ascii	"\305\247\233\200k\264c\363\037\240Q\226Q\230\366\257"
 5492      6BB463F3 
 5492      1FA05196 
 5492      5198F6AF 
 5493 0761 5F15CA1B 		.ascii	"_\025\312\033Q\371A\031\016\310\230)\255S\013/v\016"
 5493      51F94119 
 5493      0EC89829 
 5493      AD530B2F 
 5493      760E
 5494 0773 B3D18C98 		.ascii	"\263\321\214\230\231}#^\202\3032\3547m\355c\201k\326"
 5494      997D235E 
 5494      82C332EC 
 5494      376DED63 
 5494      816BD6
 5495 0786 9A306A8D 		.ascii	"\2320j\2152WpH\246\030\214\005\343\307\026\233\010\276"
 5495      32577048 
 5495      A6188C05 
 5495      E3C7169B 
 5495      08BE
 5496 0798 D8105247 		.ascii	"\330\020RGy\274^\260\356\374MB7\031=p\364\251\260\375"
 5496      79BC5EB0 
 5496      EEFC4D42 
 5496      37193D70 
 5496      F4A9B0FD 
 5497 07ac 8608EA51 		.ascii	"\206\010\352Q\031\216 \205\2532\034g\212\276\221\341"
 5497      198E2085 
 5497      AB321C67 
 5497      8ABE91E1 
 5498 07bc 8A0C9765 		.ascii	"\212\014\227e\270$\303E\031\316\311pJ\206\2232\234\320"
 5498      B824C345 
ARM GAS  /tmp/ccXPGahD.s 			page 150


 5498      19CEC970 
 5498      4A869332 
 5498      9CD0
 5499 07ce 13A3     		.ascii	"\023\243"
 5500 07d0 74E5A43D 		.ascii	"t\345\244=ZW\334\243L\224\341\030\353d\014\334xY\337"
 5500      5A57DCA3 
 5500      4C94E118 
 5500      EB640CDC 
 5500      7859DF
 5501 07e3 07685A2E 		.ascii	"\007hZ.nc\224 \012\311\364\207\260\274\320\021\247e"
 5501      6E639420 
 5501      0AC9F487 
 5501      B0BCD011 
 5501      A765
 5502 07f5 98E483A8 		.ascii	"\230\344\203\250\261d\027'\250\217\336Y\231\202\021"
 5502      B1641727 
 5502      A88FDE59 
 5502      998211
 5503 0804 794627A2 		.ascii	"yF'\242k\310\226!\2135u\330jhZW\254\225\214\340\345"
 5503      6BC89621 
 5503      8B3575D8 
 5503      6A685A57 
 5503      AC958CE0 
 5504 0819 C816ABE7 		.ascii	"\310\026\253\347e\310\365\267\032\351o\264I\246X\004"
 5504      65C8F5B7 
 5504      1AE96FB4 
 5504      49A65804 
 5505 0829 5E0864F4 		.ascii	"^\010d\364|@\243\347\205\321\031\262\245O\236\014\263"
 5505      7C40A3E7 
 5505      85D119B2 
 5505      A54F9E0C 
 5505      B3
 5506 083a 7C8CCE94 		.ascii	"|\214\316\224\205\253\005\305\0075\266\362xe(`(\236"
 5506      85AB05C5 
 5506      0735B6F2 
 5506      78652860 
 5506      289E
 5507 084c EC96DD15 		.ascii	"\354\226\335\025\206~\272\036\372j\031v\371\250\322"
 5507      867EBA1E 
 5507      FA6A1976 
 5507      F9A8D2
 5508 085b E70C4DFA 		.ascii	"\347\014M\372\254=9|\015\303\035R\215\017(\334T\324"
 5508      AC3D397C 
 5508      0DC31D52 
 5508      8D0F28DC 
 5508      54D4
 5509 086d D2BE2C67 		.ascii	"\322\276,g:\224j\204&\317n\006\342[91m['\340zD\035\267"
 5509      3A946A84 
 5509      26CF6E06 
 5509      E25B3931 
 5509      6D5B27E0 
 5510 0885 EE947176 		.ascii	"\356\224qv]\330;{\231\243\273_\372\340\216\370{\244"
 5510      5DD83B7B 
 5510      99A3BB5F 
 5510      FAE08EF8 
 5510      7BA4
 5511 0897 0FDD7B15 		.ascii	"\017\335{\025\315\277\034$f\3475A\257\231\316\315\303"
ARM GAS  /tmp/ccXPGahD.s 			page 151


 5511      CDBF1C24 
 5511      66E73541 
 5511      AF99CECD 
 5511      C3
 5512 08a8 6C0A6F6F 		.ascii	"l\012oo?x\337\002\232(@7(\3504N\262\013(WPn\260\016"
 5512      3F78DF02 
 5512      9A284037 
 5512      28E8344E 
 5512      B20B2857 
 5513 08c0 4756EEDC 		.ascii	"GV\356\334\037\342\277#\271#\233\2333\362\004\301\317"
 5513      1FE2BF23 
 5513      B9239B9B 
 5513      33F204C1 
 5513      CF
 5514 08d1 51A6DBD8 		.ascii	"Q\246\333\330\023\377\316\366\333\241\374\261\373p\361"
 5514      13FFCEF6 
 5514      DBA1FCB1 
 5514      FB70F1
 5515 08e0 FA6DF8DE 		.ascii	"\372m\370\336\370P\206\373\346T\273\327\341\261\373"
 5515      F85086FB 
 5515      E654BBD7 
 5515      E1B1FB
 5516 08ef 40A6EDE6 		.ascii	"@\246\355\346\013\310\374\255\327,/ \017\005\275G\214"
 5516      0BC8FCAD 
 5516      D72C2F20 
 5516      0F05BD47 
 5516      8C
 5517 0900 1EB520E7 		.ascii	"\036\265 \347/+\337\244\006\000\301c\231\303\276a\260"
 5517      2F2BDFA4 
 5517      0600C163 
 5517      99C3BE61 
 5517      B0
 5518 0911 430F9A1F 		.ascii	"C\017\232\037\001{\017\303=s*\233\3002\233\300]\261"
 5518      017B0FC3 
 5518      3D732A9B 
 5518      C0329BC0 
 5518      5DB1
 5519 0923 7156DE84 		.ascii	"qV\336\204\213\216W\220\307-M\353\001\011\360\255\014"
 5519      8B8E5790 
 5519      C72D4DEB 
 5519      0109F0AD 
 5519      0C
 5520 0934 6D342770 		.ascii	"m4'p+\006O\331\312.\227\325f\215\265\0133\355\202\313"
 5520      2B064FD9 
 5520      CA2E97D5 
 5520      668DB50B 
 5520      33ED82CB 
 5521 0948 336AE416 		.ascii	"3j\344\0263R\232\3356\307\021\000\004\317e\016k\263"
 5521      33529ADD 
 5521      36C71100 
 5521      04CF650E 
 5521      6BB3
 5522 095a 49647C08 		.ascii	"Id|\010B{T\337\236\234\025\302_J\350Z\201}\312p)\232"
 5522      427B54DF 
 5522      9E9C15C2 
 5522      5F4AE85A 
 5522      817DCA70 
ARM GAS  /tmp/ccXPGahD.s 			page 152


 5523 0970 F0BE46D7 		.ascii	"\360\276F\327j\034\210\2332\214'\246\215|\221\302z>"
 5523      6A1C889B 
 5523      328C27A6 
 5523      8D7C91C2 
 5523      7A3E
 5524 0982 F0574D98 		.ascii	"\360WM\230L(\014\363a\002\201L\002Y\004&\022\230D\000"
 5524      4C280CF3 
 5524      6102814C 
 5524      02590426 
 5524      12984400 
 5525 0996 5FFBA610 		.ascii	"_\373\246\020\230J\364\207\314\272ez\262\276\220\241"
 5525      984AF487 
 5525      CCBA657A 
 5525      B2BE90A1 
 5526 09a6 D547B348 		.ascii	"\325G\263H\326\322\225\273k\265\256c\035\364\265Ccj"
 5526      D6D295BB 
 5526      6BB5AE63 
 5526      1DF4B543 
 5526      636A
 5527 09b8 ADB94A01 		.ascii	"\255\271J\001\027&\360iqW\206\333>J,s\247\345\3067\374"
 5527      1726F069 
 5527      715786DB 
 5527      3E4A2C73 
 5527      A7E5C637 
 5528 09cd 79833EDC 		.ascii	"y\203>\334\362\367\201\317\2353\006\235'2\264\370k\342"
 5528      F2F781CF 
 5528      9D33069D 
 5528      2732B4F8 
 5528      6BE2
 5529 09df 33A390CE 		.ascii	"3\243\220\316\014l\362yw\265Z\270!\303u\237\3163M\013"
 5529      0C6CF279 
 5529      77B55AB8 
 5529      21C3759F 
 5529      CE334D0B 
 5530 09f3 FA528088 		.ascii	"\372R\200\210\261\304\017\261\215M\260\355\013j\267"
 5530      B1C40FB1 
 5530      8D4DB0ED 
 5530      0B6AB7
 5531 0a02 776613CC 		.ascii	"wf\023\314k\015(\276\002\377\243\200b\347\011u\017\307"
 5531      6B0D28BE 
 5531      02FFA380 
 5531      62E70975 
 5531      0FC7
 5532 0a14 5BF6C1D3 		.ascii	"[\366\301\323\204\205\351\204\277\253\326,]j\331\254"
 5532      8485E984 
 5532      BFABD62C 
 5532      5D6AD9AC 
 5533 0a24 568A5784 		.ascii	"V\212W\204l\016\230_\177\346h\010\276kQ\205\212\013"
 5533      6C0E985F 
 5533      7FE66808 
 5533      BE6B5185 
 5533      8A0B
 5534 0a36 004EBE8D 		.ascii	"\000N\276\215_v\351s\"\365\320dM\016u\021\331N\354\304"
 5534      5F76E973 
 5534      22F5D064 
 5534      4D0E7511 
 5534      D94EECC4 
ARM GAS  /tmp/ccXPGahD.s 			page 153


 5535 0a4a 653FA974 		.ascii	"e?\251t\011{H\336\265\311a]\354\266\025\325\320\325"
 5535      097B48DE 
 5535      B5C9615D 
 5535      ECB615D5 
 5535      D0D5
 5536 0a5c AEDA64B9 		.ascii	"\256\332d\2719\330e\017k\303\315\\QP\317w5\3055\355"
 5536      39D8650F 
 5536      6BC3CD5C 
 5536      5150CF77 
 5536      35C535ED 
 5537 0a70 87CDC19A 		.ascii	"\207\315\301\232\234\373Q\217>\357\342wsp\035\270\260"
 5537      9CFB518F 
 5537      3EEFE277 
 5537      73701DB8 
 5537      B0
 5538 0a81 D750C5D6 		.ascii	"\327P\305\326\025\357\232\203\355\017I\321\364 \327"
 5538      15EF9A83 
 5538      ED0F49D1 
 5538      F420D7
 5539 0a90 7E39EB4D 		.ascii	"~9\353M\250\003\273+\252\007z\376\256\315\366\332kU"
 5539      A803BB2B 
 5539      AA077AFE 
 5539      AECDF6DA 
 5539      6B55
 5540 0aa2 A48AD0B3 		.ascii	"\244\212\320\263\012\233\255t\335\017\355\315\301]P"
 5540      0A9BAD74 
 5540      DD0FEDCD 
 5540      C15D50
 5541 0ab1 4798AB67 		.ascii	"G\230\253gWW\317.u\240\272\\\366\036a\022\262pEE\275"
 5541      5757CF2E 
 5541      75A0BA5C 
 5541      F61E6112 
 5541      B2704545 
 5542 0ac6 2BDB51B5 		.ascii	"+\333Q\265b\253\203(\002\216(\355\342\315W\354\252="
 5542      62AB8328 
 5542      028E28ED 
 5542      E2CD57EC 
 5542      AA3D
 5543 0ad8 E4B59E61 		.ascii	"\344\265\236a\222\344\222\336\303\3473\220\027\306\007"
 5543      92E492DE 
 5543      C3E73390 
 5543      17C607
 5544 0ae7 82D1A84B 		.ascii	"\202\321\250K\024\001\302\354r\224L>l\016\226$Y\356"
 5544      1401C2EC 
 5544      72944C3E 
 5544      6C0E9624 
 5544      59EE
 5545 0af9 89FB31C5 		.ascii	"\211\3731\305\346p\200\206\227\020\347\207\256\241Q"
 5545      E6708086 
 5545      9710E787 
 5545      AEA151
 5546 0b08 76A93918 		.ascii	"v\2519\030\237\362r\017\205\275\333\230=\355\230\006"
 5546      9FF2720F 
 5546      85BDDB98 
 5546      3DED9806 
 5547 0b18 50301CC7 		.ascii	"P0\034\307\206\375\243_\240\177\001-\002?y7\314\360"
 5547      86FDA35F 
ARM GAS  /tmp/ccXPGahD.s 			page 154


 5547      A07F012D 
 5547      023F7937 
 5547      CCF0
 5548 0b2a 0FD6CB3A 		.ascii	"\017\326\313:\220B\200\243\315V\363\212\273\012\256"
 5548      904280A3 
 5548      CD56F38A 
 5548      BB0AAE
 5549 0b39 872E9B4C 		.ascii	"\207.\233L\033H\302\010k\262(\347\347c\274\305\320\313"
 5549      1B48C208 
 5549      6BB228E7 
 5549      E763BCC5 
 5549      D0CB
 5550 0b4b AD997D25 		.ascii	"\255\231}%\223\240\244[\242\007\203\\\223,\371\260\360"
 5550      93A0A45B 
 5550      A207835C 
 5550      932CF9B0 
 5550      F0
 5551 0b5c D5DD8122 		.ascii	"\325\335\201\"\3700\341\207\213,q\026V\236\370\333U"
 5551      F830E187 
 5551      8B2C7116 
 5551      569EF8DB 
 5551      55
 5552 0b6d 0C9BD67E 		.ascii	"\014\233\326~\364\376\011;t\315}W\002\262*D\"Ut]\221"
 5552      F4FE093B 
 5552      74CD7D57 
 5552      02B22A44 
 5552      2255745D 
 5553 0b82 0BEE2F2C 		.ascii	"\013\356/,u\260u\016s.\025W\340\332+K\257\223\016\273"
 5553      75B0750E 
 5553      732E1557 
 5553      E0DA2B4B 
 5553      AF930EBB 
 5554 0b96 E2390466 		.ascii	"\3429\004f\023\261+\3360\227\236\002`\215\317)\000*"
 5554      13B12BDE 
 5554      30979E02 
 5554      608DCF29 
 5554      002A
 5555 0ba8 CBD9B2BD 		.ascii	"\313\331\262\275\321\262\000\317\026i>\227gq\311\261"
 5555      D1B200CF 
 5555      16693E97 
 5555      6771C9B1 
 5556 0bb8 45ABBB30 		.ascii	"E\253\2730ks\011\314\"X3}\377\255S\344Uc)\245\357\317"
 5556      6B7309CC 
 5556      2258337D 
 5556      FFAD53E4 
 5556      556329A5 
 5557 0bce FA5A9A87 		.ascii	"\372Z\232\207\033\275y\204\0366 \352jq\365V\345\365"
 5557      1BBD7984 
 5557      1E3620EA 
 5557      6A71F556 
 5557      E5F5
 5558 0be0 BC52AD75 		.ascii	"\274R\255u\313\272{%A\205\232\027\267n\232\202 \372"
 5558      CBBA7B25 
 5558      41859A17 
 5558      B76E9A82 
 5558      20FA
 5559 0bf2 166C3CD5 		.ascii	"\026l<\325\021\235K \207\270\356\377\226\\C\017\307"
ARM GAS  /tmp/ccXPGahD.s 			page 155


 5559      119D4B20 
 5559      87B8EEFF 
 5559      965C430F 
 5559      C7
 5560 0c03 DA037928 		.ascii	"\332\003y(_m\275\374?F\271\220r\270\275\261tZ'\203\325"
 5560      5F6DBDFC 
 5560      3F46B990 
 5560      72B8BDB1 
 5560      745A2783 
 5561 0c18 7C5AB3AC 		.ascii	"|Z\263\254\241\371\271`%\026\370\205hb\201A\252|M\323"
 5561      A1F9B960 
 5561      2516F885 
 5561      68628141 
 5561      AA7C4DD3 
 5562 0c2c D4504AAA 		.ascii	"\324PJ\252eA\365_W\320\371\201\355\330`\360\371\332"
 5562      6541F55F 
 5562      57D0F981 
 5562      EDD860F0 
 5562      F9DA
 5563 0c3e E4B3FCB7 		.ascii	"\344\263\374\267d\252]\"\015(\231\235(\247\372C\255"
 5563      64AA5D22 
 5563      0D28999D 
 5563      28A7FA43 
 5563      AD
 5564 0c4f 7D99C133 		.ascii	"}\231\3013\234R\325\205\035\027\035F\305R\312 \277\345"
 5564      9C52D585 
 5564      1D171D46 
 5564      C552CA20 
 5564      BFE5
 5565 0c61 4E8E6C3C 		.ascii	"N\216l<\177\226\321\232mO\012\367\330\015\226\313iM"
 5565      7F96D19A 
 5565      6D4F0AF7 
 5565      D80D96CB 
 5565      694D
 5566 0c73 FBBACD53 		.ascii	"\373\272\315S:\231,\267\212\330\255@\313\305\006\315"
 5566      3A992CB7 
 5566      8AD8AD40 
 5566      CBC506CD 
 5567 0c83 4DD7774F 		.ascii	"M\327wO\260\275\236\227\213\013v\231\246\251\2326VA"
 5567      B0BD9E97 
 5567      8B0B7699 
 5567      A6A99A36 
 5567      5641
 5568 0c95 002CD179 		.ascii	"\000,\321y\302J\002\213M\246\227\302\261GM\341\336\247"
 5568      C24A028B 
 5568      4DA697C2 
 5568      B1474DE1 
 5568      DEA7
 5569 0ca7 6058A2F4 		.ascii	"`X\242\364\246\266-\237\350\010dh5v\\\305\014\275\236"
 5569      A6B62D9F 
 5569      E8086468 
 5569      35765CC5 
 5569      0CBD9E
 5570 0cba 9B8BAB68 		.ascii	"\233\213\253h\221\027\367\342\004\253a\221E\375\"C="
 5570      9117F7E2 
 5570      04AB6191 
 5570      45FD2243 
ARM GAS  /tmp/ccXPGahD.s 			page 156


 5570      3D
 5571 0ccb BE0A7492 		.ascii	"\276\012t\222H1\013A\301\316m\305\0123\362\204\307\340"
 5571      48310B41 
 5571      C1CE6DC5 
 5571      0A33F284 
 5571      C7E0
 5572 0cdd DCADEB73 		.ascii	"\334\255\353s\271\307\331\004J\250\177\255\333\3466"
 5572      B9C7D904 
 5572      4AA87FAD 
 5572      DBE636
 5573 0cec 84182355 		.ascii	"\204\030#UJkr\252\306\035q\030\314\326\323\232\323\307"
 5573      4A6B72AA 
 5573      C61D7118 
 5573      CCD6D39A 
 5573      D3C7
 5574 0cfe AF5C7104 		.ascii	"\257\\q\004\030\251\215hs\203\021\202\007\317\212\036"
 5574      18A98D68 
 5574      73831182 
 5574      07CF8A1E 
 5575 0d0e AB74A44A 		.ascii	"\253t\244J\313\307O\322\272\362\334\331H`\2359Vk\315"
 5575      CBC74FD2 
 5575      BAF2DCD9 
 5575      48609D39 
 5575      566BCD
 5576 0d21 086C788B 		.ascii	"\010lx\213l@\222\207P\2563\242\3535\357)\036\215\301"
 5576      6C409287 
 5576      50AE33A2 
 5576      EB35EF29 
 5576      1E8DC1
 5577 0d34 8CA7373B 		.ascii	"\214\2477;\367\206C/\227Q\012/j[\037\231\341\332Fk\266"
 5577      F786432F 
 5577      97510A2F 
 5577      6A5B1F99 
 5577      E1DA466B 
 5578 0d49 6FBD7553 		.ascii	"o\275uS\016\024\257r4\263\335`ur\316\211I\300\006\346"
 5578      0E14AF72 
 5578      34B3DD60 
 5578      7572CE89 
 5578      49C006E6 
 5579 0d5d B43930E5 		.ascii	"\26490\345\004\266\032\221\253 \260\305\244\325\330"
 5579      04B61A91 
 5579      AB20B0C5 
 5579      A4D5D8
 5580 0d6c CB27C288 		.ascii	"\313'\302\210\333l\301m\026\021\276\303HWN+\236\201"
 5580      DB6CC16D 
 5580      1611BEC3 
 5580      48574E2B 
 5580      9E81
 5581 0d7e B9C95E58 		.ascii	"\271\311^X\246\254\357\271k|Q\030\335^T\232\016W\322"
 5581      A6ACEFB9 
 5581      6B7C5118 
 5581      DD5E549A 
 5581      0E57D2
 5582 0d91 078944DA 		.ascii	"\007\211D\332\031\372^\361\363V\033E\2276\347L\362v"
 5582      19FA5EF1 
 5582      F3561B45 
 5582      9736E74C 
ARM GAS  /tmp/ccXPGahD.s 			page 157


 5582      F276
 5583 0da3 9529D46B 		.ascii	"\225)\324kB\275\034\232\345\240\320\353\255\2317\371"
 5583      42BD1C9A 
 5583      E5A0D0EB 
 5583      AD9937F9 
 5584 0db3 0C1EC5A2 		.ascii	"\014\036\305\242\321v\373\324U>j\211PM}\177r}ocgc\\"
 5584      D176FBD4 
 5584      553E6A89 
 5584      504D7D7F 
 5584      727D6F63 
 5585 0dca 6B68CDE4 		.ascii	"kh\315\344\347'\033C\214T\336Mk\346\255\271\264\326"
 5585      E7271B43 
 5585      8C54DE4D 
 5585      6BE6ADB9 
 5585      B4D6
 5586 0ddc 1660FFB4 		.ascii	"\026`\377\264\007\335\250\345+\305\342\303/\316\332"
 5586      07DDA8E5 
 5586      2BC5E2C3 
 5586      2FCEDA
 5587 0deb 19A5764E 		.ascii	"\031\245vNi\017\201*\223R\025\2474\233QZqy\343\256\316"
 5587      690F812A 
 5587      935215A7 
 5587      349B515A 
 5587      7179E3AE 
 5588 0e00 0C7AC164 		.ascii	"\014z\301d\277\327\204\356\345\320\005\216@\363n\372"
 5588      BFD784EE 
 5588      E5D0058E 
 5588      40F36EFA 
 5589 0e10 D95D9F1A 		.ascii	"\331]\237\032\314\366\021\\J\202\330\022\033\314\356"
 5589      CCF6115C 
 5589      4A82D812 
 5589      1BCCEE
 5590 0e1f E80A3886 		.ascii	"\350\0128\206\024\263\216w\217\037\253\0122\217\016"
 5590      14B38E77 
 5590      8F1FAB0A 
 5590      328F0E
 5591 0e2e CD8D6C23 		.ascii	"\315\215l#\342p\023B\340\000u+\257fFqg\323\255C\304"
 5591      E2701342 
 5591      E000752B 
 5591      AF664671 
 5591      67D3AD43 
 5592 0e43 F4EB30FA 		.ascii	"\364\3530\372\265\237\373uz\361\305\007\214l\313\271"
 5592      B59FFB75 
 5592      7AF1C507 
 5592      8C6CCBB9 
 5593 0e53 9289D91A 		.ascii	"\222\211\331\032\014\305Fh0\3316p\266k\231\321\222\203"
 5593      0CC54668 
 5593      30D93670 
 5593      B66B99D1 
 5593      9283
 5594 0e65 2796B061 		.ascii	"'\226\260ai\231\274\276\251\011\262\354\324\263\243"
 5594      6999BCBE 
 5594      A909B2EC 
 5594      D4B3A3
 5595 0e74 26F628C7 		.ascii	"&\366(\307\2263\354\351\226\222\\\320\307\201zvm\326"
 5595      9633ECE9 
 5595      96925CD0 
ARM GAS  /tmp/ccXPGahD.s 			page 158


 5595      C7817A76 
 5595      6DD6
 5596 0e86 A65A620C 		.ascii	"\246Zb\014\303\011\312\356L\315\301]\241\206\263'i\315"
 5596      C309CAEE 
 5596      4CCDC15D 
 5596      A186B327 
 5596      69CD
 5597 0e98 EA2BDBA7 		.ascii	"\352+\333\247u\0120\014\247\221\356)N\367h\373\245\251"
 5597      750A300C 
 5597      A791EE29 
 5597      4EF768FB 
 5597      A5A9
 5598 0eaa C062FB8C 		.ascii	"\300b\373\214\307\3664n\260L\006\3079\203j\306\340H"
 5598      C7F6346E 
 5598      B04C06C7 
 5598      39836AC6 
 5598      E048
 5599 0ebc C9E35336 		.ascii	"\311\343S6\246\177\234\314(\\8\3630?\220\372\363\250"
 5599      A67F9CCC 
 5599      285C38F3 
 5599      303F90FA 
 5599      F3A8
 5600 0ece FE1C57BF 		.ascii	"\376\034W\277\344h\316Q\205\252/\253\270\272h=\024j"
 5600      E468CE51 
 5600      85AA2FAB 
 5600      B8BA683D 
 5600      146A
 5601 0ee0 55F8F646 		.ascii	"U\370\366F\340\254i\341,\267\360\314\201+gg\266e.\270"
 5601      E0AC69E1 
 5601      2CB7F0CC 
 5601      812B6767 
 5601      B6652EB8 
 5602 0ef4 5A1F4C7F 		.ascii	"Z\037L\177\017\271\210-d2\253[\274l\301a\232`p\0315"
 5602      0FB9882D 
 5602      6432AB5B 
 5602      BC6CC161 
 5602      9A607019 
 5603 0f09 5F228116 		.ascii	"_\"\201\026\227}W\027\337\354\244\207\347\033\212(~"
 5603      977D5717 
 5603      DFECA487 
 5603      E71B8A28 
 5603      7E
 5604 0f1a 9C793644 		.ascii	"\234y6D\317\343\253\264\342\370\370i\217C\1779\2433"
 5604      CFE3ABB4 
 5604      E2F8F869 
 5604      8F437F39 
 5604      A333
 5605 0f2c 3B7CDD91 		.ascii	";|\335\221\177}#\357\337L\217(\231\225{\013\037,\017"
 5605      7F7D23EF 
 5605      DF4C8F28 
 5605      99957B0B 
 5605      1F2C0F
 5606 0f3f A2566E10 		.ascii	"\242Vn\020\270\216\265\005\254v\365\274\245\215\214"
 5606      B88EB505 
 5606      AC76F5BC 
 5606      A58D8C
 5607 0f4e CF2D3AAD 		.ascii	"\317-:\255\251\242\207\347\2365\202\351\366(\3566\334"
ARM GAS  /tmp/ccXPGahD.s 			page 159


 5607      A9A287E7 
 5607      9E3582E9 
 5607      F628EE36 
 5607      DC
 5608 0f5f C6E63B28 		.ascii	"\306\346;(\327\270\343y\023.\355\301\371\231\245\265"
 5608      D7B8E379 
 5608      132EEDC1 
 5608      F999A5B5 
 5609 0f6f CEBDF9B4 		.ascii	"\316\275\371\264\030\037hU\343\212\034M\004!\320\304"
 5609      181F6855 
 5609      E38A1C4D 
 5609      0421D0C4 
 5610 0f7f 9D872B88 		.ascii	"\235\207+\210n\342\356\337\364w\275\243\333\367\002"
 5610      6EE2EEDF 
 5610      F477BDA3 
 5610      DBF702
 5611 0f8e BA7DF44C 		.ascii	"\272}\364L\303A^\3619<`\217\214\346\271\213U\335"
 5611      C3415EF1 
 5611      393C608F 
 5611      8CE6B98B 
 5611      55DD
 5612 0fa0 ED87C4DF 		.ascii	"\355\207\304\337\253\216\036=\246\230\211\363\216\217"
 5612      AB8E1E3D 
 5612      A69889F3 
 5612      8E8F
 5613 0fae B3FB79F4 		.ascii	"\263\373y\364\004\233[Q\036q6\013\366nZ\317<*\335[\246"
 5613      049B5B51 
 5613      1E71360B 
 5613      F66E5ACF 
 5613      3C2ADD5B 
 5614 0fc3 65AA45D3 		.ascii	"e\252E\3234\2556\030\001\320\242\373s\037\261-D\337"
 5614      34AD3618 
 5614      01D0A2FB 
 5614      731FB12D 
 5614      44DF
 5615 0fd5 95B43C5F 		.ascii	"\225\264<_]ky\013\313\023;\2056\256\356\344\203\334"
 5615      5D6B790B 
 5615      CB133B85 
 5615      36AEEEE4 
 5615      83DC
 5616 0fe7 8A600158 		.ascii	"\212`\001X-\000\337\322\201\277\337Y*$2\333\2464\263"
 5616      2D00DFD2 
 5616      81BFDF59 
 5616      2A2432DB 
 5616      A634B3
 5617 0ffa 6D0A3F76 		.ascii	"m\012?vyN"
 5617      794E
 5618 1000 E019C105 		.ascii	"\340\031\301\005Q\337\250lY7c\277\035\337\270\210\304"
 5618      51DFA86C 
 5618      593763BF 
 5618      1DDFB888 
 5618      C4
 5619 1011 EBF00D8D 		.ascii	"\353\360\015\215\271x\262}\335u\020\312\313\205\362"
 5619      B978B27D 
 5619      DD7510CA 
 5619      CB85F2
 5620 1020 17DC7A6B 		.ascii	"\027\334zk\305\252}\226\027\335z\261\035\327\024\375"
ARM GAS  /tmp/ccXPGahD.s 			page 160


 5620      C5AA7D96 
 5620      17DD7AB1 
 5620      1DD714FD 
 5621 1030 EC388826 		.ascii	"\3548\210&\321\266\254\206\220@?(\214S\350\017\012c"
 5621      D1B6AC86 
 5621      90403F28 
 5621      8C53E80F 
 5621      0A63
 5622 1042 15860C66 		.ascii	"\025\206\014f\357\215\375\350\216a\363\256|\325\374"
 5622      EF8DFDE8 
 5622      8E61F3AE 
 5622      7CD5FC
 5623 1051 B1A04E86 		.ascii	"\261\240N\206L\005\306\323POPX\037jz\355\336\242\345"
 5623      4C05C6D3 
 5623      504F5058 
 5623      1F6A7AED 
 5623      DEA2E5
 5624 1064 C1EC674D 		.ascii	"\301\354gM\2578\354\332c9\354\242\313\330\216C\027\204"
 5624      AF38ECDA 
 5624      6339ECA2 
 5624      CBD88E43 
 5624      1784
 5625 1076 9E898A9F 		.ascii	"\236\211\212\237\036fw\205J\236\262\304\231\350\275"
 5625      1E667785 
 5625      4A9EB2C4 
 5625      99E8BD
 5626 1085 D668B337 		.ascii	"\326h\2637}\307\357\002\014_\244\222\027\014\277\363"
 5626      7DC7EF02 
 5626      0C5FA492 
 5626      170CBFF3 
 5627 1095 F8E39AA0 		.ascii	"\370\343\232\240@nMgn\321-\302\344\242\372#\214A\213"
 5627      406E4D67 
 5627      6ED12DC2 
 5627      E4A2FA23 
 5627      8C418B
 5628 10a8 A615A11E 		.ascii	"\246\025\241\036\361\272\2420\030U\363\355\265\211\177"
 5628      F1BAA230 
 5628      1855F3ED 
 5628      B5897F
 5629 10b7 1210CB61 		.ascii	"\022\020\313a\201\201!\223C9\323<\225\344\206Jd\216"
 5629      81812193 
 5629      4339D33C 
 5629      95E4864A 
 5629      648E
 5630 10c9 5ECC5549 		.ascii	"^\314UI!\026\227\350\305V\376#\261\027\267\255z\215"
 5630      211697E8 
 5630      C556FE23 
 5630      B117B7AD 
 5630      7A8D
 5631 10db 8ADA2B26 		.ascii	"\212\332+&\224<V\002\221,`$\277V\350\252\275pn-\341"
 5631      943C5602 
 5631      912C6024 
 5631      BF56E8AA 
 5631      BD706E2D 
 5632 10f0 71E22CF3 		.ascii	"q\342,\363\024\376JW\2500\034\313\333]\313c\004\004"
 5632      14FE4A57 
 5632      A8301CCB 
ARM GAS  /tmp/ccXPGahD.s 			page 161


 5632      DB5DCB63 
 5632      0404
 5633 1102 5976C430 		.ascii	"Yv\3040\213-\012\331\204\224\312u\002\315\012\251\301"
 5633      8B2D0AD9 
 5633      8494CA75 
 5633      02CD0AA9 
 5633      C1
 5634 1113 62BD5E6C 		.ascii	"b\275^lR\310a,\236\326\213'\025\322\204\305f\275\330"
 5634      52C8612C 
 5634      9ED68B27 
 5634      15D284C5 
 5634      66BDD8
 5635 1126 A890162C 		.ascii	"\250\220\026,\266\351\305:\205\214\353\"\221i\354\027"
 5635      B6E9C53A 
 5635      858CEB22 
 5635      9169EC17 
 5636 1136 E8A74BDA 		.ascii	"\350\247K\332n\02264\336\357\032\032\257Bfb\237\274"
 5636      6E123634 
 5636      DEEF1A1A 
 5636      AF426662 
 5636      9FBC
 5637 1148 2E5C85C6 		.ascii	".\\\205\306\023\353\017,.M\204,`\272\366\357\363\346"
 5637      13EB0F2C 
 5637      2E4D842C 
 5637      60BAF6EF 
 5637      F3E6
 5638 115a 77091491 		.ascii	"w\011\024\2212\026\2216\272\347\270q\244\270\301f\215"
 5638      32169136 
 5638      BAE7B871 
 5638      A4B8C166 
 5638      8D
 5639 116b C8160536 		.ascii	"\310\026\0056\323\314\331\2460\034\325s|\351\336\020"
 5639      D3CCD9A6 
 5639      301CD573 
 5639      7CE9DE10 
 5640 117b 9F8874C4 		.ascii	"\237\210t\304\220\025:\217,\316\356!?\031)z\205\254"
 5640      90153A8F 
 5640      2CCEEE21 
 5640      3F19297A 
 5640      85AC
 5641 118d D51BCE52 		.ascii	"\325\033\316R=M\273\326g\207\006\342\263\213\361\361"
 5641      3D4DBBD6 
 5641      678706E2 
 5641      B38BF1F1 
 5642 119d D2112A5C 		.ascii	"\322\021*\\\263\2704\310\312\247R\201\035\354\347n\205"
 5642      B3B834C8 
 5642      CAA75281 
 5642      1DECE76E 
 5642      85
 5643 11ae E1D85AF1 		.ascii	"\341\330Z\361\344\374m_B\035Ad\253\021\030 ;0N5z\261"
 5643      E4FC6D5F 
 5643      421D4164 
 5643      AB111820 
 5643      3B304E35 
 5644 11c4 15F7DC58 		.ascii	"\025\367\334X<\250\027[$rL\277\355\301\031\003\271\300"
 5644      3CA8175B 
 5644      24724CBF 
ARM GAS  /tmp/ccXPGahD.s 			page 162


 5644      EDC11903 
 5644      B9C0
 5645 11d6 42D75C70 		.ascii	"B\327\\p\250\326\021\210j#\243ZFCW\331\266ie\250\225"
 5645      A8D61188 
 5645      6A23A35A 
 5645      464357D9 
 5645      B66965A8 
 5646 11eb EA0105F6 		.ascii	"\352\001\005\366S\026\207\024\206\243z\016\026\034\311"
 5646      53168714 
 5646      86A37A0E 
 5646      161CC9
 5647 11fa EF2C30A5 		.ascii	"\357,0\245\212\037\210g\204D\256\351D\350\372:\353\306"
 5647      8A1F8867 
 5647      8444AEE9 
 5647      44E8FA3A 
 5647      EBC6
 5648 120c B72501AD 		.ascii	"\267%\001\255\037g\326\217\321@-=<u\242\303j\3358\207"
 5648      1F67D68F 
 5648      D1402D3D 
 5648      3C75A2C3 
 5648      6ADD3887 
 5649 1220 3CA1301C 		.ascii	"<\2410\034;\377:5\275B\365\261\336\021\304\023\0207"
 5649      3BFF3A35 
 5649      BD42F5B1 
 5649      DE11C413 
 5649      1037
 5650 1232 89189547 		.ascii	"\211\030\225G(\355\314\373\315w\332K\325@\366\3171\373"
 5650      28EDCCFB 
 5650      CD77DA4B 
 5650      D540F6CF 
 5650      31FB
 5651 1244 11089974 		.ascii	"\021\010\231t\345\376e\037\347\215\037\024\316+\014"
 5651      E5FE651F 
 5651      E78D1F14 
 5651      CE2B0C
 5652 1253 46D554CF 		.ascii	"F\325T\317\232\320\350k\276#\210\231\357G\306w\305\335"
 5652      9AD0E86B 
 5652      BE238899 
 5652      EF47C677 
 5652      C5DD
 5653 1265 24CA7494 		.ascii	"$\312t\224Y(y(\363Q\026w\345\010\007\317k\3143\275\242"
 5653      59287928 
 5653      F3511677 
 5653      E50807CF 
 5653      6BCC33BD 
 5654 127a 137D941D 		.ascii	"\023}\224\035;r% \311[\214\344M\032\244\305{fw\267\374"
 5654      3B722520 
 5654      C95B8CE4 
 5654      4D1AA4C5 
 5654      7B6677B7 
 5655 128f 5C7B5DC1 		.ascii	"\\{]\301\211\212\210\333\012CQ\216\323\316_l\353B\347"
 5655      898A88DB 
 5655      0A43518E 
 5655      D3CE5F6C 
 5655      EB42E7
 5656 12a2 DB4BFE68 		.ascii	"\333K\376h\204>\021\217\354:\036dj\271\243\370\251!"
 5656      843E118F 
ARM GAS  /tmp/ccXPGahD.s 			page 163


 5656      EC3A1E64 
 5656      6AB9A3F8 
 5656      A921
 5657 12b4 6B91EB7A 		.ascii	"k\221\353z\224\315(\345(^\224\335(\015(\307t\312kT\356"
 5657      94CD28E5 
 5657      285E94DD 
 5657      280D28C7 
 5657      74CA6B54 
 5658 12c9 C46F0A48 		.ascii	"\304o\012H\302\231\335K>\325\317\355\374>\335\003\324"
 5658      C299DD4B 
 5658      3ED5CFED 
 5658      FC3EDD03 
 5658      D4
 5659 12da 199F8BB8 		.ascii	"\031\237\213\270/j_^\365\010\370\037\037LQ\3402\256"
 5659      2F6A5F5E 
 5659      F508F81F 
 5659      1F4C51E0 
 5659      32AE
 5660 12ec 4DAAE9F9 		.ascii	"M\252\351\371\021q\312Wz:\207\237\265\345\340\263\322"
 5660      1171CA57 
 5660      7A3A879F 
 5660      B5E5E0B3 
 5660      D2
 5661 12fd 07B44AE1 		.ascii	"\007\264J\341 TV\272J\007\241\246o|@\306O\004\027\331"
 5661      205456BA 
 5661      4A07A1A6 
 5661      6F7C40C6 
 5661      4F0417D9 
 5662 1311 2B80095A 		.ascii	"+\200\011Z\354\003Z\244\230\346Z\276M\225h\323\023\305"
 5662      EC035AA4 
 5662      98E65ABE 
 5662      4D9568D3 
 5662      13C5
 5663 1323 D8A83D56 		.ascii	"\330\250=Vh\347\226\273\007\247\360\223:\354=\323\247"
 5663      68E796BB 
 5663      07A7F093 
 5663      3AEC3DD3 
 5663      A7
 5664 1334 F70C0B8F 		.ascii	"\367\014\013\2173\302\304J\037P1\005E2\314\005\201Y"
 5664      33C2C44A 
 5664      1F503105 
 5664      4532CC05 
 5664      8159
 5665 1346 E24F831D 		.ascii	"\342O\203\035\371\225V\010\247\367\371`\032,\306\012"
 5665      F9955608 
 5665      A7F7F960 
 5665      1A2CC60A 
 5666 1356 84A2073E 		.ascii	"\204\242\007> \375\354\220bV\010\3145\037\214\361\263"
 5666      20FDEC90 
 5666      625608CC 
 5666      351F8CF1 
 5666      B3
 5667 1367 07052D10 		.ascii	"\007\005-\020\240\026\037P\276%z\267\004h\256\017h\266"
 5667      A0161F50 
 5667      BE257AB7 
 5667      0468AE0F 
 5667      68B6
ARM GAS  /tmp/ccXPGahD.s 			page 164


 5668 1379 706DAFC0 		.ascii	"pm\257\300\324\370`*8\346\033\304T\352\030\234E{}0u"
 5668      D4F8602A 
 5668      38E61BC4 
 5668      54EA189C 
 5668      457B7D30 
 5669 138e BA6BCB10 		.ascii	"\272k\313\020\264\275\304\313@'q\030\030\310\230\357"
 5669      B4BDC4CB 
 5669      40277118 
 5669      18C898EF 
 5670 139e 4784B1D5 		.ascii	"G\204\261\325\302\330\025\377\354\341\230;\0023\313"
 5670      C2D815FF 
 5670      ECE1983B 
 5670      0233CB
 5671 13ad 7FD038E6 		.ascii	"\177\3208\346\254\300\254\360\0373\335\373\257\005\350"
 5671      ACC0ACF0 
 5671      1F33DDFB 
 5671      AF05E8
 5672 13bc A10F483F 		.ascii	"\241\017H?6\246\236\345\013\317\036\371a\270\255uB\315"
 5672      36A69EE5 
 5672      0BCF1EF9 
 5672      61B8AD75 
 5672      42CD
 5673 13ce 451F4893 		.ascii	"E\037H\223\"\364\354\020z\352\375#\304\023\344\246\036"
 5673      22F4EC10 
 5673      7AEAFD23 
 5673      C413E4A6 
 5673      1E
 5674 13df A0F90AE4 		.ascii	"\240\371\012\3443\214\361p\237gb2\265<z\234\373T\301"
 5674      338CF170 
 5674      9F676232 
 5674      B53C7A9C 
 5674      FB54C1
 5675 13f2 7D066E20 		.ascii	"}\006n \031\352(@\266\012\323U\030\257B\261\012\313"
 5675      19EA2840 
 5675      B60AD355 
 5675      18AF42B1 
 5675      0ACB
 5676 1404 5598A0C2 		.ascii	"U\230\240\302\022\0252UX\250B\273\002STh\303]\253\012"
 5676      12153255 
 5676      58A842BB 
 5676      02535468 
 5676      C35DAB0A 
 5677 1418 392A2C56 		.ascii	"9*,Vq\262\303|\025&\2530W\205q*\356_ K\305\355\027,"
 5677      71B2C37C 
 5677      1526AB30 
 5677      5785712A 
 5677      EE5F204B 
 5678 1430 5261920A 		.ascii	"Ra\222\012\313TX\240\302Z\025V\251\220\257\302,\025"
 5678      CB5458A0 
 5678      C25A1556 
 5678      A990AFC2 
 5678      2C15
 5679 1442 56AAB05A 		.ascii	"V\252\260Z\205o\025\320T\230\206\243\246\302\034\025"
 5679      856F15D0 
 5679      549886A3 
 5679      A6C21C15 
 5680 1452 C6AAF04C 		.ascii	"\306\252\360L\201B\025\226\2520C\205\211*\024\2500U"
ARM GAS  /tmp/ccXPGahD.s 			page 165


 5680      81421596 
 5680      AA304385 
 5680      892A14A8 
 5680      3055
 5681 1464 85170ACC 		.ascii	"\205\027\012\314Va\236\212\3733\234h\324\363\203\302"
 5681      56619E8A 
 5681      FB339C68 
 5681      D4F383C2 
 5682 1474 F3121FCF 		.ascii	"\363\022\037\317\327\212\341j\025!\314\365\301L\025"
 5682      D78AE16A 
 5682      1521CCF5 
 5682      C14C15
 5683 1483 98F302B3 		.ascii	"\230\363\002\263\314\007\263\324\222c\345z\010\017+"
 5683      CC07B3D4 
 5683      9263E57A 
 5683      080F2B
 5684 1492 7090818C 		.ascii	"p\220\201\214'\3325\363\350\275\364\251\230\207\323"
 5684      27DA35F3 
 5684      E8BDF4A9 
 5684      9887D3
 5685 14a1 FC8DE9B9 		.ascii	"\374\215\351\271\261VX\273\344?\250<\353\017\010\317"
 5685      B15658BB 
 5685      E43FA83C 
 5685      EB0F08CF 
 5686 14b1 36F860D6 		.ascii	"6\370`\326[\024\235\023\212\226\373\323\346\256\335"
 5686      5B149D13 
 5686      8A96FBD3 
 5686      E6AEDD
 5687 14c0 169839FE 		.ascii	"\026\2309\376\323PWt]\200\212|@\013\004\243m\202\321"
 5687      D3505774 
 5687      5D808A7C 
 5687      400B04A3 
 5687      6D82D1
 5688 14d3 691FCC29 		.ascii	"i\037\314)\213\242\006\241\250\334\007\264I0Z)0W\375"
 5688      8BA206A1 
 5688      A8DC07B4 
 5688      49305A29 
 5688      3057FD
 5689 14e6 D75E8E69 		.ascii	"\327^\216i\023\230\311>\230,\241\247N`j}0\273-\203V"
 5689      1398C93E 
 5689      982CA1A7 
 5689      4E606A7D 
 5689      30BB2D83 
 5690 14fb A20FDA05 		.ascii	"\242\017\332\005\005\3162\220\361$\326\377\222k\021"
 5690      05CE3290 
 5690      F124D6FF 
 5690      926B11
 5691 150a 621652CC 		.ascii	"b\026R\314X\007\334U\340\006\303\030\317\271\231\202"
 5691      5807DC55 
 5691      E006C318 
 5691      CFB99982 
 5692 151a D00D616C 		.ascii	"\320\015al\241\177\204\364GO\275n\254Z\201\235\014d"
 5692      A17F84F4 
 5692      474FBD6E 
 5692      AC5A819D 
 5692      0C64
 5693 152c 6CCF2A2C 		.ascii	"l\317*,!\232/4\335\363_<\271\265B\201\271\357\277R\353"
ARM GAS  /tmp/ccXPGahD.s 			page 166


 5693      219A2F34 
 5693      DDF35F3C 
 5693      B9B54281 
 5693      B9EFBF52 
 5694 1541 D37EA718 		.ascii	"\323~\247\030\220=\376\376\363|<)\362q\235\377\004\321"
 5694      903DFEFE 
 5694      F37C3C29 
 5694      F2719DFF 
 5694      04D1
 5695 1553 15ED178A 		.ascii	"\025\355\027\2126\372\347\032gtJ0Z\343\377T\345\031"
 5695      36FAE71A 
 5695      67744A30 
 5695      5AE3FF54 
 5695      E519
 5696 1565 5226F49C 		.ascii	"R&\364\234\361\317\020Nh\237\036\242\355\012le\030c"
 5696      F1CF104E 
 5696      689F1EA2 
 5696      ED0A6C65 
 5696      1863
 5697 1577 4BBD4927 		.ascii	"K\275I'D\317?\267<Zgy)\265(Z\247\3623\203e\317\236Y"
 5697      44CF3FB7 
 5697      3C5A6779 
 5697      29B5285A 
 5697      A7F23383 
 5698 158f 7E523C2C 		.ascii	"~R<,\336ZK8`l\305\255E\241\002\260G\000J\021@\226\374"
 5698      DE5A4B38 
 5698      606CC5AD 
 5698      45A102B0 
 5698      47004A11 
 5699 15a6 40222B7F 		.ascii	"@\"+\177@\201S\253\252\013\331K\377\006\336qRyv\203"
 5699      408153AB 
 5699      AA0BD94B 
 5699      FF06DE71 
 5699      52797683 
 5700 15ba 3DC049CD 		.ascii	"=\300I\315&U\202TIz=7Ok=\277\372pypy\231\246M\320\264"
 5700      26558254 
 5700      497A3D37 
 5700      4F6B3DBF 
 5700      FA707970 
 5701 15d4 71BFA66D 		.ascii	"q\277\246m\260^\345o\366\033U\330LK\306YeQ\004y\346"
 5701      B05EE56F 
 5701      F61B55D8 
 5701      4C4BC659 
 5701      65510479 
 5702 15e9 6F876A29 		.ascii	"o\207j)\255/O[\241i\271\370\352\213\375\267\350\375"
 5702      AD2F4F5B 
 5702      A169B9F8 
 5702      EA8BFDB7 
 5702      E8FD
 5703 15fb B7AA5046 		.ascii	"\267\252PFKF\377\225t\307yo\376\242L\313\011\301i\341"
 5703      4B46FF95 
 5703      74C7796F 
 5703      FEA24CCB 
 5703      09C169E1 
 5704 160f CC364E7A 		.ascii	"\3146Nz\343\363U\267,\177\246\324*\000\3339 s^K\203"
 5704      E3F355B7 
 5704      2C7FA6D4 
ARM GAS  /tmp/ccXPGahD.s 			page 167


 5704      2A00DB39 
 5704      20735E4B 
 5705 1624 05704700 		.ascii	"\005pG\000\3129`\353\346;\347,\200\205\002P\301\001"
 5705      CA3960EB 
 5705      E63BE72C 
 5705      80850250 
 5705      C101
 5706 1636 07AACFDF 		.ascii	"\007\252\317\337\266\374\305\342y\001\330A\003:\276"
 5706      B6FCC5E2 
 5706      7901D841 
 5706      033ABE
 5707 1645 9B16417F 		.ascii	"\233\026A\177\021l\366\212\023\210J\325<\201\020\035"
 5707      116CF68A 
 5707      13884AD5 
 5707      3C81101D 
 5708 1655 778AB1F4 		.ascii	"w\212\261\364\252z\2037@\003\232\274\234]r\271K\307"
 5708      AA7A8337 
 5708      40039ABC 
 5708      9C5D72B9 
 5708      4BC7
 5709 1667 D77FDF0D 		.ascii	"\327\177\337\015\352\205\354\232U\226<\250\022:\252"
 5709      EA85EC9A 
 5709      55963CA8 
 5709      123AAA
 5710 1676 55B6C77E 		.ascii	"U\266\307~\025^\260\367\306WA\323\376\233dw\243z\263"
 5710      155EB0F7 
 5710      C65741D3 
 5710      FE9B6477 
 5710      A37AB3
 5711 1689 EB0F14B0 		.ascii	"\353\017\024\260w\372[\232w\034F\232\0171\324\252\360"
 5711      77FA5B9A 
 5711      771C469A 
 5711      0F31D4AA 
 5711      F0
 5712 169a 2A4E1D15 		.ascii	"*N\035\025j\350;\365\224\203\227\246Z\022h\243\360\267"
 5712      6AE83BF5 
 5712      948397A6 
 5712      5A1268A3 
 5712      F0B7
 5713 16ac 4EB5FAF3 		.ascii	"N\265\372\363L4\354\245\201\230\333M\";\231\231\322"
 5713      4C34ECA5 
 5713      8198DB4D 
 5713      223B9999 
 5713      D2
 5714 16bd 3B3B57F2 		.ascii	";;W\362C\300j\025R\215#\032\361K\322\001\025\366\253"
 5714      43C06A15 
 5714      528D231A 
 5714      F14BD201 
 5714      15F6AB
 5715 16d0 7E0734FB 		.ascii	"~\0074\373U\353\001\215\357\037\024V\212\036\202\300"
 5715      55EB018D 
 5715      EF1F1456 
 5715      8A1E82C0 
 5716 16e0 41E173A3 		.ascii	"A\341s\243\312\377J\035o`\237j\036\272\357Q\305\351"
 5716      CAFF4A1D 
 5716      6F609F6A 
 5716      1EBAEF51 
ARM GAS  /tmp/ccXPGahD.s 			page 168


 5716      C5E9
 5717 16f2 2B6A3FA4 		.ascii	"+j?\244\322c\240\357n\245\011\332\270\262\314K\217\342"
 5717      D263A0EF 
 5717      6EA509DA 
 5717      B8B2CC4B 
 5717      8FE2
 5718 1704 77FD0B1C 		.ascii	"w\375\013\034Q\241A7\014GU\2507\3233/\\RF\244\246&\005"
 5718      51A14137 
 5718      0C4755A8 
 5718      37D3332F 
 5718      5C5246A4 
 5719 171b 8F4E4CF1 		.ascii	"\217NL\361\364sz\202\343\222\022G\245\270]A\316\364"
 5719      F4737A82 
 5719      E3921247 
 5719      A5B85D41 
 5719      CEF4
 5720 172d 3123468F 		.ascii	"1#F\217\014rz\350%\330\371eBj\\r\"\326\272\343\\_\205"
 5720      0C727AE8 
 5720      25D8F965 
 5720      426A5C72 
 5720      22D6BAE3 
 5721 1744 38E3478E 		.ascii	"8\343G\216r\216\214\313\360\374$#=><>59#<f\310p\374"
 5721      728E8CCB 
 5721      F0FC2423 
 5721      3D3E3C3E 
 5721      3539233C 
 5722 175c 8A1E1215 		.ascii	"\212\036\022\025\361vDT\357\370\2644\373\373\037\015"
 5722      F1764454 
 5722      EFF8B434 
 5722      FBFB1F0D 
 5723 176c EF19FDD6 		.ascii	"\357\031\375\326[\221}\245\037Y\353{\367u\275\035\347"
 5723      5B917DA5 
 5723      1F59EB7B 
 5723      F775BD1D 
 5723      E7
 5724 177d 76F7E92B 		.ascii	"v\367\351+u\215\354\233\020\227\344\314HKt\306\247\246"
 5724      758DEC9B 
 5724      1097E4CC 
 5724      484B74C6 
 5724      A7A6
 5725 178f 8C4C1C15 		.ascii	"\214L\034\025\352[\374UxBj\262;|DZzR/\227\373\213\360"
 5725      EA5BFC55 
 5725      78426AB2 
 5725      3B7C445A 
 5725      7A522F97 
 5726 17a6 81A9F1A3 		.ascii	"\201\251\361\243\223\335)\236\214\360\001C\207\015v"
 5726      93DD299E 
 5726      8CF00143 
 5726      870D76
 5727 17b5 8E44A609 		.ascii	"\216D\246\011\036)\302\223\220\230\356r\246\305\245"
 5727      1E29C293 
 5727      9098EE72 
 5727      A6C5A5
 5728 17c4 7BBE0A8F 		.ascii	"{\276\012\217NH\034\221\370\347\330\360"
 5728      4E481C91 
 5728      F8E7D8F0 
 5729 17d0 D48C70D4 		.ascii	"\324\214p\324\025\236\230\022\2374\332\345\0167\364"
ARM GAS  /tmp/ccXPGahD.s 			page 169


 5729      159E9812 
 5729      9F34DAE5 
 5729      0E37F4
 5730 17df 7E11D93B 		.ascii	"~\021\331;A\012\211\035\032\023\315\014p?\022S\022="
 5730      410A891D 
 5730      1A13CD0C 
 5730      703F1253 
 5730      123D
 5731 17f1 2A6D7659 		.ascii	"*mvY\010\271\322\023\277p\247\207\372\026i\317\201\374"
 5731      08B9D213 
 5731      BF70A787 
 5731      FA1669CF 
 5731      81FC
 5732 1803 AE9FE192 		.ascii	"\256\237\341\222\315\270\371y\357\360\227\004#!-M\012"
 5732      CDB8F979 
 5732      EFF09704 
 5732      23212D4D 
 5732      0A
 5733 1814 CA48FC9B 		.ascii	"\312H\374\233\333\351\351\234\361U\006\006\332\235\376"
 5733      DBE9E99C 
 5733      F1550606 
 5733      DA9DFE
 5734 1823 052AF684 		.ascii	"\005*\366\204\244\217q%\307%\247\272\3346\032\376>Q"
 5734      A48F7125 
 5734      C725A7BA 
 5734      DC361AFE 
 5734      3E51
 5735 1835 4E8FEC19 		.ascii	"N\217\354\031C\260\256Gd\277\014O2V\340\2753\303\203"
 5735      43B0AE47 
 5735      64BF0C4F 
 5735      3256E0BD 
 5735      33C383
 5736 1848 514F767A 		.ascii	"QOvz\272\371W\375\353w8\237\226\232\216\241\212\375"
 5736      BAF957FD 
 5736      EB77389F 
 5736      969A8EA1 
 5736      8AFD
 5737 185a 78489FA8 		.ascii	"xH\237\250\360\301\203\007\206\017\034\322\377\213\250"
 5737      F0C18307 
 5737      860F1CD2 
 5737      FF8BA8
 5738 1869 70530746 		.ascii	"pS\007F\342G\037utx\270'\3029HN\037\363\303\000-\316"
 5738      E2471F75 
 5738      7478B827 
 5738      C239484E 
 5738      1FF3C300 
 5739 187f 41048B9D 		.ascii	"A\004\213\235##1\012\316\217\277Js\017t\217\354d\271"
 5739      2323310A 
 5739      CE8FBF4A 
 5739      730F748F 
 5739      EC64B9
 5740 1892 7F19178C 		.ascii	"\177\031\027\214HrjJ\270{\214\007\311p>\037\2743f\014"
 5740      48726A4A 
 5740      B87B8C07 
 5740      C9703E1F 
 5740      BC33660C 
 5741 18a6 6792F0CE 		.ascii	"g\222\360\316\357\372\214\031\203\\\324\344\321\036"
ARM GAS  /tmp/ccXPGahD.s 			page 170


 5741      EFFA8C19 
 5741      835CD4E4 
 5741      D11E
 5742 18b4 F71835F5 		.ascii	"\367\0305\365\313\024w\272\375\367\361\011NO\002\315"
 5742      CB1477BA 
 5742      FDF7F109 
 5742      4E4F02CD 
 5743 18c4 B510F3AE 		.ascii	"\265\020\363\256\367K\324\247{\314a\216OH\035\361\027"
 5743      F74BD4A7 
 5743      7BCC618E 
 5743      4F481DF1 
 5743      17
 5744 18d5 77BC2703 		.ascii	"w\274'\003\365\331x/\247G\375\353h\367h\267\222\202"
 5744      F5D9782F 
 5744      A747FDEB 
 5744      68F768B7 
 5744      9282
 5745 18e7 F643FAA1 		.ascii	"\366C\372\2416V\264\0317\277\375>Z\223\0223\230N\273"
 5745      3656B419 
 5745      37BFFD3E 
 5745      5A931233 
 5745      984EBB
 5746 18fa D1CBE951 		.ascii	"\321\313\351Q\322\322\335_0}\214\267\315\270\371\315"
 5746      D2D2DD5F 
 5746      307D8CB7 
 5746      CDB8F9CD 
 5747 190a F7D197EC 		.ascii	"\367\321\227\354\241\036\007\263\016NO\020g\332M'\234"
 5747      A11E07B3 
 5747      0E4E4F10 
 5747      67DA4D27 
 5747      9C
 5748 191b EE1EE94E 		.ascii	"\356\036\351Nw\247\304\243\221 >\017\324\014O\234\307"
 5748      77A7C4A3 
 5748      91203E0F 
 5748      D40C4F9C 
 5748      C7
 5749 192c 0DF14A7C 		.ascii	"\015\361J|B\\\272#2\002G\201\3258=vq\033\3421r)\330"
 5749      425CBA23 
 5749      32024781 
 5749      D5383D76 
 5749      711BE231 
 5750 1943 353A39F9 		.ascii	"5:9\371+\317\030\005\223;\212~E\252\031\031iq.\007\315"
 5750      2BCF1805 
 5750      933B8A7E 
 5750      45AA1919 
 5750      69712E07 
 5751 1958 31366B71 		.ascii	"16kq\236\007a\025\346Ghd\024O\210Qi\211\251N\217\303"
 5751      9E076115 
 5751      E6476864 
 5751      144F8851 
 5751      6989A94E 
 5752 196e 5AF8D3FF 		.ascii	"Z\370\323\377!\267\336\037\032\363g3\271hw\032\255\304"
 5752      21B7DE1F 
 5752      1AF36733 
 5752      B968771A 
 5752      ADC4
 5753 1980 540A4BC4 		.ascii	"T\012K\3041\010r\247\270\234\361#:#\335\370\270\244"
ARM GAS  /tmp/ccXPGahD.s 			page 171


 5753      310872A7 
 5753      B89CF123 
 5753      3A23DDF8 
 5753      B8A4
 5754 1992 A41171F1 		.ascii	"\244\021q\361\377\341\364\330\342\023\323\343G'\305"
 5754      FFE1F4D8 
 5754      E213D3E3 
 5754      4727C5
 5755 19a1 A573C2E9 		.ascii	"\245s\302\351cH\344\333R\227\270\364\344/\336q\367J"
 5755      6348E4DB 
 5755      5297B8F4 
 5755      E42FDE71 
 5755      F74A
 5756 19b3 7E6B645A 		.ascii	"~kdZoW\032\206\034U\270\307\364J~Gz\305\371\371G\346"
 5756      6F571A86 
 5756      1C55B8C7 
 5756      F44A7E47 
 5756      7AC5F9F9 
 5757 19c9 B4EB97EE 		.ascii	"\264\353\227\356\036\305\026\243A\0116\343\366\247/"
 5757      1EC516A3 
 5757      410936E3 
 5757      F6A72F
 5758 19d8 5F8CA41F 		.ascii	"_\214\244\037[;\377\236\366\3702=\321\343\036\224\220"
 5758      5B3BFF9E 
 5758      F6F8323D 
 5758      D1E31E94 
 5758      90
 5759 19e9 106216FE 		.ascii	"\020b\026\376d\305\364\245\313\302\240\241\035\247\301"
 5759      64C5F4A5 
 5759      CBC2A0A1 
 5759      1DA7C1
 5760 19f8 D00F3B2E 		.ascii	"\320\017;.Z\261}\235\275i\214zG\364\373g\373+\024\373"
 5760      5AB17D9D 
 5760      BD698C7A 
 5760      47F4FB67 
 5760      FB2B14FB 
 5761 1a0c 736BEFC8 		.ascii	"sk\357\310\210\021\243\3233<\272\207C\023\376b\027\345"
 5761      8811A3D3 
 5761      333CBA87 
 5761      4313FE62 
 5761      17E5
 5762 1a1e D77CCC30 		.ascii	"\327|\3140\304\320\221\261\021\006\213W^\322\254\320"
 5762      C4D091B1 
 5762      11068B57 
 5762      5ED2ACD0 
 5763 1a2e 5B3A02C3 		.ascii	"[:\002\303\334I\356\270\014\367\200\321\031\235\260"
 5763      DC49EEB8 
 5763      0CF780D1 
 5763      199DB0
 5764 1a3d 343C2503 		.ascii	"4<%\003\313\361\036z?h\014fX\312(w\010\336\307\262Z"
 5764      CBF11E7A 
 5764      3F680C66 
 5764      58CA2877 
 5764      08DEC7B2 
 5765 1a52 1BBDF3A0 		.ascii	"\033\275\363\240^59c\024]\276\322\022\373\307\377ut"
 5765      5E353963 
 5765      145DBED2 
ARM GAS  /tmp/ccXPGahD.s 			page 172


 5765      12FBC7FF 
 5765      7574
 5766 1a64 623AED1E 		.ascii	"b:\355\036\314`).\234\026\037'\270b\223\334\356\264"
 5766      CC60292E 
 5766      9C161F27 
 5766      B86293DC 
 5766      EEB4
 5767 1a76 EF354979 		.ascii	"\3575Iy\242\323\011\025\224\354N\216O\373JAB#\203SR"
 5767      A2D30915 
 5767      94EC4E8E 
 5767      4FFB4A41 
 5767      42238353 
 5768 1a8b B121F54B 		.ascii	"\261!\365K\210\014\036\231\3223#\315\035\2175))\243"
 5768      880C1E99 
 5768      D23323CD 
 5768      1D8F3529 
 5768      29A3
 5769 1a9d 9392DE0F 		.ascii	"\223\222\336\017OM\363\204\217\212\217\357\205\311\321"
 5769      4F4DF384 
 5769      8F8A8FEF 
 5769      85C9D1
 5770 1aac 0B2BDDBD 		.ascii	"\013+\335\275\334q#\022{EF\364\212\212\210\212\350\365"
 5770      DC712312 
 5770      7B4546F4 
 5770      8A8A888A 
 5770      E8F5
 5771 1abe D7BEBD92 		.ascii	"\327\276\275\222\343\376\222\232\036\356\323l\032\304"
 5771      E3FE929A 
 5771      1EEED36C 
 5771      1AC4
 5772 1acc B5323165 		.ascii	"\26521e\224n-\303\355\011\372C\034\202\376\250\366\037"
 5772      946E2DC3 
 5772      ED09FA43 
 5772      1C82FEA8 
 5772      F61F
 5773 1ade F05EECB0 		.ascii	"\360^\354\260\220a\203b\007\015\373d\320\300~A\375?"
 5773      90618362 
 5773      070DFB64 
 5773      D0C07E41 
 5773      FD3F
 5774 1af0 18101B3D 		.ascii	"\030\020\033=L\211\356\037=\214\336\017\305\313\300"
 5774      4C89EE1F 
 5774      3D8CDE0F 
 5774      C5CBC0
 5775 1aff 8FA387E0 		.ascii	"\217\243\207\340%\206]L\350;A\003\243\243cb?\265\321"
 5775      25865D4C 
 5775      E83B4103 
 5775      A3A36362 
 5775      3FB5D1
 5776 1b12 CB904FFA 		.ascii	"\313\220O\372G\253x\023\373i0~\323\222~\035\216\265"
 5776      47AB7813 
 5776      FB69307E 
 5776      D3927E1D 
 5776      8EB5
 5777 1b24 31AC9661 		.ascii	"1\254\226a\202c\330u\270\251\345mZ\323\177\360`Q\363"
 5777      8263D875 
 5777      B8A9E56D 
ARM GAS  /tmp/ccXPGahD.s 			page 173


 5777      5AD37FF0 
 5777      6051F3
 5778 1b37 3B75C827 		.ascii	";u\310'\357\015\213b\337\221\354;\302l\353\253\304~"
 5778      EF0D8B62 
 5778      DF91EC3B 
 5778      C26CEBAB 
 5778      C47E
 5779 1b49 1C2328F4 		.ascii	"\034#(\364Q\243\207R\236\321\261\261\203\006\343%:6"
 5779      51A38752 
 5779      9ED1B1B1 
 5779      8306E325 
 5779      3A36
 5780 1b5b 66E03012 		.ascii	"f\3400\022\375\36105z0\336\231\270\210\340\230\201\316"
 5780      FDF13035 
 5780      7A30DE99 
 5780      B888E098 
 5780      81CE
 5781 1b6d 98D8FEE8 		.ascii	"\230\330\376\350\303@\347\220\367\330\245?\277\014\344"
 5781      C340E790 
 5781      F7D8A53F 
 5781      BF0CE4
 5782 1b7c 97A1EF0D 		.ascii	"\227\241\357\015S\372c \224\001\357\365\037\246\016"
 5782      53FA6320 
 5782      9401EFF5 
 5782      1FA60E
 5783 1b8b 1982DFCA 		.ascii	"\031\202\337\312@Z\376\200~E\343\227\032\373A4\336\306"
 5783      405AFE80 
 5783      7E45E397 
 5783      1AFB4134 
 5783      DEC6
 5784 1b9d 7E30142D 		.ascii	"~0\024-D\017#\030$\265\177\3140\014\325'\037\377y\230"
 5784      440F2318 
 5784      24B57FCC 
 5784      300CD527 
 5784      1FFF7998 
 5785 1bb1 12838DC8 		.ascii	"\022\203\215\310fx\314\300\220~\261\321\003\330\323"
 5785      6678CCC0 
 5785      907EB1D1 
 5785      03D8D3
 5786 1bc0 C066DC0C 		.ascii	"\300f\334\014\374\307\317\204\376\303\206\204G\017\211"
 5786      FCC7CF84 
 5786      FEC38684 
 5786      470F89
 5787 1bcf 8D890D8F 		.ascii	"\215\211\015\217NMw\207\307\030i\202\005g|\362;\364"
 5787      4E4D7787 
 5787      C7186982 
 5787      05677CF2 
 5787      3BF4
 5788 1be1 D1E0740E 		.ascii	"\321\340t\016\214\035\3209.\351\313\270\2572\360q\235"
 5788      8C1DD039 
 5788      2EE9CBB8 
 5788      AF32F071 
 5788      9D
 5789 1bf2 9498E21E 		.ascii	"\224\230\342\036\364\317+N\316H\314pb6q\3151\261\003"
 5789      F4CF2B4E 
 5789      CE48CC70 
 5789      623671CD 
ARM GAS  /tmp/ccXPGahD.s 			page 174


 5789      31B103
 5790 1c05 ECBD9D34 		.ascii	"\354\275\2354#\234\221\277\217\014\306%2\362m\247'\314"
 5790      239C91BF 
 5790      8F0CC625 
 5790      32F26DA7 
 5790      27CC
 5791 1c17 F979E059 		.ascii	"\371y\340Y4\350\243\017\207'\015\3750a\2203>iPl\224"
 5791      34E8A30F 
 5791      87270DFD 
 5791      30619033 
 5791      3E69506C 
 5792 1c2c D39E9AE6 		.ascii	"\323\236\232\346N\217\363\244\246\207\375\372\177\001"
 5792      4E8FF3A4 
 5792      A687FDFA 
 5792      7F01
 5793 1c3a 3B443611 		.ascii	";D6\021"
 5794              		.text
 5795              		.section	.gnu.lto_.symtab.259bc85880933ad2,"e",%progbits
 5796 0000 5F5A4E38 		.ascii	"_ZN8ICM206028reg_readEh\000"
 5796      49434D32 
 5796      30363032 
 5796      38726567 
 5796      5F726561 
 5797 0018 00       		.ascii	"\000"
 5798 0019 00       		.ascii	"\000"
 5799 001a 00       		.ascii	"\000"
 5800 001b 00000000 		.ascii	"\000\000\000\000\000\000\000\000"
 5800      00000000 
 5801 0023 99010000 		.ascii	"\231\001\000\000"
 5802 0027 5F5A4E38 		.ascii	"_ZN8ICM206029reg_writeEhh\000"
 5802      49434D32 
 5802      30363032 
 5802      39726567 
 5802      5F777269 
 5803 0041 00       		.ascii	"\000"
 5804 0042 00       		.ascii	"\000"
 5805 0043 00       		.ascii	"\000"
 5806 0044 00000000 		.ascii	"\000\000\000\000\000\000\000\000"
 5806      00000000 
 5807 004c A0010000 		.ascii	"\240\001\000\000"
 5808 0050 5F5A4E38 		.ascii	"_ZN8ICM206024initEP14hal_spi_driverPK14hal_spi_conf"
 5808      49434D32 
 5808      30363032 
 5808      34696E69 
 5808      74455031 
 5809 0083 69675334 		.ascii	"igS4_\000"
 5809      5F00
 5810 0089 00       		.ascii	"\000"
 5811 008a 00       		.ascii	"\000"
 5812 008b 00       		.ascii	"\000"
 5813 008c 00000000 		.ascii	"\000\000\000\000\000\000\000\000"
 5813      00000000 
 5814 0094 A9010000 		.ascii	"\251\001\000\000"
 5815 0098 5F5A4E38 		.ascii	"_ZN8ICM2060210burst_readEhPhj\000"
 5815      49434D32 
 5815      30363032 
 5815      31306275 
ARM GAS  /tmp/ccXPGahD.s 			page 175


 5815      7273745F 
 5816 00b6 00       		.ascii	"\000"
 5817 00b7 00       		.ascii	"\000"
 5818 00b8 00       		.ascii	"\000"
 5819 00b9 00000000 		.ascii	"\000\000\000\000\000\000\000\000"
 5819      00000000 
 5820 00c1 B4010000 		.ascii	"\264\001\000\000"
 5821 00c5 5F5A4E38 		.ascii	"_ZN8ICM206024readEPfS0_\000"
 5821      49434D32 
 5821      30363032 
 5821      34726561 
 5821      64455066 
 5822 00dd 00       		.ascii	"\000"
 5823 00de 00       		.ascii	"\000"
 5824 00df 00       		.ascii	"\000"
 5825 00e0 00000000 		.ascii	"\000\000\000\000\000\000\000\000"
 5825      00000000 
 5826 00e8 BC010000 		.ascii	"\274\001\000\000"
 5827 00ec 73706952 		.ascii	"spiReleaseBus\000"
 5827      656C6561 
 5827      73654275 
 5827      7300
 5828 00fa 00       		.ascii	"\000"
 5829 00fb 02       		.ascii	"\002"
 5830 00fc 00       		.ascii	"\000"
 5831 00fd 00000000 		.ascii	"\000\000\000\000\000\000\000\000"
 5831      00000000 
 5832 0105 BF010000 		.ascii	"\277\001\000\000"
 5833 0109 73706955 		.ascii	"spiUnselect\000"
 5833      6E73656C 
 5833      65637400 
 5834 0115 00       		.ascii	"\000"
 5835 0116 02       		.ascii	"\002"
 5836 0117 00       		.ascii	"\000"
 5837 0118 00000000 		.ascii	"\000\000\000\000\000\000\000\000"
 5837      00000000 
 5838 0120 C1010000 		.ascii	"\301\001\000\000"
 5839 0124 73706945 		.ascii	"spiExchange\000"
 5839      78636861 
 5839      6E676500 
 5840 0130 00       		.ascii	"\000"
 5841 0131 02       		.ascii	"\002"
 5842 0132 00       		.ascii	"\000"
 5843 0133 00000000 		.ascii	"\000\000\000\000\000\000\000\000"
 5843      00000000 
 5844 013b C8010000 		.ascii	"\310\001\000\000"
 5845 013f 73706953 		.ascii	"spiSelect\000"
 5845      656C6563 
 5845      7400
 5846 0149 00       		.ascii	"\000"
 5847 014a 02       		.ascii	"\002"
 5848 014b 00       		.ascii	"\000"
 5849 014c 00000000 		.ascii	"\000\000\000\000\000\000\000\000"
 5849      00000000 
 5850 0154 CA010000 		.ascii	"\312\001\000\000"
 5851 0158 73706953 		.ascii	"spiStart\000"
 5851      74617274 
ARM GAS  /tmp/ccXPGahD.s 			page 176


 5851      00
 5852 0161 00       		.ascii	"\000"
 5853 0162 02       		.ascii	"\002"
 5854 0163 00       		.ascii	"\000"
 5855 0164 00000000 		.ascii	"\000\000\000\000\000\000\000\000"
 5855      00000000 
 5856 016c D3010000 		.ascii	"\323\001\000\000"
 5857 0170 73706941 		.ascii	"spiAcquireBus\000"
 5857      63717569 
 5857      72654275 
 5857      7300
 5858 017e 00       		.ascii	"\000"
 5859 017f 02       		.ascii	"\002"
 5860 0180 00       		.ascii	"\000"
 5861 0181 00000000 		.ascii	"\000\000\000\000\000\000\000\000"
 5861      00000000 
 5862 0189 D5010000 		.ascii	"\325\001\000\000"
 5863 018d 73706953 		.ascii	"spiSend\000"
 5863      656E6400 
 5864 0195 00       		.ascii	"\000"
 5865 0196 02       		.ascii	"\002"
 5866 0197 00       		.ascii	"\000"
 5867 0198 00000000 		.ascii	"\000\000\000\000\000\000\000\000"
 5867      00000000 
 5868 01a0 DB010000 		.ascii	"\333\001\000\000"
 5869 01a4 63685468 		.ascii	"chThdSleep\000"
 5869      64536C65 
 5869      657000
 5870 01af 00       		.ascii	"\000"
 5871 01b0 02       		.ascii	"\002"
 5872 01b1 00       		.ascii	"\000"
 5873 01b2 00000000 		.ascii	"\000\000\000\000\000\000\000\000"
 5873      00000000 
 5874 01ba DF010000 		.ascii	"\337\001\000\000"
 5875              		.text
 5876              		.section	.gnu.lto_.ext_symtab.259bc85880933ad2,"e",%progbits
 5877 0000 01       		.ascii	"\001"
 5878 0001 01       		.ascii	"\001"
 5879 0002 00       		.ascii	"\000"
 5880 0003 01       		.ascii	"\001"
 5881 0004 00       		.ascii	"\000"
 5882 0005 01       		.ascii	"\001"
 5883 0006 00       		.ascii	"\000"
 5884 0007 01       		.ascii	"\001"
 5885 0008 00       		.ascii	"\000"
 5886 0009 01       		.ascii	"\001"
 5887 000a 00       		.ascii	"\000"
 5888 000b 01       		.ascii	"\001"
 5889 000c 00       		.ascii	"\000"
 5890 000d 01       		.ascii	"\001"
 5891 000e 00       		.ascii	"\000"
 5892 000f 01       		.ascii	"\001"
 5893 0010 00       		.ascii	"\000"
 5894 0011 01       		.ascii	"\001"
 5895 0012 00       		.ascii	"\000"
 5896 0013 01       		.ascii	"\001"
 5897 0014 00       		.ascii	"\000"
ARM GAS  /tmp/ccXPGahD.s 			page 177


 5898 0015 01       		.ascii	"\001"
 5899 0016 00       		.ascii	"\000"
 5900 0017 01       		.ascii	"\001"
 5901 0018 00       		.ascii	"\000"
 5902 0019 01       		.ascii	"\001"
 5903 001a 00       		.ascii	"\000"
 5904              		.text
 5905              		.section	.gnu.lto_.opts,"e",%progbits
 5906 0000 272D666E 		.ascii	"'-fno-openmp' '-fno-openacc' '-fno-pie' '-fcf-prote"
 5906      6F2D6F70 
 5906      656E6D70 
 5906      2720272D 
 5906      666E6F2D 
 5907 0033 6374696F 		.ascii	"ction=none' '-g' '-mcpu=cortex-m7' '-mthumb' '-mflo"
 5907      6E3D6E6F 
 5907      6E652720 
 5907      272D6727 
 5907      20272D6D 
 5908 0066 61742D61 		.ascii	"at-abi=hard' '-mfpu=fpv5-d16' '-march=armv7e-m+fp.d"
 5908      62693D68 
 5908      61726427 
 5908      20272D6D 
 5908      6670753D 
 5909 0099 70272027 		.ascii	"p' '-O3' '-fomit-frame-pointer' '-falign-functions="
 5909      2D4F3327 
 5909      20272D66 
 5909      6F6D6974 
 5909      2D667261 
 5910 00cc 31362720 		.ascii	"16' '-ffunction-sections' '-fdata-sections' '-fno-c"
 5910      272D6666 
 5910      756E6374 
 5910      696F6E2D 
 5910      73656374 
 5911 00ff 6F6D6D6F 		.ascii	"ommon' '-flto' '-Xassembler' '-alms=build/lst/ICM20"
 5911      6E272027 
 5911      2D666C74 
 5911      6F272027 
 5911      2D586173 
 5912 0132 3630322E 		.ascii	"602.lst'\000"
 5912      6C737427 
 5912      00
 5913              		.text
 5914              		.comm	__gnu_lto_slim,1,1
 5915              		.ident	"GCC: (GNU Arm Embedded Toolchain 10-2020-q4-major) 10.2.1 20201103 (release)"
ARM GAS  /tmp/ccXPGahD.s 			page 178


DEFINED SYMBOLS
                            *ABS*:0000000000000000 ICM20602.cpp
     /tmp/ccXPGahD.s:45     .gnu.debuglto_.debug_info:0000000000000000 ICM20602.cpp.4d6aee34
                            *COM*:0000000000000001 __gnu_lto_slim

NO UNDEFINED SYMBOLS
